-- ====================================================================
-- SMU PRO — REFORMULAÇÃO do curso 'LUZ BASICO' (5407f707)
-- Apaga módulos/aulas antigos e reconstrói (3 módulos, 11 aulas).
-- Mantém o MESMO curso (id/slug/matrículas/certificados). Idempotente ao reaplicar.
-- ====================================================================
begin;

-- 1) Limpa conteúdo antigo do curso (cascata: lessons/quizzes/anim/progress/notas).
delete from public.modules where id = '10c00000-b551-4c00-9000-0000000000a1';
delete from public.modules where id = '10c00000-b551-4c00-9000-0000000000a2';
delete from public.modules where id = '10c00000-b551-4c00-9000-0000000000a3';

-- 2) Atualiza metadados do curso.
update public.courses set
  titulo = 'Luz — Básico',
  descricao_curta = 'Formação base do técnico de iluminação de palco: funções da luz, física (cor/temperatura/ângulo), tipos de refletores, DMX512, endereçamento e patch, cabos e conectores, potência e dimmer, a mesa de luz e a segurança — com imagens realistas e simuladores práticos.',
  categoria = 'luz', total_aulas = 11
  where id = '5407f707-4dac-4a8e-913c-197aa8ad3877';

-- 3) Módulos
insert into public.modules (id,course_id,titulo,ordem) values ('10c00000-b551-4c00-9000-0000000000a1','5407f707-4dac-4a8e-913c-197aa8ad3877','Módulo 1 — A Luz e o Palco',1);
insert into public.modules (id,course_id,titulo,ordem) values ('10c00000-b551-4c00-9000-0000000000a2','5407f707-4dac-4a8e-913c-197aa8ad3877','Módulo 2 — DMX, Ligações e Potência',2);
insert into public.modules (id,course_id,titulo,ordem) values ('10c00000-b551-4c00-9000-0000000000a3','5407f707-4dac-4a8e-913c-197aa8ad3877','Módulo 3 — A Mesa e a Prática',3);

-- AULA 1 [M1.1]: O técnico de luz e as funções da luz no show
insert into public.lessons (id,module_id,titulo,tipo,conteudo_rico,duracao_min,ordem,tem_quiz,preview_gratis) values
  ('10c00000-b551-4c00-9000-0000000b0001','10c00000-b551-4c00-9000-0000000000a1','O técnico de luz e as funções da luz no show','texto','<p><strong>Luz não é só "acender o palco" — é contar a história do show com fótons.</strong> O técnico de iluminação é quem transforma uma estrutura de metal cheia de refletores num espetáculo que emociona. Nesta aula você entende o que esse profissional faz de verdade, a diferença entre operar e desenhar a luz, e as cinco funções que a luz cumpre em cima do palco.</p>

<figure style="margin:16px 0;text-align:center"><img src="https://pshynylvvkhhohftouoe.supabase.co/storage/v1/object/public/media/img-luz-basico/palco-show-luz.jpg" alt="Palco de show visto da plateia com moving heads acesos, fachos de luz colorida cortando a fumaça e contraluz sobre a banda." style="max-width:100%;border-radius:10px;border:1px solid rgba(0,0,0,.12)" /><figcaption style="font-size:12px;opacity:.75;margin-top:6px">O trabalho do técnico de luz: fachos coloridos, contraluz e atmosfera com fumaça compõem o show que a plateia vê.</figcaption></figure>

<h3>O que faz o técnico/operador de luz</h3>
<p>O dia de trabalho vai muito além de apertar botões na hora do show. A rotina passa por várias etapas:</p>
<ul>
<li><strong>Montagem e rigging:</strong> pendurar as fixtures na truss com clamp e cabo de aço de segurança, subir a estrutura na talha, posicionar tudo conforme o desenho.</li>
<li><strong>Endereçamento (DMX):</strong> definir o <em>start address</em> de cada fixture para que a mesa saiba conversar com cada uma sem conflito.</li>
<li><strong>Programação da mesa:</strong> criar os grupos, as cenas, as cores e os efeitos que vão rodar durante as músicas.</li>
<li><strong>Operação ao vivo:</strong> disparar cenas, seguir a banda, ajustar no improviso quando o show foge do roteiro.</li>
<li><strong>Desmontagem:</strong> desligar na ordem certa, recolher, organizar e proteger o equipamento para o próximo evento.</li>
</ul>

<h3>Operador de luz x Light Designer (LD)</h3>
<p>São funções diferentes que às vezes moram na mesma pessoa. O <strong>Light Designer (LD)</strong> é o autor: concebe o desenho de luz, escolhe as fixtures, define cores, ângulos e a intenção artística de cada momento. O <strong>operador de luz</strong> é quem executa e opera esse desenho na mesa, ao vivo, mantendo a qualidade show após show. Em produções grandes há LD, programador e operador separados; em eventos menores, um profissional faz tudo.</p>

<h3>As 5 funções da luz no espetáculo</h3>
<ul>
<li><strong>1. Visibilidade:</strong> antes de qualquer arte, a plateia precisa <em>ver</em> quem está no palco. Sem luz frontal, o artista vira silhueta. Essa é a função mais básica e inegociável.</li>
<li><strong>2. Foco e composição:</strong> a luz guia o olhar. Um recorte no solista, o resto do palco mais escuro — o público olha exatamente para onde você quer.</li>
<li><strong>3. Cor e clima emocional:</strong> azul frio para melancolia, âmbar quente para intimidade, vermelho para tensão. A cor fala direto com a emoção antes da razão.</li>
<li><strong>4. Atmosfera e ambiente:</strong> com fumaça ou <em>haze</em> no ar, o facho deixa de ser só um ponto de luz e vira um feixe visível, dando volume e profundidade ao palco.</li>
<li><strong>5. Ritmo e tempo:</strong> a luz "dança" com a música — <em>chases</em>, blackouts, strobo batendo na levada. É a luz marcando o pulso do show junto com a banda.</li>
</ul>

<h3>Onde o técnico de luz atua</h3>
<ul>
<li><strong>Shows e turnês:</strong> bandas, festivais, casas de show — o campo mais associado à profissão.</li>
<li><strong>Igrejas:</strong> cultos e eventos com produção cada vez mais próxima de um show.</li>
<li><strong>Corporativo:</strong> convenções, lançamentos, palestras — luz limpa e confiável.</li>
<li><strong>Teatro:</strong> onde a luz de recorte e o timing das cenas são a essência.</li>
<li><strong>Festas e baladas:</strong> pista, efeitos, cor e ritmo o tempo todo.</li>
<li><strong>TV e transmissão:</strong> luz pensada para a câmera, não só para o olho.</li>
</ul>

<h3>Postura profissional</h3>
<p>Equipamento se aprende; postura é o que mantém o técnico trabalhando. <strong>Pontualidade</strong> — a montagem tem horário e o show não espera. <strong>Segurança</strong> em primeiro lugar: trabalho em altura, energia e estrutura não perdoam. Saber <strong>ler o rider</strong> e o mapa de palco para chegar preparado. E <strong>trabalhar em equipe</strong> com o pessoal de som e de palco, porque o show é um só e todo mundo divide o mesmo espaço e o mesmo prazo.</p>

<h3>Resumo prático</h3>
<p><strong>O técnico monta, endereça, programa e opera; o LD desenha.</strong> E lembre das 5 funções: visibilidade, foco, cor, atmosfera e ritmo. Quem domina isso não fica só "acendendo luz" — comanda a emoção do show.</p>',16,1,true,true);
insert into public.quizzes (id,lesson_id,titulo) values ('10c00000-b551-4c00-9000-0000000c0001','10c00000-b551-4c00-9000-0000000b0001','Quiz — O técnico e as funções da luz');
insert into public.quiz_questions (id,quiz_id,texto,explicacao,ordem,pontos) values ('10c00000-b551-4c00-9000-000000000101','10c00000-b551-4c00-9000-0000000c0001','Qual NÃO é uma das funções da luz no espetáculo?','As funções da luz são visibilidade, foco/composição, cor, atmosfera e ritmo. Amplificar o som é função do sistema de áudio, não da luz.',1,1);
insert into public.quiz_options (question_id,texto,correta,ordem) values ('10c00000-b551-4c00-9000-000000000101','Deixar ver quem está no palco (visibilidade)',false,1);
insert into public.quiz_options (question_id,texto,correta,ordem) values ('10c00000-b551-4c00-9000-000000000101','Guiar o olhar e destacar o solista (foco)',false,2);
insert into public.quiz_options (question_id,texto,correta,ordem) values ('10c00000-b551-4c00-9000-000000000101','Amplificar o som da banda',true,3);
insert into public.quiz_options (question_id,texto,correta,ordem) values ('10c00000-b551-4c00-9000-000000000101','Criar clima e ritmo com cor e movimento',false,4);
insert into public.quiz_questions (id,quiz_id,texto,explicacao,ordem,pontos) values ('10c00000-b551-4c00-9000-000000000102','10c00000-b551-4c00-9000-0000000c0001','A diferença entre o operador de luz e o light designer (LD) é que:','O LD concebe/desenha o projeto de luz (o ''como vai ser''); o operador monta, endereça e opera a mesa executando esse projeto ao vivo. Em eventos menores a mesma pessoa faz os dois.',2,1);
insert into public.quiz_options (question_id,texto,correta,ordem) values ('10c00000-b551-4c00-9000-000000000102','São exatamente a mesma coisa',false,1);
insert into public.quiz_options (question_id,texto,correta,ordem) values ('10c00000-b551-4c00-9000-000000000102','O LD concebe o projeto; o operador executa e opera ao vivo',true,2);
insert into public.quiz_options (question_id,texto,correta,ordem) values ('10c00000-b551-4c00-9000-000000000102','O operador só carrega equipamento',false,3);
insert into public.quiz_options (question_id,texto,correta,ordem) values ('10c00000-b551-4c00-9000-000000000102','O LD trabalha só com som',false,4);
insert into public.quiz_questions (id,quiz_id,texto,explicacao,ordem,pontos) values ('10c00000-b551-4c00-9000-000000000103','10c00000-b551-4c00-9000-0000000c0001','Por que a fumaça/haze é importante para a luz?','Sem partículas no ar o facho não aparece — você só vê onde a luz bate. Com haze/fumaça o feixe fica visível no ar, revelando o desenho dos beams.',3,1);
insert into public.quiz_options (question_id,texto,correta,ordem) values ('10c00000-b551-4c00-9000-000000000103','Para esfriar as fixtures',false,1);
insert into public.quiz_options (question_id,texto,correta,ordem) values ('10c00000-b551-4c00-9000-000000000103','Para o facho ficar visível no ar (revela os beams)',true,2);
insert into public.quiz_options (question_id,texto,correta,ordem) values ('10c00000-b551-4c00-9000-000000000103','Para aumentar a potência da lâmpada',false,3);
insert into public.quiz_options (question_id,texto,correta,ordem) values ('10c00000-b551-4c00-9000-000000000103','Para limpar as lentes',false,4);
insert into public.quiz_questions (id,quiz_id,texto,explicacao,ordem,pontos) values ('10c00000-b551-4c00-9000-000000000104','10c00000-b551-4c00-9000-0000000c0001','Um artista iluminado SÓ por contraluz, sem luz frontal, fica:','Vira silhueta — a plateia não vê o rosto. Precisa de luz frontal para a visibilidade.',4,1);
insert into public.quiz_options (question_id,texto,correta,ordem) values ('10c00000-b551-4c00-9000-000000000104','Com o rosto muito bem iluminado',false,1);
insert into public.quiz_options (question_id,texto,correta,ordem) values ('10c00000-b551-4c00-9000-000000000104','Como uma silhueta (rosto escondido)',true,2);
insert into public.quiz_options (question_id,texto,correta,ordem) values ('10c00000-b551-4c00-9000-000000000104','Invisível por completo',false,3);
insert into public.quiz_options (question_id,texto,correta,ordem) values ('10c00000-b551-4c00-9000-000000000104','Colorido de azul',false,4);
insert into public.quiz_questions (id,quiz_id,texto,explicacao,ordem,pontos) values ('10c00000-b551-4c00-9000-000000000105','10c00000-b551-4c00-9000-0000000c0001','Onde o técnico de luz costuma atuar?','Luz de palco está em shows, igrejas, eventos corporativos, teatro, festas/baladas e TV — o mercado é amplo.',5,1);
insert into public.quiz_options (question_id,texto,correta,ordem) values ('10c00000-b551-4c00-9000-000000000105','Apenas em grandes festivais',false,1);
insert into public.quiz_options (question_id,texto,correta,ordem) values ('10c00000-b551-4c00-9000-000000000105','Shows, igrejas, corporativo, teatro, festas e TV',true,2);
insert into public.quiz_options (question_id,texto,correta,ordem) values ('10c00000-b551-4c00-9000-000000000105','Somente em estúdio de gravação de áudio',false,3);
insert into public.quiz_options (question_id,texto,correta,ordem) values ('10c00000-b551-4c00-9000-000000000105','Só em casamentos',false,4);
insert into public.quiz_questions (id,quiz_id,texto,explicacao,ordem,pontos) values ('10c00000-b551-4c00-9000-000000000106','10c00000-b551-4c00-9000-0000000c0001','Uma postura profissional essencial do técnico de luz é:','Segurança em primeiro lugar (energia e altura matam), além de pontualidade, ler o rider e trabalhar em equipe com som e palco.',6,1);
insert into public.quiz_options (question_id,texto,correta,ordem) values ('10c00000-b551-4c00-9000-000000000106','Improvisar ligações de energia sem conferir',false,1);
insert into public.quiz_options (question_id,texto,correta,ordem) values ('10c00000-b551-4c00-9000-000000000106','Priorizar a segurança, a pontualidade e o trabalho em equipe',true,2);
insert into public.quiz_options (question_id,texto,correta,ordem) values ('10c00000-b551-4c00-9000-000000000106','Trabalhar sozinho e ignorar o rider',false,3);
insert into public.quiz_options (question_id,texto,correta,ordem) values ('10c00000-b551-4c00-9000-000000000106','Deixar os cabos soltos pelo palco',false,4);

-- AULA 2 [M1.2]: A física da luz: intensidade, cor, temperatura e ângulo
insert into public.lessons (id,module_id,titulo,tipo,conteudo_rico,duracao_min,ordem,tem_quiz,preview_gratis) values
  ('10c00000-b551-4c00-9000-0000000b0002','10c00000-b551-4c00-9000-0000000000a1','A física da luz: intensidade, cor, temperatura e ângulo','texto','<p><strong>Toda fixture faz só quatro coisas: acende com uma intensidade, numa cor, numa temperatura e num ângulo de facho.</strong> Se você domina esses quatro parâmetros, entende qualquer refletor que aparecer na sua frente — do PAR mais simples ao moving mais caro. Nesta aula a gente destrincha a física por trás de cada um, sem enrolação.</p>

<h3>Intensidade: quanto de luz sai</h3>
<p>Intensidade é o "volume" da luz. Na mesa você regula em <strong>porcentagem (0 a 100%)</strong>; no protocolo DMX isso vira um valor de <strong>0 a 255</strong> (8 bits) num canal. 0% é apagado, 100% é a fixture no máximo. <strong>Dimerizar</strong> é justamente variar essa intensidade — subir e descer a luz.</p>
<ul>
<li><strong>LED e moving head:</strong> dimerizam sozinhos. Têm dimmer eletrônico interno — basta energia + DMX e você controla o brilho direto pelo canal de intensidade (ou master dimmer) da própria fixture.</li>
<li><strong>PAR convencional (lâmpada halógena):</strong> NÃO tem dimmer interno. Ele acende no talo. Para variar a intensidade você liga a fixture num <strong>dimmer/rack externo</strong>, e é esse canal de dimmer que a mesa controla.</li>
</ul>

<h3>Cor no LED: mistura aditiva (RGB)</h3>

<figure style="margin:16px 0;text-align:center"><img src="https://pshynylvvkhhohftouoe.supabase.co/storage/v1/object/public/media/img-luz-basico/mistura-cor-led.jpg" alt="PAR LED aceso projetando um facho de cor saturada pela fumaça, com os emissores vermelho, verde e azul visíveis na frente." style="max-width:100%;border-radius:10px;border:1px solid rgba(0,0,0,.12)" /><figcaption style="font-size:12px;opacity:.75;margin-top:6px">Mistura aditiva na prática: os emissores R, G e B do PAR LED somam-se e projetam a cor no facho — mais luz, mais claro.</figcaption></figure>
<p>LED trabalha com <strong>mistura aditiva</strong>: você soma feixes de luz colorida. As três cores primárias da luz são <strong>Vermelho, Verde e Azul (RGB)</strong>. Quanto mais luz você soma, mais claro fica — é o <em>oposto</em> da tinta, onde misturar tudo dá preto.</p>
<ul>
<li><strong>R + G + B nos três no máximo = branco.</strong></li>
<li><strong>Vermelho + Verde = amarelo.</strong></li>
<li><strong>Verde + Azul = ciano.</strong></li>
<li><strong>Vermelho + Azul = magenta.</strong></li>
</ul>
<p>O problema: só com RGB, esse "branco" sai meio <strong>sujo, esverdeado</strong>, porque os três LEDs nunca casam perfeitamente. Por isso existem variações que adicionam chips:</p>
<ul>
<li><strong>RGBW (+ Branco):</strong> um LED branco dedicado dá um branco limpo de verdade e permite tons <em>pastéis</em> (rosa claro, azul bebê) que o RGB puro não alcança.</li>
<li><strong>RGBA (+ Âmbar):</strong> o âmbar puxa para tons <em>quentes</em>, cor de pele e âmbares de teatro que o vermelho+verde não reproduzem bem.</li>
<li><strong>RGBAW+UV e afins:</strong> mais chips = mais fidelidade e efeitos (o UV faz brilhar tecidos e tinta fluorescente). Mais cores para somar, gama mais ampla.</li>
</ul>

<h3>Cor no moving de lâmpada: mistura subtrativa (CMY)</h3>
<p>Moving head de lâmpada branca não soma cor — ele <strong>tira</strong>. Isso é <strong>mistura subtrativa</strong>: filtros de <strong>Ciano, Magenta e Amarelo (CMY)</strong> entram na frente da lâmpada e vão "subtraindo" faixas de cor da luz branca. Combinando os três você chega a qualquer tom, de forma contínua. Além do CMY, essas fixtures costumam ter uma <strong>roda de cores</strong> com gobos de cor fixos (saturados) para trocas rápidas e secas.</p>

<h3>Temperatura de cor (Kelvin) e CRI</h3>
<p>Mesmo o branco tem "sabor", medido em <strong>Kelvin (K)</strong> — e cuidado, é ao contrário da intuição:</p>
<ul>
<li><strong>Baixa temperatura (~2700–3200K):</strong> branco <strong>quente/amarelado</strong>. É a luz de lâmpada tungstênio, aconchegante, de fim de tarde.</li>
<li><strong>Alta temperatura (~5600–6500K):</strong> branco <strong>frio/azulado</strong>, a "luz do dia" (daylight).</li>
</ul>
<p>Junto vem o <strong>CRI (Índice de Reprodução de Cor)</strong>: mede o quanto a luz mostra as cores reais. Quanto <strong>maior o CRI</strong> (perto de 100), melhor a pele, o figurino e o cenário aparecem. CRI baixo deixa tudo com aspecto lavado — crítico em TV e onde tem câmera.</p>

<h3>Ângulo e facho: beam, zoom e foco</h3>
<p>O <strong>beam angle (ângulo de facho)</strong> diz quão aberto é o cone de luz. Facho <strong>estreito</strong> = luz concentrada, que "viaja" longe mantendo brilho (é o princípio do <em>beam</em>). Facho <strong>aberto</strong> = um <em>wash</em>, banho largo e suave que cobre bastante área de perto.</p>
<ul>
<li><strong>ZOOM:</strong> fixture que abre e fecha o facho motorizado, sem trocar de refletor — do estreito ao aberto.</li>
<li><strong>Foco (spot/elipsoidal):</strong> ajusta a <em>nitidez</em> da borda — de dura (recorte definido) a suave (esfumaçada).</li>
</ul>

<h3>Lei do inverso do quadrado</h3>
<p>Guarde a regra prática: a intensidade que chega no alvo cai com o <strong>quadrado da distância</strong>. Na prática, <strong>dobrou a distância, a luz no alvo cai para cerca de 1/4</strong>. É por isso que uma fixture lá no fundo da grid precisa ser bem mais potente que uma pertinho do artista para render o mesmo brilho.</p>

<h3>Resumo prático</h3>
<p><strong>LED soma cor (RGB, aditiva); moving de lâmpada tira cor (CMY, subtrativa).</strong> Intensidade é % ou 0–255; LED/moving dimerizam sozinhos, PAR precisa de dimmer externo. Kelvin baixo = quente, alto = frio, e CRI alto mostra as cores de verdade. Facho estreito viaja longe (beam), aberto vira banho (wash) — e cada metro a mais cobra caro no brilho.</p>',20,2,true,false);
insert into public.quizzes (id,lesson_id,titulo) values ('10c00000-b551-4c00-9000-0000000c0002','10c00000-b551-4c00-9000-0000000b0002','Quiz — Física da luz');
insert into public.quiz_questions (id,quiz_id,texto,explicacao,ordem,pontos) values ('10c00000-b551-4c00-9000-000000000201','10c00000-b551-4c00-9000-0000000c0002','Na mistura ADITIVA (LED), Vermelho + Verde + Azul no máximo resulta em:','Somando as três primárias da luz no máximo você obtém branco. É o oposto da tinta (subtrativa), onde misturar tudo dá preto.',1,1);
insert into public.quiz_options (question_id,texto,correta,ordem) values ('10c00000-b551-4c00-9000-000000000201','Preto',false,1);
insert into public.quiz_options (question_id,texto,correta,ordem) values ('10c00000-b551-4c00-9000-000000000201','Branco',true,2);
insert into public.quiz_options (question_id,texto,correta,ordem) values ('10c00000-b551-4c00-9000-000000000201','Marrom',false,3);
insert into public.quiz_options (question_id,texto,correta,ordem) values ('10c00000-b551-4c00-9000-000000000201','Vermelho',false,4);
insert into public.quiz_questions (id,quiz_id,texto,explicacao,ordem,pontos) values ('10c00000-b551-4c00-9000-000000000202','10c00000-b551-4c00-9000-0000000c0002','Vermelho + Verde (sem azul) na luz dá:','Na mistura aditiva, vermelho somado ao verde produz amarelo.',2,1);
insert into public.quiz_options (question_id,texto,correta,ordem) values ('10c00000-b551-4c00-9000-000000000202','Azul',false,1);
insert into public.quiz_options (question_id,texto,correta,ordem) values ('10c00000-b551-4c00-9000-000000000202','Amarelo',true,2);
insert into public.quiz_options (question_id,texto,correta,ordem) values ('10c00000-b551-4c00-9000-000000000202','Magenta',false,3);
insert into public.quiz_options (question_id,texto,correta,ordem) values ('10c00000-b551-4c00-9000-000000000202','Ciano',false,4);
insert into public.quiz_questions (id,quiz_id,texto,explicacao,ordem,pontos) values ('10c00000-b551-4c00-9000-000000000203','10c00000-b551-4c00-9000-0000000c0002','Para que serve o canal W (branco) num LED RGBW?','Só RGB gera um branco ''sujo''/esverdeado. O emissor branco dedicado dá pastéis suaves e um branco limpo.',3,1);
insert into public.quiz_options (question_id,texto,correta,ordem) values ('10c00000-b551-4c00-9000-000000000203','Aumentar só o vermelho',false,1);
insert into public.quiz_options (question_id,texto,correta,ordem) values ('10c00000-b551-4c00-9000-000000000203','Dar pastéis e um branco limpo que o RGB puro não faz bem',true,2);
insert into public.quiz_options (question_id,texto,correta,ordem) values ('10c00000-b551-4c00-9000-000000000203','Controlar o movimento',false,3);
insert into public.quiz_options (question_id,texto,correta,ordem) values ('10c00000-b551-4c00-9000-000000000203','Ligar a fumaça',false,4);
insert into public.quiz_questions (id,quiz_id,texto,explicacao,ordem,pontos) values ('10c00000-b551-4c00-9000-000000000204','10c00000-b551-4c00-9000-0000000c0002','Temperatura de cor baixa (~3200K) produz uma luz:','Kelvin baixo = quente/amarelada (tungstênio, aconchego). Kelvin alto (~6500K) = fria/azulada (luz do dia).',4,1);
insert into public.quiz_options (question_id,texto,correta,ordem) values ('10c00000-b551-4c00-9000-000000000204','Fria e azulada',false,1);
insert into public.quiz_options (question_id,texto,correta,ordem) values ('10c00000-b551-4c00-9000-000000000204','Quente e amarelada',true,2);
insert into public.quiz_options (question_id,texto,correta,ordem) values ('10c00000-b551-4c00-9000-000000000204','Verde',false,3);
insert into public.quiz_options (question_id,texto,correta,ordem) values ('10c00000-b551-4c00-9000-000000000204','Sem cor nenhuma',false,4);
insert into public.quiz_questions (id,quiz_id,texto,explicacao,ordem,pontos) values ('10c00000-b551-4c00-9000-000000000205','10c00000-b551-4c00-9000-0000000c0002','Um moving BEAM tem facho estreito; um WASH tem facho:','Beam = facho concentrado que ''viaja'' longe. Wash = facho aberto e suave, para banhar de cor. O zoom abre/fecha o ângulo.',5,1);
insert into public.quiz_options (question_id,texto,correta,ordem) values ('10c00000-b551-4c00-9000-000000000205','Ainda mais estreito que o beam',false,1);
insert into public.quiz_options (question_id,texto,correta,ordem) values ('10c00000-b551-4c00-9000-000000000205','Aberto e suave (banho)',true,2);
insert into public.quiz_options (question_id,texto,correta,ordem) values ('10c00000-b551-4c00-9000-000000000205','Sempre vermelho',false,3);
insert into public.quiz_options (question_id,texto,correta,ordem) values ('10c00000-b551-4c00-9000-000000000205','Sem lente',false,4);
insert into public.quiz_questions (id,quiz_id,texto,explicacao,ordem,pontos) values ('10c00000-b551-4c00-9000-000000000206','10c00000-b551-4c00-9000-0000000c0002','Pela lei do inverso do quadrado, ao DOBRAR a distância da fixture ao alvo, a intensidade no alvo cai para cerca de:','Dobrar a distância deixa aproximadamente 1/4 da intensidade. Por isso fixtures longe do palco precisam ser mais potentes.',6,1);
insert into public.quiz_options (question_id,texto,correta,ordem) values ('10c00000-b551-4c00-9000-000000000206','A metade',false,1);
insert into public.quiz_options (question_id,texto,correta,ordem) values ('10c00000-b551-4c00-9000-000000000206','Um quarto (1/4)',true,2);
insert into public.quiz_options (question_id,texto,correta,ordem) values ('10c00000-b551-4c00-9000-000000000206','O dobro',false,3);
insert into public.quiz_options (question_id,texto,correta,ordem) values ('10c00000-b551-4c00-9000-000000000206','Não muda',false,4);
insert into public.ai_animations (lesson_id,tipo,status,model,custo_usd,roteiro,urls) values ('10c00000-b551-4c00-9000-0000000b0002','interactive','ready','handcrafted-interactive',0,'{"titulo":"Simulador — Mistura de Cor (RGBW + Dimmer)","metadata":{"titulo_aula":"Simulador — Mistura de Cor (RGBW + Dimmer)","total_cenas":1,"duracao_total":0,"abordagem_didatica":"Simulador interativo — pratique movendo os controles"},"cenas":[{"numero":1,"titulo":"Simulador — Mistura de Cor (RGBW + Dimmer)","modo":"widget","narracao":"Some vermelho, verde e azul para criar qualquer cor e use o dimmer para a intensidade. Complete as 5 missões.","explicacao_texto":"Some vermelho, verde e azul para criar qualquer cor e use o dimmer para a intensidade. Complete as 5 missões.","destaques":["Mistura aditiva RGB → luz","Canal W (branco) para pastéis e brancos limpos","Dimmer = intensidade","R+G+B no máximo = branco"]}]}'::jsonb,'[{"html":"<!doctype html><html lang=\"pt-BR\"><head><meta charset=\"utf-8\"><meta name=\"viewport\" content=\"width=device-width,initial-scale=1,maximum-scale=1,user-scalable=no\">\r\n<title>Simulador — Mistura de Cor (RGBW + Dimmer)</title>\r\n<style>\r\n*{box-sizing:border-box;margin:0;padding:0;-webkit-tap-highlight-color:transparent}\r\nhtml,body{height:100%;background:#0b0e14;color:#e7ecf3;font-family:system-ui,Segoe UI,Roboto,Arial,sans-serif;overflow:hidden}\r\nbody{display:flex;align-items:center;justify-content:center}\r\n.console{width:1000px;height:620px;background:linear-gradient(180deg,#121722,#0d111a);border:1px solid #223049;border-radius:14px;padding:18px;display:grid;grid-template-columns:1.15fr .85fr;gap:16px;box-shadow:0 10px 40px #0008}\r\n.stage{position:relative;background:#05070c;border:1px solid #1c2740;border-radius:12px;overflow:hidden;display:flex;flex-direction:column}\r\n.stage canvas{width:100%;height:100%;display:block}\r\n.panel{display:flex;flex-direction:column;gap:12px;min-width:0}\r\nh1{font-size:15px;font-weight:700;letter-spacing:.2px;color:#cfe0ff}\r\n.sub{font-size:11.5px;color:#8aa0c2;line-height:1.45}\r\n.faders{display:grid;grid-template-columns:repeat(5,1fr);gap:8px;flex:1;align-items:end}\r\n.fad{display:flex;flex-direction:column;align-items:center;gap:6px;height:100%;justify-content:end}\r\n.track{position:relative;width:34px;flex:1;min-height:150px;background:#0c1220;border:1px solid #263449;border-radius:8px;touch-action:none;cursor:pointer}\r\n.fill{position:absolute;left:0;right:0;bottom:0;border-radius:0 0 7px 7px}\r\n.knob{position:absolute;left:-3px;right:-3px;height:16px;background:#e7ecf3;border-radius:5px;box-shadow:0 2px 6px #000a;transform:translateY(8px)}\r\n.lbl{font-size:11px;font-weight:700}.val{font-size:11px;color:#9fb4d6;font-variant-numeric:tabular-nums}\r\n.swatch{height:38px;border-radius:8px;border:1px solid #2a3a55}\r\n.mission{background:#0e1626;border:1px solid #24406e;border-radius:10px;padding:10px 12px;font-size:12px;line-height:1.5}\r\n.mission b{color:#8fd0ff}\r\n.mrow{display:flex;align-items:center;gap:8px;margin-top:4px}\r\n.dot{width:14px;height:14px;border-radius:50%;border:2px solid #37507a;flex:none}\r\n.dot.ok{background:#39d98a;border-color:#39d98a}\r\n.btns{display:flex;gap:8px;flex-wrap:wrap}\r\nbutton{background:#1b2740;color:#dce7fb;border:1px solid #33507f;border-radius:8px;padding:7px 11px;font-size:12px;font-weight:600;cursor:pointer}\r\nbutton:hover{background:#233459}\r\n.tag{display:inline-block;font-size:10px;padding:2px 7px;border-radius:999px;background:#16233c;border:1px solid #294066;color:#9db6df;margin-left:6px}\r\n.hint{font-size:11px;color:#7f96bb}\r\n</style></head>\r\n<body>\r\n<div class=\"console\" id=\"console\">\r\n  <div class=\"stage\"><canvas id=\"cv\"></canvas></div>\r\n  <div class=\"panel\">\r\n    <div><h1>Mistura de Cor no Refletor LED <span class=\"tag\" id=\"ftype\">RGBW</span></h1>\r\n      <div class=\"sub\">Arraste os faders. No LED a cor é <b>aditiva</b>: some Vermelho + Verde + Azul. O <b>Dimmer</b> controla a intensidade geral; o <b>W</b> (branco) limpa e clareia.</div></div>\r\n    <div class=\"faders\" id=\"faders\"></div>\r\n    <div class=\"swatch\" id=\"swatch\"></div>\r\n    <div class=\"mission\" id=\"mission\"></div>\r\n    <div class=\"btns\">\r\n      <button id=\"toggleW\">Modo: RGBW</button>\r\n      <button id=\"reset\">Zerar</button>\r\n      <button id=\"next\">Próxima missão ▸</button>\r\n    </div>\r\n    <div class=\"hint\" id=\"hint\">Dica: R+G+B nos três = branco (mas “sujo”). Use o canal W para um branco limpo.</div>\r\n  </div>\r\n</div>\r\n<script>\r\nconst CH=[{k:''d'',lbl:''DIM'',c:''#e7ecf3'',v:0},{k:''r'',lbl:''R'',c:''#ff4d4d'',v:0},{k:''g'',lbl:''G'',c:''#48e06a'',v:0},{k:''b'',lbl:''B'',c:''#4d8bff'',v:0},{k:''w'',lbl:''W'',c:''#fff7e6'',v:0}];\r\nconst st={d:0,r:0,g:0,b:0,w:0};\r\nlet rgbwMode=true;\r\nconst fadersEl=document.getElementById(''faders'');\r\nCH.forEach(ch=>{\r\n  const el=document.createElement(''div'');el.className=''fad'';el.dataset.k=ch.k;\r\n  el.innerHTML=`<div class=\"val\" data-v>0</div><div class=\"track\"><div class=\"fill\" style=\"background:${ch.c};height:0%\"></div><div class=\"knob\" style=\"bottom:0%\"></div></div><div class=\"lbl\" style=\"color:${ch.c}\">${ch.lbl}</div>`;\r\n  fadersEl.appendChild(el);\r\n  const track=el.querySelector(''.track'');\r\n  const set=(cy)=>{const r=track.getBoundingClientRect();let p=1-(cy-r.top)/r.height;p=Math.max(0,Math.min(1,p));st[ch.k]=Math.round(p*255);render();};\r\n  track.addEventListener(''pointerdown'',e=>{try{track.setPointerCapture(e.pointerId);}catch(_){}set(e.clientY);});\r\n  track.addEventListener(''pointermove'',e=>{if(e.buttons)set(e.clientY);});\r\n});\r\nfunction currentColor(){\r\n  // aditiva: base RGB, mais W soma um branco; dimmer escala tudo\r\n  let r=st.r,g=st.g,b=st.b;\r\n  if(rgbwMode){r=Math.min(255,r+st.w);g=Math.min(255,g+st.w);b=Math.min(255,b+st.w);}\r\n  const dim=st.d/255;\r\n  return {r:Math.round(r*dim),g:Math.round(g*dim),b:Math.round(b*dim),dim};\r\n}\r\nconst cv=document.getElementById(''cv'');const ctx=cv.getContext(''2d'');\r\nfunction sizeCanvas(){const r=cv.getBoundingClientRect();const dpr=Math.min(2,devicePixelRatio||1);cv.width=r.width*dpr;cv.height=r.height*dpr;ctx.setTransform(dpr,0,0,dpr,0,0);drawStage();}\r\nfunction drawStage(){\r\n  const r=cv.getBoundingClientRect();const W=r.width,H=r.height;\r\n  ctx.clearRect(0,0,W,H);\r\n  // fundo palco\r\n  ctx.fillStyle=''#05070c'';ctx.fillRect(0,0,W,H);\r\n  const col=currentColor();const cx=W*0.5, topY=H*0.13, fixW=Math.min(120,W*0.22);\r\n  // luminária\r\n  ctx.fillStyle=''#161b26'';ctx.fillRect(cx-fixW/2,topY-18,fixW,20);\r\n  ctx.fillStyle=''#0f131c'';ctx.fillRect(cx-fixW/2+6,topY,fixW-12,10);\r\n  // facho (cone)\r\n  const beamBottom=H*0.9, spread=W*0.34;\r\n  const g=ctx.createLinearGradient(0,topY,0,beamBottom);\r\n  const a=0.06+0.5*(col.dim);\r\n  g.addColorStop(0,`rgba(${col.r},${col.g},${col.b},${Math.min(0.95,a+0.15)})`);\r\n  g.addColorStop(1,`rgba(${col.r},${col.g},${col.b},0)`);\r\n  ctx.beginPath();ctx.moveTo(cx-fixW*0.28,topY+4);ctx.lineTo(cx-spread,beamBottom);ctx.lineTo(cx+spread,beamBottom);ctx.lineTo(cx+fixW*0.28,topY+4);ctx.closePath();\r\n  ctx.fillStyle=g;ctx.fill();\r\n  // pool de luz no chão\r\n  const pool=ctx.createRadialGradient(cx,beamBottom,4,cx,beamBottom,spread*0.95);\r\n  pool.addColorStop(0,`rgba(${col.r},${col.g},${col.b},${Math.min(0.9,a+0.2)})`);\r\n  pool.addColorStop(1,`rgba(${col.r},${col.g},${col.b},0)`);\r\n  ctx.fillStyle=pool;ctx.beginPath();ctx.ellipse(cx,beamBottom,spread*0.95,spread*0.22,0,0,7);ctx.fill();\r\n  // artista (silhueta) que recebe a cor\r\n  const px=cx,py=beamBottom-6;\r\n  ctx.save();\r\n  const lit=col.dim>0.02;\r\n  const bodyCol=lit?`rgb(${Math.round(col.r*0.7+20)},${Math.round(col.g*0.7+20)},${Math.round(col.b*0.7+20)})`:''#1a2030'';\r\n  ctx.fillStyle=bodyCol;\r\n  ctx.beginPath();ctx.ellipse(px,py-70,14,16,0,0,7);ctx.fill(); //cabeça\r\n  ctx.beginPath();ctx.moveTo(px-18,py);ctx.lineTo(px-12,py-52);ctx.lineTo(px+12,py-52);ctx.lineTo(px+18,py);ctx.closePath();ctx.fill();//corpo\r\n  ctx.restore();\r\n  // leitura DMX\r\n  ctx.fillStyle=''#7f96bb'';ctx.font=''11px system-ui'';\r\n  ctx.fillText(`DMX  DIM:${st.d}  R:${st.r}  G:${st.g}  B:${st.b}`+(rgbwMode?`  W:${st.w}`:''''),12,H-14);\r\n}\r\nfunction render(){\r\n  CH.forEach(ch=>{const el=fadersEl.querySelector(`[data-k=\"${ch.k}\"]`);const v=st[ch.k];const p=v/255*100;\r\n    el.querySelector(''.fill'').style.height=p+''%'';el.querySelector(''.knob'').style.bottom=p+''%'';el.querySelector(''[data-v]'').textContent=v;});\r\n  const c=currentColor();document.getElementById(''swatch'').style.background=`rgb(${c.r},${c.g},${c.b})`;\r\n  drawStage();checkMission();\r\n}\r\n// ── Missões ──\r\nconst MISSIONS=[\r\n  {t:''Faça a luz acender em <b>vermelho puro</b>.'',ok:()=>st.d>200&&st.r>200&&st.g<40&&st.b<40&&st.w<40},\r\n  {t:''Some Vermelho + Verde para obter <b>amarelo</b>.'',ok:()=>st.d>180&&st.r>180&&st.g>180&&st.b<50},\r\n  {t:''Some Vermelho + Azul para obter <b>magenta</b>.'',ok:()=>st.d>180&&st.r>180&&st.b>180&&st.g<60},\r\n  {t:''Faça <b>branco</b> — dica: use o canal <b>W</b> (mude para modo RGBW se preciso) ou os três RGB no máximo.'',ok:()=>{const c=currentColor();return c.dim>0.7&&c.r>200&&c.g>200&&c.b>200;}},\r\n  {t:''Deixe a cor e <b>abaixe o Dimmer para ~50%</b> (fade sem mudar a cor).'',ok:()=>st.d>=110&&st.d<=145&&(st.r+st.g+st.b+st.w>150)},\r\n];\r\nlet mi=0;\r\nfunction drawMission(){const m=MISSIONS[mi];document.getElementById(''mission'').innerHTML=\r\n  `<div><b>Missão ${mi+1}/${MISSIONS.length}:</b> ${m.t}</div><div class=\"mrow\"><span class=\"dot\" id=\"mdot\"></span><span id=\"mstat\">Ajuste os faders…</span></div>`;}\r\nfunction checkMission(){const m=MISSIONS[mi];const dot=document.getElementById(''mdot'');const stat=document.getElementById(''mstat'');if(!dot)return;\r\n  if(m.ok()){dot.classList.add(''ok'');stat.textContent=''✓ Conseguiu! Toque em “Próxima missão”.'';}\r\n  else{dot.classList.remove(''ok'');stat.textContent=''Ajuste os faders…'';}}\r\ndocument.getElementById(''next'').onclick=()=>{mi=(mi+1)%MISSIONS.length;drawMission();render();};\r\ndocument.getElementById(''reset'').onclick=()=>{st.d=st.r=st.g=st.b=st.w=0;render();};\r\ndocument.getElementById(''toggleW'').onclick=(e)=>{rgbwMode=!rgbwMode;e.target.textContent=''Modo: ''+(rgbwMode?''RGBW'':''RGB'');document.getElementById(''ftype'').textContent=rgbwMode?''RGBW'':''RGB'';render();};\r\n// ── Fit responsivo ──\r\nfunction fit(){const DW=1000,DH=620;const vw=innerWidth,vh=innerHeight;const scrH=(window.screen&&screen.height)||vh;const iframeTaller=vh>scrH+8;const visH=Math.min(vh,scrH);const headerAllow=iframeTaller?84:(vh>700?24:6);const effVh=Math.max(240,visH-headerAllow);const z=Math.min(vw/DW,effVh/DH);document.getElementById(''console'').style.zoom=z;requestAnimationFrame(sizeCanvas);}\r\naddEventListener(''resize'',fit);\r\ndrawMission();render();fit();setTimeout(fit,60);\r\n</script></body></html>\r\n"}]'::jsonb);

-- AULA 3 [M1.3]: Tipos de refletores: dos convencionais aos moving heads
insert into public.lessons (id,module_id,titulo,tipo,conteudo_rico,duracao_min,ordem,tem_quiz,preview_gratis) values
  ('10c00000-b551-4c00-9000-0000000b0003','10c00000-b551-4c00-9000-0000000000a1','Tipos de refletores: dos convencionais aos moving heads','texto','<p><strong>Cada refletor foi feito para uma função — e escolher o errado é queimar dinheiro e trabalho.</strong> Um PAR nunca vai recortar uma logo, e um beam nunca vai dar um banho suave. Nesta aula você aprende a reconhecer as famílias de fixture, do convencional fixo ao moving head motorizado, e a saber na hora qual pedir para cada tarefa.</p>

<h3>Convencionais (fixos)</h3>
<p>São refletores sem motor: você aponta na mão, prende na truss e ele fica ali. Simples, robustos e baratos por ponto.</p>

<figure style="margin:16px 0;text-align:center"><img src="https://pshynylvvkhhohftouoe.supabase.co/storage/v1/object/public/media/img-luz-basico/par-led.jpg" alt="Refletores PAR de LED alinhados, cada um com uma matriz de LEDs coloridos (vermelho, verde, azul, branco) na frente." style="max-width:100%;border-radius:10px;border:1px solid rgba(0,0,0,.12)" /><figcaption style="font-size:12px;opacity:.75;margin-top:6px">O PAR LED — o ''cavalo de batalha'' do banho de cor: uma matriz de LEDs RGBW num corpo compacto de alumínio.</figcaption></figure>

<ul>
<li><strong>PAR (PAR64 / PAR LED):</strong> o <em>cavalo de batalha</em>. Dá um <strong>banho de cor</strong> forte, facho fixo, <strong>sem foco</strong> nem borda definida. O PAR64 usa lâmpada + dimmer externo; o PAR LED já mistura cor sozinho (RGB/RGBW). Serve para bater cor em palco, banda, cenário.</li>
<li><strong>Fresnel:</strong> lente que espalha a luz e entrega uma <strong>borda suave</strong>, difusa. O facho é <strong>ajustável</strong> (spot/flood) aproximando ou afastando a lâmpada da lente. Muito usado em <strong>teatro e TV</strong> por misturar bem com os vizinhos.</li>
<li><strong>Elipsoidal / ERS / recorte (tipo Source Four):</strong> o <strong>canhão de recorte</strong>. Facho <strong>preciso</strong>, com <strong>facas/shutters</strong> para cortar a luz em linha reta, <strong>porta-gobo</strong> (projeta desenhos e logos) e <strong>íris</strong> (fecha o círculo). É o que recorta cenário e projeta a marca no fundo.</li>
<li><strong>Ribalta / barra LED / batten:</strong> barra com vários LEDs em linha, para banhar do chão para cima ou marcar linhas.</li>
<li><strong>Ciclorama / CYC:</strong> refletor de facho largo e uniforme feito para <strong>banhar o fundo e o telão</strong> com cor cheia, sem manchas.</li>
</ul>

<figure style="margin:16px 0;text-align:center"><img src="https://pshynylvvkhhohftouoe.supabase.co/storage/v1/object/public/media/img-luz-basico/elipsoidal-fresnel.jpg" alt="Dois refletores convencionais de teatro: à esquerda um elipsoidal (recorte) com facas de corte; à direita um fresnel com a lente de anéis concêntricos." style="max-width:100%;border-radius:10px;border:1px solid rgba(0,0,0,.12)" /><figcaption style="font-size:12px;opacity:.75;margin-top:6px">Convencionais de teatro: o elipsoidal/recorte (esquerda, com as facas de corte e porta-gobo) e o fresnel (direita, com a lente de anéis que suaviza a borda).</figcaption></figure>

<h3>Moving heads (motorizados: pan/tilt)</h3>
<p>Movings giram (<strong>pan</strong>, horizontal) e inclinam (<strong>tilt</strong>, vertical) por motor, e trocam cor, gobo e foco pelo DMX. Um moving faz o trabalho de vários convencionais — mas custa mais e pede manutenção. As três famílias principais:</p>

<figure style="margin:16px 0;text-align:center"><img src="https://pshynylvvkhhohftouoe.supabase.co/storage/v1/object/public/media/img-luz-basico/moving-heads.jpg" alt="Três moving heads profissionais lado a lado: um wash de lente grande, um spot e um beam de lente pequena, sobre suas bases." style="max-width:100%;border-radius:10px;border:1px solid rgba(0,0,0,.12)" /><figcaption style="font-size:12px;opacity:.75;margin-top:6px">Moving heads: da esquerda para a direita, o wash (lente grande, banho), o spot (recorte com gobo) e o beam (facho estreito e denso).</figcaption></figure>

<table>
<tr><th>Tipo</th><th>Facho</th><th>Recursos típicos</th><th>Serve para</th></tr>
<tr><td><strong>SPOT</strong></td><td>Definido, médio</td><td>Roda de gobos, íris, foco, prisma, CMY</td><td>Recortar e projetar gobos, logos e texturas</td></tr>
<tr><td><strong>BEAM</strong></td><td>MUITO estreito e denso</td><td>Pouca abertura, cor saturada, prisma</td><td>Risca de luz no ar; ótimo com fumaça — o "canhão"/tubo</td></tr>
<tr><td><strong>WASH</strong></td><td>Largo e suave, sem borda</td><td>Zoom, mistura de cor (RGBW/CMY)</td><td>Banho de cor amplo em palco e plateia</td></tr>
<tr><td><strong>HÍBRIDO</strong></td><td>Variável (fecha e abre)</td><td>Spot + beam + wash na mesma fixture</td><td>Fazer os três papéis quando falta ponto/grana</td></tr>
</table>

<h3>Efeito</h3>
<p>Fixtures dedicadas a impacto, não a iluminar:</p>
<ul>
<li><strong>Strobe:</strong> flashes brancos rápidos, cortam o movimento e explodem o refrão.</li>
<li><strong>Blinder:</strong> várias lâmpadas quentes viradas para a <strong>plateia</strong>, para cegar e levantar o público.</li>
<li><strong>Atomic:</strong> strobe potente, muitas vezes com faixa de LED de cor em volta.</li>
<li><strong>Laser:</strong> feixe coerente, tratado <em>à parte</em> (tem norma e segurança próprias).</li>
<li><strong>Matrix / pixel:</strong> LEDs em grade, controlados individualmente para formar desenhos, textos e animações.</li>
</ul>

<h3>Resumo prático</h3>
<p><strong>WASH pinta, SPOT desenha, BEAM risca o ar.</strong> Nos convencionais: PAR dá banho, Fresnel dá borda suave, elipsoidal recorta e projeta, CYC banha o fundo. Antes de pedir uma fixture, defina a função — pintar cor, recortar/projetar ou fazer feixe no ar — e o resto se escolhe sozinho.</p>',20,3,true,false);
insert into public.quizzes (id,lesson_id,titulo) values ('10c00000-b551-4c00-9000-0000000c0003','10c00000-b551-4c00-9000-0000000b0003','Quiz — Tipos de refletores');
insert into public.quiz_questions (id,quiz_id,texto,explicacao,ordem,pontos) values ('10c00000-b551-4c00-9000-000000000301','10c00000-b551-4c00-9000-0000000c0003','O PAR (PAR64 / PAR LED) é usado principalmente para:','O PAR dá um banho de cor forte e barato, sem foco nem recorte — é o ''cavalo de batalha'' do banho.',1,1);
insert into public.quiz_options (question_id,texto,correta,ordem) values ('10c00000-b551-4c00-9000-000000000301','Recortar um logo com precisão',false,1);
insert into public.quiz_options (question_id,texto,correta,ordem) values ('10c00000-b551-4c00-9000-000000000301','Dar banho de cor (sem foco)',true,2);
insert into public.quiz_options (question_id,texto,correta,ordem) values ('10c00000-b551-4c00-9000-000000000301','Projetar gobos nítidos',false,3);
insert into public.quiz_options (question_id,texto,correta,ordem) values ('10c00000-b551-4c00-9000-000000000301','Fazer o facho de beam no ar',false,4);
insert into public.quiz_questions (id,quiz_id,texto,explicacao,ordem,pontos) values ('10c00000-b551-4c00-9000-000000000302','10c00000-b551-4c00-9000-0000000c0003','Qual fixture serve para RECORTAR a luz com facas (shutters) e projetar gobos com nitidez?','O elipsoidal / ERS / recorte (tipo Source Four) tem facas de corte, porta-gobo e íris — é o ''canhão de recorte'' do teatro.',2,1);
insert into public.quiz_options (question_id,texto,correta,ordem) values ('10c00000-b551-4c00-9000-000000000302','PAR LED',false,1);
insert into public.quiz_options (question_id,texto,correta,ordem) values ('10c00000-b551-4c00-9000-000000000302','Elipsoidal (recorte / ERS)',true,2);
insert into public.quiz_options (question_id,texto,correta,ordem) values ('10c00000-b551-4c00-9000-000000000302','Strobe',false,3);
insert into public.quiz_options (question_id,texto,correta,ordem) values ('10c00000-b551-4c00-9000-000000000302','Blinder',false,4);
insert into public.quiz_questions (id,quiz_id,texto,explicacao,ordem,pontos) values ('10c00000-b551-4c00-9000-000000000303','10c00000-b551-4c00-9000-0000000c0003','O moving head SPOT se diferencia por:','O spot tem facho definido com roda de gobos, íris, foco e prisma — recorta e projeta desenhos. O beam é estreito e denso; o wash é aberto e suave.',3,1);
insert into public.quiz_options (question_id,texto,correta,ordem) values ('10c00000-b551-4c00-9000-000000000303','Ser um facho aberto e sem borda',false,1);
insert into public.quiz_options (question_id,texto,correta,ordem) values ('10c00000-b551-4c00-9000-000000000303','Ter facho definido com gobos, foco e prisma (recorta/projeta)',true,2);
insert into public.quiz_options (question_id,texto,correta,ordem) values ('10c00000-b551-4c00-9000-000000000303','Não ter movimento',false,3);
insert into public.quiz_options (question_id,texto,correta,ordem) values ('10c00000-b551-4c00-9000-000000000303','Ser só uma lâmpada quente',false,4);
insert into public.quiz_questions (id,quiz_id,texto,explicacao,ordem,pontos) values ('10c00000-b551-4c00-9000-000000000304','10c00000-b551-4c00-9000-0000000c0003','O moving BEAM é conhecido por:','Um facho muito estreito e denso, o ''tubo de luz'' no ar — espetacular com fumaça. Tem pouca abertura de zoom.',4,1);
insert into public.quiz_options (question_id,texto,correta,ordem) values ('10c00000-b551-4c00-9000-000000000304','Banhar grandes áreas de cor',false,1);
insert into public.quiz_options (question_id,texto,correta,ordem) values ('10c00000-b551-4c00-9000-000000000304','Um facho muito estreito e denso (tubo no ar)',true,2);
insert into public.quiz_options (question_id,texto,correta,ordem) values ('10c00000-b551-4c00-9000-000000000304','Recortar cenário com facas',false,3);
insert into public.quiz_options (question_id,texto,correta,ordem) values ('10c00000-b551-4c00-9000-000000000304','Iluminar o rosto suavemente',false,4);
insert into public.quiz_questions (id,quiz_id,texto,explicacao,ordem,pontos) values ('10c00000-b551-4c00-9000-000000000305','10c00000-b551-4c00-9000-0000000c0003','A regra prática ''WASH pinta, SPOT desenha, BEAM risca o ar'' quer dizer que o WASH:','O wash tem facho largo e suave, ideal para pintar/banhar de cor. Spot desenha (gobo/recorte) e beam risca o ar (facho fino).',5,1);
insert into public.quiz_options (question_id,texto,correta,ordem) values ('10c00000-b551-4c00-9000-000000000305','Serve para banhar/pintar de cor grandes áreas',true,1);
insert into public.quiz_options (question_id,texto,correta,ordem) values ('10c00000-b551-4c00-9000-000000000305','Projeta logos nítidos',false,2);
insert into public.quiz_options (question_id,texto,correta,ordem) values ('10c00000-b551-4c00-9000-000000000305','Faz o facho fino no ar',false,3);
insert into public.quiz_options (question_id,texto,correta,ordem) values ('10c00000-b551-4c00-9000-000000000305','Só pisca (strobe)',false,4);
insert into public.quiz_questions (id,quiz_id,texto,explicacao,ordem,pontos) values ('10c00000-b551-4c00-9000-000000000306','10c00000-b551-4c00-9000-0000000c0003','Um BLINDER serve para:','O blinder são lâmpadas quentes apontadas para a PLATEIA, usadas como efeito (estourar na batida). Não é para iluminar o artista.',6,1);
insert into public.quiz_options (question_id,texto,correta,ordem) values ('10c00000-b551-4c00-9000-000000000306','Iluminar suavemente o rosto do cantor',false,1);
insert into public.quiz_options (question_id,texto,correta,ordem) values ('10c00000-b551-4c00-9000-000000000306','Efeito jogando luz quente na plateia',true,2);
insert into public.quiz_options (question_id,texto,correta,ordem) values ('10c00000-b551-4c00-9000-000000000306','Recortar cenário',false,3);
insert into public.quiz_options (question_id,texto,correta,ordem) values ('10c00000-b551-4c00-9000-000000000306','Colorir o fundo',false,4);

-- AULA 4 [M1.4]: Iluminação de 3 pontos e as posições no palco
insert into public.lessons (id,module_id,titulo,tipo,conteudo_rico,duracao_min,ordem,tem_quiz,preview_gratis) values
  ('10c00000-b551-4c00-9000-0000000b0004','10c00000-b551-4c00-9000-0000000000a1','Iluminação de 3 pontos e as posições no palco','texto','<p><strong>Uma pessoa iluminada por um refletor só não fica bonita — fica chapada ou vira sombra.</strong> O segredo de dar volume e vida a quem está no palco vem de uma técnica antiga do cinema e da fotografia: a iluminação de 3 pontos. Nesta aula você entende esses três pontos e como eles viram as posições de luz que você vai usar em qualquer show.</p>

<figure style="margin:16px 0;text-align:center"><img src="https://pshynylvvkhhohftouoe.supabase.co/storage/v1/object/public/media/img-luz-basico/luz-3-pontos-palco.jpg" alt="Artista no palco com iluminação de 3 pontos: rosto iluminado pela frontal, sombra suavizada pelo fill e contorno brilhante do contraluz." style="max-width:100%;border-radius:10px;border:1px solid rgba(0,0,0,.12)" /><figcaption style="font-size:12px;opacity:.75;margin-top:6px">Os 3 pontos no palco: a frontal (key) mostra o rosto, o fill suaviza a sombra e o contraluz recorta o contorno, separando do fundo.</figcaption></figure>

<h3>A iluminação de 3 pontos</h3>
<p>Nasceu no cinema e na fotografia de estúdio, e é a base de tudo. São três fontes com papéis distintos:</p>
<ul>
<li><strong>Key light (luz principal):</strong> a fonte mais forte, vinda de frente e um pouco de lado (~45°). É ela que define o rosto e "desenha" a sombra — o ponto de partida de toda a cena.</li>
<li><strong>Fill light (preenchimento):</strong> fica do lado oposto ao key, mais fraca. Não apaga a sombra criada pelo key: apenas a suaviza, para não ficar dura e dramática demais. É o controle do contraste.</li>
<li><strong>Back light (contraluz):</strong> vem de trás e de cima do sujeito. Cria um brilho no contorno (cabelo, ombros) que separa a pessoa do fundo, dando o efeito de profundidade — a pessoa "descola" do cenário.</li>
</ul>

<h3>Como isso vira palco</h3>
<p>No palco os três pontos se espalham em posições de luz que você comanda pela mesa:</p>
<ul>
<li><strong>Frontal:</strong> herda o papel do key. A plateia precisa ver o rosto do artista — sem frontal, ele vira silhueta escura. É a luz da visibilidade.</li>
<li><strong>Lateral:</strong> entra pelas coxias, dos lados. Dá volume ao corpo e é fundamental para dança e movimento, esculpindo a forma do artista.</li>
<li><strong>Contraluz:</strong> a mais dramática e a mais amada pelos LDs. Recorta o artista contra o fundo e, com fumaça, faz o facho aparecer no ar.</li>
<li><strong>Fundo / cyc:</strong> colore o ciclorama, o telão ou o fundo atrás da banda, criando o clima e a paleta geral da cena.</li>
<li><strong>Plateia / blinder:</strong> refletores virados para o público. É efeito puro — cegam de propósito no clímax da música, criando impacto.</li>
</ul>

<h3>A regra de ouro do equilíbrio</h3>
<p>Cada posição sozinha tem um problema, e o equilíbrio entre elas é o que dá tridimensionalidade:</p>
<ul>
<li><strong>Só contraluz:</strong> gera uma silhueta linda e cinematográfica — mas o rosto some. Bonito e escondido ao mesmo tempo.</li>
<li><strong>Só frontal e forte:</strong> ilumina tudo, mas achata a imagem. Sem sombra não há volume, e o artista fica "chapado", sem relevo.</li>
<li><strong>O certo:</strong> o balanço entre key (frontal), fill (preenchimento) e back (contraluz) devolve o volume e a profundidade. Um segura a visibilidade, o outro controla a sombra, o terceiro separa do fundo.</li>
</ul>

<h3>A questão dos ângulos</h3>
<p>Não é só de onde vem a luz, mas em que altura ela entra:</p>
<ul>
<li><strong>Frontal muito baixo:</strong> cega o artista e apaga as sombras, deixando a imagem sem relevo e desconfortável para quem está no palco.</li>
<li><strong>Frontal muito alto:</strong> joga sombra dentro dos olhos — o famoso efeito "caveira", com as órbitas escuras e o rosto sinistro.</li>
<li><strong>Ponto de partida:</strong> ~45° na horizontal e ~45° na vertical. Não é regra fixa, mas é de onde você começa e depois ajusta pelo olho.</li>
</ul>

<h3>Resumo prático</h3>
<p><strong>Key desenha, fill suaviza a sombra, back separa do fundo.</strong> No palco isso vira frontal + lateral + contraluz + fundo. Contraluz sozinho esconde; frontal demais achata. Comece por ~45° na horizontal e na vertical e ajuste até o rosto aparecer com volume.</p>',18,4,true,false);
insert into public.quizzes (id,lesson_id,titulo) values ('10c00000-b551-4c00-9000-0000000c0004','10c00000-b551-4c00-9000-0000000b0004','Quiz — Iluminação de 3 pontos');
insert into public.quiz_questions (id,quiz_id,texto,explicacao,ordem,pontos) values ('10c00000-b551-4c00-9000-000000000401','10c00000-b551-4c00-9000-0000000c0004','A luz KEY (principal) é responsável por:','O key é a luz principal, geralmente frontal-lateral a ~45°, que define o rosto e a sombra do sujeito.',1,1);
insert into public.quiz_options (question_id,texto,correta,ordem) values ('10c00000-b551-4c00-9000-000000000401','Separar o sujeito do fundo',false,1);
insert into public.quiz_options (question_id,texto,correta,ordem) values ('10c00000-b551-4c00-9000-000000000401','Ser a luz principal que define o rosto e a sombra',true,2);
insert into public.quiz_options (question_id,texto,correta,ordem) values ('10c00000-b551-4c00-9000-000000000401','Colorir o ciclorama',false,3);
insert into public.quiz_options (question_id,texto,correta,ordem) values ('10c00000-b551-4c00-9000-000000000401','Cegar a plateia',false,4);
insert into public.quiz_questions (id,quiz_id,texto,explicacao,ordem,pontos) values ('10c00000-b551-4c00-9000-000000000402','10c00000-b551-4c00-9000-0000000c0004','A função da luz FILL é:','O fill vem do lado oposto ao key, mais fraco, e suaviza a sombra sem apagá-la totalmente.',2,1);
insert into public.quiz_options (question_id,texto,correta,ordem) values ('10c00000-b551-4c00-9000-000000000402','Criar a sombra dura',false,1);
insert into public.quiz_options (question_id,texto,correta,ordem) values ('10c00000-b551-4c00-9000-000000000402','Suavizar a sombra do lado oposto ao key',true,2);
insert into public.quiz_options (question_id,texto,correta,ordem) values ('10c00000-b551-4c00-9000-000000000402','Fazer o contorno brilhante',false,3);
insert into public.quiz_options (question_id,texto,correta,ordem) values ('10c00000-b551-4c00-9000-000000000402','Projetar gobo',false,4);
insert into public.quiz_questions (id,quiz_id,texto,explicacao,ordem,pontos) values ('10c00000-b551-4c00-9000-000000000403','10c00000-b551-4c00-9000-0000000c0004','O BACK LIGHT / contraluz fica atrás e acima do sujeito para:','Ele cria um brilho no contorno que separa a pessoa do fundo, dando profundidade (efeito tridimensional).',3,1);
insert into public.quiz_options (question_id,texto,correta,ordem) values ('10c00000-b551-4c00-9000-000000000403','Iluminar o rosto de frente',false,1);
insert into public.quiz_options (question_id,texto,correta,ordem) values ('10c00000-b551-4c00-9000-000000000403','Separar o sujeito do fundo com um contorno brilhante',true,2);
insert into public.quiz_options (question_id,texto,correta,ordem) values ('10c00000-b551-4c00-9000-000000000403','Iluminar a plateia',false,3);
insert into public.quiz_options (question_id,texto,correta,ordem) values ('10c00000-b551-4c00-9000-000000000403','Substituir o key',false,4);
insert into public.quiz_questions (id,quiz_id,texto,explicacao,ordem,pontos) values ('10c00000-b551-4c00-9000-000000000404','10c00000-b551-4c00-9000-0000000c0004','Sem NENHUMA luz frontal, com só contraluz, o artista aparece como:','Silhueta — bonito às vezes, mas a plateia não vê o rosto. Precisa de frontal para visibilidade.',4,1);
insert into public.quiz_options (question_id,texto,correta,ordem) values ('10c00000-b551-4c00-9000-000000000404','Rosto bem iluminado',false,1);
insert into public.quiz_options (question_id,texto,correta,ordem) values ('10c00000-b551-4c00-9000-000000000404','Silhueta (rosto escondido)',true,2);
insert into public.quiz_options (question_id,texto,correta,ordem) values ('10c00000-b551-4c00-9000-000000000404','Totalmente colorido',false,3);
insert into public.quiz_options (question_id,texto,correta,ordem) values ('10c00000-b551-4c00-9000-000000000404','Igual à luz do dia',false,4);
insert into public.quiz_questions (id,quiz_id,texto,explicacao,ordem,pontos) values ('10c00000-b551-4c00-9000-000000000405','10c00000-b551-4c00-9000-0000000c0004','Um ângulo frontal MUITO baixo (quase na horizontal do rosto) tende a:','Frontal baixo cega o artista e apaga as sombras (rosto ''chapado''); muito alto faz sombra no olho (''caveira''). ~45° é o ponto de partida.',5,1);
insert into public.quiz_options (question_id,texto,correta,ordem) values ('10c00000-b551-4c00-9000-000000000405','Dar o melhor volume possível',false,1);
insert into public.quiz_options (question_id,texto,correta,ordem) values ('10c00000-b551-4c00-9000-000000000405','Cegar o artista e apagar as sombras (chapado)',true,2);
insert into public.quiz_options (question_id,texto,correta,ordem) values ('10c00000-b551-4c00-9000-000000000405','Criar contraluz',false,3);
insert into public.quiz_options (question_id,texto,correta,ordem) values ('10c00000-b551-4c00-9000-000000000405','Colorir o fundo',false,4);
insert into public.quiz_questions (id,quiz_id,texto,explicacao,ordem,pontos) values ('10c00000-b551-4c00-9000-000000000406','10c00000-b551-4c00-9000-0000000c0004','A luz de FUNDO / cyc serve para:','Ela colore o ciclorama/telão atrás, criando ambiente — mas sozinha não ilumina o artista.',6,1);
insert into public.quiz_options (question_id,texto,correta,ordem) values ('10c00000-b551-4c00-9000-000000000406','Iluminar o rosto',false,1);
insert into public.quiz_options (question_id,texto,correta,ordem) values ('10c00000-b551-4c00-9000-000000000406','Colorir o ciclorama/fundo atrás',true,2);
insert into public.quiz_options (question_id,texto,correta,ordem) values ('10c00000-b551-4c00-9000-000000000406','Fazer o strobo',false,3);
insert into public.quiz_options (question_id,texto,correta,ordem) values ('10c00000-b551-4c00-9000-000000000406','Ser a luz principal',false,4);
insert into public.ai_animations (lesson_id,tipo,status,model,custo_usd,roteiro,urls) values ('10c00000-b551-4c00-9000-0000000b0004','interactive','ready','handcrafted-interactive',0,'{"titulo":"Simulador — Iluminação de 3 Pontos","metadata":{"titulo_aula":"Simulador — Iluminação de 3 Pontos","total_cenas":1,"duracao_total":0,"abordagem_didatica":"Simulador interativo — pratique movendo os controles"},"cenas":[{"numero":1,"titulo":"Simulador — Iluminação de 3 Pontos","modo":"widget","narracao":"Acenda key, fill e contraluz e veja o artista ganhar volume. Complete as 4 missões.","explicacao_texto":"Acenda key, fill e contraluz e veja o artista ganhar volume. Complete as 4 missões.","destaques":["Key = luz principal","Fill = suaviza a sombra","Contraluz = separa do fundo","Só contraluz = silhueta"]}]}'::jsonb,'[{"html":"<!doctype html><html lang=\"pt-BR\"><head><meta charset=\"utf-8\"><meta name=\"viewport\" content=\"width=device-width,initial-scale=1,maximum-scale=1,user-scalable=no\">\r\n<title>Simulador — Iluminação de 3 Pontos</title>\r\n<style>\r\n*{box-sizing:border-box;margin:0;padding:0;-webkit-tap-highlight-color:transparent}\r\nhtml,body{height:100%;background:#0b0e14;color:#e7ecf3;font-family:system-ui,Segoe UI,Roboto,Arial,sans-serif;overflow:hidden}\r\nbody{display:flex;align-items:center;justify-content:center}\r\n.console{width:1000px;height:620px;background:linear-gradient(180deg,#121722,#0d111a);border:1px solid #223049;border-radius:14px;padding:18px;display:grid;grid-template-columns:1.2fr .8fr;gap:16px;box-shadow:0 10px 40px #0008}\r\n.stage{position:relative;background:#04060a;border:1px solid #1c2740;border-radius:12px;overflow:hidden}\r\n.stage canvas{width:100%;height:100%;display:block}\r\n.panel{display:flex;flex-direction:column;gap:11px;min-width:0}\r\nh1{font-size:15px;font-weight:700;color:#cfe0ff}\r\n.sub{font-size:11.5px;color:#8aa0c2;line-height:1.45}\r\n.lamp{display:flex;align-items:center;gap:10px;background:#0e1421;border:1px solid #22314c;border-radius:9px;padding:8px 10px}\r\n.lamp .sw{width:40px;height:22px;border-radius:999px;background:#2a3550;position:relative;flex:none;cursor:pointer;transition:.15s}\r\n.lamp .sw.on{background:#39d98a}\r\n.lamp .sw i{position:absolute;top:2px;left:2px;width:18px;height:18px;border-radius:50%;background:#fff;transition:.15s}\r\n.lamp .sw.on i{left:20px}\r\n.lamp .nm{font-size:12px;font-weight:700;flex:none;width:74px}\r\n.lamp .desc{font-size:10.5px;color:#8298bd;flex:1;line-height:1.3}\r\n.lamp input[type=range]{width:80px}\r\n.mission{background:#0e1626;border:1px solid #24406e;border-radius:10px;padding:10px 12px;font-size:12px;line-height:1.5}\r\n.mrow{display:flex;align-items:center;gap:8px;margin-top:4px}\r\n.dot{width:14px;height:14px;border-radius:50%;border:2px solid #37507a;flex:none}.dot.ok{background:#39d98a;border-color:#39d98a}\r\n.btns{display:flex;gap:8px}\r\nbutton{background:#1b2740;color:#dce7fb;border:1px solid #33507f;border-radius:8px;padding:7px 11px;font-size:12px;font-weight:600;cursor:pointer}\r\nbutton:hover{background:#233459}\r\n.read{font-size:11px;color:#88a; }\r\n</style></head>\r\n<body>\r\n<div class=\"console\" id=\"console\">\r\n  <div class=\"stage\"><canvas id=\"cv\"></canvas></div>\r\n  <div class=\"panel\">\r\n    <div><h1>Iluminação de 3 Pontos</h1>\r\n      <div class=\"sub\">Acenda e regule cada luz e veja como o artista aparece. Só contra-luz = silhueta; só frontal = chapado. O equilíbrio dá volume.</div></div>\r\n    <div id=\"lamps\"></div>\r\n    <div class=\"mission\" id=\"mission\"></div>\r\n    <div class=\"btns\"><button id=\"reset\">Apagar tudo</button><button id=\"next\">Próxima missão ▸</button></div>\r\n  </div>\r\n</div>\r\n<script>\r\nconst L=[\r\n {k:''front'',nm:''FRONTAL / Key'',desc:''À frente, ~45°. A plateia vê o rosto.'',on:false,v:75,col:''#fff2d8''},\r\n {k:''fill'', nm:''FILL'',        desc:''Lado oposto ao key. Suaviza a sombra.'',on:false,v:45,col:''#eef4ff''},\r\n {k:''back'', nm:''CONTRA-LUZ'',  desc:''Atrás/acima. Separa do fundo, dá brilho.'',on:false,v:80,col:''#dceaff''},\r\n {k:''cyc'',  nm:''FUNDO / Cyc'', desc:''Colore o ciclorama atrás.'',on:false,v:60,col:''#3a6bff''},\r\n];\r\nconst lampsEl=document.getElementById(''lamps'');\r\nL.forEach(l=>{const el=document.createElement(''div'');el.className=''lamp'';el.dataset.k=l.k;\r\n el.innerHTML=`<div class=\"sw\" data-sw></div><div class=\"nm\" style=\"color:${l.col}\">${l.nm}</div><div class=\"desc\">${l.desc}</div><input type=\"range\" min=\"0\" max=\"100\" value=\"${l.v}\" data-r>`;\r\n lampsEl.appendChild(el);\r\n el.querySelector(''[data-sw]'').onclick=()=>{l.on=!l.on;render();};\r\n el.querySelector(''[data-r]'').oninput=e=>{l.v=+e.target.value;render();};\r\n});\r\nconst cv=document.getElementById(''cv'');const ctx=cv.getContext(''2d'');\r\nfunction sizeCanvas(){const r=cv.getBoundingClientRect();const dpr=Math.min(2,devicePixelRatio||1);cv.width=r.width*dpr;cv.height=r.height*dpr;ctx.setTransform(dpr,0,0,dpr,0,0);draw();}\r\nfunction lampByK(k){return L.find(x=>x.k===k);}\r\nfunction amt(k){const l=lampByK(k);return l.on?l.v/100:0;}\r\nfunction draw(){\r\n const r=cv.getBoundingClientRect();const W=r.width,H=r.height;ctx.clearRect(0,0,W,H);\r\n // ciclorama (fundo)\r\n const cyc=amt(''cyc'');const cl=lampByK(''cyc'');\r\n ctx.fillStyle=''#05070c'';ctx.fillRect(0,0,W,H);\r\n if(cyc>0){const gr=ctx.createLinearGradient(0,0,0,H*0.82);gr.addColorStop(0,hex(cl.col,cyc*0.9));gr.addColorStop(1,hex(cl.col,cyc*0.25));ctx.fillStyle=gr;ctx.fillRect(0,0,W,H*0.82);}\r\n // chão\r\n ctx.fillStyle=''#0a0d15'';ctx.fillRect(0,H*0.82,W,H*0.18);\r\n const cx=W*0.5, groundY=H*0.82, headY=H*0.30;\r\n const front=amt(''front''),fill=amt(''fill''),back=amt(''back'');\r\n // sombra no chão (só com frontal/fill)\r\n const frontish=Math.max(front,fill*0.7);\r\n if(frontish>0){ctx.fillStyle=`rgba(0,0,0,${0.35*frontish})`;ctx.beginPath();ctx.ellipse(cx+18*frontish,groundY+4,60,12,0,0,7);ctx.fill();}\r\n // brilho de contra no chão\r\n if(back>0){const bg=ctx.createRadialGradient(cx,headY,4,cx,headY,H*0.5);bg.addColorStop(0,hex(lampByK(''back'').col,back*0.28));bg.addColorStop(1,''rgba(0,0,0,0)'');ctx.fillStyle=bg;ctx.fillRect(0,0,W,H);}\r\n // ── artista ──\r\n // luz total no corpo: soma frontal+fill principalmente; back contorna\r\n const bodyLight=Math.min(1,front*0.9+fill*0.6);\r\n const fc=lampByK(''front''),flc=lampByK(''fill'');\r\n // cor de corpo = mistura key/fill ponderada\r\n let br= front>0||fill>0 ? mix(fc.col,front,flc.col,fill) : {r:16,g:20,b:32};\r\n const baseL=0.12+0.88*bodyLight;\r\n const bodyCol=`rgb(${Math.round(br.r*baseL)},${Math.round(br.g*baseL)},${Math.round(br.b*baseL)})`;\r\n // corpo\r\n ctx.fillStyle=bodyCol;\r\n ctx.beginPath();ctx.moveTo(cx-26,groundY);ctx.lineTo(cx-16,headY+34);ctx.lineTo(cx+16,headY+34);ctx.lineTo(cx+26,groundY);ctx.closePath();ctx.fill();\r\n // cabeça\r\n ctx.beginPath();ctx.ellipse(cx,headY,17,20,0,0,7);ctx.fillStyle=bodyCol;ctx.fill();\r\n // rim light (contra) — contorno claro\r\n if(back>0){ctx.lineWidth=3;ctx.strokeStyle=hex(lampByK(''back'').col,Math.min(1,back));\r\n  ctx.beginPath();ctx.ellipse(cx,headY,17,20,0,-1.9,-0.2);ctx.stroke();\r\n  ctx.beginPath();ctx.moveTo(cx+26,groundY);ctx.lineTo(cx+16,headY+34);ctx.stroke();\r\n  ctx.beginPath();ctx.moveTo(cx-26,groundY);ctx.lineTo(cx-16,headY+34);ctx.stroke();}\r\n // rosto: só aparece com frontal/fill\r\n if(bodyLight>0.15){ctx.fillStyle=`rgba(0,0,0,${0.5})`;ctx.beginPath();ctx.arc(cx-6,headY-2,1.6,0,7);ctx.arc(cx+6,headY-2,1.6,0,7);ctx.fill();}\r\n // rótulo de diagnóstico\r\n let msg='''',mc=''#7f96bb'';\r\n if(back>0.1&&bodyLight<0.15){msg=''⚠ Só contra-luz: o artista virou SILHUETA — a plateia não vê o rosto.'';mc=''#ffcf6b'';}\r\n else if(bodyLight>0.15&&back<0.1){msg=''Rosto visível, mas sem contra-luz ele “gruda” no fundo (chapado).'';mc=''#cfe0ff'';}\r\n else if(bodyLight>0.15&&back>0.1&&fill>0.05){msg=''✓ Frontal + fill + contra = imagem tridimensional e legível.'';mc=''#39d98a'';}\r\n else if(bodyLight<0.05&&back<0.05&&cyc<0.05){msg=''Palco escuro — acenda alguma luz.'';}\r\n ctx.fillStyle=mc;ctx.font=''11.5px system-ui'';ctx.fillText(msg,12,H-14);\r\n}\r\nfunction hex(h,a){const c=h.replace(''#'','''');const r=parseInt(c.substr(0,2),16),g=parseInt(c.substr(2,2),16),b=parseInt(c.substr(4,2),16);return `rgba(${r},${g},${b},${a})`;}\r\nfunction mix(h1,w1,h2,w2){const p=x=>({r:parseInt(x.substr(1,2),16),g:parseInt(x.substr(3,2),16),b:parseInt(x.substr(5,2),16)});const a=p(h1),b=p(h2);const t=w1+w2||1;return {r:(a.r*w1+b.r*w2)/t,g:(a.g*w1+b.g*w2)/t,b:(a.b*w1+b.b*w2)/t};}\r\nfunction render(){L.forEach(l=>{const el=lampsEl.querySelector(`[data-k=\"${l.k}\"]`);el.querySelector(''[data-sw]'').classList.toggle(''on'',l.on);});draw();checkMission();}\r\n// missões\r\nconst M=[\r\n {t:''Acenda <b>só o contra-luz</b> e veja o problema da silhueta.'',ok:()=>amt(''back'')>0.3&&amt(''front'')<0.05&&amt(''fill'')<0.05},\r\n {t:''Agora acenda a <b>luz frontal (key)</b> para a plateia ver o rosto.'',ok:()=>amt(''front'')>0.4&&amt(''back'')>0.2},\r\n {t:''Monte os <b>3 pontos</b>: frontal + fill + contra-luz, todos acesos.'',ok:()=>amt(''front'')>0.4&&amt(''fill'')>0.2&&amt(''back'')>0.3},\r\n {t:''Acrescente cor no <b>fundo (cyc)</b> sem apagar o artista.'',ok:()=>amt(''cyc'')>0.3&&amt(''front'')>0.3&&amt(''back'')>0.2},\r\n];\r\nlet mi=0;\r\nfunction drawMission(){document.getElementById(''mission'').innerHTML=`<div><b>Missão ${mi+1}/${M.length}:</b> ${M[mi].t}</div><div class=\"mrow\"><span class=\"dot\" id=\"mdot\"></span><span id=\"mstat\">…</span></div>`;}\r\nfunction checkMission(){const dot=document.getElementById(''mdot'');if(!dot)return;if(M[mi].ok()){dot.classList.add(''ok'');document.getElementById(''mstat'').textContent=''✓ Feito! Próxima missão.'';}else{dot.classList.remove(''ok'');document.getElementById(''mstat'').textContent=''Ajuste as luzes…'';}}\r\ndocument.getElementById(''next'').onclick=()=>{mi=(mi+1)%M.length;drawMission();render();};\r\ndocument.getElementById(''reset'').onclick=()=>{L.forEach(l=>l.on=false);render();};\r\nfunction fit(){const DW=1000,DH=620;const vw=innerWidth,vh=innerHeight;const scrH=(window.screen&&screen.height)||vh;const iframeTaller=vh>scrH+8;const visH=Math.min(vh,scrH);const headerAllow=iframeTaller?84:(vh>700?24:6);const effVh=Math.max(240,visH-headerAllow);const z=Math.min(vw/DW,effVh/DH);document.getElementById(''console'').style.zoom=z;requestAnimationFrame(sizeCanvas);}\r\naddEventListener(''resize'',fit);drawMission();render();fit();setTimeout(fit,60);\r\n</script></body></html>\r\n"}]'::jsonb);

-- AULA 5 [M2.1]: DMX512: o idioma entre a mesa e as luzes
insert into public.lessons (id,module_id,titulo,tipo,conteudo_rico,duracao_min,ordem,tem_quiz,preview_gratis) values
  ('10c00000-b551-4c00-9000-0000000b0005','10c00000-b551-4c00-9000-0000000000a2','DMX512: o idioma entre a mesa e as luzes','texto','<p><strong>DMX512 é o idioma que a mesa usa para conversar com as luzes.</strong> Quando você sobe um fader e a moving abre, escurece ou muda de cor, foi o DMX que levou essa ordem da mesa até a fixture. Entender esse protocolo é o que separa quem "aperta botão" de quem realmente opera luz. Nesta aula você vai entender como o comando viaja e por que cada número importa.</p>

<figure style="margin:16px 0;text-align:center"><img src="https://pshynylvvkhhohftouoe.supabase.co/storage/v1/object/public/media/img-luz-basico/dmx-daisy-chain.jpg" alt="Duas fixtures ligadas por um cabo DMX em cadeia: o cabo sai do DMX OUT de uma e entra no DMX IN da outra." style="max-width:100%;border-radius:10px;border:1px solid rgba(0,0,0,.12)" /><figcaption style="font-size:12px;opacity:.75;margin-top:6px">O daisy chain: o cabo DMX sai do OUT de uma fixture e entra no IN da próxima — o sinal viaja em cadeia até o terminador.</figcaption></figure>

<h3>O que é DMX512</h3>
<p>DMX512 é o <strong>protocolo padrão</strong> da iluminação de palco: a linguagem única que praticamente toda mesa e toda fixture do mundo entendem. O número "512" não é enfeite — ele diz que um <strong>UNIVERSO</strong> DMX tem exatamente <strong>512 canais</strong>. Um universo é o "pacote" de 512 controles que a mesa consegue mandar por uma única linha.</p>

<h3>Canal e valor: os dois conceitos que você precisa dominar</h3>
<p>Um <strong>CANAL</strong> é um controle individual — uma "alavanca" para uma função. Cada fixture usa vários canais: um canal de <em>dimmer</em> (intensidade), um de <em>vermelho</em>, um de <em>verde</em>, um de <em>azul</em>, um de <em>pan</em> (giro horizontal), um de <em>tilt</em>, e assim por diante.</p>
<p>Cada canal carrega um <strong>VALOR de 0 a 255</strong> (são 8 bits, 256 níveis). A regra é simples: <strong>0 = nada/apagado</strong> e <strong>255 = máximo</strong>. Exemplos concretos:</p>
<ul>
<li>Canal <strong>Dimmer</strong> em 255 = luz a 100%. Em 128, mais ou menos meia luz. Em 0, apagada.</li>
<li>Canal <strong>Vermelho</strong> em 255 = vermelho no talo. Em 128 = meio vermelho.</li>
<li>Canal <strong>Pan</strong> em 0 = todo para um lado; em 255 = todo para o outro.</li>
</ul>
<p>Você nunca "manda cor" de forma abstrata: você manda <em>números</em> em canais, e a fixture obedece.</p>

<h3>Como o sinal viaja: daisy chain</h3>
<p>O sinal sai da mesa por um <strong>cabo DMX</strong> e entra na primeira fixture pelo conector <strong>DMX IN</strong>. Dessa mesma fixture ele sai pelo <strong>DMX OUT (ou THRU)</strong> e segue para a fixture 2, que repassa para a 3, e assim por diante. Essa ligação em cadeia, uma luz alimentando a próxima, é o <strong>DAISY CHAIN</strong>.</p>
<p>No <strong>fim da linha</strong> vai um <strong>TERMINADOR</strong>: um conector com resistor de <strong>120 ohms</strong> plugado no DMX OUT da última fixture. Sem ele, o sinal "bate no fim e volta" (reflexão), causando erros intermitentes — luz piscando, moving tremendo, cor errada. Terminador barato resolve dor de cabeça cara.</p>

<h3>Tudo ao mesmo tempo, o tempo todo</h3>
<p>A mesa não manda um canal por vez. Ela envia os <strong>512 valores juntos</strong>, empacotados num <strong>frame (pacote) DMX</strong>, e repete esse envio cerca de <strong>44 vezes por segundo</strong>. Por isso todas as luzes atualizam juntas, em tempo real: quando você move um fader, o próximo frame já leva o novo valor para todas as fixtures. É esse refresh constante que dá a sensação de resposta instantânea.</p>

<h3>Limites que você vai esbarrar na prática</h3>
<ul>
<li><strong>~32 fixtures por linha DMX:</strong> passou disso, o sinal enfraquece — use um splitter DMX para abrir novos ramos.</li>
<li><strong>512 canais por universo:</strong> some os canais de todas as fixtures da linha; ao estourar 512, você precisa de outro universo.</li>
<li><strong>Shows grandes usam VÁRIOS universos:</strong> Universo 1, Universo 2, Universo 3... cada um com seus 512 canais. Protocolos por rede como <strong>Art-Net</strong> e <strong>sACN</strong> mandam muitos universos por um único cabo de rede — assunto que você aprofunda no Pleno.</li>
</ul>

<h3>Duas características que explicam muito erro</h3>
<p>O DMX é <strong>UNIDIRECIONAL</strong>: só a mesa fala, a fixture só ouve. Ela não devolve status nem avisa se recebeu — por isso o teste é sempre visual, olhando a luz. E o DMX <strong>não se endereça sozinho</strong>: se você não disser um endereço a cada fixture, várias respondem aos mesmos canais e se movem iguais. Dar endereço a cada luminária é o tema da próxima aula.</p>

<h3>Resumo prático</h3>
<p><strong>Universo = 512 canais; canal = um controle; valor = 0 a 255.</strong> A mesa manda os 512 valores ~44 vezes por segundo por um cabo em daisy chain, com terminador de 120 ohms no fim. É unidirecional e não se endereça sozinho: cada fixture precisa do seu endereço — próxima aula.</p>',18,1,true,false);
insert into public.quizzes (id,lesson_id,titulo) values ('10c00000-b551-4c00-9000-0000000c0005','10c00000-b551-4c00-9000-0000000b0005','Quiz — DMX512');
insert into public.quiz_questions (id,quiz_id,texto,explicacao,ordem,pontos) values ('10c00000-b551-4c00-9000-000000000501','10c00000-b551-4c00-9000-0000000c0005','Um UNIVERSO DMX512 tem quantos canais?','512 canais por universo. Shows grandes usam vários universos.',1,1);
insert into public.quiz_options (question_id,texto,correta,ordem) values ('10c00000-b551-4c00-9000-000000000501','256',false,1);
insert into public.quiz_options (question_id,texto,correta,ordem) values ('10c00000-b551-4c00-9000-000000000501','512',true,2);
insert into public.quiz_options (question_id,texto,correta,ordem) values ('10c00000-b551-4c00-9000-000000000501','1024',false,3);
insert into public.quiz_options (question_id,texto,correta,ordem) values ('10c00000-b551-4c00-9000-000000000501','100',false,4);
insert into public.quiz_questions (id,quiz_id,texto,explicacao,ordem,pontos) values ('10c00000-b551-4c00-9000-000000000502','10c00000-b551-4c00-9000-0000000c0005','O valor de cada canal DMX varia de:','Cada canal vai de 0 (nada/apagado) a 255 (máximo) — 8 bits.',2,1);
insert into public.quiz_options (question_id,texto,correta,ordem) values ('10c00000-b551-4c00-9000-000000000502','0 a 100',false,1);
insert into public.quiz_options (question_id,texto,correta,ordem) values ('10c00000-b551-4c00-9000-000000000502','0 a 255',true,2);
insert into public.quiz_options (question_id,texto,correta,ordem) values ('10c00000-b551-4c00-9000-000000000502','1 a 512',false,3);
insert into public.quiz_options (question_id,texto,correta,ordem) values ('10c00000-b551-4c00-9000-000000000502','0 a 1000',false,4);
insert into public.quiz_questions (id,quiz_id,texto,explicacao,ordem,pontos) values ('10c00000-b551-4c00-9000-000000000503','10c00000-b551-4c00-9000-0000000c0005','A ligação em cadeia OUT→IN entre fixtures se chama:','Daisy chain: o DMX sai da mesa, entra na fixture 1 (IN), sai (OUT) e vai para a fixture 2, e assim por diante.',3,1);
insert into public.quiz_options (question_id,texto,correta,ordem) values ('10c00000-b551-4c00-9000-000000000503','Estrela',false,1);
insert into public.quiz_options (question_id,texto,correta,ordem) values ('10c00000-b551-4c00-9000-000000000503','Daisy chain (cadeia)',true,2);
insert into public.quiz_options (question_id,texto,correta,ordem) values ('10c00000-b551-4c00-9000-000000000503','Wireless',false,3);
insert into public.quiz_options (question_id,texto,correta,ordem) values ('10c00000-b551-4c00-9000-000000000503','Paralelo de energia',false,4);
insert into public.quiz_questions (id,quiz_id,texto,explicacao,ordem,pontos) values ('10c00000-b551-4c00-9000-000000000504','10c00000-b551-4c00-9000-0000000c0005','O TERMINADOR (120Ω) na última fixture serve para:','Evita que o sinal reflita de volta na linha e cause erros. É colocado no DMX OUT da última fixture.',4,1);
insert into public.quiz_options (question_id,texto,correta,ordem) values ('10c00000-b551-4c00-9000-000000000504','Dar mais energia às luzes',false,1);
insert into public.quiz_options (question_id,texto,correta,ordem) values ('10c00000-b551-4c00-9000-000000000504','Evitar o sinal refletir e causar erros',true,2);
insert into public.quiz_options (question_id,texto,correta,ordem) values ('10c00000-b551-4c00-9000-000000000504','Aumentar o número de canais',false,3);
insert into public.quiz_options (question_id,texto,correta,ordem) values ('10c00000-b551-4c00-9000-000000000504','Ligar a fumaça',false,4);
insert into public.quiz_questions (id,quiz_id,texto,explicacao,ordem,pontos) values ('10c00000-b551-4c00-9000-000000000505','10c00000-b551-4c00-9000-0000000c0005','O DMX é um protocolo:','Unidirecional: só a mesa fala e as fixtures ouvem. A fixture não devolve informação pela linha DMX.',5,1);
insert into public.quiz_options (question_id,texto,correta,ordem) values ('10c00000-b551-4c00-9000-000000000505','Bidirecional (a fixture responde)',false,1);
insert into public.quiz_options (question_id,texto,correta,ordem) values ('10c00000-b551-4c00-9000-000000000505','Unidirecional (só a mesa fala)',true,2);
insert into public.quiz_options (question_id,texto,correta,ordem) values ('10c00000-b551-4c00-9000-000000000505','Sem fio por padrão',false,3);
insert into public.quiz_options (question_id,texto,correta,ordem) values ('10c00000-b551-4c00-9000-000000000505','De áudio',false,4);
insert into public.quiz_questions (id,quiz_id,texto,explicacao,ordem,pontos) values ('10c00000-b551-4c00-9000-000000000506','10c00000-b551-4c00-9000-0000000c0005','Para controlar muito mais que 512 canais num show grande, usa-se:','Vários universos (Universo 1, 2, 3...). Protocolos de rede como Art-Net/sACN transportam muitos universos por um cabo de rede (assunto do Pleno).',6,1);
insert into public.quiz_options (question_id,texto,correta,ordem) values ('10c00000-b551-4c00-9000-000000000506','Um cabo DMX mais grosso',false,1);
insert into public.quiz_options (question_id,texto,correta,ordem) values ('10c00000-b551-4c00-9000-000000000506','Vários universos (e redes como Art-Net/sACN)',true,2);
insert into public.quiz_options (question_id,texto,correta,ordem) values ('10c00000-b551-4c00-9000-000000000506','Aumentar a tensão',false,3);
insert into public.quiz_options (question_id,texto,correta,ordem) values ('10c00000-b551-4c00-9000-000000000506','Um terminador maior',false,4);
insert into public.ai_animations (lesson_id,tipo,status,model,custo_usd,roteiro,urls) values ('10c00000-b551-4c00-9000-0000000b0005','interactive','ready','handcrafted-interactive',0,'{"titulo":"Simulador — Sinal DMX e Daisy Chain","metadata":{"titulo_aula":"Simulador — Sinal DMX e Daisy Chain","total_cenas":1,"duracao_total":0,"abordagem_didatica":"Simulador interativo — pratique movendo os controles"},"cenas":[{"numero":1,"titulo":"Simulador — Sinal DMX e Daisy Chain","modo":"widget","narracao":"Ligue as fixtures em cadeia (daisy chain), use cabo DMX e terminador, e veja o sinal chegar. Complete as 3 missões.","explicacao_texto":"Ligue as fixtures em cadeia (daisy chain), use cabo DMX e terminador, e veja o sinal chegar. Complete as 3 missões.","destaques":["OUT → IN em cadeia","Cabo DMX (não de microfone)","Terminador 120Ω na última","512 valores por universo"]}]}'::jsonb,'[{"html":"<!doctype html><html lang=\"pt-BR\"><head><meta charset=\"utf-8\"><meta name=\"viewport\" content=\"width=device-width,initial-scale=1,maximum-scale=1,user-scalable=no\">\r\n<title>Simulador — Sinal DMX e Daisy Chain</title>\r\n<style>\r\n*{box-sizing:border-box;margin:0;padding:0;-webkit-tap-highlight-color:transparent}\r\nhtml,body{height:100%;background:#0b0e14;color:#e7ecf3;font-family:system-ui,Segoe UI,Roboto,Arial,sans-serif;overflow:hidden}\r\nbody{display:flex;align-items:center;justify-content:center}\r\n.console{width:1010px;height:610px;background:linear-gradient(180deg,#121722,#0d111a);border:1px solid #223049;border-radius:14px;padding:18px;display:flex;flex-direction:column;gap:12px;box-shadow:0 10px 40px #0008}\r\nh1{font-size:15px;font-weight:700;color:#cfe0ff}\r\n.sub{font-size:11.5px;color:#8aa0c2;line-height:1.4}\r\n.stage{flex:1;background:#04060a;border:1px solid #1c2740;border-radius:12px;position:relative;overflow:hidden}\r\n.stage canvas{width:100%;height:100%;display:block}\r\n.controls{display:grid;grid-template-columns:repeat(4,1fr);gap:10px}\r\n.card{background:#0e1421;border:1px solid #22314c;border-radius:10px;padding:9px 11px}\r\n.card h3{font-size:11px;color:#9db6df;margin-bottom:6px;font-weight:700}\r\n.opt{display:flex;gap:6px;flex-wrap:wrap}\r\n.opt button{flex:1;min-width:0}\r\nbutton{background:#1b2740;color:#dce7fb;border:1px solid #33507f;border-radius:8px;padding:6px 8px;font-size:11px;font-weight:600;cursor:pointer;white-space:nowrap}\r\nbutton:hover{background:#233459}button.sel{background:#2b5aa8;border-color:#4d86e0}\r\n.bot{display:grid;grid-template-columns:2fr 1fr;gap:12px;align-items:stretch}\r\n.mission{background:#0e1626;border:1px solid #24406e;border-radius:10px;padding:9px 11px;font-size:11.5px;line-height:1.45}\r\n.mrow{display:flex;align-items:center;gap:8px;margin-top:4px}.dot{width:13px;height:13px;border-radius:50%;border:2px solid #37507a;flex:none}.dot.ok{background:#39d98a;border-color:#39d98a}\r\n.status{border-radius:10px;padding:9px 11px;font-size:12px;font-weight:600;display:flex;flex-direction:column;justify-content:center;gap:3px}\r\n.status small{font-weight:400;font-size:10.5px;opacity:.85}\r\n</style></head>\r\n<body>\r\n<div class=\"console\" id=\"console\">\r\n  <div><h1>Como o sinal DMX viaja — Daisy Chain</h1>\r\n    <div class=\"sub\">A mesa manda os 512 valores em cadeia: <b>OUT</b> de uma fixture vai no <b>IN</b> da próxima. Use <b>cabo DMX</b> (não de microfone) e <b>terminador</b> na última. Veja o sinal chegar (ou falhar).</div></div>\r\n  <div class=\"stage\"><canvas id=\"cv\"></canvas></div>\r\n  <div class=\"controls\">\r\n    <div class=\"card\"><h3>Nº de fixtures na linha</h3><div class=\"opt\" id=\"nfx\"></div></div>\r\n    <div class=\"card\"><h3>Tipo de cabo</h3><div class=\"opt\" id=\"cable\">\r\n      <button data-cable=\"dmx\">Cabo DMX 120Ω</button><button data-cable=\"mic\">Cabo de microfone</button></div></div>\r\n    <div class=\"card\"><h3>Terminador na última</h3><div class=\"opt\" id=\"term\">\r\n      <button data-term=\"1\">Com terminador</button><button data-term=\"0\">Sem terminador</button></div></div>\r\n    <div class=\"card\"><h3>Simulação</h3><div class=\"opt\"><button id=\"play\">▶ Enviar frame DMX</button></div></div>\r\n  </div>\r\n  <div class=\"bot\">\r\n    <div class=\"mission\" id=\"mission\"></div>\r\n    <div class=\"status\" id=\"status\"></div>\r\n  </div>\r\n</div>\r\n<script>\r\nconst st={n:4,cable:''mic'',term:0,anim:0};\r\nconst nfxEl=document.getElementById(''nfx'');[2,4,8,16].forEach(n=>{const b=document.createElement(''button'');b.textContent=n;b.dataset.n=n;b.onclick=()=>{st.n=n;syncBtns();draw();check();};nfxEl.appendChild(b);});\r\ndocument.querySelectorAll(''[data-cable]'').forEach(b=>b.onclick=()=>{st.cable=b.dataset.cable;syncBtns();draw();check();});\r\ndocument.querySelectorAll(''[data-term]'').forEach(b=>b.onclick=()=>{st.term=+b.dataset.term;syncBtns();draw();check();});\r\nfunction syncBtns(){nfxEl.querySelectorAll(''button'').forEach(b=>b.classList.toggle(''sel'',+b.dataset.n===st.n));\r\n document.querySelectorAll(''[data-cable]'').forEach(b=>b.classList.toggle(''sel'',b.dataset.cable===st.cable));\r\n document.querySelectorAll(''[data-term]'').forEach(b=>b.classList.toggle(''sel'',+b.dataset.term===st.term));}\r\n// qualidade do sinal\r\nfunction quality(){\r\n // cabo de microfone: erro cresce com nº de fixtures. sem terminador: erro em linhas longas.\r\n let ok=true, reason=[];\r\n if(st.cable===''mic''){ok=false;reason.push(''cabo de microfone (75Ω) em DMX causa erros intermitentes'');}\r\n if(!st.term && st.n>=4){ok=false;reason.push(''linha longa sem terminador reflete o sinal'');}\r\n if(!st.term && st.n<4){reason.push(''curta funciona sem terminador, mas o certo é terminar'');}\r\n return {ok,reason};\r\n}\r\nconst cv=document.getElementById(''cv'');const ctx=cv.getContext(''2d'');\r\nfunction sizeCanvas(){const r=cv.getBoundingClientRect();const dpr=Math.min(2,devicePixelRatio||1);cv.width=r.width*dpr;cv.height=r.height*dpr;ctx.setTransform(dpr,0,0,dpr,0,0);draw();}\r\nfunction draw(){const r=cv.getBoundingClientRect();const W=r.width,H=r.height;ctx.clearRect(0,0,W,H);ctx.fillStyle=''#04060a'';ctx.fillRect(0,0,W,H);\r\n const q=quality();const y=H*0.4;\r\n const showN=Math.min(st.n,8);const total=showN+1;const gap=W/(total+1);\r\n // mesa\r\n const mx=gap*0.9;ctx.fillStyle=''#1a2740'';ctx.strokeStyle=''#3f7bd6'';ctx.lineWidth=2;ctx.beginPath();ctx.roundRect(mx-26,y-22,52,44,7);ctx.fill();ctx.stroke();\r\n ctx.fillStyle=''#cfe0ff'';ctx.font=''10px system-ui'';ctx.textAlign=''center'';ctx.fillText(''MESA'',mx,y+2);ctx.fillText(''DMX OUT'',mx,y+16);\r\n // fixtures\r\n const xs=[mx];\r\n for(let i=0;i<showN;i++){const x=gap*(i+2);xs.push(x);const good=q.ok;\r\n  // cabo do anterior\r\n  const px=xs[i];const cableCol=st.cable===''mic''?''#c9622e'':''#3f7bd6'';\r\n  ctx.strokeStyle=cableCol;ctx.lineWidth=3;ctx.beginPath();ctx.moveTo(px+26,y);ctx.lineTo(x-18,y);ctx.stroke();\r\n  // fixture box\r\n  ctx.fillStyle=''#141b28'';ctx.strokeStyle=''#26324a'';ctx.lineWidth=1.5;ctx.beginPath();ctx.roundRect(x-18,y-16,36,32,6);ctx.fill();ctx.stroke();\r\n  // luz acesa se sinal ok (com leve piscar se ruim)\r\n  let on = good ? 1 : (Math.random()<0.45?1:0.15);\r\n  const col=`rgba(120,190,255,${on})`;ctx.fillStyle=col;ctx.beginPath();ctx.arc(x,y,6,0,7);ctx.fill();\r\n  if(!good && on<0.5){ctx.fillStyle=''#ff6b6b'';ctx.font=''9px system-ui'';ctx.fillText(''erro'',x,y+27);}else{ctx.fillStyle=''#7f96bb'';ctx.font=''9px system-ui'';ctx.fillText(''IN→OUT'',x,y+27);}\r\n }\r\n // terminador ou ponta aberta\r\n const lastx=xs[xs.length-1];\r\n if(st.term){ctx.strokeStyle=''#39d98a'';ctx.lineWidth=3;ctx.beginPath();ctx.moveTo(lastx+18,y);ctx.lineTo(lastx+40,y);ctx.stroke();ctx.fillStyle=''#39d98a'';ctx.beginPath();ctx.arc(lastx+44,y,5,0,7);ctx.fill();ctx.fillStyle=''#39d98a'';ctx.font=''9px system-ui'';ctx.fillText(''120Ω'',lastx+44,y+20);}\r\n else{ctx.strokeStyle=''#ff7b7b'';ctx.setLineDash([4,3]);ctx.lineWidth=2;ctx.beginPath();ctx.moveTo(lastx+18,y);ctx.lineTo(lastx+42,y);ctx.stroke();ctx.setLineDash([]);ctx.fillStyle=''#ff7b7b'';ctx.font=''9px system-ui'';ctx.fillText(''ponta aberta'',lastx+30,y+20);}\r\n if(st.n>showN){ctx.fillStyle=''#7f96bb'';ctx.font=''10px system-ui'';ctx.fillText(''… +''+(st.n-showN)+'' fixtures'',W-70,y);}\r\n ctx.textAlign=''left'';\r\n // pacote animado\r\n if(st.anim>0){const p=(1-st.anim);const px=mx+ (lastx-mx)*p;ctx.fillStyle=''#ffe08a'';ctx.beginPath();ctx.arc(px,y-30,5,0,7);ctx.fill();ctx.fillStyle=''#ffe08a'';ctx.font=''9px system-ui'';ctx.fillText(''frame'',px-12,y-38);}\r\n}\r\nfunction animate(){if(st.anim>0){st.anim-=0.02;if(st.anim<0)st.anim=0;draw();requestAnimationFrame(animate);}}\r\ndocument.getElementById(''play'').onclick=()=>{st.anim=1;animate();};\r\nfunction setStatus(){const q=quality();const el=document.getElementById(''status'');\r\n if(q.ok){el.style.background=''#12331f'';el.style.borderLeft=''4px solid #39d98a'';el.innerHTML=''✓ Sinal íntegro<small>Todas as fixtures respondem estáveis.</small>'';}\r\n else{el.style.background=''#331515'';el.style.borderLeft=''4px solid #ff6b6b'';el.innerHTML=''⚠ Sinal com falha<small>''+q.reason.join(''; '')+''.</small>'';}\r\n}\r\nconst M=[\r\n {t:''A linha está com <b>cabo de microfone</b> e piscando. Troque para <b>cabo DMX</b>.'',ok:()=>st.cable===''dmx''},\r\n {t:''Com 8 fixtures e <b>sem terminador</b> o sinal reflete. Ligue o <b>terminador 120Ω</b>.'',ok:()=>st.n>=8&&st.term===1&&st.cable===''dmx''},\r\n {t:''Monte uma linha <b>100% correta</b>: cabo DMX + terminador, com qualquer nº de fixtures.'',ok:()=>quality().ok},\r\n];\r\nlet mi=0;\r\nfunction drawMission(){document.getElementById(''mission'').innerHTML=`<div><b>Missão ${mi+1}/${M.length}:</b> ${M[mi].t}</div><div class=\"mrow\"><span class=\"dot\" id=\"mdot\"></span><span id=\"mstat\">…</span></div>`;}\r\nfunction check(){setStatus();const dot=document.getElementById(''mdot'');if(!dot)return;if(M[mi].ok()){dot.classList.add(''ok'');document.getElementById(''mstat'').textContent=''✓ Feito! Próxima missão.'';}else{dot.classList.remove(''ok'');document.getElementById(''mstat'').textContent=''Ajuste a ligação…'';}}\r\ndocument.getElementById(''next'').onclick=()=>{};\r\ndocument.getElementById(''mission'').addEventListener(''click'',()=>{});\r\n// botão próxima dentro da mission card via status? add a next button\r\nconst nb=document.createElement(''button'');nb.textContent=''Próxima missão ▸'';nb.style.marginTop=''6px'';nb.onclick=()=>{mi=(mi+1)%M.length;drawMission();check();};\r\ndocument.getElementById(''mission'').after(nb);nb.parentNode&&0;\r\nfunction fit(){const DW=1010,DH=610;const vw=innerWidth,vh=innerHeight;const scrH=(window.screen&&screen.height)||vh;const iframeTaller=vh>scrH+8;const visH=Math.min(vh,scrH);const headerAllow=iframeTaller?84:(vh>700?24:6);const effVh=Math.max(240,visH-headerAllow);const z=Math.min(vw/DW,effVh/DH);document.getElementById(''console'').style.zoom=z;requestAnimationFrame(sizeCanvas);}\r\naddEventListener(''resize'',fit);syncBtns();drawMission();check();fit();setTimeout(fit,60);\r\n</script></body></html>\r\n"}]'::jsonb);

-- AULA 6 [M2.2]: Endereçamento e patch: o CEP de cada luminária
insert into public.lessons (id,module_id,titulo,tipo,conteudo_rico,duracao_min,ordem,tem_quiz,preview_gratis) values
  ('10c00000-b551-4c00-9000-0000000b0006','10c00000-b551-4c00-9000-0000000000a2','Endereçamento e patch: o CEP de cada luminária','texto','<p><strong>Endereçar é dar um CEP para cada luminária.</strong> A mesa manda os 512 valores do universo para todo mundo ao mesmo tempo; o endereço é o que faz cada fixture "escutar" só os canais que são dela. Errou o endereço, a luz obedece a ordem errada — ou pior, obedece junto com outra. Nesta aula você aprende a distribuir endereços sem sobrepor.</p>

<h3>Endereço inicial: onde a luz "mora"</h3>
<p>Cada fixture precisa de um <strong>ENDEREÇO INICIAL</strong> (<em>start address</em>): o número do <strong>primeiro canal</strong> dela dentro do universo. É o CEP da luminária — diz à mesa em que "rua e número" aquela luz recebe seus comandos. Se o endereço inicial é 1, a fixture começa a ler a partir do canal 1. Se é 50, começa no 50.</p>

<h3>Footprint: quantos canais ela ocupa</h3>
<p>A partir do endereço inicial, a fixture ocupa uma faixa de canais. Esse tamanho é o <strong>FOOTPRINT</strong> (pegada), e ele depende do <strong>MODO</strong> que você escolhe no menu da própria fixture:</p>
<ul>
<li><strong>PAR LED em modo "3 canais"</strong> (R, G, B): footprint de 3 canais.</li>
<li><strong>Mesmo PAR em modo "8 canais"</strong> (Dimmer, R, G, B, Strobo, Macro de cor, velocidade, programa): footprint de 8 canais.</li>
<li><strong>Moving head:</strong> costuma ocupar 16, 24 ou mais canais, porque tem pan, tilt, cor, gobo, foco, íris, prisma...</li>
</ul>
<p>Mesma fixture, footprints diferentes conforme o modo. Por isso o modo tem que estar decidido <em>antes</em> de você planejar os endereços.</p>

<figure style="margin:16px 0;text-align:center"><img src="https://pshynylvvkhhohftouoe.supabase.co/storage/v1/object/public/media/img-luz-basico/fixture-menu-dmx.jpg" alt="Painel traseiro de um moving head com o pequeno display digital mostrando o menu de endereço DMX e botões de navegação." style="max-width:100%;border-radius:10px;border:1px solid rgba(0,0,0,.12)" /><figcaption style="font-size:12px;opacity:.75;margin-top:6px">No display da fixture você ajusta o endereço DMX inicial e o modo (footprint). O que está aqui tem que bater com o patch da mesa.</figcaption></figure>

<h3>A regra de ouro: não sobrepor</h3>
<p>A próxima fixture começa <strong>depois</strong> de onde a anterior termina. Veja o passo a passo com PARs idênticos de <strong>8 canais</strong>:</p>
<ul>
<li><strong>Fixture 1</strong> no endereço <strong>1</strong> → ocupa canais <strong>1 a 8</strong>.</li>
<li><strong>Fixture 2</strong> começa no <strong>9</strong> → ocupa <strong>9 a 16</strong>.</li>
<li><strong>Fixture 3</strong> começa no <strong>17</strong> → ocupa <strong>17 a 24</strong>. E segue: 25, 33, 41...</li>
</ul>
<p>A conta é sempre <em>endereço anterior + footprint</em>. Erro clássico: pôr a Fixture 2 no endereço <strong>5</strong>. Aí ela ocupa 5 a 12, que <strong>invade</strong> os canais 5 a 8 da Fixture 1 — as duas passam a reagir juntas nos canais sobrepostos e você perde o controle individual. Sobreposição não é opinião: é conflito garantido.</p>

<h3>Patch na mesa: dizer o que está onde</h3>
<p><strong>PATCH</strong> é o cadastro que você faz na mesa: informar <em>qual modelo</em> de fixture está em <em>qual endereço</em>. Com o patch certo, a mesa mostra os controles corretos daquela luz — foco, gobo, cor, prisma — em vez de canais numerados soltos. A regra é inegociável: <strong>o endereço ajustado na fixture e o endereço declarado no patch têm que BATER</strong>. Se a fixture está no 9 mas você fez o patch no 1, a mesa comanda o vazio e a luz fica muda.</p>

<h3>Quando o endereço igual é de propósito</h3>
<p>Duas fixtures no <strong>mesmo endereço</strong> fazem exatamente a mesma coisa — viram <strong>clones</strong>. Isso é útil de propósito: um par simétrico de luzes que deve subir, colorir e mover igual, controlado por um comando só. O preço é claro: você perde o controle individual de cada uma. Use quando quiser espelhamento; evite quando precisar de cada luz fazendo algo diferente.</p>

<h3>Onde se ajusta o endereço</h3>
<ul>
<li><strong>Display/menu da fixture:</strong> nos modelos atuais, botões up/down navegam até o número do endereço e o modo. É o jeito mais comum e rápido.</li>
<li><strong>Dip-switches:</strong> em fixtures antigas, um bloco de chavinhas define o endereço em <strong>binário</strong> — cada chave vale um número (1, 2, 4, 8, 16...) e você soma as que estão ligadas para chegar ao endereço desejado. Mais trabalhoso, mas o princípio é o mesmo: definir o primeiro canal da fixture.</li>
</ul>

<h3>Resumo prático</h3>
<p><strong>Endereço inicial = primeiro canal da fixture; footprint = quantos canais ela ocupa no modo escolhido.</strong> A próxima começa em <em>endereço + footprint</em> para nunca sobrepor. Faça o patch na mesa com o mesmo endereço e o mesmo modelo — endereço e patch têm que bater. Endereço igual só quando quiser clones.</p>',20,2,true,false);
insert into public.quizzes (id,lesson_id,titulo) values ('10c00000-b551-4c00-9000-0000000c0006','10c00000-b551-4c00-9000-0000000b0006','Quiz — Endereçamento e patch');
insert into public.quiz_questions (id,quiz_id,texto,explicacao,ordem,pontos) values ('10c00000-b551-4c00-9000-000000000601','10c00000-b551-4c00-9000-0000000c0006','O ENDEREÇO INICIAL (start address) de uma fixture é:','É o número do primeiro canal dela dentro do universo — o ''CEP'' que diz à mesa onde aquela luz mora.',1,1);
insert into public.quiz_options (question_id,texto,correta,ordem) values ('10c00000-b551-4c00-9000-000000000601','A cor dela',false,1);
insert into public.quiz_options (question_id,texto,correta,ordem) values ('10c00000-b551-4c00-9000-000000000601','O número do primeiro canal dela no universo',true,2);
insert into public.quiz_options (question_id,texto,correta,ordem) values ('10c00000-b551-4c00-9000-000000000601','A potência em watts',false,3);
insert into public.quiz_options (question_id,texto,correta,ordem) values ('10c00000-b551-4c00-9000-000000000601','O modelo do fabricante',false,4);
insert into public.quiz_questions (id,quiz_id,texto,explicacao,ordem,pontos) values ('10c00000-b551-4c00-9000-000000000602','10c00000-b551-4c00-9000-0000000c0006','O FOOTPRINT de uma fixture é:','Quantos canais ela ocupa, que depende do MODO escolhido (ex.: 3ch RGB ocupa 3; 16ch ocupa 16).',2,1);
insert into public.quiz_options (question_id,texto,correta,ordem) values ('10c00000-b551-4c00-9000-000000000602','A marca dela',false,1);
insert into public.quiz_options (question_id,texto,correta,ordem) values ('10c00000-b551-4c00-9000-000000000602','Quantos canais ela ocupa (depende do modo)',true,2);
insert into public.quiz_options (question_id,texto,correta,ordem) values ('10c00000-b551-4c00-9000-000000000602','O peso dela',false,3);
insert into public.quiz_options (question_id,texto,correta,ordem) values ('10c00000-b551-4c00-9000-000000000602','O tamanho do cabo',false,4);
insert into public.quiz_questions (id,quiz_id,texto,explicacao,ordem,pontos) values ('10c00000-b551-4c00-9000-000000000603','10c00000-b551-4c00-9000-0000000c0006','A Fixture 1 usa 8 canais no endereço 1 (canais 1–8). A Fixture 2 idêntica deve começar em:','Depois do footprint da anterior: canais 1–8 ocupados, a próxima começa no 9. Começar no 5 sobreporia.',3,1);
insert into public.quiz_options (question_id,texto,correta,ordem) values ('10c00000-b551-4c00-9000-000000000603','5',false,1);
insert into public.quiz_options (question_id,texto,correta,ordem) values ('10c00000-b551-4c00-9000-000000000603','9',true,2);
insert into public.quiz_options (question_id,texto,correta,ordem) values ('10c00000-b551-4c00-9000-000000000603','1',false,3);
insert into public.quiz_options (question_id,texto,correta,ordem) values ('10c00000-b551-4c00-9000-000000000603','2',false,4);
insert into public.quiz_questions (id,quiz_id,texto,explicacao,ordem,pontos) values ('10c00000-b551-4c00-9000-000000000604','10c00000-b551-4c00-9000-0000000c0006','Duas fixtures no MESMO endereço e mesmo modo vão:','Fazer exatamente a mesma coisa (clones). Útil para pares simétricos, mas perde-se o controle individual.',4,1);
insert into public.quiz_options (question_id,texto,correta,ordem) values ('10c00000-b551-4c00-9000-000000000604','Fazer exatamente a mesma coisa (clones)',true,1);
insert into public.quiz_options (question_id,texto,correta,ordem) values ('10c00000-b551-4c00-9000-000000000604','Se apagar',false,2);
insert into public.quiz_options (question_id,texto,correta,ordem) values ('10c00000-b551-4c00-9000-000000000604','Trocar de cor sozinhas',false,3);
insert into public.quiz_options (question_id,texto,correta,ordem) values ('10c00000-b551-4c00-9000-000000000604','Dar erro na energia',false,4);
insert into public.quiz_questions (id,quiz_id,texto,explicacao,ordem,pontos) values ('10c00000-b551-4c00-9000-000000000605','10c00000-b551-4c00-9000-0000000c0006','O PATCH na mesa serve para:','Dizer à mesa QUAL modelo está em QUAL endereço, para ela mostrar os controles certos (cor, foco, gobo). Endereço na fixture e patch na mesa têm que bater.',5,1);
insert into public.quiz_options (question_id,texto,correta,ordem) values ('10c00000-b551-4c00-9000-000000000605','Aumentar a potência',false,1);
insert into public.quiz_options (question_id,texto,correta,ordem) values ('10c00000-b551-4c00-9000-000000000605','Dizer à mesa o modelo e o endereço de cada fixture',true,2);
insert into public.quiz_options (question_id,texto,correta,ordem) values ('10c00000-b551-4c00-9000-000000000605','Colorir o fundo',false,3);
insert into public.quiz_options (question_id,texto,correta,ordem) values ('10c00000-b551-4c00-9000-000000000605','Ligar a fumaça',false,4);
insert into public.quiz_questions (id,quiz_id,texto,explicacao,ordem,pontos) values ('10c00000-b551-4c00-9000-000000000606','10c00000-b551-4c00-9000-0000000c0006','Se o endereço na fixture e o patch na mesa NÃO batem:','A mesa manda os comandos para os canais errados — você mexe na cor e outra coisa responde. Eles precisam coincidir.',6,1);
insert into public.quiz_options (question_id,texto,correta,ordem) values ('10c00000-b551-4c00-9000-000000000606','Funciona igual',false,1);
insert into public.quiz_options (question_id,texto,correta,ordem) values ('10c00000-b551-4c00-9000-000000000606','A mesa controla os canais errados (a luz errada responde)',true,2);
insert into public.quiz_options (question_id,texto,correta,ordem) values ('10c00000-b551-4c00-9000-000000000606','A fixture pega fogo',false,3);
insert into public.quiz_options (question_id,texto,correta,ordem) values ('10c00000-b551-4c00-9000-000000000606','Melhora o desempenho',false,4);
insert into public.ai_animations (lesson_id,tipo,status,model,custo_usd,roteiro,urls) values ('10c00000-b551-4c00-9000-0000000b0006','interactive','ready','handcrafted-interactive',0,'{"titulo":"Simulador — Endereçamento e Patch DMX","metadata":{"titulo_aula":"Simulador — Endereçamento e Patch DMX","total_cenas":1,"duracao_total":0,"abordagem_didatica":"Simulador interativo — pratique movendo os controles"},"cenas":[{"numero":1,"titulo":"Simulador — Endereçamento e Patch DMX","modo":"widget","narracao":"Dê a cada fixture um endereço inicial sem sobrepor, respeitando o footprint de cada modo. Complete as 4 missões.","explicacao_texto":"Dê a cada fixture um endereço inicial sem sobrepor, respeitando o footprint de cada modo. Complete as 4 missões.","destaques":["Endereço inicial (start address)","Footprint = canais por modo","Não sobrepor","Channel check"]}]}'::jsonb,'[{"html":"<!doctype html><html lang=\"pt-BR\"><head><meta charset=\"utf-8\"><meta name=\"viewport\" content=\"width=device-width,initial-scale=1,maximum-scale=1,user-scalable=no\">\r\n<title>Simulador — Endereçamento e Patch DMX</title>\r\n<style>\r\n*{box-sizing:border-box;margin:0;padding:0;-webkit-tap-highlight-color:transparent}\r\nhtml,body{height:100%;background:#0b0e14;color:#e7ecf3;font-family:system-ui,Segoe UI,Roboto,Arial,sans-serif;overflow:hidden}\r\nbody{display:flex;align-items:center;justify-content:center}\r\n.console{width:1010px;height:625px;background:linear-gradient(180deg,#121722,#0d111a);border:1px solid #223049;border-radius:14px;padding:16px 18px;display:flex;flex-direction:column;gap:12px;box-shadow:0 10px 40px #0008}\r\nh1{font-size:15px;font-weight:700;color:#cfe0ff}\r\n.sub{font-size:11.5px;color:#8aa0c2;line-height:1.4}\r\n.main{display:grid;grid-template-columns:1.25fr .75fr;gap:16px;flex:1;min-height:0}\r\n.left{display:flex;flex-direction:column;gap:8px;min-height:0}\r\n.fixtures{display:flex;flex-direction:column;gap:7px;overflow:auto;padding-right:4px}\r\n.fx{display:grid;grid-template-columns:26px 1fr auto auto;gap:9px;align-items:center;background:#0e1421;border:1px solid #22314c;border-radius:9px;padding:7px 9px}\r\n.fx.sel{border-color:#3f7bd6;box-shadow:0 0 0 1px #3f7bd6}\r\n.fx .ic{width:26px;height:26px;border-radius:6px;display:flex;align-items:center;justify-content:center;font-size:14px}\r\n.fx .nm{font-size:12px;font-weight:700}.fx .md{font-size:10.5px;color:#8298bd}\r\n.mode select{background:#0c1220;color:#dce7fb;border:1px solid #2b3c58;border-radius:6px;font-size:11px;padding:3px 4px}\r\n.addr{display:flex;align-items:center;gap:4px}\r\n.addr button{width:24px;height:24px;padding:0;font-size:15px;line-height:1}\r\n.addr input{width:52px;text-align:center;background:#0c1220;color:#fff;border:1px solid #2b3c58;border-radius:6px;font-size:12px;padding:4px;font-variant-numeric:tabular-nums}\r\n.chspan{font-size:10px;color:#7f96bb;min-width:66px;text-align:right}\r\n.chspan.bad{color:#ff7b7b;font-weight:700}\r\n.universe{background:#0a0f1a;border:1px solid #22314c;border-radius:9px;padding:8px}\r\n.ubar{display:grid;grid-template-columns:repeat(32,1fr);gap:1px;margin-top:5px}\r\n.cell{height:11px;background:#141c2c;border-radius:1px}\r\n.uleg{font-size:10px;color:#7f96bb;display:flex;justify-content:space-between}\r\n.right{display:flex;flex-direction:column;gap:10px;min-width:0}\r\n.stage{flex:1;background:#04060a;border:1px solid #1c2740;border-radius:10px;position:relative;overflow:hidden;min-height:120px}\r\n.stage canvas{width:100%;height:100%;display:block}\r\n.mission{background:#0e1626;border:1px solid #24406e;border-radius:10px;padding:9px 11px;font-size:11.5px;line-height:1.45}\r\n.mrow{display:flex;align-items:center;gap:8px;margin-top:4px}.dot{width:13px;height:13px;border-radius:50%;border:2px solid #37507a;flex:none}.dot.ok{background:#39d98a;border-color:#39d98a}\r\n.btns{display:flex;gap:7px;flex-wrap:wrap}\r\nbutton{background:#1b2740;color:#dce7fb;border:1px solid #33507f;border-radius:8px;padding:6px 10px;font-size:11.5px;font-weight:600;cursor:pointer}\r\nbutton:hover{background:#233459}\r\nbutton.p{background:#1e5a3a;border-color:#2f8f5b}button.p:hover{background:#256e47}\r\n</style></head>\r\n<body>\r\n<div class=\"console\" id=\"console\">\r\n  <div><h1>Endereçamento e Patch DMX <span style=\"font-weight:400;color:#7f96bb;font-size:12px\">— Universo 1</span></h1>\r\n    <div class=\"sub\">Dê a cada fixture um <b>endereço inicial</b> sem sobrepor. Cada modo ocupa um número de canais (<b>footprint</b>). A próxima fixture começa <b>depois</b> da anterior.</div></div>\r\n  <div class=\"main\">\r\n    <div class=\"left\">\r\n      <div class=\"fixtures\" id=\"fixtures\"></div>\r\n      <div class=\"universe\">\r\n        <div class=\"uleg\"><span>Mapa do Universo (canais 1–512 · mostrando 1–256)</span><span id=\"usumm\"></span></div>\r\n        <div class=\"ubar\" id=\"ubar\"></div>\r\n        <div class=\"uleg\" style=\"margin-top:4px\"><span>1</span><span>64</span><span>128</span><span>192</span><span>256</span></div>\r\n      </div>\r\n    </div>\r\n    <div class=\"right\">\r\n      <div class=\"stage\"><canvas id=\"cv\"></canvas></div>\r\n      <div class=\"btns\">\r\n        <button id=\"check\" class=\"p\">▶ Channel check (testar selecionada)</button>\r\n        <button id=\"auto\">Auto-endereçar em sequência</button>\r\n      </div>\r\n      <div class=\"mission\" id=\"mission\"></div>\r\n      <div class=\"btns\"><button id=\"next\">Próxima missão ▸</button></div>\r\n    </div>\r\n  </div>\r\n</div>\r\n<script>\r\nconst MODES={ ''PAR LED'':[{n:''3ch (RGB)'',f:3},{n:''4ch (RGBW)'',f:4},{n:''8ch (Dim+RGB+...)'',f:8}],\r\n ''Moving Wash'':[{n:''12ch básico'',f:12},{n:''16ch estendido'',f:16}],\r\n ''Moving Spot'':[{n:''16ch'',f:16},{n:''24ch'',f:24}] };\r\nconst FX=[\r\n {nm:''PAR LED 1'',type:''PAR LED'',ic:''🔴'',col:''#ff5a5a'',mode:0,addr:1},\r\n {nm:''PAR LED 2'',type:''PAR LED'',ic:''🟢'',col:''#48e06a'',mode:0,addr:1},\r\n {nm:''Moving Wash'',type:''Moving Wash'',ic:''🔵'',col:''#4d8bff'',mode:0,addr:1},\r\n {nm:''Moving Spot'',type:''Moving Spot'',ic:''⚪'',col:''#ffe08a'',mode:0,addr:1},\r\n];\r\nlet sel=0, testing=-1, testT=0;\r\nconst foot=fx=>MODES[fx.type][fx.mode].f;\r\nconst fixturesEl=document.getElementById(''fixtures'');\r\nfunction buildFixtures(){fixturesEl.innerHTML='''';FX.forEach((fx,i)=>{\r\n const el=document.createElement(''div'');el.className=''fx''+(i===sel?'' sel'':'''');\r\n const opts=MODES[fx.type].map((m,mi)=>`<option value=\"${mi}\" ${mi===fx.mode?''selected'':''''}>${m.n}</option>`).join('''');\r\n el.innerHTML=`<div class=\"ic\" style=\"background:${fx.col}22;color:${fx.col}\">${fx.ic}</div>\r\n  <div><div class=\"nm\">${fx.nm}</div><div class=\"md\">${fx.type} · ${foot(fx)} canais</div></div>\r\n  <div class=\"mode\"><select data-mode>${opts}</select></div>\r\n  <div class=\"addr\"><button data-dn>−</button><input data-addr value=\"${fx.addr}\"><button data-up>+</button></div>`;\r\n fixturesEl.appendChild(el);\r\n el.onclick=()=>{sel=i;buildFixtures();draw();};\r\n el.querySelector(''[data-mode]'').onchange=e=>{fx.mode=+e.target.value;update();};\r\n el.querySelector(''[data-addr]'').onchange=e=>{fx.addr=clamp(parseInt(e.target.value)||1);update();};\r\n el.querySelector(''[data-up]'').onclick=ev=>{ev.stopPropagation();fx.addr=clamp(fx.addr+1);update();};\r\n el.querySelector(''[data-dn]'').onclick=ev=>{ev.stopPropagation();fx.addr=clamp(fx.addr-1);update();};\r\n});\r\n // spans de canal e conflito\r\n FX.forEach((fx,i)=>{const el=fixturesEl.children[i];const end=fx.addr+foot(fx)-1;\r\n  const bad=conflicts(i);const span=document.createElement(''div'');span.className=''chspan''+(bad?'' bad'':'''');\r\n  span.textContent=(bad?''⚠ '':'''')+''ch ''+fx.addr+''–''+end;el.appendChild(span);});\r\n}\r\nfunction clamp(v){return Math.max(1,Math.min(512,v));}\r\nfunction conflicts(i){const a1=FX[i].addr,a2=a1+foot(FX[i])-1;return FX.some((o,j)=>{if(j===i)return false;const b1=o.addr,b2=o.addr+foot(o)-1;return a1<=b2&&b1<=a2;});}\r\nfunction anyConflict(){return FX.some((_,i)=>conflicts(i));}\r\n// universo bar\r\nconst ubar=document.getElementById(''ubar'');const CELLS=256;\r\nfor(let i=0;i<CELLS;i++){const c=document.createElement(''div'');c.className=''cell'';ubar.appendChild(c);}\r\nfunction paintUniverse(){const cells=ubar.children;for(let i=0;i<CELLS;i++)cells[i].style.background=''#141c2c'';\r\n // marca ocupação; conflito = vermelho\r\n const owner=new Array(CELLS).fill(-1);\r\n FX.forEach((fx,i)=>{for(let c=fx.addr;c<fx.addr+foot(fx);c++){const idx=c-1;if(idx<0||idx>=CELLS)continue;\r\n   if(owner[idx]===-1){owner[idx]=i;cells[idx].style.background=fx.col;}else{cells[idx].style.background=''#ff4d4d'';}}});\r\n document.getElementById(''usumm'').textContent=anyConflict()?''⚠ há sobreposição'':''sem conflitos ✓'';\r\n document.getElementById(''usumm'').style.color=anyConflict()?''#ff7b7b'':''#39d98a'';\r\n}\r\n// stage canvas — desenha 4 fixtures e pisca a testada\r\nconst cv=document.getElementById(''cv'');const ctx=cv.getContext(''2d'');\r\nfunction sizeCanvas(){const r=cv.getBoundingClientRect();const dpr=Math.min(2,devicePixelRatio||1);cv.width=r.width*dpr;cv.height=r.height*dpr;ctx.setTransform(dpr,0,0,dpr,0,0);draw();}\r\nfunction draw(){const r=cv.getBoundingClientRect();const W=r.width,H=r.height;ctx.clearRect(0,0,W,H);ctx.fillStyle=''#04060a'';ctx.fillRect(0,0,W,H);\r\n ctx.fillStyle=''#7f96bb'';ctx.font=''10.5px system-ui'';ctx.fillText(''Palco — channel check'',10,15);\r\n const n=FX.length;const gap=W/(n+1);\r\n FX.forEach((fx,i)=>{const x=gap*(i+1),y=H*0.3;const lit=(i===testing);const active=(i===sel);\r\n  ctx.fillStyle=active?''#22304a'':''#141b28'';ctx.strokeStyle=active?''#3f7bd6'':''#26324a'';ctx.lineWidth=1.5;\r\n  ctx.beginPath();ctx.roundRect(x-16,y-12,32,24,5);ctx.fill();ctx.stroke();\r\n  if(lit){const bg=ctx.createLinearGradient(0,y,0,H*0.95);bg.addColorStop(0,hex(fx.col,0.8));bg.addColorStop(1,hex(fx.col,0));\r\n   ctx.beginPath();ctx.moveTo(x-8,y+10);ctx.lineTo(x-34,H*0.92);ctx.lineTo(x+34,H*0.92);ctx.lineTo(x+8,y+10);ctx.closePath();ctx.fillStyle=bg;ctx.fill();\r\n   ctx.fillStyle=hex(fx.col,1);ctx.beginPath();ctx.arc(x,y,6,0,7);ctx.fill();}\r\n  ctx.fillStyle=lit?''#fff'':''#6b7f9e'';ctx.font=''9px system-ui'';ctx.textAlign=''center'';ctx.fillText(''@''+fx.addr,x,y+34);ctx.textAlign=''left'';});\r\n if(testing>=0){ctx.fillStyle=''#39d98a'';ctx.font=''11px system-ui'';ctx.fillText(''▶ Testando ''+FX[testing].nm+'' (endereço ''+FX[testing].addr+'')'',10,H-12);}\r\n}\r\nfunction hex(h,a){const c=h.replace(''#'','''');return `rgba(${parseInt(c.substr(0,2),16)},${parseInt(c.substr(2,2),16)},${parseInt(c.substr(4,2),16)},${a})`;}\r\nfunction update(){buildFixtures();paintUniverse();draw();checkMission();}\r\ndocument.getElementById(''check'').onclick=()=>{testing=sel;draw();clearTimeout(testT);testT=setTimeout(()=>{testing=-1;draw();},1400);};\r\ndocument.getElementById(''auto'').onclick=()=>{let a=1;FX.forEach(fx=>{fx.addr=a;a+=foot(fx);});update();};\r\n// missões\r\nconst M=[\r\n {t:''Toda fixture no endereço 1 se sobrepõe. <b>Endereça as 4 sem nenhum conflito</b> (mapa todo sem vermelho).'',ok:()=>!anyConflict()},\r\n {t:''Coloque o <b>Moving Spot no modo 24ch</b> e re-endereça tudo em sequência sem sobrepor.'',ok:()=>FX[3].mode===1&&!anyConflict()},\r\n {t:''Faça o <b>PAR LED 1 e o PAR LED 2 no MESMO endereço</b> de propósito (clones que reagem juntos) — e mantenha os movings sem conflito com eles.'',ok:()=>FX[0].addr===FX[1].addr && FX[0].mode===FX[1].mode && !overlapMovings()},\r\n {t:''Volte a um patch limpo: use “Auto-endereçar” e confira no <b>channel check</b>.'',ok:()=>!anyConflict()&&sequential()},\r\n];\r\nfunction overlapMovings(){const set=[2,3];return !set.some(i=>{const a1=FX[i].addr,a2=a1+foot(FX[i])-1;return [0,1].some(j=>{const b1=FX[j].addr,b2=b1+foot(FX[j])-1;return a1<=b2&&b1<=a2;})|| (i===2&&(function(){const b1=FX[3].addr,b2=b1+foot(FX[3])-1;return a1<=b2&&b1<=a2;})());});}\r\nfunction sequential(){let a=1;for(const fx of FX){if(fx.addr!==a)return false;a+=foot(fx);}return true;}\r\nlet mi=0;\r\nfunction drawMission(){document.getElementById(''mission'').innerHTML=`<div><b>Missão ${mi+1}/${M.length}:</b> ${M[mi].t}</div><div class=\"mrow\"><span class=\"dot\" id=\"mdot\"></span><span id=\"mstat\">…</span></div>`;}\r\nfunction checkMission(){const dot=document.getElementById(''mdot'');if(!dot)return;let ok=false;try{ok=M[mi].ok();}catch(e){}if(ok){dot.classList.add(''ok'');document.getElementById(''mstat'').textContent=''✓ Correto! Próxima missão.'';}else{dot.classList.remove(''ok'');document.getElementById(''mstat'').textContent=''Ajuste os endereços…'';}}\r\ndocument.getElementById(''next'').onclick=()=>{mi=(mi+1)%M.length;drawMission();update();};\r\nfunction fit(){const DW=1010,DH=625;const vw=innerWidth,vh=innerHeight;const scrH=(window.screen&&screen.height)||vh;const iframeTaller=vh>scrH+8;const visH=Math.min(vh,scrH);const headerAllow=iframeTaller?84:(vh>700?24:6);const effVh=Math.max(240,visH-headerAllow);const z=Math.min(vw/DW,effVh/DH);document.getElementById(''console'').style.zoom=z;requestAnimationFrame(sizeCanvas);}\r\naddEventListener(''resize'',fit);buildFixtures();paintUniverse();drawMission();fit();setTimeout(fit,60);\r\n</script></body></html>\r\n"}]'::jsonb);

-- AULA 7 [M2.3]: Cabos e conectores de luz: DMX, energia e a linha bem feita
insert into public.lessons (id,module_id,titulo,tipo,conteudo_rico,duracao_min,ordem,tem_quiz,preview_gratis) values
  ('10c00000-b551-4c00-9000-0000000b0007','10c00000-b551-4c00-9000-0000000000a2','Cabos e conectores de luz: DMX, energia e a linha bem feita','texto','<p><strong>Uma linha de luz mal feita transforma um show pronto num pesadelo de fixtures piscando.</strong> Cabo é o que leva o comando da mesa até cada refletor e a energia até cada fixture. Nesta aula você aprende a diferença entre cabo de dados e cabo de força, por que o cabo errado dá erro "fantasma", e como fechar uma linha DMX que simplesmente funciona.</p>

<h3>Cabo DMX: o cabo de dados</h3>
<p>O DMX é o "idioma" que a mesa usa para falar com as fixtures. O cabo tem que ser feito para isso: <strong>blindado</strong> (para rejeitar interferência) e com <strong>impedância de 120Ω</strong>. O conector é XLR — parecido com o de microfone, mas o serviço é outro.</p>
<ul>
<li><strong>XLR de 3 pinos:</strong> o mais comum no Brasil. Simples e direto.</li>
<li><strong>XLR de 5 pinos:</strong> o padrão original do DMX. Os pinos 4 e 5 quase nunca são usados (seriam um segundo canal de dados).</li>
<li><strong>Adaptadores 3↔5 pinos:</strong> existem para casar mesa e fixture de padrões diferentes. Ande sempre com um par na maleta.</li>
</ul>

<figure style="margin:16px 0;text-align:center"><img src="https://pshynylvvkhhohftouoe.supabase.co/storage/v1/object/public/media/img-luz-basico/conectores-dmx.jpg" alt="Conectores DMX lado a lado: XLR de 3 pinos (macho e fêmea) e XLR de 5 pinos, com cabo blindado, comparados a um conector de energia travável." style="max-width:100%;border-radius:10px;border:1px solid rgba(0,0,0,.12)" /><figcaption style="font-size:12px;opacity:.75;margin-top:6px">Conectores de luz: cabo DMX com XLR de 3 e 5 pinos (dados) e o conector de energia travável (força) — dados e energia andam separados.</figcaption></figure>

<p><strong>ATENÇÃO — o erro que mais atormenta iniciante:</strong> o conector do cabo de microfone é igual ao do DMX, mas o cabo de microfone é <strong>75Ω</strong> e NÃO serve para DMX. Ele "funciona às vezes": em linha curta parece rodar, mas gera erros intermitentes — luz piscando, fixture travando, canal fantasma — e você perde horas caçando um problema que é só o cabo. Use sempre cabo DMX de verdade.</p>

<h3>Terminador: o que fecha a linha</h3>
<p>As fixtures são ligadas em cadeia (daisy chain): sai da mesa, entra na fixture 1, sai da 1 e entra na 2, e assim por diante. Na saída DMX da <strong>última fixture</strong> entra o <strong>terminador</strong>: um plug com um resistor de <strong>120Ω entre os pinos 2 e 3</strong>. Sem ele, o sinal "bate" no fim da linha e volta refletido, causando erros. Em linhas curtas às vezes roda sem terminador, mas o certo é <strong>sempre terminar</strong>.</p>

<figure style="margin:16px 0;text-align:center"><img src="https://pshynylvvkhhohftouoe.supabase.co/storage/v1/object/public/media/img-luz-basico/terminador-dmx.jpg" alt="Um plugue terminador DMX (XLR macho de 3 pinos) isolado, com a indicação de resistor de 120 ohms, encaixando na saída DMX da última fixture." style="max-width:100%;border-radius:10px;border:1px solid rgba(0,0,0,.12)" /><figcaption style="font-size:12px;opacity:.75;margin-top:6px">O terminador DMX: um plugue XLR macho com um resistor de 120Ω dentro, encaixado no DMX OUT da última fixture da linha.</figcaption></figure>

<h3>Splitter / buffer óptico DMX</h3>
<p>Quando o rig cresce, uma única linha vira problema. O <strong>splitter</strong> (ou buffer óptico) recebe uma linha DMX e a divide em vários ramos <strong>isolados</strong> — por exemplo, 1 entra e 4 ou 8 saem — cada ramo com seu próprio terminador. Vantagens: você separa o rig em braços e <strong>isola defeitos</strong>. Se um ramo tiver um cabo ruim ou fixture com pino em curto, só aquele braço cai; os outros continuam trabalhando.</p>

<h3>Energia: cabo de força é outro cabo</h3>
<p>Fixture moderna precisa de duas coisas: <strong>dados (DMX)</strong> e <strong>energia</strong>. E são cabos separados.</p>
<ul>
<li><strong>PowerCon (conector travável):</strong> o mais usado hoje. <strong>Azul = IN (entrada)</strong>, <strong>cinza = OUT (saída)</strong>. Permite LINK (daisy chain) de energia de uma fixture para a outra — mas atenção: some as correntes, você não pode passar mais fixtures do que o cabo e o disjuntor aguentam.</li>
<li><strong>IEC:</strong> a tomada padrão de aparelho (mesma do cabo de computador). Comum em fixtures menores.</li>
<li><strong>Plugues de força comuns:</strong> ainda aparecem em muito equipamento.</li>
</ul>
<p><strong>Nunca junte energia e dados</strong> correndo lado a lado por muito tempo — a força induz interferência no DMX. Leve caminhos separados; se precisar cruzar, cruze em <strong>90°</strong>.</p>

<table>
<tr><th>Cabo</th><th>Leva</th><th>Conector típico</th><th>Detalhe</th></tr>
<tr><td>DMX</td><td>Dados/comando</td><td>XLR 3 ou 5 pinos</td><td>Blindado, 120Ω, termina com terminador</td></tr>
<tr><td>Microfone</td><td>(áudio — NÃO usar em DMX)</td><td>XLR 3 pinos</td><td>75Ω, dá erro intermitente no DMX</td></tr>
<tr><td>Força</td><td>Energia</td><td>PowerCon / IEC / plugue</td><td>Separado do DMX; respeitar corrente máxima</td></tr>
</table>

<h3>Boas práticas de linha</h3>
<ul>
<li>Sobra de cabo em <strong>laçada</strong> (over-under) — nunca enrolar apertado no cotovelo nem fazer bola.</li>
<li><strong>Identifique/etiquete</strong> cada ponta: você vai agradecer na desmontagem.</li>
<li>Não pise, não esmague, não passe cadeira em cima. Cabo no chão vai com passagem/fita.</li>
<li><strong>Teste os cabos antes de subir na truss.</strong> Achar cabo ruim no solo é fácil; a 6 metros de altura, não.</li>
</ul>

<h3>Resumo prático</h3>
<p><strong>DMX de verdade (120Ω), terminador na última, força separada dos dados.</strong> Cabo de microfone no DMX é a origem clássica do "está piscando e não sei por quê". Splitter isola braços e salva o show. Testou embaixo, subiu tranquilo.</p>',16,3,true,false);
insert into public.quizzes (id,lesson_id,titulo) values ('10c00000-b551-4c00-9000-0000000c0007','10c00000-b551-4c00-9000-0000000b0007','Quiz — Cabos e conectores de luz');
insert into public.quiz_questions (id,quiz_id,texto,explicacao,ordem,pontos) values ('10c00000-b551-4c00-9000-000000000701','10c00000-b551-4c00-9000-0000000c0007','Por que NÃO se deve usar cabo de microfone no lugar do cabo DMX?','Cabo de microfone é 75Ω; DMX pede 120Ω. O de microfone ''funciona às vezes'' e gera erros intermitentes (luz piscando/travando) difíceis de achar.',1,1);
insert into public.quiz_options (question_id,texto,correta,ordem) values ('10c00000-b551-4c00-9000-000000000701','Porque é grosso demais',false,1);
insert into public.quiz_options (question_id,texto,correta,ordem) values ('10c00000-b551-4c00-9000-000000000701','Porque a impedância errada (75Ω) causa erros intermitentes',true,2);
insert into public.quiz_options (question_id,texto,correta,ordem) values ('10c00000-b551-4c00-9000-000000000701','Porque não tem conector XLR',false,3);
insert into public.quiz_options (question_id,texto,correta,ordem) values ('10c00000-b551-4c00-9000-000000000701','Não há problema nenhum',false,4);
insert into public.quiz_questions (id,quiz_id,texto,explicacao,ordem,pontos) values ('10c00000-b551-4c00-9000-000000000702','10c00000-b551-4c00-9000-0000000c0007','O conector DMX mais comum no Brasil é o:','XLR de 3 pinos. O padrão original é 5 pinos (pinos 4/5 quase nunca usados); há adaptadores 3↔5.',2,1);
insert into public.quiz_options (question_id,texto,correta,ordem) values ('10c00000-b551-4c00-9000-000000000702','RCA',false,1);
insert into public.quiz_options (question_id,texto,correta,ordem) values ('10c00000-b551-4c00-9000-000000000702','XLR de 3 pinos',true,2);
insert into public.quiz_options (question_id,texto,correta,ordem) values ('10c00000-b551-4c00-9000-000000000702','Speakon',false,3);
insert into public.quiz_options (question_id,texto,correta,ordem) values ('10c00000-b551-4c00-9000-000000000702','P2',false,4);
insert into public.quiz_questions (id,quiz_id,texto,explicacao,ordem,pontos) values ('10c00000-b551-4c00-9000-000000000703','10c00000-b551-4c00-9000-0000000c0007','O terminador DMX é colocado:','No DMX OUT da ÚLTIMA fixture da linha. É um plugue com resistor de 120Ω que impede a reflexão do sinal.',3,1);
insert into public.quiz_options (question_id,texto,correta,ordem) values ('10c00000-b551-4c00-9000-000000000703','Na saída da mesa',false,1);
insert into public.quiz_options (question_id,texto,correta,ordem) values ('10c00000-b551-4c00-9000-000000000703','No DMX OUT da última fixture da linha',true,2);
insert into public.quiz_options (question_id,texto,correta,ordem) values ('10c00000-b551-4c00-9000-000000000703','Em toda fixture',false,3);
insert into public.quiz_options (question_id,texto,correta,ordem) values ('10c00000-b551-4c00-9000-000000000703','Na tomada de energia',false,4);
insert into public.quiz_questions (id,quiz_id,texto,explicacao,ordem,pontos) values ('10c00000-b551-4c00-9000-000000000704','10c00000-b551-4c00-9000-0000000c0007','Um SPLITTER / buffer óptico DMX serve para:','Dividir uma linha em vários ramos isolados (ex.: 1 entra, 8 saem), cada ramo com seu terminador; isola defeitos (um ramo ruim não derruba os outros).',4,1);
insert into public.quiz_options (question_id,texto,correta,ordem) values ('10c00000-b551-4c00-9000-000000000704','Dividir a linha em ramos isolados',true,1);
insert into public.quiz_options (question_id,texto,correta,ordem) values ('10c00000-b551-4c00-9000-000000000704','Aumentar a tensão',false,2);
insert into public.quiz_options (question_id,texto,correta,ordem) values ('10c00000-b551-4c00-9000-000000000704','Colorir as luzes',false,3);
insert into public.quiz_options (question_id,texto,correta,ordem) values ('10c00000-b551-4c00-9000-000000000704','Substituir o terminador da mesa',false,4);
insert into public.quiz_questions (id,quiz_id,texto,explicacao,ordem,pontos) values ('10c00000-b551-4c00-9000-000000000705','10c00000-b551-4c00-9000-0000000c0007','O conector de energia travável tipo PowerCon permite:','Fazer o LINK/daisy chain de energia entre fixtures (respeitando a corrente máxima somada). Azul = entrada (IN), cinza = saída (OUT).',5,1);
insert into public.quiz_options (question_id,texto,correta,ordem) values ('10c00000-b551-4c00-9000-000000000705','Enviar dados DMX',false,1);
insert into public.quiz_options (question_id,texto,correta,ordem) values ('10c00000-b551-4c00-9000-000000000705','Ligar a energia em cadeia entre fixtures (link)',true,2);
insert into public.quiz_options (question_id,texto,correta,ordem) values ('10c00000-b551-4c00-9000-000000000705','Só funcionar em LED',false,3);
insert into public.quiz_options (question_id,texto,correta,ordem) values ('10c00000-b551-4c00-9000-000000000705','Substituir o cabo DMX',false,4);
insert into public.quiz_questions (id,quiz_id,texto,explicacao,ordem,pontos) values ('10c00000-b551-4c00-9000-000000000706','10c00000-b551-4c00-9000-0000000c0007','Sobre energia e dados no mesmo caminho:','Devem andar separados para evitar interferência; se precisarem cruzar, cruze em 90°. Cabo de força é sempre separado do DMX.',6,1);
insert into public.quiz_options (question_id,texto,correta,ordem) values ('10c00000-b551-4c00-9000-000000000706','Podem ser amarrados juntos sem problema',false,1);
insert into public.quiz_options (question_id,texto,correta,ordem) values ('10c00000-b551-4c00-9000-000000000706','Devem andar separados; se cruzar, cruze em 90°',true,2);
insert into public.quiz_options (question_id,texto,correta,ordem) values ('10c00000-b551-4c00-9000-000000000706','Devem usar o mesmo conector',false,3);
insert into public.quiz_options (question_id,texto,correta,ordem) values ('10c00000-b551-4c00-9000-000000000706','Tanto faz',false,4);

-- AULA 8 [M2.4]: Potência e dimmer: acendendo com segurança e sem estourar disjuntor
insert into public.lessons (id,module_id,titulo,tipo,conteudo_rico,duracao_min,ordem,tem_quiz,preview_gratis) values
  ('10c00000-b551-4c00-9000-0000000b0008','10c00000-b551-4c00-9000-0000000000a2','Potência e dimmer: acendendo com segurança e sem estourar disjuntor','texto','<p><strong>Toda luz que acende consome watts — e todo disjuntor tem um limite.</strong> Saber quem regula a intensidade de cada fixture e quanto cada uma puxa de energia é o que separa o técnico que monta um rig seguro do que estoura disjuntor no meio do show. Nesta aula você entende as duas famílias de fixture, o rack de dimmer e como distribuir a carga sem susto.</p>

<h3>Duas famílias: quem regula a própria luz e quem não regula</h3>
<ul>
<li><strong>(A) Fixtures com dimmer próprio</strong> — LED e moving head. A mesa manda o valor de intensidade por <strong>DMX</strong> e a própria fixture regula eletronicamente. Ela precisa só de <strong>ENERGIA + DMX</strong>. Liga direto na energia.</li>
<li><strong>(B) Refletores convencionais</strong> — PAR64 com lâmpada halógena, elipsoidal de lâmpada. <strong>Não regulam sozinhos:</strong> são ligados num <strong>DIMMER/rack de dimmers</strong>, que corta a onda da rede para variar a intensidade. Cada canal do rack recebe um endereço DMX e alimenta um circuito de tomadas onde você pluga os refletores.</li>
</ul>

<h3>Rack de dimmer</h3>
<p>O rack é uma caixa com vários canais de dimmer — por exemplo, <strong>12 canais de 2,4kW ou 4kW cada</strong>. Você pluga os PARes convencionais nas saídas e endereça os canais por DMX: o canal 1 responde a um endereço, o canal 2 a outro, e a mesa controla a intensidade de cada um.</p>

<figure style="margin:16px 0;text-align:center"><img src="https://pshynylvvkhhohftouoe.supabase.co/storage/v1/object/public/media/img-luz-basico/dimmer-rack.jpg" alt="Rack de dimmers de iluminação com vários canais, disjuntores por circuito e saídas de tomada, com PARes convencionais plugados." style="max-width:100%;border-radius:10px;border:1px solid rgba(0,0,0,.12)" /><figcaption style="font-size:12px;opacity:.75;margin-top:6px">O rack de dimmer: cada canal recebe um endereço DMX e alimenta um circuito de tomadas onde entram os refletores convencionais (PAR de lâmpada). LED não vai no dimmer.</figcaption></figure>

<p><strong>Regra que não se quebra: fixture LED NÃO vai no dimmer.</strong> O dimmer corta a onda da rede, e essa onda picada estraga/queima a fonte do LED. LED e moving head vão <strong>direto na energia</strong> (rede limpa); só os convencionais vão no rack.</p>

<h3>Distribuição de energia (distro)</h3>
<p>A <strong>distro</strong> pega a rede da casa — monofásico ou trifásico — e divide em circuitos, cada um protegido por um <strong>disjuntor</strong>. Réguas e multiplugues saem dos circuitos e alimentam as fixtures. O trabalho do técnico é <strong>somar as potências</strong>: cada fixture consome um tanto de watts, e a soma de um circuito não pode passar do disjuntor.</p>

<figure style="margin:16px 0;text-align:center"><img src="https://pshynylvvkhhohftouoe.supabase.co/storage/v1/object/public/media/img-luz-basico/distro-energia.jpg" alt="Distribuidor de energia (power distro) de evento com disjuntores, medidor e várias saídas, alimentando réguas que vão para as fixtures." style="max-width:100%;border-radius:10px;border:1px solid rgba(0,0,0,.12)" /><figcaption style="font-size:12px;opacity:.75;margin-top:6px">A distribuição de energia (distro): entra a rede, sai dividida em circuitos com disjuntores; some os watts das fixtures para não estourar o disjuntor.</figcaption></figure>

<p>Exemplo: um circuito de <strong>20A em 220V</strong> aguenta cerca de <strong>4400W</strong>. Distribua a carga entre as fases e os circuitos — não pendure tudo num só. Equilibrar as fases evita disjuntor abrindo e protege a rede.</p>

<h3>A conta que te salva</h3>
<p>A fórmula básica: <strong>Potência (W) = Tensão (V) × Corrente (A)</strong>. Vira e mexe você precisa dela para saber se cabe.</p>
<table>
<tr><th>Situação</th><th>Conta</th><th>Resultado</th></tr>
<tr><td>10 fixtures de 200W</td><td>10 × 200</td><td>2000W</td></tr>
<tr><td>Essa carga em 220V</td><td>2000 ÷ 220</td><td>≈ 9A</td></tr>
<tr><td>Cabe num circuito de 16A?</td><td>9A &lt; 16A</td><td>Sim, com folga</td></tr>
</table>
<p>Sempre deixe <strong>folga de uns 20%</strong> — nunca encha o circuito até o talo. Margem é o que absorve pico de partida e evita surpresa.</p>

<h3>Cuidados de energia</h3>
<ul>
<li><strong>Bitola certa</strong> para a corrente: cabo fino demais esquenta, derrete e pega fogo. Cabo grosso o suficiente para o que vai puxar.</li>
<li><strong>Aterramento</strong> sempre — segurança de vida, não é opcional.</li>
<li>Não emende gambiarra, não use fita no lugar de conector.</li>
<li><strong>Verifique a tensão (110/220)</strong> e a chave de tensão da fixture antes de ligar. Fixture 110 na rede 220 vira fumaça na hora.</li>
</ul>

<h3>Resumo prático</h3>
<p><strong>LED e moving = energia + DMX, direto na rede. Convencional = rack de dimmer.</strong> Some os watts, respeite o disjuntor, deixe 20% de folga e confira a tensão antes de energizar. Watt = Volt × Ampère é a conta que evita o show apagando no refrão.</p>',18,4,true,false);
insert into public.quizzes (id,lesson_id,titulo) values ('10c00000-b551-4c00-9000-0000000c0008','10c00000-b551-4c00-9000-0000000b0008','Quiz — Potência e dimmer');
insert into public.quiz_questions (id,quiz_id,texto,explicacao,ordem,pontos) values ('10c00000-b551-4c00-9000-000000000801','10c00000-b551-4c00-9000-0000000c0008','Um refletor CONVENCIONAL (PAR64 de lâmpada) regula a intensidade através de:','Ele não regula sozinho: é ligado num DIMMER/rack externo, que corta a onda da rede para variar a intensidade. Cada canal do rack tem um endereço DMX.',1,1);
insert into public.quiz_options (question_id,texto,correta,ordem) values ('10c00000-b551-4c00-9000-000000000801','Um dimmer/rack externo',true,1);
insert into public.quiz_options (question_id,texto,correta,ordem) values ('10c00000-b551-4c00-9000-000000000801','Um controle interno próprio',false,2);
insert into public.quiz_options (question_id,texto,correta,ordem) values ('10c00000-b551-4c00-9000-000000000801','A quantidade de fumaça',false,3);
insert into public.quiz_options (question_id,texto,correta,ordem) values ('10c00000-b551-4c00-9000-000000000801','O cabo DMX apenas',false,4);
insert into public.quiz_questions (id,quiz_id,texto,explicacao,ordem,pontos) values ('10c00000-b551-4c00-9000-000000000802','10c00000-b551-4c00-9000-0000000c0008','Uma fixture de LED ou moving head, para variar a intensidade, precisa apenas de:','Elas têm dimmer eletrônico próprio: precisam só de ENERGIA + DMX. A mesa manda o valor e a fixture regula.',2,1);
insert into public.quiz_options (question_id,texto,correta,ordem) values ('10c00000-b551-4c00-9000-000000000802','Ir num rack de dimmer',false,1);
insert into public.quiz_options (question_id,texto,correta,ordem) values ('10c00000-b551-4c00-9000-000000000802','Energia + DMX (têm dimmer próprio)',true,2);
insert into public.quiz_options (question_id,texto,correta,ordem) values ('10c00000-b551-4c00-9000-000000000802','Dois amplificadores',false,3);
insert into public.quiz_options (question_id,texto,correta,ordem) values ('10c00000-b551-4c00-9000-000000000802','Um terminador em cada uma',false,4);
insert into public.quiz_questions (id,quiz_id,texto,explicacao,ordem,pontos) values ('10c00000-b551-4c00-9000-000000000803','10c00000-b551-4c00-9000-0000000c0008','Por que NÃO se liga uma fixture de LED num canal de dimmer (rack)?','O dimmer corta a onda da rede e estraga/queima a fonte do LED. LED vai direto na energia limpa.',3,1);
insert into public.quiz_options (question_id,texto,correta,ordem) values ('10c00000-b551-4c00-9000-000000000803','Porque o LED é fraco',false,1);
insert into public.quiz_options (question_id,texto,correta,ordem) values ('10c00000-b551-4c00-9000-000000000803','Porque o dimmer corta a onda e danifica a fonte do LED',true,2);
insert into public.quiz_options (question_id,texto,correta,ordem) values ('10c00000-b551-4c00-9000-000000000803','Porque o LED não usa DMX',false,3);
insert into public.quiz_options (question_id,texto,correta,ordem) values ('10c00000-b551-4c00-9000-000000000803','Não há problema',false,4);
insert into public.quiz_questions (id,quiz_id,texto,explicacao,ordem,pontos) values ('10c00000-b551-4c00-9000-000000000804','10c00000-b551-4c00-9000-0000000c0008','Um circuito de 20A em 220V suporta aproximadamente quantos watts?','P = V × I = 220 × 20 ≈ 4400W. Some o consumo das fixtures e deixe folga (~20%) para não estourar o disjuntor.',4,1);
insert into public.quiz_options (question_id,texto,correta,ordem) values ('10c00000-b551-4c00-9000-000000000804','440W',false,1);
insert into public.quiz_options (question_id,texto,correta,ordem) values ('10c00000-b551-4c00-9000-000000000804','≈ 4400W',true,2);
insert into public.quiz_options (question_id,texto,correta,ordem) values ('10c00000-b551-4c00-9000-000000000804','44000W',false,3);
insert into public.quiz_options (question_id,texto,correta,ordem) values ('10c00000-b551-4c00-9000-000000000804','220W',false,4);
insert into public.quiz_questions (id,quiz_id,texto,explicacao,ordem,pontos) values ('10c00000-b551-4c00-9000-000000000805','10c00000-b551-4c00-9000-0000000c0008','10 fixtures de 200W somam 2000W. Em 220V, isso dá cerca de:','I = P / V = 2000 / 220 ≈ 9A — cabe num circuito de 16A com folga.',5,1);
insert into public.quiz_options (question_id,texto,correta,ordem) values ('10c00000-b551-4c00-9000-000000000805','≈ 9A',true,1);
insert into public.quiz_options (question_id,texto,correta,ordem) values ('10c00000-b551-4c00-9000-000000000805','≈ 90A',false,2);
insert into public.quiz_options (question_id,texto,correta,ordem) values ('10c00000-b551-4c00-9000-000000000805','≈ 1A',false,3);
insert into public.quiz_options (question_id,texto,correta,ordem) values ('10c00000-b551-4c00-9000-000000000805','≈ 45A',false,4);
insert into public.quiz_questions (id,quiz_id,texto,explicacao,ordem,pontos) values ('10c00000-b551-4c00-9000-000000000806','10c00000-b551-4c00-9000-0000000c0008','Um cuidado essencial de distribuição de energia é:','Usar cabo de bitola certa (cabo fino esquenta/derrete), aterrar, distribuir a carga entre circuitos/fases e conferir a tensão (110/220) antes de ligar.',6,1);
insert into public.quiz_options (question_id,texto,correta,ordem) values ('10c00000-b551-4c00-9000-000000000806','Usar o cabo mais fino disponível',false,1);
insert into public.quiz_options (question_id,texto,correta,ordem) values ('10c00000-b551-4c00-9000-000000000806','Cabo de bitola certa, aterramento e carga distribuída',true,2);
insert into public.quiz_options (question_id,texto,correta,ordem) values ('10c00000-b551-4c00-9000-000000000806','Ligar tudo num único circuito',false,3);
insert into public.quiz_options (question_id,texto,correta,ordem) values ('10c00000-b551-4c00-9000-000000000806','Ignorar a tensão da rede',false,4);

-- AULA 9 [M3.1]: A mesa de luz: canais, cenas, chases e a lógica de operação
insert into public.lessons (id,module_id,titulo,tipo,conteudo_rico,duracao_min,ordem,tem_quiz,preview_gratis) values
  ('10c00000-b551-4c00-9000-0000000b0009','10c00000-b551-4c00-9000-0000000000a3','A mesa de luz: canais, cenas, chases e a lógica de operação','texto','<p><strong>A mesa de luz é o cérebro do show.</strong> É por ela que você comanda tudo: a mesa envia valores DMX para os canais e fixtures em tempo real, dizendo a cada um quanto acender, que cor fazer e para onde apontar. Aprender a mesa é aprender a pensar em canais, cenas e sequências — o resto é prática.</p>

<figure style="margin:16px 0;text-align:center"><img src="https://pshynylvvkhhohftouoe.supabase.co/storage/v1/object/public/media/img-luz-basico/mesa-luz.jpg" alt="Mesa/console de iluminação com banco de faders, teclado numérico, botões de playback e duas telas mostrando o show." style="max-width:100%;border-radius:10px;border:1px solid rgba(0,0,0,.12)" /><figcaption style="font-size:12px;opacity:.75;margin-top:6px">A mesa de luz — o cérebro do show: bancos de faders (playbacks), teclado de comando e telas com as fixtures, grupos e cues.</figcaption></figure>

<h3>Os controles básicos</h3>
<ul>
<li><strong>Fader de canal:</strong> regula a intensidade de um canal ou fixture manualmente. Sobe o fader, acende; desce, apaga.</li>
<li><strong>Grand Master:</strong> fader geral que limita TUDO. Se ele está abaixado, nada acende — por mais que você suba os canais. É o erro clássico do iniciante: "não acende nada" quase sempre é o Grand Master lá embaixo.</li>
<li><strong>Blackout / DBO:</strong> apaga tudo instantaneamente com um botão. Ótimo para cortes secos; cuidado para não esbarrar sem querer.</li>
<li><strong>Flash:</strong> joga 100% num canal enquanto você segura o botão; solta, volta ao valor anterior. Serve para marcar viradas na música.</li>
</ul>

<h3>Cena, crossfade e chase</h3>
<p><strong>Cena (ou memória, ou look):</strong> você acende as luzes exatamente do jeito que quer — intensidades, cores, posições — e GRAVA aquele estado. Depois é só chamar a cena e tudo volta àquele look, igualzinho. Um show é, no fundo, uma lista de cenas na ordem certa.</p>
<p><strong>Crossfade / tempo:</strong> é a transição suave de uma cena para outra. Você define o tempo (em segundos) de fade in e fade out, e a mesa faz a passagem gradual em vez de trocar no susto. Tempo é o que dá elegância ao show.</p>
<p><strong>Chase:</strong> uma sequência de cenas que se alternam em loop, na velocidade (rate/BPM) que você define. É o "pisca-pisca" ritmado — aquele vai-e-vem de luzes acompanhando a batida. Você ajusta a velocidade e, em alguns casos, o fade entre os passos.</p>

<h3>Playback e submaster</h3>
<p><strong>Playback / submaster:</strong> são faders ou botões que guardam cenas ou chases prontos para você chamar ao vivo. Você monta antes e dispara na hora. Exemplo prático: fader 1 = refrão azul, fader 2 = strobo, fader 3 = luz de plateia. No show, você toca a mesa como um instrumento.</p>

<h3>Tipos de mesa</h3>
<ul>
<li><strong>Mesa manual / preset de 2 cenas:</strong> a mais simples. Trabalha com canais de dimmer: você tem duas fileiras de faders (cena A e cena B) e passa de uma para a outra com um crossfader. Ótima para começar e entender a lógica.</li>
<li><strong>Console para moving lights:</strong> trabalha com fixtures inteligentes e seus atributos (pan/tilt, cor, gobo, foco), usa grupos, paletas, cues e listas. É outro nível de organização — grandMA, Avolites, Chamsys, ETC. Assunto aprofundado no Pleno; aqui você só precisa saber que existe e que a lógica de cenas continua valendo.</li>
</ul>

<h3>HTP × LTP (a lógica por trás)</h3>
<p>Quando dois comandos disputam o mesmo parâmetro, a mesa precisa decidir quem ganha:</p>
<ul>
<li><strong>HTP (Highest Takes Precedence):</strong> vale o MAIOR valor. Típico de intensidade/dimmer — se um submaster pede 50% e outro pede 80%, o canal fica em 80%. Os valores "somam" pelo maior.</li>
<li><strong>LTP (Latest Takes Precedence):</strong> vale o ÚLTIMO comando. Típico dos atributos de moving (cor, posição, gobo) — a última ordem que você deu é a que fica, porque não faz sentido "somar" uma posição.</li>
</ul>

<h3>Fluxo típico de trabalho</h3>
<ol>
<li><strong>Patch:</strong> diga à mesa quais fixtures existem e em que endereço DMX cada uma está.</li>
<li><strong>Selecionar fixtures</strong> que você quer comandar.</li>
<li><strong>Dar valores:</strong> intensidade, cor, posição.</li>
<li><strong>Gravar cena / cue</strong> com aquele look.</li>
<li><strong>Montar a lista</strong> de cenas na ordem do show.</li>
<li><strong>Rodar o show</strong> chamando as cenas e chases ao vivo.</li>
</ol>

<h3>Resumo prático</h3>
<p><strong>Cena = look gravado; chase = cenas em loop; playback = onde você guarda tudo para disparar ao vivo.</strong> E se "não acende nada", olhe primeiro o Grand Master e o Blackout antes de xingar o equipamento.</p>',18,1,true,false);
insert into public.quizzes (id,lesson_id,titulo) values ('10c00000-b551-4c00-9000-0000000c0009','10c00000-b551-4c00-9000-0000000b0009','Quiz — A mesa de luz');
insert into public.quiz_questions (id,quiz_id,texto,explicacao,ordem,pontos) values ('10c00000-b551-4c00-9000-000000000901','10c00000-b551-4c00-9000-0000000c0009','O GRAND MASTER da mesa faz o quê?','É o fader geral que limita TUDO. Se ele está abaixado, nada acende — é o erro clássico do iniciante (''a mesa não funciona'').',1,1);
insert into public.quiz_options (question_id,texto,correta,ordem) values ('10c00000-b551-4c00-9000-000000000901','Controla só um canal',false,1);
insert into public.quiz_options (question_id,texto,correta,ordem) values ('10c00000-b551-4c00-9000-000000000901','Limita a intensidade geral de tudo',true,2);
insert into public.quiz_options (question_id,texto,correta,ordem) values ('10c00000-b551-4c00-9000-000000000901','Grava cenas',false,3);
insert into public.quiz_options (question_id,texto,correta,ordem) values ('10c00000-b551-4c00-9000-000000000901','Liga a fumaça',false,4);
insert into public.quiz_questions (id,quiz_id,texto,explicacao,ordem,pontos) values ('10c00000-b551-4c00-9000-000000000902','10c00000-b551-4c00-9000-0000000c0009','Uma CENA (memória/look) é:','Um estado de luz gravado: você acende do jeito que quer e grava; depois chama a cena e tudo volta àquele look.',2,1);
insert into public.quiz_options (question_id,texto,correta,ordem) values ('10c00000-b551-4c00-9000-000000000902','Um tipo de cabo',false,1);
insert into public.quiz_options (question_id,texto,correta,ordem) values ('10c00000-b551-4c00-9000-000000000902','Um estado de luz gravado que você chama depois',true,2);
insert into public.quiz_options (question_id,texto,correta,ordem) values ('10c00000-b551-4c00-9000-000000000902','A potência da fixture',false,3);
insert into public.quiz_options (question_id,texto,correta,ordem) values ('10c00000-b551-4c00-9000-000000000902','Um conector DMX',false,4);
insert into public.quiz_questions (id,quiz_id,texto,explicacao,ordem,pontos) values ('10c00000-b551-4c00-9000-000000000903','10c00000-b551-4c00-9000-0000000c0009','Um CHASE é:','Uma sequência de cenas que se alternam em loop, na velocidade (rate/BPM) que você define — o ''pisca-pisca'' ritmado.',3,1);
insert into public.quiz_options (question_id,texto,correta,ordem) values ('10c00000-b551-4c00-9000-000000000903','Uma única cena estática',false,1);
insert into public.quiz_options (question_id,texto,correta,ordem) values ('10c00000-b551-4c00-9000-000000000903','Uma sequência de cenas alternando em loop e no ritmo',true,2);
insert into public.quiz_options (question_id,texto,correta,ordem) values ('10c00000-b551-4c00-9000-000000000903','Um cabo de energia',false,3);
insert into public.quiz_options (question_id,texto,correta,ordem) values ('10c00000-b551-4c00-9000-000000000903','O terminador da linha',false,4);
insert into public.quiz_questions (id,quiz_id,texto,explicacao,ordem,pontos) values ('10c00000-b551-4c00-9000-000000000904','10c00000-b551-4c00-9000-0000000c0009','O BLACKOUT (DBO) serve para:','Apagar tudo instantaneamente — útil nas viradas e finais.',4,1);
insert into public.quiz_options (question_id,texto,correta,ordem) values ('10c00000-b551-4c00-9000-000000000904','Acender tudo no máximo',false,1);
insert into public.quiz_options (question_id,texto,correta,ordem) values ('10c00000-b551-4c00-9000-000000000904','Apagar tudo instantaneamente',true,2);
insert into public.quiz_options (question_id,texto,correta,ordem) values ('10c00000-b551-4c00-9000-000000000904','Gravar a cena atual',false,3);
insert into public.quiz_options (question_id,texto,correta,ordem) values ('10c00000-b551-4c00-9000-000000000904','Aumentar a velocidade do chase',false,4);
insert into public.quiz_questions (id,quiz_id,texto,explicacao,ordem,pontos) values ('10c00000-b551-4c00-9000-000000000905','10c00000-b551-4c00-9000-0000000c0009','Na lógica HTP × LTP, os canais de dimmer geralmente seguem:','HTP (Highest Takes Precedence): vale o MAIOR valor entre as fontes. Já atributos de moving (cor, posição) seguem o ÚLTIMO comando (LTP).',5,1);
insert into public.quiz_options (question_id,texto,correta,ordem) values ('10c00000-b551-4c00-9000-000000000905','O último comando (LTP)',false,1);
insert into public.quiz_options (question_id,texto,correta,ordem) values ('10c00000-b551-4c00-9000-000000000905','O maior valor entre as fontes (HTP)',true,2);
insert into public.quiz_options (question_id,texto,correta,ordem) values ('10c00000-b551-4c00-9000-000000000905','A cor mais clara',false,3);
insert into public.quiz_options (question_id,texto,correta,ordem) values ('10c00000-b551-4c00-9000-000000000905','A fixture mais próxima',false,4);
insert into public.quiz_questions (id,quiz_id,texto,explicacao,ordem,pontos) values ('10c00000-b551-4c00-9000-000000000906','10c00000-b551-4c00-9000-0000000c0009','Um console para MOVING LIGHTS (grandMA, Avolites, Chamsys...) trabalha com:','Fixtures inteligentes e seus atributos (pan/tilt, cor, gobo), com grupos e paletas — é mais que a mesa manual de dimmers. Aprofundado no Pleno.',6,1);
insert into public.quiz_options (question_id,texto,correta,ordem) values ('10c00000-b551-4c00-9000-000000000906','Apenas faders de dimmer',false,1);
insert into public.quiz_options (question_id,texto,correta,ordem) values ('10c00000-b551-4c00-9000-000000000906','Fixtures inteligentes, atributos, grupos e paletas',true,2);
insert into public.quiz_options (question_id,texto,correta,ordem) values ('10c00000-b551-4c00-9000-000000000906','Só áudio',false,3);
insert into public.quiz_options (question_id,texto,correta,ordem) values ('10c00000-b551-4c00-9000-000000000906','Somente uma cor fixa',false,4);
insert into public.ai_animations (lesson_id,tipo,status,model,custo_usd,roteiro,urls) values ('10c00000-b551-4c00-9000-0000000b0009','interactive','ready','handcrafted-interactive',0,'{"titulo":"Simulador — Mesa de Luz Básica","metadata":{"titulo_aula":"Simulador — Mesa de Luz Básica","total_cenas":1,"duracao_total":0,"abordagem_didatica":"Simulador interativo — pratique movendo os controles"},"cenas":[{"numero":1,"titulo":"Simulador — Mesa de Luz Básica","modo":"widget","narracao":"Monte looks com os faders, grave cenas nos playbacks, teste o blackout e rode um chase. Complete as 5 missões.","explicacao_texto":"Monte looks com os faders, grave cenas nos playbacks, teste o blackout e rode um chase. Complete as 5 missões.","destaques":["Fader de canal e Grand Master","Gravar/chamar cenas (playbacks)","Blackout (DBO)","Chase no ritmo"]}]}'::jsonb,'[{"html":"<!doctype html><html lang=\"pt-BR\"><head><meta charset=\"utf-8\"><meta name=\"viewport\" content=\"width=device-width,initial-scale=1,maximum-scale=1,user-scalable=no\">\r\n<title>Simulador — Mesa de Luz Básica</title>\r\n<style>\r\n*{box-sizing:border-box;margin:0;padding:0;-webkit-tap-highlight-color:transparent}\r\nhtml,body{height:100%;background:#0b0e14;color:#e7ecf3;font-family:system-ui,Segoe UI,Roboto,Arial,sans-serif;overflow:hidden}\r\nbody{display:flex;align-items:center;justify-content:center}\r\n.console{width:1020px;height:625px;background:linear-gradient(180deg,#141a26,#0c1018);border:1px solid #223049;border-radius:14px;padding:16px;display:flex;flex-direction:column;gap:11px;box-shadow:0 10px 40px #0008}\r\nh1{font-size:15px;font-weight:700;color:#cfe0ff}\r\n.sub{font-size:11.5px;color:#8aa0c2;line-height:1.4}\r\n.stage{height:150px;background:#04060a;border:1px solid #1c2740;border-radius:10px;overflow:hidden}\r\n.stage canvas{width:100%;height:100%;display:block}\r\n.mid{display:grid;grid-template-columns:1fr 300px;gap:14px;flex:1;min-height:0}\r\n.bank{display:flex;gap:8px;align-items:end;background:#0e1421;border:1px solid #22314c;border-radius:10px;padding:10px 8px}\r\n.chan{flex:1;display:flex;flex-direction:column;align-items:center;gap:5px;height:100%;justify-content:end}\r\n.track{position:relative;width:100%;max-width:30px;flex:1;min-height:120px;background:#0c1220;border:1px solid #263449;border-radius:7px;touch-action:none;cursor:pointer}\r\n.fill{position:absolute;left:0;right:0;bottom:0;border-radius:0 0 6px 6px;background:linear-gradient(0deg,#2b5aa8,#5aa0ff)}\r\n.knob{position:absolute;left:-2px;right:-2px;height:12px;background:#e7ecf3;border-radius:4px}\r\n.clbl{font-size:10px;color:#9fb4d6;font-weight:700}.cval{font-size:9.5px;color:#7f96bb;font-variant-numeric:tabular-nums}\r\n.side{display:flex;flex-direction:column;gap:9px;min-width:0}\r\n.gm{display:flex;gap:9px;background:#0e1421;border:1px solid #22314c;border-radius:10px;padding:9px}\r\n.gm .track{min-height:0;height:70px;max-width:26px}\r\n.pb{display:grid;grid-template-columns:repeat(4,1fr);gap:7px}\r\n.pbtn{background:#141d30;border:1px solid #2a3a58;border-radius:8px;padding:7px 3px;text-align:center;cursor:pointer}\r\n.pbtn.act{border-color:#39d98a;box-shadow:0 0 0 1px #39d98a}\r\n.pbtn .t{font-size:10px;font-weight:700}.pbtn .s{font-size:9px;color:#8298bd}\r\n.row{display:flex;gap:7px;flex-wrap:wrap}\r\nbutton{background:#1b2740;color:#dce7fb;border:1px solid #33507f;border-radius:8px;padding:7px 9px;font-size:11px;font-weight:600;cursor:pointer}\r\nbutton:hover{background:#233459}button.on{background:#7a2740;border-color:#c04d6e}button.rec{background:#8a6a1e;border-color:#caa23a}\r\n.mission{background:#0e1626;border:1px solid #24406e;border-radius:10px;padding:8px 10px;font-size:11px;line-height:1.4}\r\n.mrow{display:flex;align-items:center;gap:7px;margin-top:3px}.dot{width:12px;height:12px;border-radius:50%;border:2px solid #37507a;flex:none}.dot.ok{background:#39d98a;border-color:#39d98a}\r\n</style></head>\r\n<body>\r\n<div class=\"console\" id=\"console\">\r\n  <div><h1>Mesa de Luz — Canais, Cenas e Chase</h1>\r\n    <div class=\"sub\">Suba os <b>faders de canal</b> para montar um look. <b>REC</b> + um playback grava a cena. O <b>Grand Master</b> limita tudo; <b>Blackout</b> apaga; <b>Chase</b> alterna cenas no ritmo.</div></div>\r\n  <div class=\"stage\"><canvas id=\"cv\"></canvas></div>\r\n  <div class=\"mid\">\r\n    <div class=\"bank\" id=\"bank\"></div>\r\n    <div class=\"side\">\r\n      <div class=\"gm\">\r\n        <div class=\"chan\" style=\"max-width:34px\"><div class=\"cval\" id=\"gmval\">100</div><div class=\"track\" id=\"gmtrack\" style=\"width:26px\"><div class=\"fill\" style=\"height:100%;background:linear-gradient(0deg,#8a6a1e,#e0b93a)\"></div><div class=\"knob\" style=\"bottom:100%\"></div></div><div class=\"clbl\">GM</div></div>\r\n        <div style=\"display:flex;flex-direction:column;gap:6px;justify-content:center;flex:1\">\r\n          <button id=\"blackout\">BLACKOUT (DBO)</button>\r\n          <button id=\"rec\" class=\"\">REC — gravar cena</button>\r\n          <button id=\"chase\">▶ CHASE</button>\r\n        </div>\r\n      </div>\r\n      <div><div class=\"clbl\" style=\"margin-bottom:5px\">PLAYBACKS / SUBMASTERS</div><div class=\"pb\" id=\"pb\"></div></div>\r\n      <div class=\"mission\" id=\"mission\"></div>\r\n      <div class=\"row\"><button id=\"next\">Próxima missão ▸</button><button id=\"clear\">Zerar canais</button></div>\r\n    </div>\r\n  </div>\r\n</div>\r\n<script>\r\nconst NCH=8;\r\nconst ch=new Array(NCH).fill(0);      // 0..255\r\nlet gm=255, blackout=false, recMode=false, chaseOn=false, chaseIdx=0, chaseT=null;\r\nconst scenes=[null,null,null,null];   // 4 playbacks\r\nlet activePB=-1;\r\nconst COLORS=[''#ff5a5a'',''#ff9a3a'',''#ffe08a'',''#48e06a'',''#3ad1c2'',''#4d8bff'',''#9b6bff'',''#ff6bd0''];\r\n// bank\r\nconst bank=document.getElementById(''bank'');\r\nfor(let i=0;i<NCH;i++){const el=document.createElement(''div'');el.className=''chan'';\r\n el.innerHTML=`<div class=\"cval\" data-v>0</div><div class=\"track\" data-i=\"${i}\"><div class=\"fill\" data-fill style=\"height:0%\"></div><div class=\"knob\" data-knob style=\"bottom:0%\"></div></div><div class=\"clbl\" style=\"color:${COLORS[i]}\">C${i+1}</div>`;\r\n bank.appendChild(el);const track=el.querySelector(''.track'');\r\n const set=cy=>{const r=track.getBoundingClientRect();let p=1-(cy-r.top)/r.height;p=Math.max(0,Math.min(1,p));ch[i]=Math.round(p*255);activePB=-1;render();};\r\n track.addEventListener(''pointerdown'',e=>{try{track.setPointerCapture(e.pointerId);}catch(_){}set(e.clientY);});\r\n track.addEventListener(''pointermove'',e=>{if(e.buttons)set(e.clientY);});\r\n}\r\n// grand master fader\r\nconst gmt=document.getElementById(''gmtrack'');\r\nconst setGM=cy=>{const r=gmt.getBoundingClientRect();let p=1-(cy-r.top)/r.height;p=Math.max(0,Math.min(1,p));gm=Math.round(p*255);render();};\r\ngmt.addEventListener(''pointerdown'',e=>{try{gmt.setPointerCapture(e.pointerId);}catch(_){}setGM(e.clientY);});\r\ngmt.addEventListener(''pointermove'',e=>{if(e.buttons)setGM(e.clientY);});\r\n// playbacks\r\nconst pb=document.getElementById(''pb'');\r\nfor(let i=0;i<4;i++){const el=document.createElement(''div'');el.className=''pbtn'';el.dataset.i=i;\r\n el.innerHTML=`<div class=\"t\">PB ${i+1}</div><div class=\"s\" data-s>vazio</div>`;\r\n el.onclick=()=>{if(recMode){scenes[i]=ch.slice();recMode=false;document.getElementById(''rec'').classList.remove(''rec'');render();}\r\n   else if(scenes[i]){for(let k=0;k<NCH;k++)ch[k]=scenes[i][k];activePB=i;chaseOn=false;stopChase();render();}};\r\n pb.appendChild(el);}\r\n// buttons\r\ndocument.getElementById(''blackout'').onclick=e=>{blackout=!blackout;e.target.classList.toggle(''on'',blackout);render();};\r\ndocument.getElementById(''rec'').onclick=e=>{recMode=!recMode;e.target.classList.toggle(''rec'',recMode);};\r\ndocument.getElementById(''clear'').onclick=()=>{for(let i=0;i<NCH;i++)ch[i]=0;activePB=-1;render();};\r\ndocument.getElementById(''chase'').onclick=e=>{chaseOn=!chaseOn;e.target.classList.toggle(''on'',chaseOn);if(chaseOn)startChase();else stopChase();render();};\r\nfunction startChase(){stopChase();const have=scenes.filter(Boolean);if(have.length<2){/* usa canais isolados */}\r\n chaseT=setInterval(()=>{const filled=scenes.map((s,i)=>s?i:-1).filter(i=>i>=0);\r\n   if(filled.length>=2){chaseIdx=(chaseIdx+1)%filled.length;const s=scenes[filled[chaseIdx]];for(let k=0;k<NCH;k++)ch[k]=s[k];}\r\n   else{chaseIdx=(chaseIdx+1)%NCH;for(let k=0;k<NCH;k++)ch[k]=(k===chaseIdx?255:0);}\r\n   render();},420);}\r\nfunction stopChase(){if(chaseT){clearInterval(chaseT);chaseT=null;}}\r\n// render\r\nconst cv=document.getElementById(''cv'');const ctx=cv.getContext(''2d'');\r\nfunction sizeCanvas(){const r=cv.getBoundingClientRect();const dpr=Math.min(2,devicePixelRatio||1);cv.width=r.width*dpr;cv.height=r.height*dpr;ctx.setTransform(dpr,0,0,dpr,0,0);drawStage();}\r\nfunction out(i){return blackout?0:Math.round(ch[i]*(gm/255));}\r\nfunction drawStage(){const r=cv.getBoundingClientRect();const W=r.width,H=r.height;ctx.clearRect(0,0,W,H);ctx.fillStyle=''#04060a'';ctx.fillRect(0,0,W,H);\r\n const gap=W/(NCH+1);\r\n for(let i=0;i<NCH;i++){const x=gap*(i+1);const v=out(i)/255;\r\n  // fixture\r\n  ctx.fillStyle=''#161b26'';ctx.fillRect(x-13,8,26,10);\r\n  if(v>0.01){const bg=ctx.createLinearGradient(0,18,0,H);bg.addColorStop(0,hex(COLORS[i],Math.min(0.9,v)));bg.addColorStop(1,hex(COLORS[i],0));\r\n   ctx.beginPath();ctx.moveTo(x-6,18);ctx.lineTo(x-gap*0.42,H);ctx.lineTo(x+gap*0.42,H);ctx.lineTo(x+6,18);ctx.closePath();ctx.fillStyle=bg;ctx.fill();\r\n   ctx.fillStyle=hex(COLORS[i],v);ctx.beginPath();ctx.arc(x,14,4,0,7);ctx.fill();}\r\n }\r\n ctx.fillStyle=''#7f96bb'';ctx.font=''10px system-ui'';ctx.textAlign=''left'';\r\n let tag=blackout?''BLACKOUT'':(chaseOn?''CHASE rodando'':(activePB>=0?(''Playback ''+(activePB+1)):''ao vivo''));\r\n ctx.fillText(''Saída DMX · ''+tag+'' · GM ''+Math.round(gm/255*100)+''%'',10,H-10);\r\n}\r\nfunction hex(h,a){const c=h.replace(''#'','''');return `rgba(${parseInt(c.substr(0,2),16)},${parseInt(c.substr(2,2),16)},${parseInt(c.substr(4,2),16)},${a})`;}\r\nfunction render(){for(let i=0;i<NCH;i++){const el=bank.children[i];const p=ch[i]/255*100;el.querySelector(''[data-fill]'').style.height=p+''%'';el.querySelector(''[data-knob]'').style.bottom=p+''%'';el.querySelector(''[data-v]'').textContent=Math.round(ch[i]/255*100);}\r\n document.getElementById(''gmval'').textContent=Math.round(gm/255*100);gmt.querySelector(''.fill'').style.height=(gm/255*100)+''%'';gmt.querySelector(''.knob'').style.bottom=(gm/255*100)+''%'';\r\n pb.querySelectorAll(''.pbtn'').forEach((el,i)=>{el.classList.toggle(''act'',activePB===i);el.querySelector(''[data-s]'').textContent=scenes[i]?''gravada'':''vazio'';});\r\n drawStage();check();}\r\n// missões\r\nconst M=[\r\n {t:''Monte um look (suba ao menos 3 canais) e grave em <b>PB 1</b>: aperte <b>REC</b> e depois <b>PB 1</b>.'',ok:()=>scenes[0]&&scenes[0].filter(v=>v>50).length>=3},\r\n {t:''Grave um <b>segundo look diferente</b> em <b>PB 2</b>.'',ok:()=>scenes[0]&&scenes[1]&&JSON.stringify(scenes[0])!==JSON.stringify(scenes[1])},\r\n {t:''Teste o <b>Blackout</b>: apague tudo instantâneo com o botão DBO.'',ok:()=>blackout===true},\r\n {t:''Rode um <b>Chase</b> (precisa de 2 playbacks gravados) e veja as cenas alternando.'',ok:()=>chaseOn&&scenes.filter(Boolean).length>=2},\r\n {t:''Erro clássico: com o <b>Grand Master abaixado</b> nada acende. Deixe o GM em 100% de novo.'',ok:()=>gm>=250&&!blackout},\r\n];\r\nlet mi=0;\r\nfunction drawMission(){document.getElementById(''mission'').innerHTML=`<div><b>Missão ${mi+1}/${M.length}:</b> ${M[mi].t}</div><div class=\"mrow\"><span class=\"dot\" id=\"mdot\"></span><span id=\"mstat\">…</span></div>`;}\r\nfunction check(){const dot=document.getElementById(''mdot'');if(!dot)return;let ok=false;try{ok=M[mi].ok();}catch(e){}if(ok){dot.classList.add(''ok'');document.getElementById(''mstat'').textContent=''✓ Feito! Próxima missão.'';}else{dot.classList.remove(''ok'');document.getElementById(''mstat'').textContent=''…'';}}\r\ndocument.getElementById(''next'').onclick=()=>{mi=(mi+1)%M.length;drawMission();render();};\r\nfunction fit(){const DW=1020,DH=625;const vw=innerWidth,vh=innerHeight;const scrH=(window.screen&&screen.height)||vh;const iframeTaller=vh>scrH+8;const visH=Math.min(vh,scrH);const headerAllow=iframeTaller?84:(vh>700?24:6);const effVh=Math.max(240,visH-headerAllow);const z=Math.min(vw/DW,effVh/DH);document.getElementById(''console'').style.zoom=z;requestAnimationFrame(sizeCanvas);}\r\naddEventListener(''resize'',fit);drawMission();render();fit();setTimeout(fit,60);\r\n</script></body></html>\r\n"}]'::jsonb);

-- AULA 10 [M3.2]: Segurança: elétrica, altura, rigging e a truss
insert into public.lessons (id,module_id,titulo,tipo,conteudo_rico,duracao_min,ordem,tem_quiz,preview_gratis) values
  ('10c00000-b551-4c00-9000-0000000b0010','10c00000-b551-4c00-9000-0000000000a3','Segurança: elétrica, altura, rigging e a truss','texto','<p><strong>Segurança não é burocracia: é o que separa um show de uma tragédia.</strong> Você vai trabalhar com peso suspenso sobre a cabeça das pessoas e com energia elétrica de alta corrente. Uma fixture caindo mata; um curto num palco molhado mata. Esta aula é a mais séria do curso — leia como quem quer voltar para casa inteiro.</p>

<figure style="margin:16px 0;text-align:center"><img src="https://pshynylvvkhhohftouoe.supabase.co/storage/v1/object/public/media/img-luz-basico/truss-clamp-safety.jpg" alt="Detalhe de uma fixture pendurada numa truss de alumínio por uma garra (clamp) e presa também por um cabo de aço de segurança." style="max-width:100%;border-radius:10px;border:1px solid rgba(0,0,0,.12)" /><figcaption style="font-size:12px;opacity:.75;margin-top:6px">Toda fixture na truss leva a garra (clamp) firme E o cabo de aço de segurança — se a garra falhar, o safety segura. Fixture caindo mata.</figcaption></figure>

<h3>Prendeu, travou, segurou: clamp e safety</h3>
<p><strong>Toda fixture pendurada leva cabo de aço de segurança (safety/steel)</strong> preso na estrutura, além da garra. O safety é a redundância: se a garra abrir ou o parafuso soltar, o cabo de aço segura a fixture antes que ela caia. Nunca pendure nada sem ele — nunca.</p>
<ul>
<li><strong>Clamp / garra:</strong> é o que prende a fixture na truss. Aperte firme e feche a trava/parafuso de segurança. Confira o quick-lock/manopla antes de largar o peso.</li>
<li><strong>Cabo de aço:</strong> passe por dentro da alça da fixture e feche na estrutura. Ele deve estar com a menor folga possível — quanto mais curto o tranco, menor o impacto se algo ceder.</li>
</ul>

<figure style="margin:16px 0;text-align:center"><img src="https://pshynylvvkhhohftouoe.supabase.co/storage/v1/object/public/media/img-luz-basico/talha-truss.jpg" alt="Truss de alumínio sendo içada por uma talha/moitão de corrente, com as luzes montadas, numa montagem de palco." style="max-width:100%;border-radius:10px;border:1px solid rgba(0,0,0,.12)" /><figcaption style="font-size:12px;opacity:.75;margin-top:6px">A truss de alumínio com as luzes é içada por talhas (moitão de corrente) — respeite sempre o limite de carga (kg) da estrutura e da talha, e ninguém passa embaixo.</figcaption></figure>

<h3>Truss, talha e carga</h3>
<p><strong>Cada truss e cada talha tem um limite de peso (kg) — e você NUNCA ultrapassa.</strong> Some o peso de todas as fixtures, cabos e acessórios que vão na estrutura e compare com a capacidade especificada. Na dúvida, sobra menos peso, não mais.</p>
<ul>
<li><strong>Truss (treliça de alumínio):</strong> tem carga máxima que depende do vão e de como está apoiada. Distribua o peso ao longo dela, não concentre tudo no meio.</li>
<li><strong>Talha / guincho / moitão:</strong> içamento com trava. Uma vez içada, a carga fica travada mecanicamente — e ninguém, jamais, passa embaixo de carga suspensa.</li>
</ul>

<h3>As normas (NRs) que regem o trabalho</h3>
<ul>
<li><strong>NR10 — eletricidade:</strong> segurança em instalações e serviços com energia. Quem mexe em energia precisa de treinamento formal.</li>
<li><strong>NR35 — trabalho em altura:</strong> tudo acima de 2 m exige cinto/talabarte, ponto de ancoragem e treinamento. Subir na truss é trabalho em altura.</li>
<li><strong>NR12 — máquinas:</strong> cobre talhas, motores e equipamentos de içamento.</li>
</ul>
<p>Resumindo: <strong>trabalhar em altura e com energia exige treinamento e EPI.</strong> Não é opcional e não é frescura.</p>

<h3>EPI: o que vestir</h3>
<ul>
<li><strong>Capacete</strong> na montagem — coisa cai de cima.</li>
<li><strong>Luva</strong> para manusear estrutura, cabo de aço e fixtures quentes.</li>
<li><strong>Calçado</strong> fechado e resistente.</li>
<li><strong>Cinto/talabarte</strong> sempre que estiver em altura, ancorado em ponto firme.</li>
</ul>

<h3>Elétrica: as regras que não se quebram</h3>
<ul>
<li><strong>Aterramento sempre.</strong> Sem terra, um defeito coloca a carcaça viva e quem tocar leva o choque.</li>
<li><strong>Não sobrecarregue o circuito</strong> (você viu isso na aula de potência): some as cargas e respeite o disjuntor.</li>
<li><strong>Cabo de bitola certa</strong> para a corrente — cabo fino esquenta e pega fogo.</li>
<li><strong>Não mexa em energia com o circuito ligado.</strong> Desligue e confira.</li>
<li><strong>Nunca "gato"/gambiarra.</strong> Emenda torta em palco é acidente marcado.</li>
<li><strong>Chuva e umidade:</strong> em palco externo, respeite o grau de proteção (IP) das fixtures e proteja a distro. Água e energia não se misturam.</li>
</ul>

<h3>Cabos no chão</h3>
<p>Passe os cabos por onde <strong>não há circulação de pessoas</strong>. Fixe com fita/gaffer e, nas passagens de público, use canaleta/passa-cabo. Cabo solto é risco duplo: alguém tropeça e, ao tropeçar, pode puxar uma fixture ou derrubar a estrutura.</p>

<h3>Resumo prático</h3>
<p><strong>Na dúvida sobre estrutura ou energia, pare e chame o responsável.</strong> Safety em toda fixture, carga sempre abaixo do limite, ninguém embaixo de peso suspenso, EPI na montagem e na altura. Segurança vem antes do show — sempre.</p>',18,2,true,false);
insert into public.quizzes (id,lesson_id,titulo) values ('10c00000-b551-4c00-9000-0000000c0010','10c00000-b551-4c00-9000-0000000b0010','Quiz — Segurança');
insert into public.quiz_questions (id,quiz_id,texto,explicacao,ordem,pontos) values ('10c00000-b551-4c00-9000-000000000a01','10c00000-b551-4c00-9000-0000000c0010','Além da garra (clamp), toda fixture pendurada deve ter:','Um cabo de aço de segurança (safety) preso à estrutura — se a garra falhar, o safety segura. Fixture caindo mata.',1,1);
insert into public.quiz_options (question_id,texto,correta,ordem) values ('10c00000-b551-4c00-9000-000000000a01','Uma segunda cor',false,1);
insert into public.quiz_options (question_id,texto,correta,ordem) values ('10c00000-b551-4c00-9000-000000000a01','Um cabo de aço de segurança (safety)',true,2);
insert into public.quiz_options (question_id,texto,correta,ordem) values ('10c00000-b551-4c00-9000-000000000a01','Mais um cabo DMX',false,3);
insert into public.quiz_options (question_id,texto,correta,ordem) values ('10c00000-b551-4c00-9000-000000000a01','Uma etiqueta',false,4);
insert into public.quiz_questions (id,quiz_id,texto,explicacao,ordem,pontos) values ('10c00000-b551-4c00-9000-000000000a02','10c00000-b551-4c00-9000-0000000c0010','A NR35 trata de:','Trabalho em ALTURA (acima de 2m): exige treinamento, cinto/talabarte e ancoragem. A NR10 trata de eletricidade.',2,1);
insert into public.quiz_options (question_id,texto,correta,ordem) values ('10c00000-b551-4c00-9000-000000000a02','Trabalho em altura',true,1);
insert into public.quiz_options (question_id,texto,correta,ordem) values ('10c00000-b551-4c00-9000-000000000a02','Cor das fixtures',false,2);
insert into public.quiz_options (question_id,texto,correta,ordem) values ('10c00000-b551-4c00-9000-000000000a02','Tamanho do cabo DMX',false,3);
insert into public.quiz_options (question_id,texto,correta,ordem) values ('10c00000-b551-4c00-9000-000000000a02','Volume do som',false,4);
insert into public.quiz_questions (id,quiz_id,texto,explicacao,ordem,pontos) values ('10c00000-b551-4c00-9000-000000000a03','10c00000-b551-4c00-9000-0000000c0010','Sobre a carga (peso) na truss e na talha:','Cada truss e talha tem um limite de peso (kg). Some o peso das fixtures, distribua a carga e NUNCA ultrapasse o limite.',3,1);
insert into public.quiz_options (question_id,texto,correta,ordem) values ('10c00000-b551-4c00-9000-000000000a03','Pode-se pendurar o quanto quiser',false,1);
insert into public.quiz_options (question_id,texto,correta,ordem) values ('10c00000-b551-4c00-9000-000000000a03','Há um limite de kg que não se pode ultrapassar',true,2);
insert into public.quiz_options (question_id,texto,correta,ordem) values ('10c00000-b551-4c00-9000-000000000a03','O peso não importa',false,3);
insert into public.quiz_options (question_id,texto,correta,ordem) values ('10c00000-b551-4c00-9000-000000000a03','Só a cor importa',false,4);
insert into public.quiz_questions (id,quiz_id,texto,explicacao,ordem,pontos) values ('10c00000-b551-4c00-9000-000000000a04','10c00000-b551-4c00-9000-0000000c0010','A NR10 trata de:','Segurança em instalações e serviços em ELETRICIDADE — quem mexe em energia precisa de treinamento.',4,1);
insert into public.quiz_options (question_id,texto,correta,ordem) values ('10c00000-b551-4c00-9000-000000000a04','Eletricidade',true,1);
insert into public.quiz_options (question_id,texto,correta,ordem) values ('10c00000-b551-4c00-9000-000000000a04','Altura',false,2);
insert into public.quiz_options (question_id,texto,correta,ordem) values ('10c00000-b551-4c00-9000-000000000a04','Máquinas de fumaça',false,3);
insert into public.quiz_options (question_id,texto,correta,ordem) values ('10c00000-b551-4c00-9000-000000000a04','Cores da luz',false,4);
insert into public.quiz_questions (id,quiz_id,texto,explicacao,ordem,pontos) values ('10c00000-b551-4c00-9000-000000000a05','10c00000-b551-4c00-9000-0000000c0010','Cabos no chão em áreas de passagem devem ser:','Fixados com fita/gaffer e protegidos com canaleta/passa-cabo — risco de tropeço e de puxar uma fixture.',5,1);
insert into public.quiz_options (question_id,texto,correta,ordem) values ('10c00000-b551-4c00-9000-000000000a05','Deixados soltos',false,1);
insert into public.quiz_options (question_id,texto,correta,ordem) values ('10c00000-b551-4c00-9000-000000000a05','Fixados e protegidos com canaleta nas passagens',true,2);
insert into public.quiz_options (question_id,texto,correta,ordem) values ('10c00000-b551-4c00-9000-000000000a05','Pendurados no teto sempre',false,3);
insert into public.quiz_options (question_id,texto,correta,ordem) values ('10c00000-b551-4c00-9000-000000000a05','Enrolados no pescoço',false,4);
insert into public.quiz_questions (id,quiz_id,texto,explicacao,ordem,pontos) values ('10c00000-b551-4c00-9000-000000000a06','10c00000-b551-4c00-9000-0000000c0010','Na dúvida sobre estrutura ou energia, o técnico deve:','Chamar o responsável. Segurança vem antes do show — não se improvisa com energia e altura.',6,1);
insert into public.quiz_options (question_id,texto,correta,ordem) values ('10c00000-b551-4c00-9000-000000000a06','Improvisar uma gambiarra',false,1);
insert into public.quiz_options (question_id,texto,correta,ordem) values ('10c00000-b551-4c00-9000-000000000a06','Chamar o responsável (segurança antes do show)',true,2);
insert into public.quiz_options (question_id,texto,correta,ordem) values ('10c00000-b551-4c00-9000-000000000a06','Ignorar e seguir',false,3);
insert into public.quiz_options (question_id,texto,correta,ordem) values ('10c00000-b551-4c00-9000-000000000a06','Aumentar a carga para testar',false,4);

-- AULA 11 [M3.3]: Montagem, endereçamento e o checklist do show (prática)
insert into public.lessons (id,module_id,titulo,tipo,conteudo_rico,duracao_min,ordem,tem_quiz,preview_gratis) values
  ('10c00000-b551-4c00-9000-0000000b0011','10c00000-b551-4c00-9000-0000000000a3','Montagem, endereçamento e o checklist do show (prática)','texto','<p><strong>Montar luz é seguir um roteiro — e quem pula etapa paga no show.</strong> Rigging, energia, DMX, endereço, patch e teste têm uma ordem certa. Nesta aula você junta tudo o que viu no básico num passo a passo do dia do evento, do rider ao primeiro escuro. Faça sempre na mesma sequência: é assim que o problema aparece na montagem, e não no meio da música.</p>

<figure style="margin:16px 0;text-align:center"><img src="https://pshynylvvkhhohftouoe.supabase.co/storage/v1/object/public/media/img-luz-basico/rig-montado.jpg" alt="Rig de iluminação pequeno montado numa truss em H com PARes LED e dois moving heads, endereçado e pronto para o teste." style="max-width:100%;border-radius:10px;border:1px solid rgba(0,0,0,.12)" /><figcaption style="font-size:12px;opacity:.75;margin-top:6px">Um rig pequeno montado: truss com PARes LED e moving heads, cabeamento de DMX e energia feito, pronto para o endereçamento e o channel check.</figcaption></figure>

<h3>O passo a passo do dia do evento</h3>
<ol>
<li><strong>ANTES (planejamento):</strong> leia o rider e o mapa de luz. Saiba quantas fixtures, de que tipo e o desenho — frontal (ilumina o rosto), contra (separa do fundo) e fundo/cyc. Confira o material e as reservas: cabos DMX, cabos de força, garras, cabos de safety, lâmpadas e fusíveis. O que falta você descobre agora, não na hora de subir.</li>
<li><strong>RIGGING / ESTRUTURA:</strong> monte e confira a truss e a talha — a carga em kg está dentro do limite? Pendure cada fixture com <strong>clamp/garra</strong> e <strong>cabo de safety</strong>, sempre os dois. Mire aproximadamente já na montagem. Trabalho em altura é <strong>NR35</strong>: EPI, cinto e ninguém embaixo da carga.</li>
<li><strong>ENERGIA:</strong> monte a distro, confira a tensão e a chave <strong>110/220V</strong> de cada fixture antes de ligar. Distribua a carga entre os circuitos e disjuntores para não sobrecarregar, e aterre tudo. Refletor convencional (PAR de lâmpada) vai no rack de <strong>dimmer</strong>; LED e moving head vão direto na força (têm dimmer próprio).</li>
<li><strong>DADOS (DMX):</strong> puxe a linha DMX da mesa e ligue as fixtures em <strong>daisy chain</strong> — do IN de uma para o OUT da próxima. <strong>Terminador de 120Ω na última</strong> da linha. Se dividir em vários braços, use <strong>splitter</strong>. Cabo DMX blindado 120Ω, não cabo de microfone.</li>
<li><strong>ENDEREÇAMENTO:</strong> defina o modo/footprint de cada fixture (quantos canais ela ocupa) e distribua os endereços <strong>sem sobrepor</strong>. Fixture 1 no endereço 1; a próxima começa depois do footprint da anterior (ex.: modo de 8 canais → próxima no 9). Anote o mapa de endereços num papel.</li>
<li><strong>PATCH NA MESA:</strong> diga à mesa o modelo e o endereço de cada fixture, batendo exatamente com o que está setado na fixture. Patch errado = a mesa fala com o canal errado e nada responde direito.</li>
<li><strong>TESTE canal a canal (channel check):</strong> suba cada fixture sozinha e confira — a que acende é a que você endereçou? Cor, pan/tilt e gobo respondem? É aqui que você acha troca de endereço ou cabo ruim. Ache agora, com tempo, não no show.</li>
<li><strong>FOCO:</strong> mire cada fixture na posição certa — frontais no rosto, contras no contorno/ombros, fundo no cyc/telão. É o foco que transforma luz ligada em desenho de luz.</li>
<li><strong>PROGRAMAÇÃO:</strong> monte as cenas/looks e a lista (cuelist) seguindo a música e o roteiro do evento. Deixe pronto o abre, os momentos-chave e o fecha.</li>
<li><strong>ORDEM DE LIGAR / DESLIGAR e conferência final:</strong> sempre na sequência segura — estrutura conferida → energia (distro/disjuntores) → fixtures ligam e os moving fazem <strong>homing</strong> → mesa → teste. Ao desligar, faça o caminho inverso. Guarde cabos e fusíveis reserva à mão.</li>
</ol>

<h3>Checklist rápido do técnico de luz</h3>
<ul>
<li><strong>Safety em TODA fixture pendurada</strong> — além do clamp.</li>
<li><strong>Terminador de 120Ω</strong> na ponta de cada linha DMX.</li>
<li><strong>Carga dentro do disjuntor</strong> e da truss/talha (kg).</li>
<li><strong>Tensão 110/220V</strong> conferida em cada fixture.</li>
<li><strong>Endereços sem sobrepor</strong> — respeitando o footprint.</li>
<li><strong>Patch batendo</strong> com o endereço real na fixture.</li>
<li><strong>Channel check feito</strong> — cada fixture testada sozinha.</li>
<li><strong>Reservas à mão</strong> — cabos DMX/força, lâmpadas, fusíveis.</li>
</ul>

<p>No simulador de montagem/patch você faz esse ciclo do jeito real: liga a daisy chain, endereça sem sobrepor, faz o patch na mesa e roda o channel check até cada fixture responder certo.</p>

<h3>Resumo prático</h3>
<p><strong>Estrutura → energia → DMX → endereço → patch → teste → foco → programação.</strong> Sempre nessa ordem. Safety em toda fixture, terminador na ponta, carga dentro do disjuntor, endereços sem sobrepor e channel check feito: com isso o show sobe sem susto.</p>',20,3,true,false);
insert into public.quizzes (id,lesson_id,titulo) values ('10c00000-b551-4c00-9000-0000000c0011','10c00000-b551-4c00-9000-0000000b0011','Quiz — Montagem e checklist');
insert into public.quiz_questions (id,quiz_id,texto,explicacao,ordem,pontos) values ('10c00000-b551-4c00-9000-000000000b01','10c00000-b551-4c00-9000-0000000c0011','Qual é a ordem geral correta na montagem de luz?','Rigging/estrutura → energia → dados (DMX) → endereçamento → patch → channel check → foco → programação. Sempre a estrutura e a segurança primeiro.',1,1);
insert into public.quiz_options (question_id,texto,correta,ordem) values ('10c00000-b551-4c00-9000-000000000b01','Programar primeiro, montar depois',false,1);
insert into public.quiz_options (question_id,texto,correta,ordem) values ('10c00000-b551-4c00-9000-000000000b01','Estrutura → energia → DMX → endereços → patch → teste → foco',true,2);
insert into public.quiz_options (question_id,texto,correta,ordem) values ('10c00000-b551-4c00-9000-000000000b01','Foco → energia → estrutura',false,3);
insert into public.quiz_options (question_id,texto,correta,ordem) values ('10c00000-b551-4c00-9000-000000000b01','Não há ordem',false,4);
insert into public.quiz_questions (id,quiz_id,texto,explicacao,ordem,pontos) values ('10c00000-b551-4c00-9000-000000000b02','10c00000-b551-4c00-9000-0000000c0011','O ''channel check'' (teste canal a canal) serve para:','Subir cada fixture sozinha e conferir se a que acende é a endereçada e se cor/pan/tilt/gobo respondem — achar troca de endereço/cabo ruim ANTES do show.',2,1);
insert into public.quiz_options (question_id,texto,correta,ordem) values ('10c00000-b551-4c00-9000-000000000b02','Testar o som',false,1);
insert into public.quiz_options (question_id,texto,correta,ordem) values ('10c00000-b551-4c00-9000-000000000b02','Conferir fixture por fixture se responde certo',true,2);
insert into public.quiz_options (question_id,texto,correta,ordem) values ('10c00000-b551-4c00-9000-000000000b02','Aumentar a potência',false,3);
insert into public.quiz_options (question_id,texto,correta,ordem) values ('10c00000-b551-4c00-9000-000000000b02','Gravar cenas',false,4);
insert into public.quiz_questions (id,quiz_id,texto,explicacao,ordem,pontos) values ('10c00000-b551-4c00-9000-000000000b03','10c00000-b551-4c00-9000-0000000c0011','Refletor convencional (lâmpada) vai ligado em..., e LED/moving vão...:','Convencional vai no rack de DIMMER; LED e moving vão direto na energia (têm dimmer próprio).',3,1);
insert into public.quiz_options (question_id,texto,correta,ordem) values ('10c00000-b551-4c00-9000-000000000b03','...no dimmer; ...direto na energia',true,1);
insert into public.quiz_options (question_id,texto,correta,ordem) values ('10c00000-b551-4c00-9000-000000000b03','...direto na energia; ...no dimmer',false,2);
insert into public.quiz_options (question_id,texto,correta,ordem) values ('10c00000-b551-4c00-9000-000000000b03','ambos no dimmer',false,3);
insert into public.quiz_options (question_id,texto,correta,ordem) values ('10c00000-b551-4c00-9000-000000000b03','ambos sem energia',false,4);
insert into public.quiz_questions (id,quiz_id,texto,explicacao,ordem,pontos) values ('10c00000-b551-4c00-9000-000000000b04','10c00000-b551-4c00-9000-0000000c0011','Antes de subir na truss para montar, o técnico deve:','Conferir a carga da estrutura, usar EPI (capacete, cinto/talabarte) e seguir a NR35 de altura. Segurança primeiro.',4,1);
insert into public.quiz_options (question_id,texto,correta,ordem) values ('10c00000-b551-4c00-9000-000000000b04','Subir correndo sem equipamento',false,1);
insert into public.quiz_options (question_id,texto,correta,ordem) values ('10c00000-b551-4c00-9000-000000000b04','Conferir a carga e usar EPI (altura/NR35)',true,2);
insert into public.quiz_options (question_id,texto,correta,ordem) values ('10c00000-b551-4c00-9000-000000000b04','Energizar a truss com alguém em cima',false,3);
insert into public.quiz_options (question_id,texto,correta,ordem) values ('10c00000-b551-4c00-9000-000000000b04','Ignorar o peso',false,4);
insert into public.quiz_questions (id,quiz_id,texto,explicacao,ordem,pontos) values ('10c00000-b551-4c00-9000-000000000b05','10c00000-b551-4c00-9000-0000000c0011','Um bom item do checklist final é:','Safety em toda fixture, terminador na ponta, carga dentro do disjuntor, endereços sem sobrepor, patch batendo, channel check feito e reservas à mão.',5,1);
insert into public.quiz_options (question_id,texto,correta,ordem) values ('10c00000-b551-4c00-9000-000000000b05','Deixar cabos reserva em casa',false,1);
insert into public.quiz_options (question_id,texto,correta,ordem) values ('10c00000-b551-4c00-9000-000000000b05','Safety em todas, terminador na ponta, channel check feito e reservas à mão',true,2);
insert into public.quiz_options (question_id,texto,correta,ordem) values ('10c00000-b551-4c00-9000-000000000b05','Não conferir nada e confiar',false,3);
insert into public.quiz_options (question_id,texto,correta,ordem) values ('10c00000-b551-4c00-9000-000000000b05','Endereços sobrepostos de propósito',false,4);
insert into public.ai_animations (lesson_id,tipo,status,model,custo_usd,roteiro,urls) values ('10c00000-b551-4c00-9000-0000000b0011','interactive','ready','handcrafted-interactive',0,'{"titulo":"Simulador — Patch do Rig (prática)","metadata":{"titulo_aula":"Simulador — Patch do Rig (prática)","total_cenas":1,"duracao_total":0,"abordagem_didatica":"Simulador interativo — pratique movendo os controles"},"cenas":[{"numero":1,"titulo":"Simulador — Patch do Rig (prática)","modo":"widget","narracao":"Pratique o endereçamento do rig sem sobrepor e faça o channel check, como no dia do evento. Complete as 4 missões.","explicacao_texto":"Pratique o endereçamento do rig sem sobrepor e faça o channel check, como no dia do evento. Complete as 4 missões.","destaques":["Endereçar sem sobrepor","Modo/footprint por fixture","Channel check","Patch batendo com a fixture"]}]}'::jsonb,'[{"html":"<!doctype html><html lang=\"pt-BR\"><head><meta charset=\"utf-8\"><meta name=\"viewport\" content=\"width=device-width,initial-scale=1,maximum-scale=1,user-scalable=no\">\r\n<title>Simulador — Endereçamento e Patch DMX</title>\r\n<style>\r\n*{box-sizing:border-box;margin:0;padding:0;-webkit-tap-highlight-color:transparent}\r\nhtml,body{height:100%;background:#0b0e14;color:#e7ecf3;font-family:system-ui,Segoe UI,Roboto,Arial,sans-serif;overflow:hidden}\r\nbody{display:flex;align-items:center;justify-content:center}\r\n.console{width:1010px;height:625px;background:linear-gradient(180deg,#121722,#0d111a);border:1px solid #223049;border-radius:14px;padding:16px 18px;display:flex;flex-direction:column;gap:12px;box-shadow:0 10px 40px #0008}\r\nh1{font-size:15px;font-weight:700;color:#cfe0ff}\r\n.sub{font-size:11.5px;color:#8aa0c2;line-height:1.4}\r\n.main{display:grid;grid-template-columns:1.25fr .75fr;gap:16px;flex:1;min-height:0}\r\n.left{display:flex;flex-direction:column;gap:8px;min-height:0}\r\n.fixtures{display:flex;flex-direction:column;gap:7px;overflow:auto;padding-right:4px}\r\n.fx{display:grid;grid-template-columns:26px 1fr auto auto;gap:9px;align-items:center;background:#0e1421;border:1px solid #22314c;border-radius:9px;padding:7px 9px}\r\n.fx.sel{border-color:#3f7bd6;box-shadow:0 0 0 1px #3f7bd6}\r\n.fx .ic{width:26px;height:26px;border-radius:6px;display:flex;align-items:center;justify-content:center;font-size:14px}\r\n.fx .nm{font-size:12px;font-weight:700}.fx .md{font-size:10.5px;color:#8298bd}\r\n.mode select{background:#0c1220;color:#dce7fb;border:1px solid #2b3c58;border-radius:6px;font-size:11px;padding:3px 4px}\r\n.addr{display:flex;align-items:center;gap:4px}\r\n.addr button{width:24px;height:24px;padding:0;font-size:15px;line-height:1}\r\n.addr input{width:52px;text-align:center;background:#0c1220;color:#fff;border:1px solid #2b3c58;border-radius:6px;font-size:12px;padding:4px;font-variant-numeric:tabular-nums}\r\n.chspan{font-size:10px;color:#7f96bb;min-width:66px;text-align:right}\r\n.chspan.bad{color:#ff7b7b;font-weight:700}\r\n.universe{background:#0a0f1a;border:1px solid #22314c;border-radius:9px;padding:8px}\r\n.ubar{display:grid;grid-template-columns:repeat(32,1fr);gap:1px;margin-top:5px}\r\n.cell{height:11px;background:#141c2c;border-radius:1px}\r\n.uleg{font-size:10px;color:#7f96bb;display:flex;justify-content:space-between}\r\n.right{display:flex;flex-direction:column;gap:10px;min-width:0}\r\n.stage{flex:1;background:#04060a;border:1px solid #1c2740;border-radius:10px;position:relative;overflow:hidden;min-height:120px}\r\n.stage canvas{width:100%;height:100%;display:block}\r\n.mission{background:#0e1626;border:1px solid #24406e;border-radius:10px;padding:9px 11px;font-size:11.5px;line-height:1.45}\r\n.mrow{display:flex;align-items:center;gap:8px;margin-top:4px}.dot{width:13px;height:13px;border-radius:50%;border:2px solid #37507a;flex:none}.dot.ok{background:#39d98a;border-color:#39d98a}\r\n.btns{display:flex;gap:7px;flex-wrap:wrap}\r\nbutton{background:#1b2740;color:#dce7fb;border:1px solid #33507f;border-radius:8px;padding:6px 10px;font-size:11.5px;font-weight:600;cursor:pointer}\r\nbutton:hover{background:#233459}\r\nbutton.p{background:#1e5a3a;border-color:#2f8f5b}button.p:hover{background:#256e47}\r\n</style></head>\r\n<body>\r\n<div class=\"console\" id=\"console\">\r\n  <div><h1>Endereçamento e Patch DMX <span style=\"font-weight:400;color:#7f96bb;font-size:12px\">— Universo 1</span></h1>\r\n    <div class=\"sub\">Dê a cada fixture um <b>endereço inicial</b> sem sobrepor. Cada modo ocupa um número de canais (<b>footprint</b>). A próxima fixture começa <b>depois</b> da anterior.</div></div>\r\n  <div class=\"main\">\r\n    <div class=\"left\">\r\n      <div class=\"fixtures\" id=\"fixtures\"></div>\r\n      <div class=\"universe\">\r\n        <div class=\"uleg\"><span>Mapa do Universo (canais 1–512 · mostrando 1–256)</span><span id=\"usumm\"></span></div>\r\n        <div class=\"ubar\" id=\"ubar\"></div>\r\n        <div class=\"uleg\" style=\"margin-top:4px\"><span>1</span><span>64</span><span>128</span><span>192</span><span>256</span></div>\r\n      </div>\r\n    </div>\r\n    <div class=\"right\">\r\n      <div class=\"stage\"><canvas id=\"cv\"></canvas></div>\r\n      <div class=\"btns\">\r\n        <button id=\"check\" class=\"p\">▶ Channel check (testar selecionada)</button>\r\n        <button id=\"auto\">Auto-endereçar em sequência</button>\r\n      </div>\r\n      <div class=\"mission\" id=\"mission\"></div>\r\n      <div class=\"btns\"><button id=\"next\">Próxima missão ▸</button></div>\r\n    </div>\r\n  </div>\r\n</div>\r\n<script>\r\nconst MODES={ ''PAR LED'':[{n:''3ch (RGB)'',f:3},{n:''4ch (RGBW)'',f:4},{n:''8ch (Dim+RGB+...)'',f:8}],\r\n ''Moving Wash'':[{n:''12ch básico'',f:12},{n:''16ch estendido'',f:16}],\r\n ''Moving Spot'':[{n:''16ch'',f:16},{n:''24ch'',f:24}] };\r\nconst FX=[\r\n {nm:''PAR LED 1'',type:''PAR LED'',ic:''🔴'',col:''#ff5a5a'',mode:0,addr:1},\r\n {nm:''PAR LED 2'',type:''PAR LED'',ic:''🟢'',col:''#48e06a'',mode:0,addr:1},\r\n {nm:''Moving Wash'',type:''Moving Wash'',ic:''🔵'',col:''#4d8bff'',mode:0,addr:1},\r\n {nm:''Moving Spot'',type:''Moving Spot'',ic:''⚪'',col:''#ffe08a'',mode:0,addr:1},\r\n];\r\nlet sel=0, testing=-1, testT=0;\r\nconst foot=fx=>MODES[fx.type][fx.mode].f;\r\nconst fixturesEl=document.getElementById(''fixtures'');\r\nfunction buildFixtures(){fixturesEl.innerHTML='''';FX.forEach((fx,i)=>{\r\n const el=document.createElement(''div'');el.className=''fx''+(i===sel?'' sel'':'''');\r\n const opts=MODES[fx.type].map((m,mi)=>`<option value=\"${mi}\" ${mi===fx.mode?''selected'':''''}>${m.n}</option>`).join('''');\r\n el.innerHTML=`<div class=\"ic\" style=\"background:${fx.col}22;color:${fx.col}\">${fx.ic}</div>\r\n  <div><div class=\"nm\">${fx.nm}</div><div class=\"md\">${fx.type} · ${foot(fx)} canais</div></div>\r\n  <div class=\"mode\"><select data-mode>${opts}</select></div>\r\n  <div class=\"addr\"><button data-dn>−</button><input data-addr value=\"${fx.addr}\"><button data-up>+</button></div>`;\r\n fixturesEl.appendChild(el);\r\n el.onclick=()=>{sel=i;buildFixtures();draw();};\r\n el.querySelector(''[data-mode]'').onchange=e=>{fx.mode=+e.target.value;update();};\r\n el.querySelector(''[data-addr]'').onchange=e=>{fx.addr=clamp(parseInt(e.target.value)||1);update();};\r\n el.querySelector(''[data-up]'').onclick=ev=>{ev.stopPropagation();fx.addr=clamp(fx.addr+1);update();};\r\n el.querySelector(''[data-dn]'').onclick=ev=>{ev.stopPropagation();fx.addr=clamp(fx.addr-1);update();};\r\n});\r\n // spans de canal e conflito\r\n FX.forEach((fx,i)=>{const el=fixturesEl.children[i];const end=fx.addr+foot(fx)-1;\r\n  const bad=conflicts(i);const span=document.createElement(''div'');span.className=''chspan''+(bad?'' bad'':'''');\r\n  span.textContent=(bad?''⚠ '':'''')+''ch ''+fx.addr+''–''+end;el.appendChild(span);});\r\n}\r\nfunction clamp(v){return Math.max(1,Math.min(512,v));}\r\nfunction conflicts(i){const a1=FX[i].addr,a2=a1+foot(FX[i])-1;return FX.some((o,j)=>{if(j===i)return false;const b1=o.addr,b2=o.addr+foot(o)-1;return a1<=b2&&b1<=a2;});}\r\nfunction anyConflict(){return FX.some((_,i)=>conflicts(i));}\r\n// universo bar\r\nconst ubar=document.getElementById(''ubar'');const CELLS=256;\r\nfor(let i=0;i<CELLS;i++){const c=document.createElement(''div'');c.className=''cell'';ubar.appendChild(c);}\r\nfunction paintUniverse(){const cells=ubar.children;for(let i=0;i<CELLS;i++)cells[i].style.background=''#141c2c'';\r\n // marca ocupação; conflito = vermelho\r\n const owner=new Array(CELLS).fill(-1);\r\n FX.forEach((fx,i)=>{for(let c=fx.addr;c<fx.addr+foot(fx);c++){const idx=c-1;if(idx<0||idx>=CELLS)continue;\r\n   if(owner[idx]===-1){owner[idx]=i;cells[idx].style.background=fx.col;}else{cells[idx].style.background=''#ff4d4d'';}}});\r\n document.getElementById(''usumm'').textContent=anyConflict()?''⚠ há sobreposição'':''sem conflitos ✓'';\r\n document.getElementById(''usumm'').style.color=anyConflict()?''#ff7b7b'':''#39d98a'';\r\n}\r\n// stage canvas — desenha 4 fixtures e pisca a testada\r\nconst cv=document.getElementById(''cv'');const ctx=cv.getContext(''2d'');\r\nfunction sizeCanvas(){const r=cv.getBoundingClientRect();const dpr=Math.min(2,devicePixelRatio||1);cv.width=r.width*dpr;cv.height=r.height*dpr;ctx.setTransform(dpr,0,0,dpr,0,0);draw();}\r\nfunction draw(){const r=cv.getBoundingClientRect();const W=r.width,H=r.height;ctx.clearRect(0,0,W,H);ctx.fillStyle=''#04060a'';ctx.fillRect(0,0,W,H);\r\n ctx.fillStyle=''#7f96bb'';ctx.font=''10.5px system-ui'';ctx.fillText(''Palco — channel check'',10,15);\r\n const n=FX.length;const gap=W/(n+1);\r\n FX.forEach((fx,i)=>{const x=gap*(i+1),y=H*0.3;const lit=(i===testing);const active=(i===sel);\r\n  ctx.fillStyle=active?''#22304a'':''#141b28'';ctx.strokeStyle=active?''#3f7bd6'':''#26324a'';ctx.lineWidth=1.5;\r\n  ctx.beginPath();ctx.roundRect(x-16,y-12,32,24,5);ctx.fill();ctx.stroke();\r\n  if(lit){const bg=ctx.createLinearGradient(0,y,0,H*0.95);bg.addColorStop(0,hex(fx.col,0.8));bg.addColorStop(1,hex(fx.col,0));\r\n   ctx.beginPath();ctx.moveTo(x-8,y+10);ctx.lineTo(x-34,H*0.92);ctx.lineTo(x+34,H*0.92);ctx.lineTo(x+8,y+10);ctx.closePath();ctx.fillStyle=bg;ctx.fill();\r\n   ctx.fillStyle=hex(fx.col,1);ctx.beginPath();ctx.arc(x,y,6,0,7);ctx.fill();}\r\n  ctx.fillStyle=lit?''#fff'':''#6b7f9e'';ctx.font=''9px system-ui'';ctx.textAlign=''center'';ctx.fillText(''@''+fx.addr,x,y+34);ctx.textAlign=''left'';});\r\n if(testing>=0){ctx.fillStyle=''#39d98a'';ctx.font=''11px system-ui'';ctx.fillText(''▶ Testando ''+FX[testing].nm+'' (endereço ''+FX[testing].addr+'')'',10,H-12);}\r\n}\r\nfunction hex(h,a){const c=h.replace(''#'','''');return `rgba(${parseInt(c.substr(0,2),16)},${parseInt(c.substr(2,2),16)},${parseInt(c.substr(4,2),16)},${a})`;}\r\nfunction update(){buildFixtures();paintUniverse();draw();checkMission();}\r\ndocument.getElementById(''check'').onclick=()=>{testing=sel;draw();clearTimeout(testT);testT=setTimeout(()=>{testing=-1;draw();},1400);};\r\ndocument.getElementById(''auto'').onclick=()=>{let a=1;FX.forEach(fx=>{fx.addr=a;a+=foot(fx);});update();};\r\n// missões\r\nconst M=[\r\n {t:''Toda fixture no endereço 1 se sobrepõe. <b>Endereça as 4 sem nenhum conflito</b> (mapa todo sem vermelho).'',ok:()=>!anyConflict()},\r\n {t:''Coloque o <b>Moving Spot no modo 24ch</b> e re-endereça tudo em sequência sem sobrepor.'',ok:()=>FX[3].mode===1&&!anyConflict()},\r\n {t:''Faça o <b>PAR LED 1 e o PAR LED 2 no MESMO endereço</b> de propósito (clones que reagem juntos) — e mantenha os movings sem conflito com eles.'',ok:()=>FX[0].addr===FX[1].addr && FX[0].mode===FX[1].mode && !overlapMovings()},\r\n {t:''Volte a um patch limpo: use “Auto-endereçar” e confira no <b>channel check</b>.'',ok:()=>!anyConflict()&&sequential()},\r\n];\r\nfunction overlapMovings(){const set=[2,3];return !set.some(i=>{const a1=FX[i].addr,a2=a1+foot(FX[i])-1;return [0,1].some(j=>{const b1=FX[j].addr,b2=b1+foot(FX[j])-1;return a1<=b2&&b1<=a2;})|| (i===2&&(function(){const b1=FX[3].addr,b2=b1+foot(FX[3])-1;return a1<=b2&&b1<=a2;})());});}\r\nfunction sequential(){let a=1;for(const fx of FX){if(fx.addr!==a)return false;a+=foot(fx);}return true;}\r\nlet mi=0;\r\nfunction drawMission(){document.getElementById(''mission'').innerHTML=`<div><b>Missão ${mi+1}/${M.length}:</b> ${M[mi].t}</div><div class=\"mrow\"><span class=\"dot\" id=\"mdot\"></span><span id=\"mstat\">…</span></div>`;}\r\nfunction checkMission(){const dot=document.getElementById(''mdot'');if(!dot)return;let ok=false;try{ok=M[mi].ok();}catch(e){}if(ok){dot.classList.add(''ok'');document.getElementById(''mstat'').textContent=''✓ Correto! Próxima missão.'';}else{dot.classList.remove(''ok'');document.getElementById(''mstat'').textContent=''Ajuste os endereços…'';}}\r\ndocument.getElementById(''next'').onclick=()=>{mi=(mi+1)%M.length;drawMission();update();};\r\nfunction fit(){const DW=1010,DH=625;const vw=innerWidth,vh=innerHeight;const scrH=(window.screen&&screen.height)||vh;const iframeTaller=vh>scrH+8;const visH=Math.min(vh,scrH);const headerAllow=iframeTaller?84:(vh>700?24:6);const effVh=Math.max(240,visH-headerAllow);const z=Math.min(vw/DW,effVh/DH);document.getElementById(''console'').style.zoom=z;requestAnimationFrame(sizeCanvas);}\r\naddEventListener(''resize'',fit);buildFixtures();paintUniverse();drawMission();fit();setTimeout(fit,60);\r\n</script></body></html>\r\n"}]'::jsonb);

commit;
