-- ====================================================================
-- SMU PRO — REFORMULAÇÃO do curso 'SOM BASICO' (e669a8b5)
-- Apaga módulos/aulas antigos do curso e reconstrói (2 módulos, 14 aulas).
-- ATENÇÃO: o delete em cascata remove progresso/notas das AULAS ANTIGAS (curso júnior/grátis).
-- Mantém o MESMO curso (id/slug/matrículas/certificados). Idempotente ao reaplicar.
-- ====================================================================
begin;

-- 1) Limpa TODO o conteúdo antigo do curso (cascata: lessons/quizzes/anim/progress/notas).
delete from public.modules where course_id = 'e669a8b5-18dd-48a3-b9bf-2fefac43f0c2';

-- 2) Atualiza metadados do curso (mantém id/slug/matrículas/certificados).
update public.courses set
  titulo = 'Som — Básico',
  descricao_curta = 'Formação base do técnico de som ao vivo: cadeia de sinal, cabos e conectores, ganho, EQ, dinâmica, efeitos, microfones (com e sem fio), mesa analógica, PA e passagem de som — com imagens realistas e simuladores práticos.',
  categoria = 'som', total_aulas = 14
  where id = 'e669a8b5-18dd-48a3-b9bf-2fefac43f0c2';

-- 3) Módulos
insert into public.modules (id,course_id,titulo,ordem) values ('e6b50000-b551-4c00-9000-0000000000a1','e669a8b5-18dd-48a3-b9bf-2fefac43f0c2','Fundamentos do Áudio ao Vivo',1);
insert into public.modules (id,course_id,titulo,ordem) values ('e6b50000-b551-4c00-9000-0000000000a2','e669a8b5-18dd-48a3-b9bf-2fefac43f0c2','Equipamentos e Operação (menor porte)',2);

-- AULA 1 [M1.1]: A cadeia do som ao vivo: da voz até a caixa
insert into public.lessons (id,module_id,titulo,tipo,conteudo_rico,duracao_min,ordem,tem_quiz,preview_gratis) values
  ('e6b50000-b551-4c00-9000-0000000b0001','e6b50000-b551-4c00-9000-0000000000a1','A cadeia do som ao vivo: da voz até a caixa','texto','<p><strong>Antes de mexer em qualquer botão, entenda o caminho.</strong> Todo som que sai de uma caixa passou por uma sequência de etapas — a <strong>cadeia do som</strong>. Se você entende essa cadeia, você resolve 90% dos problemas de um show, porque quase todo "não sai som" é só uma etapa dessa corrente que travou. Esta é a primeira coisa que um técnico precisa saber.</p>

<figure style="margin:16px 0;text-align:center"><img src="https://pshynylvvkhhohftouoe.supabase.co/storage/v1/object/public/media/img-som-basico/cadeia-sinal.jpg" alt="Caminho do sinal no palco: microfone no pedestal, cabo até a mesa de som, amplificador e caixa acústica." style="max-width:100%;border-radius:10px;border:1px solid rgba(0,0,0,.12)" /><figcaption style="font-size:12px;opacity:.75;margin-top:6px">A cadeia do som, da esquerda para a direita: microfone → cabo → mesa → amplificador → caixa acústica.</figcaption></figure>

<h3>A cadeia, do começo ao fim</h3>
<p><strong>O caminho do som ao vivo é sempre este:</strong></p>
<ul>
<li><strong>1. Fonte:</strong> de onde o som nasce — uma voz, um violão, um teclado, a batida.</li>
<li><strong>2. Captação (microfone ou DI):</strong> transforma o som (ou o sinal do instrumento) em <strong>sinal elétrico</strong>. Microfone para o que é acústico (voz, caixa da bateria); <strong>DI</strong> para instrumentos com saída elétrica (baixo, teclado, violão com captador).</li>
<li><strong>3. Cabo:</strong> transporta esse sinal fraco até a mesa. Em geral um cabo <strong>XLR</strong> (aquele de 3 pinos) para microfone.</li>
<li><strong>4. Mesa de som:</strong> o cérebro. Aqui o sinal é amplificado (ganho), tratado (EQ, volume) e enviado adiante.</li>
<li><strong>5. Amplificador (ou caixa ativa):</strong> pega o sinal já tratado e dá <strong>potência</strong> para mover os alto-falantes.</li>
<li><strong>6. Caixa acústica:</strong> transforma a potência elétrica de volta em som que a plateia ouve.</li>
</ul>
<p><strong>Regra de ouro:</strong> o som só chega no fim se <strong>todas</strong> as etapas estiverem funcionando. Uma etapa quebrada = silêncio. Por isso o técnico pensa "em cadeia": ele segue o caminho do sinal, do microfone até a caixa, procurando onde ele parou.</p>

<h3>Sinal fraco x sinal forte: por que a ordem importa</h3>
<p><strong>O sinal muda de "força" ao longo da cadeia.</strong> Ele sai do microfone <strong>muito fraco</strong> (nível de microfone). Na mesa, o <strong>ganho</strong> levanta esse sinal para um nível utilizável (nível de linha). Só no final, o <strong>amplificador</strong> o transforma em potência (nível de alto-falante), capaz de mover o cone da caixa. Ligar as coisas fora dessa lógica — por exemplo, jogar a saída da mesa direto no alto-falante sem amplificador — não funciona.</p>

<h3>Os três "níveis" que você vai ouvir falar</h3>
<ul>
<li><strong>Nível de microfone:</strong> o mais fraco. Precisa de ganho na mesa.</li>
<li><strong>Nível de linha:</strong> o sinal "de trabalho" dentro e entre equipamentos (mesa, processadores, teclado). É o nível de saída de um teclado, por exemplo — por isso ele entra pela DI ou por um canal em modo linha, não precisando de tanto ganho quanto um microfone.</li>
<li><strong>Nível de alto-falante:</strong> o sinal já com potência, saindo do amplificador para a caixa. <strong>Nunca</strong> ligue esse nível numa entrada de microfone — você queima a entrada.</li>
</ul>

<h3>Caixa ativa x caixa passiva (uma pegadinha comum)</h3>
<p><strong>Caixa ativa</strong> já tem amplificador embutido — você liga a saída da mesa direto nela (nível de linha) e ela mesma amplifica. <strong>Caixa passiva</strong> não tem amplificador — precisa de um amplificador externo entre a mesa e a caixa. Confundir os dois é motivo clássico de "liguei tudo e não sai som" (ou, pior, ligar saída de amplificador numa caixa ativa e danificar).</p>

<h3>Pensando como técnico: achar onde travou</h3>
<p><strong>Quando não sai som, siga a cadeia na ordem, do início ao fim:</strong></p>
<ul>
<li>O <strong>microfone</strong> está ligado/na posição certa? (condensador precisa de <strong>phantom power</strong> — veremos na próxima aula).</li>
<li>O <strong>cabo</strong> está bem conectado nas duas pontas? (a falha nº 1 do mundo real é cabo solto ou com mau contato).</li>
<li>Na <strong>mesa</strong>: o canal tem <strong>ganho</strong>? Está <strong>mutado</strong>? O <strong>fader</strong> está embaixo? O canal está roteado para a saída principal?</li>
<li>O <strong>amplificador</strong>/caixa ativa está ligado e com volume?</li>
</ul>
<p><strong>Faça isso sempre na mesma ordem</strong> e você acha o problema em segundos, sem pânico. É exatamente isso que você vai treinar no simulador.</p>

<h3>Pratique no simulador</h3>
<p><strong>No simulador abaixo você monta a cadeia inteira</strong> — liga o microfone, conecta o cabo, sobe o ganho e o fader, tira o mute e liga o amplificador — até o som chegar na caixa. Depois vêm os <strong>cenários de defeito</strong>: em cada um, algo está travando o sinal e você precisa descobrir o quê. Use o botão <strong>Testar sinal</strong>: ele mostra exatamente em que etapa o som parou. Complete as 4 missões.</p>',20,1,true,true);
insert into public.quizzes (id,lesson_id,titulo) values ('e6b50000-b551-4c00-9000-0000000c0001','e6b50000-b551-4c00-9000-0000000b0001','Quiz — A cadeia do som ao vivo');
insert into public.quiz_questions (id,quiz_id,texto,explicacao,ordem,pontos) values ('e6b50000-b551-4c00-9000-000000000101','e6b50000-b551-4c00-9000-0000000c0001','O que é a "cadeia do som"?','É a sequência de etapas por onde o sinal passa, da fonte (voz/instrumento) até a caixa acústica. Se uma etapa trava, o som não chega.',1,1);
insert into public.quiz_options (question_id,texto,correta,ordem) values ('e6b50000-b551-4c00-9000-000000000101','Um tipo de cabo de microfone',false,1);
insert into public.quiz_options (question_id,texto,correta,ordem) values ('e6b50000-b551-4c00-9000-000000000101','A sequência de etapas por onde o sinal passa, da fonte até a caixa',true,2);
insert into public.quiz_options (question_id,texto,correta,ordem) values ('e6b50000-b551-4c00-9000-000000000101','Uma marca de mesa de som',false,3);
insert into public.quiz_options (question_id,texto,correta,ordem) values ('e6b50000-b551-4c00-9000-000000000101','O nome do show de abertura',false,4);
insert into public.quiz_questions (id,quiz_id,texto,explicacao,ordem,pontos) values ('e6b50000-b551-4c00-9000-000000000102','e6b50000-b551-4c00-9000-0000000c0001','Qual etapa transforma o som acústico (uma voz) em sinal elétrico?','O microfone converte a energia acústica em sinal elétrico, que então segue pelo cabo até a mesa.',2,1);
insert into public.quiz_options (question_id,texto,correta,ordem) values ('e6b50000-b551-4c00-9000-000000000102','O amplificador',false,1);
insert into public.quiz_options (question_id,texto,correta,ordem) values ('e6b50000-b551-4c00-9000-000000000102','O microfone',true,2);
insert into public.quiz_options (question_id,texto,correta,ordem) values ('e6b50000-b551-4c00-9000-000000000102','A caixa acústica',false,3);
insert into public.quiz_options (question_id,texto,correta,ordem) values ('e6b50000-b551-4c00-9000-000000000102','O cabo',false,4);
insert into public.quiz_questions (id,quiz_id,texto,explicacao,ordem,pontos) values ('e6b50000-b551-4c00-9000-000000000103','e6b50000-b551-4c00-9000-0000000c0001','Um teclado, que tem saída elétrica, normalmente entra na mesa por:','Instrumentos com saída elétrica (teclado, baixo, violão com captador) entram por uma DI ou entrada de linha — não precisam de microfone.',3,1);
insert into public.quiz_options (question_id,texto,correta,ordem) values ('e6b50000-b551-4c00-9000-000000000103','Um microfone apontado para ele',false,1);
insert into public.quiz_options (question_id,texto,correta,ordem) values ('e6b50000-b551-4c00-9000-000000000103','Uma DI / entrada de linha',true,2);
insert into public.quiz_options (question_id,texto,correta,ordem) values ('e6b50000-b551-4c00-9000-000000000103','Direto no alto-falante',false,3);
insert into public.quiz_options (question_id,texto,correta,ordem) values ('e6b50000-b551-4c00-9000-000000000103','Não pode ser ligado na mesa',false,4);
insert into public.quiz_questions (id,quiz_id,texto,explicacao,ordem,pontos) values ('e6b50000-b551-4c00-9000-000000000104','e6b50000-b551-4c00-9000-0000000c0001','"Não sai som." Qual é a atitude correta do técnico?','Seguir a cadeia na ordem — microfone, cabo, mesa (ganho/mute/fader), amplificador — checando cada etapa até achar onde travou.',4,1);
insert into public.quiz_options (question_id,texto,correta,ordem) values ('e6b50000-b551-4c00-9000-000000000104','Trocar a mesa de som inteira',false,1);
insert into public.quiz_options (question_id,texto,correta,ordem) values ('e6b50000-b551-4c00-9000-000000000104','Aumentar tudo no máximo de uma vez',false,2);
insert into public.quiz_options (question_id,texto,correta,ordem) values ('e6b50000-b551-4c00-9000-000000000104','Seguir a cadeia na ordem, checando cada etapa até achar onde travou',true,3);
insert into public.quiz_options (question_id,texto,correta,ordem) values ('e6b50000-b551-4c00-9000-000000000104','Reiniciar o show',false,4);
insert into public.quiz_questions (id,quiz_id,texto,explicacao,ordem,pontos) values ('e6b50000-b551-4c00-9000-000000000105','e6b50000-b551-4c00-9000-0000000c0001','Uma caixa acústica PASSIVA precisa de:','A caixa passiva não tem amplificador embutido; precisa de um amplificador externo entre a mesa e a caixa. A caixa ativa já tem amplificador dentro.',5,1);
insert into public.quiz_options (question_id,texto,correta,ordem) values ('e6b50000-b551-4c00-9000-000000000105','Nada, liga direto na tomada e funciona',false,1);
insert into public.quiz_options (question_id,texto,correta,ordem) values ('e6b50000-b551-4c00-9000-000000000105','Um amplificador externo entre a mesa e a caixa',true,2);
insert into public.quiz_options (question_id,texto,correta,ordem) values ('e6b50000-b551-4c00-9000-000000000105','Dois microfones',false,3);
insert into public.quiz_options (question_id,texto,correta,ordem) values ('e6b50000-b551-4c00-9000-000000000105','Apenas um cabo de rede',false,4);
insert into public.quiz_questions (id,quiz_id,texto,explicacao,ordem,pontos) values ('e6b50000-b551-4c00-9000-000000000106','e6b50000-b551-4c00-9000-0000000c0001','Onde você NUNCA deve ligar o sinal de saída de um amplificador (nível de alto-falante)?','O nível de alto-falante é potente; ligá-lo numa entrada de microfone (que espera um sinal fraquíssimo) danifica a entrada.',6,1);
insert into public.quiz_options (question_id,texto,correta,ordem) values ('e6b50000-b551-4c00-9000-000000000106','Numa caixa passiva',false,1);
insert into public.quiz_options (question_id,texto,correta,ordem) values ('e6b50000-b551-4c00-9000-000000000106','Numa entrada de microfone da mesa',true,2);
insert into public.quiz_options (question_id,texto,correta,ordem) values ('e6b50000-b551-4c00-9000-000000000106','Num alto-falante compatível',false,3);
insert into public.quiz_options (question_id,texto,correta,ordem) values ('e6b50000-b551-4c00-9000-000000000106','Em lugar nenhum, amplificador não tem saída',false,4);
insert into public.ai_animations (lesson_id,tipo,status,model,roteiro,urls) values ('e6b50000-b551-4c00-9000-0000000b0001','interactive','ready','handcrafted-interactive','{"titulo":"Simulador — A Cadeia do Som","cenas":[{"numero":1,"titulo":"Simulador — A Cadeia do Som","modo":"widget","narracao":"Monte a cadeia do som e aprenda a achar onde o sinal trava. Complete as 4 missões.","explicacao_texto":"Monte a cadeia do som e aprenda a achar onde o sinal trava. Complete as 4 missões.","destaques":["Fonte → mic/DI → cabo → mesa → amp → caixa","Níveis de sinal","Troubleshooting: achar onde travou"]}]}'::jsonb,'[{"html":"<!doctype html>\n<html lang=\"pt-BR\">\n<head>\n<meta charset=\"utf-8\">\n<meta name=\"viewport\" content=\"width=device-width, initial-scale=1\">\n<title>Simulador — A Cadeia do Som ao Vivo (SMU)</title>\n<style>\n  :root{\n    --bg:#0b0f17; --panel:#131a29; --panel2:#0e1420; --line:#233149; --ink:#e7ecf5;\n    --muted:#8ea0bd; --amber:#F59E0B; --green:#22c55e; --red:#ef4444; --cyan:#22d3ee;\n  }\n  *{box-sizing:border-box}\n  html,body{margin:0}\n  body{background:var(--bg);color:var(--ink);\n    font-family:\"Space Grotesk\",system-ui,-apple-system,\"Segoe UI\",Roboto,sans-serif;\n    -webkit-font-smoothing:antialiased;padding:10px}\n  h1{font-size:15px;margin:0 0 2px}\n  .sub{font-size:11.5px;color:var(--muted);margin-bottom:10px}\n\n  .mission{display:flex;gap:10px;align-items:center;background:#0c1220;border:1px solid var(--line);\n    border-radius:10px;padding:9px 12px;margin-bottom:12px}\n  .mission .idx{font-size:10px;color:var(--amber);font-weight:800;letter-spacing:.8px;white-space:nowrap}\n  .mission .txt{font-size:12.5px;line-height:1.3;flex:1}\n  .mission .txt b{color:var(--amber)}\n  .mission button{font:inherit;font-size:11px;color:var(--muted);background:transparent;border:1px solid var(--line);\n    border-radius:7px;padding:6px 9px;cursor:pointer}\n\n  .chain{display:flex;flex-wrap:wrap;gap:8px;align-items:stretch;justify-content:center}\n  .stage{flex:1 1 140px;min-width:130px;max-width:200px;background:linear-gradient(180deg,var(--panel),var(--panel2));\n    border:1.5px solid var(--line);border-radius:12px;padding:11px 10px;display:flex;flex-direction:column;gap:8px;\n    position:relative;transition:border-color .2s,box-shadow .2s}\n  .stage.ok{border-color:var(--green);box-shadow:0 0 0 1px var(--green) inset}\n  .stage.bad{border-color:var(--red);box-shadow:0 0 14px #ef444455}\n  .stage .ic{font-size:26px;line-height:1;text-align:center}\n  .stage .nm{font-size:12.5px;font-weight:700;text-align:center}\n  .stage .st{font-size:10.5px;color:var(--muted);text-align:center;min-height:14px}\n  .stage.bad .st{color:var(--red)}\n  .arrow{align-self:center;color:#33456a;font-size:20px;flex:0 0 auto;transition:color .15s}\n  .arrow.live{color:var(--amber);text-shadow:0 0 10px var(--amber)}\n\n  .btn{font:inherit;border:0;border-radius:8px;padding:9px 8px;font-weight:700;cursor:pointer;font-size:11.5px;\n    background:#0c1220;border:1px solid var(--line);color:var(--ink);width:100%}\n  .btn.on{background:var(--green);border-color:var(--green);color:#08120a}\n  .btn.off{background:#1a1010;border-color:#5b2626;color:#ff9a9a}\n  label.sl{font-size:10px;color:var(--muted);display:flex;justify-content:space-between}\n  input[type=range]{width:100%;accent-color:var(--amber);height:22px}\n  .meterbox{height:12px;border-radius:6px;background:#05070d;border:1px solid #1a2540;overflow:hidden}\n  .meterbox i{display:block;height:100%;width:0%;background:linear-gradient(90deg,var(--green),var(--amber) 82%,var(--red));transition:width .08s}\n\n  .controls{display:flex;gap:8px;margin-top:14px;flex-wrap:wrap;align-items:center;justify-content:center}\n  .test{background:var(--amber);color:#0b0f17;font-weight:800;border:0;border-radius:9px;padding:11px 20px;cursor:pointer;font-size:13px}\n  .reset{background:transparent;color:var(--muted);border:1px solid var(--line);border-radius:9px;padding:11px 16px;cursor:pointer;font:inherit}\n  .verdict{font-size:12.5px;font-weight:700;padding:8px 12px;border-radius:8px;min-height:18px;text-align:center;flex-basis:100%}\n  .verdict.good{color:var(--green)} .verdict.bad{color:var(--red)}\n  .spk{display:flex;flex-direction:column;gap:6px;align-items:center;justify-content:center}\n  .wave{font-size:11px;color:var(--muted)}\n  @media(max-width:560px){\n    .stage{flex-basis:100%;max-width:none;flex-direction:row;align-items:center;text-align:left}\n    .stage .ic{font-size:22px} .stage>div:nth-child(2){flex:1}\n    .arrow{transform:rotate(90deg)}\n  }\n</style>\n</head>\n<body>\n  <h1>A Cadeia do Som ao Vivo</h1>\n  <div class=\"sub\">Monte o caminho do som — da voz até a caixa — e aprenda a achar onde o sinal \"trava\".</div>\n\n  <div class=\"mission\">\n    <span class=\"idx\" id=\"mIdx\">MISSÃO 1/4</span>\n    <span class=\"txt\" id=\"mTxt\">—</span>\n    <button id=\"mSkip\">Pular</button>\n  </div>\n\n  <div class=\"chain\" id=\"chain\"></div>\n\n  <div class=\"controls\">\n    <button class=\"test\" id=\"testBtn\">▶ Testar sinal</button>\n    <button class=\"reset\" id=\"resetBtn\">Ligar tudo</button>\n    <div class=\"verdict\" id=\"verdict\"></div>\n  </div>\n\n<script>\n\"use strict\";\n(function(){\n  const state={ micOn:true, cableOn:true, gain:60, chOn:true, fader:70, ampOn:true };\n  const chain=document.getElementById(\"chain\");\n  const V=document.getElementById(\"verdict\");\n\n  // define stages\n  const stages=[\n    {id:\"src\", ic:\"🎙️\", nm:\"Fonte (Voz)\", body:st=>`<div class=\"st\">Sinal acústico</div>`, ok:()=>true},\n    {id:\"mic\", ic:\"🎤\", nm:\"Microfone\", ok:()=>state.micOn,\n      body:st=>`<button class=\"btn ${state.micOn?''on'':''off''}\" data-t=\"micOn\">${state.micOn?''LIGADO'':''DESLIGADO''}</button>\n                <div class=\"st\">Transforma som em sinal elétrico</div>`},\n    {id:\"cab\", ic:\"🔌\", nm:\"Cabo XLR\", ok:()=>state.cableOn,\n      body:st=>`<button class=\"btn ${state.cableOn?''on'':''off''}\" data-t=\"cableOn\">${state.cableOn?''CONECTADO'':''SOLTO''}</button>\n                <div class=\"st\">Leva o sinal até a mesa</div>`},\n    {id:\"mix\", ic:\"🎚️\", nm:\"Mesa de Som\", ok:()=>state.gain>5&&state.chOn&&state.fader>5,\n      body:st=>`\n        <label class=\"sl\">Ganho <span>${state.gain}</span></label><input type=\"range\" min=\"0\" max=\"100\" value=\"${state.gain}\" data-r=\"gain\">\n        <button class=\"btn ${state.chOn?''on'':''off''}\" data-t=\"chOn\">${state.chOn?''CANAL ON'':''MUTE''}</button>\n        <label class=\"sl\">Fader <span>${state.fader}</span></label><input type=\"range\" min=\"0\" max=\"100\" value=\"${state.fader}\" data-r=\"fader\">`},\n    {id:\"amp\", ic:\"🧯\", nm:\"Amplificador\", ok:()=>state.ampOn,\n      body:st=>`<button class=\"btn ${state.ampOn?''on'':''off''}\" data-t=\"ampOn\">${state.ampOn?''LIGADO'':''DESLIGADO''}</button>\n                <div class=\"st\">Dá potência para a caixa</div>`},\n    {id:\"spk\", ic:\"🔊\", nm:\"Caixa\", ok:()=>true,\n      body:st=>`<div class=\"meterbox\"><i id=\"spkMeter\"></i></div><div class=\"wave\" id=\"spkTxt\">silêncio</div>`},\n  ];\n\n  function firstBreak(){ // retorna índice do primeiro estágio que trava, ou -1\n    for(let i=0;i<stages.length;i++){ if(!stages[i].ok()) return i; } return -1;\n  }\n  function reasons(i){ return {\n    mic:\"Microfone desligado\", cab:\"Cabo solto\",\n    mix: state.gain<=5?\"Ganho no zero\": (!state.chOn?\"Canal mutado\":\"Fader embaixo\"),\n    amp:\"Amplificador desligado\" }[stages[i].id] || \"—\"; }\n\n  function render(){\n    chain.innerHTML=\"\";\n    stages.forEach((s,i)=>{\n      if(i>0){ const a=document.createElement(\"div\"); a.className=\"arrow\"; a.dataset.gap=i; a.textContent=\"➜\"; chain.appendChild(a); }\n      const d=document.createElement(\"div\"); d.className=\"stage\"; d.dataset.id=s.id;\n      d.innerHTML=`<div class=\"ic\">${s.ic}</div><div><div class=\"nm\">${s.nm}</div>${s.body(s)}</div>`;\n      chain.appendChild(d);\n    });\n    wire();\n    liveMeter();\n  }\n  function wire(){\n    chain.querySelectorAll(\"[data-t]\").forEach(b=>b.onclick=()=>{ state[b.dataset.t]=!state[b.dataset.t]; render(); check(); });\n    chain.querySelectorAll(\"[data-r]\").forEach(r=>r.oninput=()=>{ state[r.dataset.r]=+r.value;\n      r.previousElementSibling.querySelector(\"span\").textContent=r.value; liveMeter(); check(); });\n  }\n\n  // medidor da caixa em tempo real (quando a cadeia funciona)\n  let raf;\n  function chainWorks(){ return firstBreak()===-1 && stages.every(s=>s.ok()); }\n  function liveMeter(){\n    const m=document.getElementById(\"spkMeter\"), t=document.getElementById(\"spkTxt\");\n    if(!m) return;\n    if(chainWorks()){ const lvl=Math.round(state.gain*0.4+state.fader*0.55); m.style.width=lvl+\"%\";\n      t.textContent=\"🔊 som na caixa (\"+lvl+\"%)\"; t.style.color=\"var(--green)\"; }\n    else { m.style.width=\"0%\"; t.textContent=\"silêncio\"; t.style.color=\"var(--muted)\"; }\n  }\n\n  // teste animado do sinal percorrendo a cadeia\n  document.getElementById(\"testBtn\").onclick=()=>{\n    chain.querySelectorAll(\".stage\").forEach(s=>s.classList.remove(\"ok\",\"bad\"));\n    chain.querySelectorAll(\".arrow\").forEach(a=>a.classList.remove(\"live\"));\n    const brk=firstBreak();\n    const stageEls=[...chain.querySelectorAll(\".stage\")];\n    const arrowEls=[...chain.querySelectorAll(\".arrow\")];\n    let i=0;\n    const step=()=>{\n      if(i>0) arrowEls[i-1] && arrowEls[i-1].classList.add(\"live\");\n      const stop = (brk!==-1 && i>=brk);\n      if(stop){ stageEls[brk].classList.add(\"bad\");\n        V.textContent=\"✖ O sinal travou em: \"+stages[brk].nm+\" — \"+reasons(brk); V.className=\"verdict bad\"; return; }\n      stageEls[i].classList.add(\"ok\"); i++;\n      if(i<stageEls.length){ setTimeout(step,230); }\n      else { V.textContent=\"✔ Sinal completo! O som chegou na caixa.\"; V.className=\"verdict good\"; liveMeter(); check(); }\n    };\n    step();\n  };\n  document.getElementById(\"resetBtn\").onclick=()=>{ Object.assign(state,{micOn:true,cableOn:true,gain:60,chOn:true,fader:70,ampOn:true}); render(); check(); V.textContent=\"\"; };\n\n  // missões\n  const missions=[\n    { t:''Tudo começa <b>desligado</b>. Monte a cadeia: ligue o mic, conecte o cabo, suba <b>ganho</b> e <b>fader</b>, deixe o canal <b>ON</b> e ligue o amplificador — até o som chegar na caixa.'',\n      setup:()=>Object.assign(state,{micOn:false,cableOn:false,gain:0,chOn:false,fader:0,ampOn:false}), ok:chainWorks },\n    { t:''CENÁRIO — não sai som. Descubra e resolva: o <b>amplificador</b> está desligado.'',\n      setup:()=>Object.assign(state,{micOn:true,cableOn:true,gain:60,chOn:true,fader:70,ampOn:false}), ok:chainWorks },\n    { t:''CENÁRIO — sinal mudo. O <b>cabo</b> do microfone está solto. Reconecte.'',\n      setup:()=>Object.assign(state,{micOn:true,cableOn:false,gain:60,chOn:true,fader:70,ampOn:true}), ok:chainWorks },\n    { t:''CENÁRIO — o canal está <b>mutado</b> e o <b>ganho no zero</b>. Reative o canal e suba o ganho.'',\n      setup:()=>Object.assign(state,{micOn:true,cableOn:true,gain:0,chOn:false,fader:70,ampOn:true}), ok:chainWorks },\n  ];\n  let mi=0;\n  function paintMission(){ const idx=document.getElementById(\"mIdx\"), txt=document.getElementById(\"mTxt\");\n    if(mi>=missions.length){ idx.textContent=\"CONCLUÍDO\"; txt.innerHTML=\"🎓 <b>Parabéns!</b> Você entendeu a cadeia do som e já sabe caçar onde o sinal trava — a base do trabalho.\";\n      document.getElementById(\"mSkip\").style.display=\"none\"; return; }\n    idx.textContent=\"MISSÃO \"+(mi+1)+\"/\"+missions.length; txt.innerHTML=missions[mi].t; }\n  function loadMission(){ if(mi<missions.length){ missions[mi].setup(); render(); V.textContent=\"\"; } paintMission(); }\n  function check(){ if(mi>=missions.length) return; try{ if(missions[mi].ok()){ mi++; paintMission();\n      if(mi<missions.length){ setTimeout(()=>{ missions[mi].setup(); render(); },600); } } }catch(e){} }\n  document.getElementById(\"mSkip\").onclick=()=>{ if(mi<missions.length){ mi++; loadMission(); } };\n\n  render(); loadMission();\n})();\n</script>\n</body>\n</html>\n"}]'::jsonb);

-- AULA 2 [M1.2]: Cabos e conectores: XLR, P10, P2, RCA e Speakon
insert into public.lessons (id,module_id,titulo,tipo,conteudo_rico,duracao_min,ordem,tem_quiz,preview_gratis) values
  ('e6b50000-b551-4c00-9000-0000000b0002','e6b50000-b551-4c00-9000-0000000000a1','Cabos e conectores: XLR, P10, P2, RCA e Speakon','texto','<p><strong>Cabo é a estrada por onde o som viaja.</strong> Um técnico de som passa boa parte do trabalho ligando e desligando cabos — e a maioria dos problemas de "não sai som" ou "tá chiando" mora num cabo ou num conector errado. Nesta aula você aprende a reconhecer cada conector, saber o que é <em>balanceado</em> e o que não é, e escolher o cabo certo para cada ligação.</p>

<figure style="margin:16px 0;text-align:center"><img src="https://pshynylvvkhhohftouoe.supabase.co/storage/v1/object/public/media/img-som-basico/conectores-audio.jpg" alt="Conectores de áudio profissionais lado a lado: XLR macho e fêmea, P10 mono (TS) e estéreo (TRS), P2 (mini-jack), RCA e Speakon." style="max-width:100%;border-radius:10px;border:1px solid rgba(0,0,0,.12)" /><figcaption style="font-size:12px;opacity:.75;margin-top:6px">Os conectores que todo técnico precisa reconhecer: XLR (macho/fêmea), P10 TS e TRS, P2 (mini-jack), RCA e Speakon.</figcaption></figure>

<h3>Os conectores que você precisa reconhecer</h3>
<ul>
<li><strong>XLR (cânon):</strong> o conector de 3 pinos dos microfones e das ligações profissionais. É <strong>balanceado</strong> e travável (tem trava). Macho e fêmea: o sinal sai do <em>macho</em> e entra no <em>fêmea</em>.</li>
<li><strong>P10 (1/4", TS):</strong> o "plug de guitarra". <strong>TS</strong> = <em>Tip-Sleeve</em>, 2 contatos, sinal <strong>desbalanceado</strong> (mono). Usado em instrumentos e saídas de linha curtas.</li>
<li><strong>P10 estéreo (1/4", TRS):</strong> mesmo formato, mas com 3 contatos (<em>Tip-Ring-Sleeve</em>). Serve para <strong>sinal balanceado mono</strong> (saídas de mesa, inserts) ou <strong>estéreo</strong> (fone de ouvido).</li>
<li><strong>P2 (3,5 mm / mini-jack):</strong> a saída de fone de celular e notebook. Quase sempre <strong>TRS estéreo desbalanceado</strong>. É por onde entra o áudio do notebook na mesa.</li>
<li><strong>RCA:</strong> os plugs vermelho/branco de aparelhos domésticos (DJ, TV, media player). Desbalanceado.</li>
<li><strong>Speakon:</strong> conector travável de <strong>potência</strong>, liga o amplificador na caixa passiva. Nunca é sinal de microfone — é nível de alto-falante.</li>
</ul>

<h3>Balanceado × desbalanceado: por que importa</h3>
<p><strong>Cabo balanceado rejeita ruído — desbalanceado, não.</strong> O cabo balanceado (XLR e P10 TRS) leva o sinal em dois fios invertidos + malha; qualquer zumbido que entra nos dois é cancelado na chegada. Por isso microfone é sempre XLR e você pode passar dezenas de metros sem chiado. O desbalanceado (P10 TS, P2, RCA) só aguenta <strong>distâncias curtas</strong> — acima de ~5 m começa a captar zumbido e a "roncar". Regra: <strong>tirada longa = sinal balanceado</strong>.</p>

<h3>Casos do dia a dia</h3>
<ul>
<li><strong>Microfone → mesa:</strong> cabo XLR–XLR (balanceado). Simples e confiável.</li>
<li><strong>Notebook → mesa:</strong> cabo <strong>P2 estéreo → dois P10</strong> (um para o canal L, outro para o R), entrando em dois canais de linha da mesa. É a ligação clássica do vídeo/apresentação.</li>
<li><strong>Instrumento elétrico (teclado, baixo, violão com captador) → mesa:</strong> passa por uma <strong>DI</strong> (direct box), que transforma o sinal desbalanceado em XLR balanceado e casa a impedância.</li>
<li><strong>Amplificador → caixa passiva:</strong> cabo de potência (Speakon ou P10 de alta seção). <strong>Nunca</strong> use cabo de microfone aqui.</li>
</ul>

<figure style="margin:16px 0;text-align:center"><img src="https://pshynylvvkhhohftouoe.supabase.co/storage/v1/object/public/media/img-som-basico/di-box.jpg" alt="Direct box (DI) passiva: caixa metálica pequena com entrada P10, saída XLR e chave de ground-lift." style="max-width:100%;border-radius:10px;border:1px solid rgba(0,0,0,.12)" /><figcaption style="font-size:12px;opacity:.75;margin-top:6px">A DI (direct box): liga instrumentos de saída elétrica (teclado, baixo, violão) na mesa e casa a impedância.</figcaption></figure>

<h3>O que mais dá problema (e como evitar)</h3>
<ul>
<li><strong>Enrole e guarde direito</strong> (técnica <em>over-under</em>). Cabo maltratado quebra por dentro e falha na hora do show.</li>
<li><strong>Cabo mudo é quase sempre solda fria ou pino torto no XLR.</strong> Tenha sempre cabos reservas testados.</li>
<li><strong>Não force o P10</strong> num jack frouxo; ele para de fazer contato e o canal "some" quando alguém encosta.</li>
<li><strong>Ligar a saída do amplificador (Speakon) numa entrada de mesa queima a entrada.</strong> Confira sempre o que é sinal de microfone/linha e o que é potência.</li>
</ul>

<h3>Resumo prático</h3>
<p><strong>Microfone = XLR balanceado. Notebook = P2→P10. Instrumento elétrico = DI. Caixa passiva = cabo de potência.</strong> Se guardar só isso, você já evita 80% dos perrengues de conexão. No simulador da mesa (próximas aulas) você vê onde cada um entra.</p>',16,2,true,false);
insert into public.quizzes (id,lesson_id,titulo) values ('e6b50000-b551-4c00-9000-0000000c0002','e6b50000-b551-4c00-9000-0000000b0002','Quiz — Cabos e conectores');
insert into public.quiz_questions (id,quiz_id,texto,explicacao,ordem,pontos) values ('e6b50000-b551-4c00-9000-000000000201','e6b50000-b551-4c00-9000-0000000c0002','Qual conector é o padrão para ligar um microfone na mesa?','O XLR (cânon), de 3 pinos, é balanceado e travável — padrão de microfone e de ligações profissionais.',1,1);
insert into public.quiz_options (question_id,texto,correta,ordem) values ('e6b50000-b551-4c00-9000-000000000201','P10 (plug de guitarra)',false,1);
insert into public.quiz_options (question_id,texto,correta,ordem) values ('e6b50000-b551-4c00-9000-000000000201','XLR (cânon, 3 pinos)',true,2);
insert into public.quiz_options (question_id,texto,correta,ordem) values ('e6b50000-b551-4c00-9000-000000000201','RCA',false,3);
insert into public.quiz_options (question_id,texto,correta,ordem) values ('e6b50000-b551-4c00-9000-000000000201','Speakon',false,4);
insert into public.quiz_questions (id,quiz_id,texto,explicacao,ordem,pontos) values ('e6b50000-b551-4c00-9000-000000000202','e6b50000-b551-4c00-9000-0000000c0002','Por que um cabo balanceado (XLR / P10 TRS) pode ter tiradas longas sem chiar?','Ele leva o sinal em dois fios invertidos + malha; o ruído captado nos dois é cancelado na chegada.',2,1);
insert into public.quiz_options (question_id,texto,correta,ordem) values ('e6b50000-b551-4c00-9000-000000000202','Porque é mais grosso',false,1);
insert into public.quiz_options (question_id,texto,correta,ordem) values ('e6b50000-b551-4c00-9000-000000000202','Porque cancela o ruído captado no caminho',true,2);
insert into public.quiz_options (question_id,texto,correta,ordem) values ('e6b50000-b551-4c00-9000-000000000202','Porque é dourado',false,3);
insert into public.quiz_options (question_id,texto,correta,ordem) values ('e6b50000-b551-4c00-9000-000000000202','Porque tem menos pinos',false,4);
insert into public.quiz_questions (id,quiz_id,texto,explicacao,ordem,pontos) values ('e6b50000-b551-4c00-9000-000000000203','e6b50000-b551-4c00-9000-0000000c0002','Para ligar o áudio de um notebook na mesa, o cabo típico é:','P2 estéreo (saída de fone do notebook) para dois P10 (canais L e R de linha da mesa).',3,1);
insert into public.quiz_options (question_id,texto,correta,ordem) values ('e6b50000-b551-4c00-9000-000000000203','XLR para XLR',false,1);
insert into public.quiz_options (question_id,texto,correta,ordem) values ('e6b50000-b551-4c00-9000-000000000203','Speakon para P10',false,2);
insert into public.quiz_options (question_id,texto,correta,ordem) values ('e6b50000-b551-4c00-9000-000000000203','P2 estéreo para dois P10',true,3);
insert into public.quiz_options (question_id,texto,correta,ordem) values ('e6b50000-b551-4c00-9000-000000000203','RCA para XLR',false,4);
insert into public.quiz_questions (id,quiz_id,texto,explicacao,ordem,pontos) values ('e6b50000-b551-4c00-9000-000000000204','e6b50000-b551-4c00-9000-0000000c0002','Um teclado (saída elétrica) normalmente entra na mesa por:','Por uma DI (direct box), que transforma o sinal desbalanceado em XLR balanceado e casa a impedância.',4,1);
insert into public.quiz_options (question_id,texto,correta,ordem) values ('e6b50000-b551-4c00-9000-000000000204','Um microfone apontado para ele',false,1);
insert into public.quiz_options (question_id,texto,correta,ordem) values ('e6b50000-b551-4c00-9000-000000000204','Uma DI (direct box)',true,2);
insert into public.quiz_options (question_id,texto,correta,ordem) values ('e6b50000-b551-4c00-9000-000000000204','A saída do amplificador',false,3);
insert into public.quiz_options (question_id,texto,correta,ordem) values ('e6b50000-b551-4c00-9000-000000000204','Um cabo Speakon',false,4);
insert into public.quiz_questions (id,quiz_id,texto,explicacao,ordem,pontos) values ('e6b50000-b551-4c00-9000-000000000205','e6b50000-b551-4c00-9000-0000000c0002','O que NUNCA se deve fazer com o conector Speakon (saída do amplificador)?','Speakon é nível de potência (alto-falante). Ligá-lo numa entrada da mesa queima a entrada.',5,1);
insert into public.quiz_options (question_id,texto,correta,ordem) values ('e6b50000-b551-4c00-9000-000000000205','Ligar numa caixa passiva compatível',false,1);
insert into public.quiz_options (question_id,texto,correta,ordem) values ('e6b50000-b551-4c00-9000-000000000205','Ligar numa entrada de microfone/linha da mesa',true,2);
insert into public.quiz_options (question_id,texto,correta,ordem) values ('e6b50000-b551-4c00-9000-000000000205','Travar o conector',false,3);
insert into public.quiz_options (question_id,texto,correta,ordem) values ('e6b50000-b551-4c00-9000-000000000205','Usar em cabo de alta seção',false,4);
insert into public.quiz_questions (id,quiz_id,texto,explicacao,ordem,pontos) values ('e6b50000-b551-4c00-9000-000000000206','e6b50000-b551-4c00-9000-0000000c0002','Um sinal desbalanceado (P10 TS, P2, RCA) deve ser usado em:','Distâncias curtas. Acima de ~5 m começa a captar zumbido e roncar — para tiradas longas, use balanceado.',6,1);
insert into public.quiz_options (question_id,texto,correta,ordem) values ('e6b50000-b551-4c00-9000-000000000206','Distâncias curtas',true,1);
insert into public.quiz_options (question_id,texto,correta,ordem) values ('e6b50000-b551-4c00-9000-000000000206','Qualquer distância',false,2);
insert into public.quiz_options (question_id,texto,correta,ordem) values ('e6b50000-b551-4c00-9000-000000000206','Só acima de 50 m',false,3);
insert into public.quiz_options (question_id,texto,correta,ordem) values ('e6b50000-b551-4c00-9000-000000000206','Somente em microfones',false,4);

-- AULA 3 [M1.3]: Analógico × Digital e gain staging: sinal forte e limpo
insert into public.lessons (id,module_id,titulo,tipo,conteudo_rico,duracao_min,ordem,tem_quiz,preview_gratis) values
  ('e6b50000-b551-4c00-9000-0000000b0003','e6b50000-b551-4c00-9000-0000000000a1','Analógico × Digital e gain staging: sinal forte e limpo','texto','<p><strong>"Gain staging" é o nome técnico de uma habilidade simples e decisiva:</strong> acertar o quão forte o sinal está em cada etapa. Se o sinal está fraco demais, você aumenta depois e vem junto o chiado (ruído). Se está forte demais, ele distorce. O ponto certo é <strong>forte e limpo, com folga</strong>. Esta aula te dá os conceitos por trás disso — e a diferença entre o mundo analógico e o digital.</p>

<figure style="margin:16px 0;text-align:center"><img src="https://pshynylvvkhhohftouoe.supabase.co/storage/v1/object/public/media/img-som-basico/analog-digital-diagrama.jpg" alt="Diagrama: onda senoidal analógica contínua × versão digital em degraus (amostras)." style="max-width:100%;border-radius:10px;border:1px solid rgba(0,0,0,.12)" /><figcaption style="font-size:12px;opacity:.75;margin-top:6px">Analógico: onda contínua e suave. Digital: a mesma onda reconstruída em degraus (amostras) — quanto mais amostras, mais fiel.</figcaption></figure>

<h3>dB, o "volume" do áudio</h3>
<p><strong>dB (decibel) é a unidade que medimos o nível do som e do sinal.</strong> Você não precisa da matemática — precisa da intuição: números maiores (menos negativos) = mais forte. No áudio digital usamos o <strong>dBFS</strong> ("dB Full Scale"), onde <strong>0 dBFS é o teto absoluto</strong>. Tudo fica abaixo de 0 (por isso os medidores mostram números negativos: −18, −12, −6…).</p>

<h3>Analógico × Digital: onde está o teto</h3>
<ul>
<li><strong>Digital:</strong> o teto é <strong>0 dBFS</strong> e ele é <strong>duro</strong>. Passou de 0, o som corta seco — aquela distorção feia e áspera (clipping). No digital, você <strong>sempre</strong> trabalha com folga abaixo de 0.</li>
<li><strong>Analógico:</strong> quando você força além do ponto ideal, o equipamento <strong>satura aos poucos</strong> — um "esquentar" mais suave do som, menos agressivo que o corte digital. Mesmo assim, exagerar degrada o áudio.</li>
</ul>
<p><strong>Na prática, quase toda mesa hoje é digital (ou tem etapa digital),</strong> então a regra vale sempre: não deixe o pico chegar em 0.</p>

<h3>Headroom: a folga que salva o show</h3>
<p><strong>Headroom é o espaço entre o seu nível de trabalho e o teto (0 dBFS).</strong> Por que deixar folga? Porque a música e a fala têm <strong>picos imprevisíveis</strong> — um grito, uma palma, uma batida mais forte. Se você trabalha "colado" no teto, o próximo pico distorce. Por isso o alvo profissional é o sinal <strong>picar em torno de −18 dBFS</strong>: forte o suficiente para ficar acima do ruído, com bastante headroom para os picos.</p>

<h3>O piso de ruído (noise floor)</h3>
<p><strong>Todo sistema tem um "chiado" de fundo — o ruído.</strong> Se o seu sinal está muito fraco, você precisa aumentar bastante o volume depois, e aí o ruído sobe junto. Manter o sinal <strong>forte na entrada</strong> (bom ganho) deixa o áudio bem acima do ruído — é o outro lado do gain staging.</p>

<h3>AD / DA: a ponte entre os dois mundos</h3>
<p><strong>AD (analógico → digital)</strong> converte o som do microfone em números para a mesa digital processar. <strong>DA (digital → analógico)</strong> faz o caminho de volta, para o amplificador e a caixa. Essa conversão acontece o tempo todo e, se o sinal entra distorcido na conversão AD, não tem conserto depois — mais um motivo para acertar o ganho na entrada.</p>

<h3>A regra que resume tudo</h3>
<p><strong>Sinal forte, com folga.</strong> Ajuste o ganho para o pico ficar na zona boa (perto de −18, sem passar de −6). Longe do ruído (fraco demais) e longe da distorção (alto demais). Faça isso na entrada, antes de EQ e volume — porque, se o ganho muda, todo o resto muda junto.</p>

<h3>Pratique no simulador</h3>
<p><strong>No simulador você toca um trecho e ajusta o ganho</strong> observando o medidor em dBFS, com as zonas de ruído, alvo e clip. Você vai colocar o pico na zona verde, depois vai forçar até <strong>clipar</strong> (para ver e ouvir o teto do digital) e, por fim, corrigir. Compare também o modo Analógico e o Digital. Complete as 3 missões.</p>',20,3,true,false);
insert into public.quizzes (id,lesson_id,titulo) values ('e6b50000-b551-4c00-9000-0000000c0003','e6b50000-b551-4c00-9000-0000000b0003','Quiz — Analógico, digital e gain staging');
insert into public.quiz_questions (id,quiz_id,texto,explicacao,ordem,pontos) values ('e6b50000-b551-4c00-9000-000000000301','e6b50000-b551-4c00-9000-0000000c0003','O que é gain staging?','É acertar o nível do sinal em cada etapa: forte o bastante para ficar acima do ruído, mas com folga para não distorcer.',1,1);
insert into public.quiz_options (question_id,texto,correta,ordem) values ('e6b50000-b551-4c00-9000-000000000301','Um tipo de microfone',false,1);
insert into public.quiz_options (question_id,texto,correta,ordem) values ('e6b50000-b551-4c00-9000-000000000301','Acertar o nível do sinal em cada etapa (nem fraco, nem alto demais)',true,2);
insert into public.quiz_options (question_id,texto,correta,ordem) values ('e6b50000-b551-4c00-9000-000000000301','Um efeito de reverb',false,3);
insert into public.quiz_options (question_id,texto,correta,ordem) values ('e6b50000-b551-4c00-9000-000000000301','A ordem de ligar a mesa',false,4);
insert into public.quiz_questions (id,quiz_id,texto,explicacao,ordem,pontos) values ('e6b50000-b551-4c00-9000-000000000302','e6b50000-b551-4c00-9000-0000000c0003','No áudio digital, o teto absoluto de nível é:','0 dBFS. Passar de 0 causa clipping (distorção dura). Por isso se trabalha com folga abaixo de 0.',2,1);
insert into public.quiz_options (question_id,texto,correta,ordem) values ('e6b50000-b551-4c00-9000-000000000302','+12 dBFS',false,1);
insert into public.quiz_options (question_id,texto,correta,ordem) values ('e6b50000-b551-4c00-9000-000000000302','0 dBFS',true,2);
insert into public.quiz_options (question_id,texto,correta,ordem) values ('e6b50000-b551-4c00-9000-000000000302','-60 dBFS',false,3);
insert into public.quiz_options (question_id,texto,correta,ordem) values ('e6b50000-b551-4c00-9000-000000000302','Não existe teto no digital',false,4);
insert into public.quiz_questions (id,quiz_id,texto,explicacao,ordem,pontos) values ('e6b50000-b551-4c00-9000-000000000303','e6b50000-b551-4c00-9000-0000000c0003','Um sinal fraco demais na entrada resulta em:','Como você precisa aumentar muito depois, o ruído/chiado de fundo sobe junto. Melhor manter bom nível já na entrada.',3,1);
insert into public.quiz_options (question_id,texto,correta,ordem) values ('e6b50000-b551-4c00-9000-000000000303','Mais distorção',false,1);
insert into public.quiz_options (question_id,texto,correta,ordem) values ('e6b50000-b551-4c00-9000-000000000303','Mais ruído/chiado ao aumentar depois',true,2);
insert into public.quiz_options (question_id,texto,correta,ordem) values ('e6b50000-b551-4c00-9000-000000000303','Nada, é sempre melhor',false,3);
insert into public.quiz_options (question_id,texto,correta,ordem) values ('e6b50000-b551-4c00-9000-000000000303','Mais grave',false,4);
insert into public.quiz_questions (id,quiz_id,texto,explicacao,ordem,pontos) values ('e6b50000-b551-4c00-9000-000000000304','e6b50000-b551-4c00-9000-0000000c0003','Headroom é:','A folga entre o nível de trabalho e o teto (0 dBFS), reservada para os picos imprevisíveis da música e da fala.',4,1);
insert into public.quiz_options (question_id,texto,correta,ordem) values ('e6b50000-b551-4c00-9000-000000000304','A folga entre o nível de trabalho e o teto, para os picos',true,1);
insert into public.quiz_options (question_id,texto,correta,ordem) values ('e6b50000-b551-4c00-9000-000000000304','O ruído de fundo do sistema',false,2);
insert into public.quiz_options (question_id,texto,correta,ordem) values ('e6b50000-b551-4c00-9000-000000000304','O volume do retorno',false,3);
insert into public.quiz_options (question_id,texto,correta,ordem) values ('e6b50000-b551-4c00-9000-000000000304','Um tipo de cabo',false,4);
insert into public.quiz_questions (id,quiz_id,texto,explicacao,ordem,pontos) values ('e6b50000-b551-4c00-9000-000000000305','e6b50000-b551-4c00-9000-0000000c0003','AD / DA se refere a:','Conversão Analógico→Digital (AD) e Digital→Analógico (DA), que acontece entre o microfone, a mesa digital e a saída.',5,1);
insert into public.quiz_options (question_id,texto,correta,ordem) values ('e6b50000-b551-4c00-9000-000000000305','Dois modelos de microfone',false,1);
insert into public.quiz_options (question_id,texto,correta,ordem) values ('e6b50000-b551-4c00-9000-000000000305','Conversão analógico↔digital',true,2);
insert into public.quiz_options (question_id,texto,correta,ordem) values ('e6b50000-b551-4c00-9000-000000000305','Ajuste de agudos e graves',false,3);
insert into public.quiz_options (question_id,texto,correta,ordem) values ('e6b50000-b551-4c00-9000-000000000305','Antenas de sistema sem fio',false,4);
insert into public.quiz_questions (id,quiz_id,texto,explicacao,ordem,pontos) values ('e6b50000-b551-4c00-9000-000000000306','e6b50000-b551-4c00-9000-0000000c0003','Qual o alvo prático de nível ao ajustar o ganho?','Picar em torno de −18 dBFS: forte, acima do ruído, e com bastante folga (headroom) até o teto de 0.',6,1);
insert into public.quiz_options (question_id,texto,correta,ordem) values ('e6b50000-b551-4c00-9000-000000000306','Colar em 0 dBFS',false,1);
insert into public.quiz_options (question_id,texto,correta,ordem) values ('e6b50000-b551-4c00-9000-000000000306','Picar em torno de −18 dBFS',true,2);
insert into public.quiz_options (question_id,texto,correta,ordem) values ('e6b50000-b551-4c00-9000-000000000306','Ficar sempre abaixo de −50 dBFS',false,3);
insert into public.quiz_options (question_id,texto,correta,ordem) values ('e6b50000-b551-4c00-9000-000000000306','Deixar no vermelho',false,4);
insert into public.ai_animations (lesson_id,tipo,status,model,roteiro,urls) values ('e6b50000-b551-4c00-9000-0000000b0003','interactive','ready','handcrafted-interactive','{"titulo":"Simulador — Gain Staging (dBFS)","cenas":[{"numero":1,"titulo":"Simulador — Gain Staging (dBFS)","modo":"widget","narracao":"Ajuste o ganho para o pico ficar forte e limpo — sem ruído nem distorção. Compare analógico e digital. Complete as 3 missões.","explicacao_texto":"Ajuste o ganho para o pico ficar forte e limpo — sem ruído nem distorção. Compare analógico e digital. Complete as 3 missões.","destaques":["dBFS e o teto de 0","Headroom (folga para picos)","Piso de ruído","Analógico satura × digital corta"]}]}'::jsonb,'[{"html":"<!doctype html>\n<html lang=\"pt-BR\">\n<head>\n<meta charset=\"utf-8\">\n<meta name=\"viewport\" content=\"width=device-width, initial-scale=1\">\n<title>Simulador — Analógico × Digital e Gain Staging (SMU)</title>\n<style>\n  :root{--bg:#0b0f17;--panel:#151b28;--panel2:#0f1420;--line:#26344c;--ink:#e7ecf5;\n    --muted:#8ea0bd;--amber:#F59E0B;--green:#22c55e;--red:#ef4444;--cyan:#22d3ee}\n  *{box-sizing:border-box}html,body{margin:0}\n  body{background:var(--bg);color:var(--ink);font-family:\"Space Grotesk\",system-ui,-apple-system,\"Segoe UI\",Roboto,sans-serif;\n    -webkit-font-smoothing:antialiased;padding:10px;user-select:none}\n  h1{font-size:15px;margin:0 0 2px}.sub{font-size:11.5px;color:var(--muted);margin-bottom:10px}\n  .mission{display:flex;gap:10px;align-items:center;background:#0c1220;border:1px solid var(--line);border-radius:10px;padding:9px 12px;margin-bottom:12px}\n  .mission .idx{font-size:10px;color:var(--amber);font-weight:800;letter-spacing:.8px;white-space:nowrap}\n  .mission .txt{font-size:12.5px;line-height:1.3;flex:1}.mission .txt b{color:var(--amber)}\n  .mission button{font:inherit;font-size:11px;color:var(--muted);background:transparent;border:1px solid var(--line);border-radius:7px;padding:6px 9px;cursor:pointer}\n  .grid{display:flex;gap:14px;flex-wrap:wrap}\n  .card{background:linear-gradient(180deg,var(--panel),var(--panel2));border:1px solid var(--line);border-radius:12px;padding:14px}\n  .ctrl{flex:1 1 220px;display:flex;flex-direction:column;gap:12px;align-items:center}\n  .knob{display:flex;flex-direction:column;align-items:center;gap:4px}\n  .dial{width:82px;height:82px;border-radius:50%;position:relative;cursor:ns-resize;touch-action:none;\n    background:radial-gradient(circle at 50% 32%,#33415f,#151d2e 72%);border:1px solid #3a4d70;box-shadow:inset 0 3px 8px #0009}\n  .dial::after{content:\"\";position:absolute;left:50%;top:8px;width:4px;height:26px;border-radius:2px;background:var(--amber);\n    transform-origin:50% 33px;transform:translateX(-50%) rotate(var(--rot,0deg))}\n  .kv{font-size:16px;font-weight:800}.kl{font-size:10px;color:var(--muted);letter-spacing:1px}\n  .seg{display:flex;background:#0c1220;border:1px solid var(--line);border-radius:8px;overflow:hidden}\n  .seg button{font:inherit;font-size:12px;font-weight:700;padding:8px 14px;border:0;background:transparent;color:var(--muted);cursor:pointer}\n  .seg button.on{background:var(--amber);color:#0b0f17}\n  .play{font:inherit;font-size:13px;font-weight:800;padding:11px 20px;border-radius:10px;border:0;background:var(--green);color:#08120a;cursor:pointer}\n  .meterwrap{flex:0 0 130px;display:flex;gap:10px;justify-content:center}\n  .scale{display:flex;flex-direction:column;justify-content:space-between;font-size:9px;color:var(--muted);padding:4px 0;text-align:right}\n  .meter{position:relative;width:52px;height:300px;border-radius:8px;overflow:hidden;border:1px solid #1a2540;background:\n    linear-gradient(0deg,\n      #0e1a12 0%, #0e1a12 33%,          /* ruído */\n      #10241a 33%, #10241a 78%,          /* bom (verde) */\n      #241f10 78%, #241f10 92%,          /* headroom (amber) */\n      #2a1010 92%, #2a1010 100%)}        /* clip (red) */\n  .fill{position:absolute;left:0;right:0;bottom:0;height:0%;background:linear-gradient(0deg,var(--green),var(--green) 78%,var(--amber) 92%,var(--red));transition:height .05s}\n  .peak{position:absolute;left:0;right:0;height:2px;background:#fff;box-shadow:0 0 6px #fff}\n  .zone{position:absolute;left:0;right:0;border-top:1px dashed #ffffff33;font-size:8px;color:#ffffff88;padding-left:3px}\n  .info{flex:1 1 220px}\n  .info h3{margin:0 0 8px;font-size:11px;letter-spacing:1px;color:var(--muted);text-transform:uppercase}\n  .big{font-size:26px;font-weight:800}\n  .verdict{font-size:13px;font-weight:700;margin-top:8px;min-height:20px}.verdict.good{color:var(--green)}.verdict.bad{color:var(--red)}.verdict.warn{color:var(--amber)}\n  .expl{font-size:11.5px;color:var(--muted);line-height:1.45;margin-top:10px}\n  @media(max-width:640px){.meter{height:230px}}\n</style>\n</head>\n<body>\n  <h1>Analógico × Digital e Gain Staging</h1>\n  <div class=\"sub\">Ajuste o ganho para o sinal ficar forte e limpo — sem ruído (baixo demais) nem distorção (alto demais).</div>\n  <div class=\"mission\">\n    <span class=\"idx\" id=\"mIdx\">MISSÃO 1/3</span>\n    <span class=\"txt\" id=\"mTxt\">—</span>\n    <button id=\"mSkip\">Pular</button>\n  </div>\n\n  <div class=\"grid\">\n    <div class=\"card ctrl\">\n      <div class=\"knob\"><div class=\"dial\" id=\"dial\"></div><div class=\"kv\" id=\"gv\">+0 dB</div><div class=\"kl\">GANHO</div></div>\n      <div class=\"seg\"><button data-m=\"digital\" class=\"on\">Digital</button><button data-m=\"analogico\">Analógico</button></div>\n      <button class=\"play\" id=\"play\">▶ Tocar trecho</button>\n      <div class=\"expl\" id=\"modeExpl\"></div>\n    </div>\n\n    <div class=\"card meterwrap\">\n      <div class=\"scale\"><span>+6</span><span>0</span><span>-12</span><span>-24</span><span>-40</span><span>-60</span></div>\n      <div class=\"meter\" id=\"meter\">\n        <div class=\"zone\" style=\"bottom:92%\">CLIP</div>\n        <div class=\"zone\" style=\"bottom:78%\">-6</div>\n        <div class=\"zone\" style=\"bottom:55%\">alvo -18</div>\n        <div class=\"zone\" style=\"bottom:33%\">ruído</div>\n        <div class=\"fill\" id=\"fill\"></div>\n        <div class=\"peak\" id=\"peakLine\" style=\"bottom:0%\"></div>\n      </div>\n    </div>\n\n    <div class=\"card info\">\n      <h3>Leitura</h3>\n      <div class=\"big\" id=\"peakDb\">—</div>\n      <div class=\"verdict\" id=\"verdict\"></div>\n      <div class=\"expl\" id=\"expl\">O medidor mostra o quão forte o sinal está chegando. A zona <b style=\"color:var(--green)\">verde</b> é o alvo; a <b style=\"color:var(--amber)\">âmbar</b> é a reserva (headroom); a <b style=\"color:var(--red)\">vermelha</b> é distorção.</div>\n    </div>\n  </div>\n\n<script>\n\"use strict\";\n(function(){\n  const $=id=>document.getElementById(id);\n  const clamp=(v,a,b)=>Math.max(a,Math.min(b,v));\n  const state={ gain:0, mode:\"digital\", playing:false, peak:-90 };\n  const GMIN=-20,GMAX=40;\n  const SRC=-38; // pico bruto do trecho em dBFS (antes do ganho)\n\n  function rot(){ return -140+(state.gain-GMIN)/(GMAX-GMIN)*280; }\n  function db2pct(db){ return clamp((db+60)/66*100,0,100); } // -60..+6 => 0..100\n  function setGain(v){ state.gain=clamp(v,GMIN,GMAX); $(\"dial\").style.setProperty(\"--rot\",rot()+\"deg\");\n    $(\"gv\").textContent=(state.gain>0?\"+\":\"\")+Math.round(state.gain)+\" dB\"; }\n\n  // knob drag — Pointer Events (mouse + toque unificados, com pointer capture)\n  (function(){ const el=$(\"dial\");let drag=false,last=0;\n    el.addEventListener(\"pointerdown\",e=>{drag=true;last=e.clientY;el.setPointerCapture(e.pointerId);e.preventDefault();});\n    el.addEventListener(\"pointermove\",e=>{if(!drag)return;const dy=last-e.clientY;last=e.clientY;\n      setGain(state.gain+dy*(GMAX-GMIN)/160); if(!state.playing)staticShow(); check();e.preventDefault();});\n    const up=()=>drag=false;\n    el.addEventListener(\"pointerup\",up);el.addEventListener(\"pointercancel\",up);\n  })();\n  document.querySelectorAll(\".seg button\").forEach(b=>b.onclick=()=>{\n    document.querySelectorAll(\".seg button\").forEach(x=>x.classList.remove(\"on\"));b.classList.add(\"on\");\n    state.mode=b.dataset.m; modeExpl(); if(!state.playing)staticShow(); check(); });\n  function modeExpl(){ $(\"modeExpl\").innerHTML = state.mode===\"digital\"\n    ? \"<b>Digital:</b> o teto é <b>0 dBFS</b>. Passou de 0, corta seco (distorção feia). Trabalhe com folga: pico na zona verde (~−18 a −6).\"\n    : \"<b>Analógico:</b> passando do 0 ele <b>satura aos poucos</b> (mais ''quente'', menos feio que o digital), mas ainda assim evite exagerar.\"; }\n\n  function levelAt(t){ // envelope do trecho (0..1), com um pico no meio\n    const e=0.45+0.4*Math.sin(t*3)+0.25*Math.max(0,Math.sin(t*1.3));\n    return clamp(e,0,1.2);\n  }\n  function computePeakDb(env){\n    let db=SRC+state.gain + (env-1)*10; // env~1 no pico\n    if(state.mode===\"digital\") db=Math.min(db,0.5);      // teto duro\n    else db=Math.min(db, 6 - Math.max(0,db-0)*0.5);       // satura suave\n    return db;\n  }\n  function paint(db){\n    $(\"fill\").style.height=db2pct(db)+\"%\";\n    $(\"peakLine\").style.bottom=db2pct(state.peak)+\"%\";\n    $(\"peakDb\").textContent=(db>0?\"+\":\"\")+db.toFixed(1)+\" dBFS\";\n    const v=$(\"verdict\");\n    const clip = (state.mode===\"digital\" && state.peak>=0) || (state.mode===\"analogico\" && state.peak>2);\n    if(clip){ v.textContent=\"✖ Distorção! Sinal alto demais — abaixe o ganho.\"; v.className=\"verdict bad\"; }\n    else if(state.peak> -6){ v.textContent=\"⚠ Quase no teto (headroom curto).\"; v.className=\"verdict warn\"; }\n    else if(state.peak>=-20 && state.peak<=-6){ v.textContent=\"✔ Ótimo nível! Forte e com folga.\"; v.className=\"verdict good\"; }\n    else if(state.peak<=-40){ v.textContent=\"⚠ Fraco demais — sobe o ruído/chiado.\"; v.className=\"verdict warn\"; }\n    else { v.textContent=\"Sinal ok, pode ganhar um pouco mais.\"; v.className=\"verdict\"; }\n  }\n  function staticShow(){ // mostra o pico estimado sem animar\n    const db=computePeakDb(1); state.peak=db; paint(db);\n  }\n\n  let t=0,anim=null;\n  $(\"play\").onclick=()=>{ if(state.playing){ return; } state.playing=true; state.peak=-90; t=0;\n    $(\"play\").textContent=\"♪ tocando...\"; $(\"play\").disabled=true;\n    const start=performance.now();\n    const loop=()=>{ const now=(performance.now()-start)/1000; t=now;\n      const db=computePeakDb(levelAt(now)); state.peak=Math.max(state.peak,db); paint(db);\n      if(now<3.2){ anim=requestAnimationFrame(loop); }\n      else { state.playing=false; $(\"play\").textContent=\"▶ Tocar trecho\"; $(\"play\").disabled=false; paint(state.peak); check(); }\n    };\n    anim=requestAnimationFrame(loop);\n  };\n\n  const M=[\n    { t:''Clique <b>Tocar trecho</b> e ajuste o <b>GANHO</b> para o <b>pico</b> ficar na zona verde (entre −18 e −6 dBFS), sem entrar no vermelho.'',\n      ok:()=>state.peak>=-20&&state.peak<=-6&&!((state.mode===\"digital\"&&state.peak>=0)) },\n    { t:''Entenda o teto: no modo <b>Digital</b>, suba o ganho e toque de novo até <b>clipar</b> (pico chegar a 0 dBFS). Veja a distorção.'',\n      ok:()=>state.mode===\"digital\"&&state.peak>=0 },\n    { t:''Agora conserte: abaixe o ganho e toque de novo para voltar o pico à zona <b>verde</b> (sinal forte e limpo).'',\n      ok:()=>state.peak>=-20&&state.peak<=-6&&!(state.mode===\"digital\"&&state.peak>=0) },\n  ];\n  let mi=0;\n  function paintM(){const idx=$(\"mIdx\"),txt=$(\"mTxt\");\n    if(mi>=M.length){idx.textContent=\"CONCLUÍDO\";txt.innerHTML=\"🎓 <b>Isso!</b> Gain staging é isso: sinal forte com folga, longe do ruído e da distorção. Vale para qualquer mesa, analógica ou digital.\";$(\"mSkip\").style.display=\"none\";return;}\n    idx.textContent=\"MISSÃO \"+(mi+1)+\"/\"+M.length;txt.innerHTML=M[mi].t;}\n  function check(){if(mi>=M.length)return;try{if(M[mi].ok()){mi++;paintM();}}catch(e){}}\n  $(\"mSkip\").onclick=()=>{if(mi<M.length){mi++;paintM();}};\n\n  setGain(0); modeExpl(); staticShow(); paintM();\n})();\n</script>\n</body>\n</html>\n"}]'::jsonb);

-- AULA 4 [M1.4]: Dinâmica: gate e compressor
insert into public.lessons (id,module_id,titulo,tipo,conteudo_rico,duracao_min,ordem,tem_quiz,preview_gratis) values
  ('e6b50000-b551-4c00-9000-0000000b0004','e6b50000-b551-4c00-9000-0000000000a1','Dinâmica: gate e compressor','texto','<p><strong>Dinâmica é a diferença entre o som mais baixo e o mais alto de uma fonte.</strong> Uma voz sussurra e depois grita; a bateria tem um ataque forte e um corpo mais fraco. Os processadores de dinâmica — <strong>gate</strong> e <strong>compressor</strong> — servem para controlar essa variação, deixando a mixagem estável, limpa e mais alta sem estourar. Nesta aula você entende os dois e quando usar cada um.</p>

<figure style="margin:16px 0;text-align:center"><img src="https://pshynylvvkhhohftouoe.supabase.co/storage/v1/object/public/media/img-som-basico/dinamica-diagrama.jpg" alt="Diagrama: compressor abaixando os picos acima do threshold; gate silenciando o sinal abaixo do threshold." style="max-width:100%;border-radius:10px;border:1px solid rgba(0,0,0,.12)" /><figcaption style="font-size:12px;opacity:.75;margin-top:6px">Compressor: abaixa os picos acima do threshold (som mais constante). Gate: silencia o que está abaixo do threshold (limpa o fundo).</figcaption></figure>

<h3>Compressor: segurando os picos, firmando o som</h3>
<p><strong>O compressor reduz o volume automaticamente quando o sinal passa de um limite.</strong> Pense num operador invisível que abaixa o fader nos momentos mais altos e solta quando acalma. Resultado: a fonte fica mais <em>constante</em> — a voz não some no verso e não estoura no refrão. Os controles clássicos:</p>
<ul>
<li><strong>Threshold (limiar):</strong> a partir de que nível o compressor começa a agir. Quanto mais baixo, mais ele "pega".</li>
<li><strong>Ratio (razão):</strong> o quanto ele comprime acima do threshold. 2:1 é suave; 4:1 firme; 8:1 ou mais já é quase um limitador.</li>
<li><strong>Attack (ataque):</strong> quão rápido ele reage. Ataque rápido segura o transiente; ataque lento deixa o "tec" da batida passar.</li>
<li><strong>Release:</strong> quão rápido ele solta depois que o sinal baixa. Ajuste pelo ritmo da música para não "bombear".</li>
<li><strong>Makeup gain:</strong> recupera o volume perdido na compressão — é o que faz o som parecer "maior".</li>
</ul>
<p><strong>Onde usar:</strong> voz principal (o uso nº 1 — segura a dinâmica do cantor), baixo (firma o grave), bumbo e caixa. Comece suave: ratio ~3:1, threshold ajustado para reduzir uns 3–6 dB nos picos.</p>

<h3>Gate: cortando o que não interessa</h3>
<p><strong>O gate faz o contrário do compressor: ele silencia o canal quando o sinal está abaixo de um limite.</strong> É um "portão" que só abre quando chega som de verdade. Serve para limpar a mixagem de ruídos e vazamentos:</p>
<ul>
<li><strong>Microfone de bumbo</strong> que capta a caixa e os tons ao lado → o gate só abre quando o bumbo é tocado.</li>
<li><strong>Vocal</strong> num palco barulhento → fecha nos silêncios e tira o "chiado" e o vazamento da banda.</li>
<li><strong>Tons da bateria</strong> → cada tom só soa quando é batido, deixando o kit definido.</li>
</ul>
<p>Controles principais: <strong>threshold</strong> (nível para abrir), <strong>range/depth</strong> (o quanto atenua quando fechado) e <strong>attack/hold/release</strong> (tempo para abrir e fechar). Cuidado: gate apertado demais "corta" o fim das notas e a respiração da voz — ajuste com bom senso.</p>

<h3>Gate × Compressor — não confunda</h3>
<ul>
<li><strong>Compressor</strong> age nos sons <em>altos</em> (abaixa os picos) → deixa constante e "maior".</li>
<li><strong>Gate</strong> age nos sons <em>baixos</em> (silencia o fundo) → deixa limpo e definido.</li>
</ul>
<p>Na cadeia do canal a ordem típica é: <strong>gain → gate → EQ → compressor</strong>. Primeiro limpa (gate), depois molda o timbre (EQ), depois controla a dinâmica (compressor).</p>

<h3>Erros comuns do iniciante</h3>
<ul>
<li><strong>Comprimir tudo no talo:</strong> a mix fica "achatada", sem vida e bombeando. Menos é mais.</li>
<li><strong>Gate rápido demais na voz:</strong> corta as palavras e a respiração — soa artificial.</li>
<li><strong>Usar compressor para "aumentar volume":</strong> ele controla dinâmica; volume é o fader e o makeup gain, sem exagerar.</li>
</ul>

<h3>Resumo prático</h3>
<p><strong>Compressor firma (segura os altos); gate limpa (corta os baixos).</strong> Na voz, um pouco dos dois transforma o resultado. Ajuste ouvindo — comece suave e vá apertando só até resolver o problema, nunca além.</p>',16,4,true,false);
insert into public.quizzes (id,lesson_id,titulo) values ('e6b50000-b551-4c00-9000-0000000c0004','e6b50000-b551-4c00-9000-0000000b0004','Quiz — Dinâmica (gate e compressor)');
insert into public.quiz_questions (id,quiz_id,texto,explicacao,ordem,pontos) values ('e6b50000-b551-4c00-9000-000000000401','e6b50000-b551-4c00-9000-0000000c0004','O que o compressor faz?','Reduz o volume automaticamente quando o sinal passa de um limite (threshold) — deixa a fonte mais constante.',1,1);
insert into public.quiz_options (question_id,texto,correta,ordem) values ('e6b50000-b551-4c00-9000-000000000401','Silencia o canal nos silêncios',false,1);
insert into public.quiz_options (question_id,texto,correta,ordem) values ('e6b50000-b551-4c00-9000-000000000401','Abaixa os picos, deixando o som mais constante',true,2);
insert into public.quiz_options (question_id,texto,correta,ordem) values ('e6b50000-b551-4c00-9000-000000000401','Aumenta os agudos',false,3);
insert into public.quiz_options (question_id,texto,correta,ordem) values ('e6b50000-b551-4c00-9000-000000000401','Cria eco',false,4);
insert into public.quiz_questions (id,quiz_id,texto,explicacao,ordem,pontos) values ('e6b50000-b551-4c00-9000-000000000402','e6b50000-b551-4c00-9000-0000000c0004','O que o gate faz?','Silencia (fecha) o canal quando o sinal está abaixo de um limite — limpa ruídos e vazamentos.',2,1);
insert into public.quiz_options (question_id,texto,correta,ordem) values ('e6b50000-b551-4c00-9000-000000000402','Silencia o canal quando o som está abaixo do limite',true,1);
insert into public.quiz_options (question_id,texto,correta,ordem) values ('e6b50000-b551-4c00-9000-000000000402','Aumenta o grave',false,2);
insert into public.quiz_options (question_id,texto,correta,ordem) values ('e6b50000-b551-4c00-9000-000000000402','Comprime os picos',false,3);
insert into public.quiz_options (question_id,texto,correta,ordem) values ('e6b50000-b551-4c00-9000-000000000402','Adiciona reverb',false,4);
insert into public.quiz_questions (id,quiz_id,texto,explicacao,ordem,pontos) values ('e6b50000-b551-4c00-9000-000000000403','e6b50000-b551-4c00-9000-0000000c0004','No compressor, o que é o ''ratio''?','A razão de compressão acima do threshold: 2:1 é suave, 4:1 firme, 8:1+ quase um limitador.',3,1);
insert into public.quiz_options (question_id,texto,correta,ordem) values ('e6b50000-b551-4c00-9000-000000000403','A frequência cortada',false,1);
insert into public.quiz_options (question_id,texto,correta,ordem) values ('e6b50000-b551-4c00-9000-000000000403','O quanto ele comprime acima do threshold',true,2);
insert into public.quiz_options (question_id,texto,correta,ordem) values ('e6b50000-b551-4c00-9000-000000000403','O tempo de reverb',false,3);
insert into public.quiz_options (question_id,texto,correta,ordem) values ('e6b50000-b551-4c00-9000-000000000403','O volume de saída',false,4);
insert into public.quiz_questions (id,quiz_id,texto,explicacao,ordem,pontos) values ('e6b50000-b551-4c00-9000-000000000404','e6b50000-b551-4c00-9000-0000000c0004','Qual é o uso nº 1 do compressor ao vivo?','A voz principal — segura a dinâmica do cantor, que não some no verso nem estoura no refrão.',4,1);
insert into public.quiz_options (question_id,texto,correta,ordem) values ('e6b50000-b551-4c00-9000-000000000404','No reverb da sala',false,1);
insert into public.quiz_options (question_id,texto,correta,ordem) values ('e6b50000-b551-4c00-9000-000000000404','Na voz principal',true,2);
insert into public.quiz_options (question_id,texto,correta,ordem) values ('e6b50000-b551-4c00-9000-000000000404','Nas luzes',false,3);
insert into public.quiz_options (question_id,texto,correta,ordem) values ('e6b50000-b551-4c00-9000-000000000404','No cabo de rede',false,4);
insert into public.quiz_questions (id,quiz_id,texto,explicacao,ordem,pontos) values ('e6b50000-b551-4c00-9000-000000000405','e6b50000-b551-4c00-9000-0000000c0004','A ordem típica na cadeia do canal é:','Gain → gate → EQ → compressor: primeiro limpa, depois molda o timbre, depois controla a dinâmica.',5,1);
insert into public.quiz_options (question_id,texto,correta,ordem) values ('e6b50000-b551-4c00-9000-000000000405','Compressor → EQ → gate → gain',false,1);
insert into public.quiz_options (question_id,texto,correta,ordem) values ('e6b50000-b551-4c00-9000-000000000405','Gain → gate → EQ → compressor',true,2);
insert into public.quiz_options (question_id,texto,correta,ordem) values ('e6b50000-b551-4c00-9000-000000000405','EQ → gain → reverb',false,3);
insert into public.quiz_options (question_id,texto,correta,ordem) values ('e6b50000-b551-4c00-9000-000000000405','Fader → gate → mute',false,4);
insert into public.quiz_questions (id,quiz_id,texto,explicacao,ordem,pontos) values ('e6b50000-b551-4c00-9000-000000000406','e6b50000-b551-4c00-9000-0000000c0004','Um erro comum com gate na voz é:','Gate rápido/apertado demais corta as palavras e a respiração — soa artificial.',6,1);
insert into public.quiz_options (question_id,texto,correta,ordem) values ('e6b50000-b551-4c00-9000-000000000406','Deixá-lo desligado',false,1);
insert into public.quiz_options (question_id,texto,correta,ordem) values ('e6b50000-b551-4c00-9000-000000000406','Apertar demais e cortar palavras/respiração',true,2);
insert into public.quiz_options (question_id,texto,correta,ordem) values ('e6b50000-b551-4c00-9000-000000000406','Usar em condensador',false,3);
insert into public.quiz_options (question_id,texto,correta,ordem) values ('e6b50000-b551-4c00-9000-000000000406','Ligar o phantom',false,4);

-- AULA 5 [M1.5]: Efeitos: reverb e delay (a lógica do envio)
insert into public.lessons (id,module_id,titulo,tipo,conteudo_rico,duracao_min,ordem,tem_quiz,preview_gratis) values
  ('e6b50000-b551-4c00-9000-0000000b0005','e6b50000-b551-4c00-9000-0000000000a1','Efeitos: reverb e delay (a lógica do envio)','texto','<p><strong>Efeitos dão espaço e profundidade à mixagem.</strong> Sem eles, a voz soa "seca", colada no rosto do ouvinte. Com um pouco de reverb e delay, ela ganha ambiente, brilho e emoção — como se estivesse num lugar de verdade. Os dois efeitos mais usados ao vivo são o <strong>reverb</strong> e o <strong>delay</strong>. Nesta aula você entende os dois e, principalmente, como usá-los pela lógica dos <strong>envios (aux/FX send)</strong>.</p>

<figure style="margin:16px 0;text-align:center"><img src="https://pshynylvvkhhohftouoe.supabase.co/storage/v1/object/public/media/img-som-basico/reverb-delay-senoide.jpg" alt="Diagrama com senoides: delay como ecos separados e decrescentes; reverb como cauda densa que decai." style="max-width:100%;border-radius:10px;border:1px solid rgba(0,0,0,.12)" /><figcaption style="font-size:12px;opacity:.75;margin-top:6px">Delay: repetições separadas da senoide, cada vez menores (ecos). Reverb: uma cauda densa de reflexões que decai suave.</figcaption></figure>

<h3>Reverb: o ambiente</h3>
<p><strong>Reverb é a soma de milhares de reflexões do som nas paredes de um espaço.</strong> É o que diferencia cantar num banheiro, numa igreja ou num campo aberto. No mixer, o reverb simula esses espaços. Parâmetros que você mais mexe:</p>
<ul>
<li><strong>Tipo/tamanho:</strong> <em>Room</em> (pequeno, discreto), <em>Hall</em> (grande, para baladas), <em>Plate</em> (brilhante, ótimo para voz e caixa).</li>
<li><strong>Decay (tempo):</strong> quanto tempo a "cauda" leva para sumir. Curto = intimista; longo = épico (mas embola a letra se exagerar).</li>
<li><strong>Pre-delay:</strong> o atraso antes do reverb começar — ajuda a voz a ficar inteligível mesmo com bastante ambiente.</li>
</ul>

<h3>Delay: a repetição (eco)</h3>
<p><strong>Delay é a repetição do som depois de um tempo.</strong> Ao vivo é usado para dar destaque e emoção em finais de frase ("...vou embora... embora... embora"). O segredo é o <strong>tempo no ritmo da música</strong> — quase todo delay tem <strong>Tap Tempo</strong> (você bate no ritmo) ou sincroniza em semínima/colcheia. Controles: <strong>time</strong> (tempo entre repetições), <strong>feedback</strong> (quantas repetições) e <strong>mix</strong> (quanto do efeito).</p>

<h3>A lógica do envio (aux/FX send) — o ponto-chave</h3>
<p><strong>Efeito ao vivo quase nunca é "inserido" no canal; ele é enviado.</strong> Você cria um <strong>canal de efeito</strong> (o reverb ou o delay mora ali) e, em cada canal, usa um <strong>envio (send)</strong> para mandar um pouco de sinal para esse efeito. O retorno do efeito volta na mixagem. Vantagens:</p>
<ul>
<li><strong>Um só reverb serve vários canais</strong> (voz, backing, caixa) — economia e coesão.</li>
<li><strong>Você dosa por canal:</strong> mais reverb na voz principal, menos na backing, nada no bumbo.</li>
<li><strong>O envio é normalmente pós-fader:</strong> quando você abaixa o canal, o efeito abaixa junto — natural.</li>
</ul>
<p>Passo a passo: (1) o efeito está num retorno/canal de FX; (2) no canal da voz, suba o <strong>send</strong> para esse FX; (3) ajuste o <strong>retorno</strong> do FX na mix. Simples e poderoso.</p>

<h3>Bom gosto ao vivo</h3>
<ul>
<li><strong>Menos é mais.</strong> Reverb demais "afoga" a letra e tira a inteligibilidade — o público quer entender o cantor.</li>
<li><strong>Voz falada/locução: seco.</strong> Palestra e MC pedem pouco ou nenhum efeito, senão vira "banheiro".</li>
<li><strong>Delay no tempo da música</strong> soa musical; fora do tempo, vira bagunça.</li>
<li><strong>Corte graves do reverb</strong> (HPF no retorno) para não embolar; reverb com grave demais suja a mix.</li>
</ul>

<h3>Resumo prático</h3>
<p><strong>Reverb = espaço; delay = repetição no ritmo.</strong> Ambos entram por <strong>envio (aux/FX)</strong>, não por inserção: um efeito, vários canais, dosado por canal. Use com parcimônia — o efeito é tempero, não o prato.</p>',15,5,true,false);
insert into public.quizzes (id,lesson_id,titulo) values ('e6b50000-b551-4c00-9000-0000000c0005','e6b50000-b551-4c00-9000-0000000b0005','Quiz — Efeitos (reverb e delay)');
insert into public.quiz_questions (id,quiz_id,texto,explicacao,ordem,pontos) values ('e6b50000-b551-4c00-9000-000000000501','e6b50000-b551-4c00-9000-0000000c0005','O que é o reverb?','A soma de milhares de reflexões do som num espaço — dá ambiente e profundidade (room, hall, plate).',1,1);
insert into public.quiz_options (question_id,texto,correta,ordem) values ('e6b50000-b551-4c00-9000-000000000501','A repetição em eco',false,1);
insert into public.quiz_options (question_id,texto,correta,ordem) values ('e6b50000-b551-4c00-9000-000000000501','O ambiente/espaço (reflexões)',true,2);
insert into public.quiz_options (question_id,texto,correta,ordem) values ('e6b50000-b551-4c00-9000-000000000501','Um corte de grave',false,3);
insert into public.quiz_options (question_id,texto,correta,ordem) values ('e6b50000-b551-4c00-9000-000000000501','Um tipo de microfone',false,4);
insert into public.quiz_questions (id,quiz_id,texto,explicacao,ordem,pontos) values ('e6b50000-b551-4c00-9000-000000000502','e6b50000-b551-4c00-9000-0000000c0005','O que é o delay?','A repetição do som depois de um tempo (eco). Ao vivo, sincronizado ao ritmo da música (tap tempo).',2,1);
insert into public.quiz_options (question_id,texto,correta,ordem) values ('e6b50000-b551-4c00-9000-000000000502','O ambiente da sala',false,1);
insert into public.quiz_options (question_id,texto,correta,ordem) values ('e6b50000-b551-4c00-9000-000000000502','A repetição do som (eco), no tempo da música',true,2);
insert into public.quiz_options (question_id,texto,correta,ordem) values ('e6b50000-b551-4c00-9000-000000000502','Um compressor',false,3);
insert into public.quiz_options (question_id,texto,correta,ordem) values ('e6b50000-b551-4c00-9000-000000000502','Um padrão polar',false,4);
insert into public.quiz_questions (id,quiz_id,texto,explicacao,ordem,pontos) values ('e6b50000-b551-4c00-9000-000000000503','e6b50000-b551-4c00-9000-0000000c0005','Como o efeito é normalmente aplicado ao vivo?','Por ENVIO (aux/FX send): um canal de efeito recebe sends de vários canais e retorna na mix — não é inserido.',3,1);
insert into public.quiz_options (question_id,texto,correta,ordem) values ('e6b50000-b551-4c00-9000-000000000503','Inserido em cada canal',false,1);
insert into public.quiz_options (question_id,texto,correta,ordem) values ('e6b50000-b551-4c00-9000-000000000503','Por envio (aux/FX send) para um canal de efeito',true,2);
insert into public.quiz_options (question_id,texto,correta,ordem) values ('e6b50000-b551-4c00-9000-000000000503','No cabo de força',false,3);
insert into public.quiz_options (question_id,texto,correta,ordem) values ('e6b50000-b551-4c00-9000-000000000503','No fader master apenas',false,4);
insert into public.quiz_questions (id,quiz_id,texto,explicacao,ordem,pontos) values ('e6b50000-b551-4c00-9000-000000000504','e6b50000-b551-4c00-9000-0000000c0005','Vantagem de usar envio em vez de inserção:','Um só reverb serve vários canais e você dosa por canal (mais na voz, menos na backing, nada no bumbo).',4,1);
insert into public.quiz_options (question_id,texto,correta,ordem) values ('e6b50000-b551-4c00-9000-000000000504','Gasta mais processamento',false,1);
insert into public.quiz_options (question_id,texto,correta,ordem) values ('e6b50000-b551-4c00-9000-000000000504','Um efeito serve vários canais, dosado por canal',true,2);
insert into public.quiz_options (question_id,texto,correta,ordem) values ('e6b50000-b551-4c00-9000-000000000504','Corta o grave',false,3);
insert into public.quiz_options (question_id,texto,correta,ordem) values ('e6b50000-b551-4c00-9000-000000000504','Aumenta o ganho',false,4);
insert into public.quiz_questions (id,quiz_id,texto,explicacao,ordem,pontos) values ('e6b50000-b551-4c00-9000-000000000505','e6b50000-b551-4c00-9000-0000000c0005','Bom gosto com reverb na voz ao vivo:','Menos é mais — reverb demais afoga a letra e tira a inteligibilidade. Locução/palestra: seco.',5,1);
insert into public.quiz_options (question_id,texto,correta,ordem) values ('e6b50000-b551-4c00-9000-000000000505','Quanto mais, melhor',false,1);
insert into public.quiz_options (question_id,texto,correta,ordem) values ('e6b50000-b551-4c00-9000-000000000505','Com parcimônia, para não afogar a letra',true,2);
insert into public.quiz_options (question_id,texto,correta,ordem) values ('e6b50000-b551-4c00-9000-000000000505','Sempre no máximo no refrão',false,3);
insert into public.quiz_options (question_id,texto,correta,ordem) values ('e6b50000-b551-4c00-9000-000000000505','Só no bumbo',false,4);

-- AULA 6 [M1.6]: Microfonia (feedback): como evitar e combater
insert into public.lessons (id,module_id,titulo,tipo,conteudo_rico,duracao_min,ordem,tem_quiz,preview_gratis) values
  ('e6b50000-b551-4c00-9000-0000000b0006','e6b50000-b551-4c00-9000-0000000000a1','Microfonia (feedback): como evitar e combater','texto','<p><strong>Microfonia é aquele apito ou ronco que nasce quando o som da caixa volta para o microfone.</strong> É o pesadelo do técnico ao vivo — assusta o público, pode danificar equipamento e ouvido. A boa notícia: microfonia tem causa física clara e se combate com método. Nesta aula você entende por que ela acontece e as manobras para evitá-la e matá-la rápido.</p>

<h3>Por que acontece</h3>
<p><strong>É um laço:</strong> o microfone capta a voz → a mesa amplifica → a caixa toca alto → esse som chega de volta no microfone → é amplificado de novo → e o ciclo se realimenta até "apitar" numa frequência. Sempre que o <em>ganho do sistema</em> (o quanto o microfone é amplificado) fica alto demais para a distância entre a caixa e o microfone, a microfonia aparece. Ou seja, ela é uma questão de <strong>ganho antes da realimentação</strong> (gain before feedback).</p>

<h3>As causas mais comuns</h3>
<ul>
<li><strong>Microfone apontado para a caixa</strong> (ou monitor de retorno). O clássico.</li>
<li><strong>Ganho/volume alto demais</strong> no canal para a necessidade.</li>
<li><strong>Cantor longe do microfone</strong> — para ouvir, você sobe o volume, e aí realimenta.</li>
<li><strong>EQ com agudos ou médios exagerados</strong>, criando uma frequência que "quer apitar".</li>
<li><strong>Microfone errado</strong>: um condensador de captação larga num palco alto é convite à microfonia.</li>
</ul>

<h3>Como prevenir (antes do show)</h3>
<ul>
<li><strong>Posicione as caixas à frente dos microfones.</strong> O PA deve estar na linha do público, nunca atrás de quem canta.</li>
<li><strong>Microfone direcional (cardioide) e perto da boca.</strong> Perto = mais sinal com menos ganho = mais folga antes de apitar.</li>
<li><strong>Nunca aponte o microfone para o monitor de retorno.</strong> O cardioide rejeita o som que vem de trás — use isso a favor.</li>
<li><strong>Ganho só o necessário.</strong> Gain staging correto (aula de ganho) já dá margem.</li>
<li><strong>"Toque o sistema": suba o ganho até começar a apitar, ache a frequência e corte-a; depois abaixe uns 3 dB.</strong> É o <em>ringing out</em> do PA/monitores.</li>
</ul>

<h3>Como matar na hora (durante o show)</h3>
<ul>
<li><strong>Abaixe o fader/ganho do canal que está apitando.</strong> É a ação mais rápida e certeira.</li>
<li><strong>Identifique a frequência</strong> (apito fino = agudo; ronco = grave/médio-grave) e <strong>corte-a no EQ</strong> com um corte estreito.</li>
<li><strong>Afaste o microfone da caixa</strong> ou peça para o cantor chegar mais perto do microfone.</li>
<li><strong>HPF ligado</strong> em vozes corta o ronco grave que costuma realimentar.</li>
</ul>

<h3>Ferramentas que ajudam</h3>
<p><strong>EQ gráfico</strong> nos monitores para cortar as frequências problemáticas; <strong>supressores de feedback</strong> automáticos existem, mas são muleta — o técnico bom resolve com posição, ganho e EQ. O ouvido treinado reconhece a frequência do apito em segundos: isso vem com prática.</p>

<h3>Resumo prático</h3>
<p><strong>Microfonia = ganho alto demais + microfone captando a caixa.</strong> Previna com posição (caixa à frente, mic perto e direcional) e ganho justo; mate abaixando o canal e cortando a frequência que apita. Domine isso e você já opera com muito mais segurança.</p>',15,6,true,false);
insert into public.quizzes (id,lesson_id,titulo) values ('e6b50000-b551-4c00-9000-0000000c0006','e6b50000-b551-4c00-9000-0000000b0006','Quiz — Microfonia (feedback)');
insert into public.quiz_questions (id,quiz_id,texto,explicacao,ordem,pontos) values ('e6b50000-b551-4c00-9000-000000000601','e6b50000-b551-4c00-9000-0000000c0006','Por que a microfonia (apito) acontece?','É um laço: o som da caixa volta ao microfone, é amplificado de novo e se realimenta até apitar.',1,1);
insert into public.quiz_options (question_id,texto,correta,ordem) values ('e6b50000-b551-4c00-9000-000000000601','Por causa do cabo XLR',false,1);
insert into public.quiz_options (question_id,texto,correta,ordem) values ('e6b50000-b551-4c00-9000-000000000601','O som da caixa volta ao microfone e se realimenta',true,2);
insert into public.quiz_options (question_id,texto,correta,ordem) values ('e6b50000-b551-4c00-9000-000000000601','Por falta de phantom',false,3);
insert into public.quiz_options (question_id,texto,correta,ordem) values ('e6b50000-b551-4c00-9000-000000000601','Por excesso de cabos',false,4);
insert into public.quiz_questions (id,quiz_id,texto,explicacao,ordem,pontos) values ('e6b50000-b551-4c00-9000-000000000602','e6b50000-b551-4c00-9000-0000000c0006','Qual posição das caixas ajuda a evitar microfonia?','As caixas de PA devem ficar À FRENTE dos microfones (na linha do público), nunca atrás de quem canta.',2,1);
insert into public.quiz_options (question_id,texto,correta,ordem) values ('e6b50000-b551-4c00-9000-000000000602','Atrás de quem canta',false,1);
insert into public.quiz_options (question_id,texto,correta,ordem) values ('e6b50000-b551-4c00-9000-000000000602','À frente dos microfones (na linha do público)',true,2);
insert into public.quiz_options (question_id,texto,correta,ordem) values ('e6b50000-b551-4c00-9000-000000000602','Apontadas para o microfone',false,3);
insert into public.quiz_options (question_id,texto,correta,ordem) values ('e6b50000-b551-4c00-9000-000000000602','Em cima do palco viradas para trás',false,4);
insert into public.quiz_questions (id,quiz_id,texto,explicacao,ordem,pontos) values ('e6b50000-b551-4c00-9000-000000000603','e6b50000-b551-4c00-9000-0000000c0006','Manter o microfone perto da boca ajuda porque:','Perto = mais sinal com menos ganho = mais folga antes de realimentar (mais ''gain before feedback'').',3,1);
insert into public.quiz_options (question_id,texto,correta,ordem) values ('e6b50000-b551-4c00-9000-000000000603','Fica mais bonito',false,1);
insert into public.quiz_options (question_id,texto,correta,ordem) values ('e6b50000-b551-4c00-9000-000000000603','Dá mais sinal com menos ganho, sobrando folga',true,2);
insert into public.quiz_options (question_id,texto,correta,ordem) values ('e6b50000-b551-4c00-9000-000000000603','Aumenta o reverb',false,3);
insert into public.quiz_options (question_id,texto,correta,ordem) values ('e6b50000-b551-4c00-9000-000000000603','Carrega a bateria',false,4);
insert into public.quiz_questions (id,quiz_id,texto,explicacao,ordem,pontos) values ('e6b50000-b551-4c00-9000-000000000604','e6b50000-b551-4c00-9000-0000000c0006','Ação mais rápida para matar um apito durante o show:','Abaixar o fader/ganho do canal que está apitando — é a ação mais rápida e certeira.',4,1);
insert into public.quiz_options (question_id,texto,correta,ordem) values ('e6b50000-b551-4c00-9000-000000000604','Aumentar o volume geral',false,1);
insert into public.quiz_options (question_id,texto,correta,ordem) values ('e6b50000-b551-4c00-9000-000000000604','Abaixar o fader/ganho do canal que apita',true,2);
insert into public.quiz_options (question_id,texto,correta,ordem) values ('e6b50000-b551-4c00-9000-000000000604','Desligar as caixas',false,3);
insert into public.quiz_options (question_id,texto,correta,ordem) values ('e6b50000-b551-4c00-9000-000000000604','Trocar o microfone no ar',false,4);
insert into public.quiz_questions (id,quiz_id,texto,explicacao,ordem,pontos) values ('e6b50000-b551-4c00-9000-000000000605','e6b50000-b551-4c00-9000-0000000c0006','Como o padrão cardioide ajuda contra microfonia?','Ele rejeita o som que vem de trás; aponte a zona surda (traseira) para as caixas/retornos.',5,1);
insert into public.quiz_options (question_id,texto,correta,ordem) values ('e6b50000-b551-4c00-9000-000000000605','Capta de todos os lados',false,1);
insert into public.quiz_options (question_id,texto,correta,ordem) values ('e6b50000-b551-4c00-9000-000000000605','Rejeita o som de trás — aponte a zona surda para a caixa',true,2);
insert into public.quiz_options (question_id,texto,correta,ordem) values ('e6b50000-b551-4c00-9000-000000000605','Aumenta o grave',false,3);
insert into public.quiz_options (question_id,texto,correta,ordem) values ('e6b50000-b551-4c00-9000-000000000605','Precisa de phantom',false,4);
insert into public.ai_animations (lesson_id,tipo,status,model,roteiro,urls) values ('e6b50000-b551-4c00-9000-0000000b0006','interactive','ready','handcrafted-interactive','{"titulo":"RTA — o que é a microfonia (animado)","cenas":[{"numero":1,"titulo":"RTA — o que é a microfonia (animado)","modo":"widget","narracao":"Veja no analisador de espectro (RTA) o pico de microfonia nascer, crescer e apitar — e como o corte no EQ o derruba.","explicacao_texto":"Veja no analisador de espectro (RTA) o pico de microfonia nascer, crescer e apitar — e como o corte no EQ o derruba.","destaques":["Pico estreito numa frequência","Ganho antes da realimentação","Cortar a frequência no EQ","Demo automática em loop"]}]}'::jsonb,'[{"html":"<!doctype html>\n<html lang=\"pt-BR\">\n<head>\n<meta charset=\"utf-8\">\n<meta name=\"viewport\" content=\"width=device-width, initial-scale=1\">\n<title>RTA — O que é microfonia (SMU)</title>\n<style>\n  :root{--bg:#0b0f17;--panel:#151b28;--line:#26344c;--ink:#e7ecf5;--muted:#8ea0bd;\n    --amber:#F59E0B;--green:#22c55e;--red:#ef4444;--cyan:#22d3ee}\n  *{box-sizing:border-box}html,body{margin:0}\n  body{background:var(--bg);color:var(--ink);font-family:\"Space Grotesk\",system-ui,-apple-system,\"Segoe UI\",Roboto,sans-serif;\n    -webkit-font-smoothing:antialiased;padding:10px;user-select:none}\n  h1{font-size:15px;margin:0 0 2px}.sub{font-size:11.5px;color:var(--muted);margin-bottom:8px}\n  .status{display:flex;gap:8px;align-items:center;background:#0c1220;border:1px solid var(--line);border-radius:10px;padding:8px 12px;margin-bottom:8px;min-height:40px}\n  .dot{width:12px;height:12px;border-radius:50%;background:var(--green);flex:0 0 auto;box-shadow:0 0 8px var(--green)}\n  .dot.bad{background:var(--red);box-shadow:0 0 12px var(--red)}\n  .status .msg{font-size:12.5px;line-height:1.25;flex:1}.status .msg b{color:var(--amber)}\n  .freq{font-size:11px;color:var(--muted);white-space:nowrap}\n  .wrap{background:linear-gradient(180deg,#0e1420,#0a0f18);border:1px solid var(--line);border-radius:12px;padding:8px}\n  canvas{width:100%;height:auto;display:block;border-radius:8px}\n  .controls{display:flex;gap:8px;flex-wrap:wrap;margin-top:8px}\n  button{font:inherit;font-size:12px;font-weight:700;padding:9px 12px;border-radius:8px;border:1px solid var(--line);\n    background:#111a2b;color:var(--ink);cursor:pointer;flex:1 1 auto;min-width:120px;touch-action:manipulation}\n  button.warn{border-color:var(--red);color:#ffd7d7}\n  button.ok{border-color:var(--green);color:#d7ffe2}\n  button.amber{border-color:var(--amber);color:#ffe6bf}\n  button:active{transform:translateY(1px)}\n  .legend{font-size:10.5px;color:var(--muted);margin-top:8px;line-height:1.35}\n  .legend b{color:var(--ink)}\n</style>\n</head>\n<body>\n  <h1>RTA — o que é a microfonia (feedback)</h1>\n  <div class=\"sub\">O analisador de espectro (RTA) mostra a energia por frequência. Veja um pico nascer, crescer e \"apitar\" — e como o EQ mata.</div>\n\n  <div class=\"status\">\n    <span class=\"dot\" id=\"dot\"></span>\n    <span class=\"msg\" id=\"msg\">Sistema estável. Suba o ganho para ver a microfonia começar.</span>\n    <span class=\"freq\" id=\"freq\"></span>\n  </div>\n\n  <div class=\"wrap\"><canvas id=\"rta\" width=\"900\" height=\"340\"></canvas></div>\n\n  <div class=\"controls\">\n    <button id=\"bGain\" class=\"amber\">▲ Subir ganho</button>\n    <button id=\"bFeed\" class=\"warn\">🔴 Simular microfonia</button>\n    <button id=\"bCut\" class=\"ok\">✂ Cortar a frequência (EQ)</button>\n    <button id=\"bAuto\">▶ Demo automática</button>\n  </div>\n\n  <div class=\"legend\">\n    <b>Como ler:</b> cada barra é uma faixa de frequência (graves à esquerda, agudos à direita). A microfonia é aquele\n    <b>pico estreito e altíssimo</b> numa frequência só — o som da caixa voltando ao microfone e se realimentando. Quando o\n    <b>ganho antes da realimentação</b> é ultrapassado, o pico dispara. O técnico <b>identifica a frequência</b> e a\n    <b>corta no EQ</b> (o \"✂\"), derrubando o pico sem baixar o show todo.\n</div>\n\n<script>\n\"use strict\";\n(function(){\n  const $=id=>document.getElementById(id);\n  const cv=$(\"rta\"), ctx=cv.getContext(\"2d\");\n  const N=31; // bandas 1/3 de oitava (20 Hz .. 20 kHz)\n  const centers=[20,25,31,40,50,63,80,100,125,160,200,250,315,400,500,630,800,1000,1250,1600,2000,2500,3150,4000,5000,6300,8000,10000,12500,16000,20000];\n  const fLabel=i=>{const f=centers[i];return f>=1000?(f/1000)+\"k\":f+\"\";};\n  const FB=21; // índice da frequência que realimenta (~2.5 kHz), típico de microfonia de voz\n  // espectro base tipo voz (dB relativos)\n  const base=centers.map((f)=>{\n    let v=0.42;\n    if(f<80)v=0.18; else if(f<250)v=0.55; else if(f<2000)v=0.6; else if(f<6000)v=0.45; else v=0.28;\n    return v;\n  });\n  let peak=0;      // energia extra da microfonia (0..1.6)\n  let gain=0;      // \"ganho\" acima do limiar (0..1)\n  const THR=0.62;  // limiar de gain-before-feedback\n  let ringPhase=0;\n  let auto=false, autoT=0, autoStage=0;\n\n  function setStatus(bad,msg,f){ $(\"dot\").className=\"dot\"+(bad?\" bad\":\"\"); $(\"msg\").innerHTML=msg; $(\"freq\").textContent=f||\"\"; }\n\n  function draw(){\n    const W=cv.width,H=cv.height, pad=26, bw=(W-pad*2)/N;\n    ctx.clearRect(0,0,W,H);\n    // grade\n    ctx.strokeStyle=\"rgba(255,255,255,.05)\"; ctx.lineWidth=1;\n    for(let g=0;g<=4;g++){const y=pad+(H-pad*2)*g/4;ctx.beginPath();ctx.moveTo(pad,y);ctx.lineTo(W-pad,y);ctx.stroke();}\n    // barras\n    ringPhase+=0.35;\n    for(let i=0;i<N;i++){\n      let v=base[i];\n      if(i===FB){ v += peak*(0.9+0.1*Math.sin(ringPhase)); }\n      else { v += Math.max(0,peak-0.6)*Math.exp(-Math.abs(i-FB)/2.2)*0.4; } // vizinhança sobe um pouco\n      v=Math.max(0,Math.min(1.15,v));\n      const x=pad+i*bw+1, h=(H-pad*2)*(v/1.15), y=(H-pad)-h;\n      const danger=(i===FB && peak>0.5);\n      const grd=ctx.createLinearGradient(0,y,0,H-pad);\n      if(danger){grd.addColorStop(0,\"#ff5b5b\");grd.addColorStop(1,\"#7a1616\");}\n      else{grd.addColorStop(0,\"#38d9c6\");grd.addColorStop(.6,\"#22a58f\");grd.addColorStop(1,\"#0f5a4e\");}\n      ctx.fillStyle=grd; ctx.fillRect(x,y,bw-2,h);\n      if(danger){ ctx.fillStyle=\"rgba(255,80,80,\"+(0.25+0.2*Math.sin(ringPhase))+\")\"; ctx.fillRect(x-1,pad,bw,H-pad*2); }\n    }\n    // rótulos de eixo (algumas frequências)\n    ctx.fillStyle=\"rgba(180,200,225,.55)\"; ctx.font=\"10px system-ui\"; ctx.textAlign=\"center\";\n    [0,6,11,17,21,24,27,30].forEach(i=>{ctx.fillText(fLabel(i),pad+i*bw+bw/2,H-8);});\n    // marcador da microfonia\n    if(peak>0.5){\n      const x=pad+FB*bw+bw/2;\n      ctx.strokeStyle=\"rgba(255,90,90,.8)\";ctx.setLineDash([4,4]);ctx.beginPath();ctx.moveTo(x,pad);ctx.lineTo(x,H-pad);ctx.stroke();ctx.setLineDash([]);\n      ctx.fillStyle=\"#ff6b6b\";ctx.font=\"bold 12px system-ui\";ctx.fillText(\"▲ \"+fLabel(FB)+\"Hz\",x,pad-4);\n    }\n  }\n\n  function tick(){\n    // dinâmica da realimentação: se gain passa do limiar, o pico cresce sozinho (loop)\n    if(gain>THR){ peak += (0.02+ (gain-THR)*0.06); }\n    else { peak -= 0.03; }\n    peak=Math.max(0,Math.min(1.55,peak));\n\n    if(peak>0.5){\n      setStatus(true, \"<b>MICROFONIA!</b> Um pico dispara e se realimenta sozinho — o apito. Corte a frequência no EQ.\", fLabel(FB)+\" Hz\");\n    } else if(gain>0.3){\n      setStatus(false, \"Perto do limite: ganho alto. Mais um pouco e a frequência da sala começa a apitar.\", \"\");\n    } else {\n      setStatus(false, \"Sistema estável. Suba o ganho para ver a microfonia começar.\", \"\");\n    }\n\n    if(auto){ autoT++;\n      if(autoStage===0){ gain=Math.min(1,gain+0.012); if(gain>=0.98){autoStage=1;autoT=0;} }        // sobe ganho\n      else if(autoStage===1){ if(peak>1.2 && autoT>30){autoStage=2;autoT=0;} }                        // deixa apitar\n      else if(autoStage===2){ gain=0.2; peak=Math.max(0,peak-0.08); if(peak<=0){autoStage=3;autoT=0;} } // corta (EQ)\n      else if(autoStage===3){ if(autoT>60){autoStage=0;gain=0;} }                                      // pausa e repete\n    }\n    draw(); requestAnimationFrame(tick);\n  }\n\n  $(\"bGain\").onclick=()=>{ auto=false; gain=Math.min(1,gain+0.18); };\n  $(\"bFeed\").onclick=()=>{ auto=false; gain=1; };\n  $(\"bCut\").onclick=()=>{ auto=false; gain=0.2; peak=Math.max(0,peak*0.15); setStatus(false,\"<b>Frequência cortada no EQ.</b> O pico caiu e o apito parou — sem baixar o show todo.\",\"\"); };\n  $(\"bAuto\").onclick=()=>{ auto=!auto; autoStage=0; autoT=0; gain=0; peak=0; $(\"bAuto\").textContent=auto?\"⏸ Pausar demo\":\"▶ Demo automática\"; };\n\n  // começa em demo automática para já \"animar\"\n  auto=true; $(\"bAuto\").textContent=\"⏸ Pausar demo\";\n  requestAnimationFrame(tick);\n})();\n</script>\n</body>\n</html>\n"}]'::jsonb);

-- AULA 7 [M1.7]: Acústica básica: a sala também toca
insert into public.lessons (id,module_id,titulo,tipo,conteudo_rico,duracao_min,ordem,tem_quiz,preview_gratis) values
  ('e6b50000-b551-4c00-9000-0000000b0007','e6b50000-b551-4c00-9000-0000000000a1','Acústica básica: a sala também toca','texto','<p><strong>A sala também toca.</strong> Você pode ter a melhor mesa, o melhor microfone e a melhor caixa — mas quem ouve o som é o ambiente antes do público. Paredes, teto, piso e até as pessoas mudam o que chega ao ouvido. Entender o básico de <strong>acústica</strong> explica por que o mesmo equipamento soa ótimo num lugar e "embolado" em outro — e o que o técnico faz a respeito.</p>

<figure style="margin:16px 0;text-align:center"><img src="https://pshynylvvkhhohftouoe.supabase.co/storage/v1/object/public/media/img-som-basico/acustica-sala.jpg" alt="Sala com tratamento acústico: painéis de espuma nas paredes, bass traps nos cantos e um monitor de estúdio." style="max-width:100%;border-radius:10px;border:1px solid rgba(0,0,0,.12)" /><figcaption style="font-size:12px;opacity:.75;margin-top:6px">Tratamento acústico: painéis absorvem as reflexões e bass traps controlam o grave nos cantos.</figcaption></figure>

<h3>Reflexão, reverberação e absorção</h3>
<ul>
<li><strong>Reflexão:</strong> o som bate nas superfícies duras (parede, vidro, piso) e volta. Muitas reflexões chegando atrasadas ao ouvinte = som confuso, "eco".</li>
<li><strong>Reverberação:</strong> é a soma de todas essas reflexões que persistem depois que a fonte parou. Um salão grande e vazio tem <strong>muita reverberação</strong> — a voz "arrasta" e a letra fica difícil de entender.</li>
<li><strong>Absorção:</strong> materiais macios (cortina, carpete, espuma, o próprio público) <strong>engolem</strong> parte do som e reduzem as reflexões. Por isso a sala cheia soa mais "seca" e controlada que a sala vazia na passagem de som.</li>
</ul>

<h3>Por que o mesmo som muda de lugar para lugar</h3>
<p><strong>Ambiente "duro" (muito vidro, laje, piso frio): reverberante</strong> — o som fica cansativo e a inteligibilidade cai; cuidado com o volume, que só piora. <strong>Ambiente "macio" (tapete, cortina, sofá, gente): seco</strong> — mais controle e clareza. Salas grandes e altas espalham o som; salas pequenas concentram e reforçam o grave nos cantos.</p>

<h3>O grave e os cantos</h3>
<p><strong>As frequências graves se acumulam nas quinas e cantos da sala.</strong> Por isso um subwoofer encostado no canto parece "estourar" de grave, e algumas notas somem enquanto outras ficam enormes (as chamadas <strong>ondas estacionárias</strong>). Afastar um pouco a caixa da parede/canto já melhora o equilíbrio.</p>

<h3>O que o técnico faz na prática (básico)</h3>
<ul>
<li><strong>Posicione as caixas com inteligência:</strong> à frente dos microfones, afastadas de paredes e cantos que reforçam grave, apontando para o público — não para superfícies duras que devolvem reflexão.</li>
<li><strong>Use o ambiente a favor:</strong> cortinas, carpete, painéis e o público absorvem; conte com isso. Se a sala vazia soa reverberante, ela vai melhorar quando encher.</li>
<li><strong>Menos volume, mais clareza:</strong> em sala reverberante, subir o volume só aumenta a bagunça. Controle graves e médios-graves com EQ e mantenha a inteligibilidade.</li>
<li><strong>Retorno e microfonia:</strong> superfícies duras atrás do palco devolvem som ao microfone e favorecem a microfonia (você viu isso na aula de feedback).</li>
</ul>

<h3>Tratamento acústico (a foto acima)</h3>
<p><strong>Estúdios e salas bem preparadas usam material específico:</strong> painéis de <strong>espuma/absorvedores</strong> nas paredes para matar reflexões, <strong>bass traps</strong> nos cantos para controlar o grave e difusores para espalhar o som. No evento ao vivo você raramente trata a sala inteira, mas reconhece o problema e adapta a montagem — essa leitura do ambiente é uma marca do bom técnico.</p>

<h3>Continuidade para o Pleno</h3>
<p><strong>No básico você aprende a <em>ler</em> o ambiente e posicionar bem.</strong> No <strong>Som Pleno</strong> a gente mede: <strong>tempo de reverberação (RT60)</strong>, resposta da sala, <strong>EQ e alinhamento de sistema</strong>, uso de software de medição e o projeto acústico de salas — a engenharia por trás do que você sentiu aqui.</p>

<h3>Resumo prático</h3>
<p><strong>A sala reflete, reverbera e absorve — e isso muda tudo.</strong> Ambiente duro = reverberante e confuso; macio = seco e claro. Posicione as caixas longe de paredes/cantos, controle o grave, use a absorção do ambiente e lembre: em sala difícil, clareza vale mais que volume.</p>',16,7,true,false);
insert into public.quizzes (id,lesson_id,titulo) values ('e6b50000-b551-4c00-9000-0000000c0007','e6b50000-b551-4c00-9000-0000000b0007','Quiz — Acústica básica');
insert into public.quiz_questions (id,quiz_id,texto,explicacao,ordem,pontos) values ('e6b50000-b551-4c00-9000-000000000701','e6b50000-b551-4c00-9000-0000000c0007','O que é reverberação?','A soma das reflexões do som que persistem depois que a fonte parou — muita reverberação prejudica a inteligibilidade.',1,1);
insert into public.quiz_options (question_id,texto,correta,ordem) values ('e6b50000-b551-4c00-9000-000000000701','Um tipo de microfone',false,1);
insert into public.quiz_options (question_id,texto,correta,ordem) values ('e6b50000-b551-4c00-9000-000000000701','A soma das reflexões que persistem na sala',true,2);
insert into public.quiz_options (question_id,texto,correta,ordem) values ('e6b50000-b551-4c00-9000-000000000701','Um cabo balanceado',false,3);
insert into public.quiz_options (question_id,texto,correta,ordem) values ('e6b50000-b551-4c00-9000-000000000701','A potência do amplificador',false,4);
insert into public.quiz_questions (id,quiz_id,texto,explicacao,ordem,pontos) values ('e6b50000-b551-4c00-9000-000000000702','e6b50000-b551-4c00-9000-0000000c0007','Uma sala grande, vazia e com superfícies duras tende a ser:','Muito reverberante — a voz ''arrasta'' e a letra fica difícil de entender. Encher de gente (absorção) melhora.',2,1);
insert into public.quiz_options (question_id,texto,correta,ordem) values ('e6b50000-b551-4c00-9000-000000000702','Muito seca',false,1);
insert into public.quiz_options (question_id,texto,correta,ordem) values ('e6b50000-b551-4c00-9000-000000000702','Muito reverberante e confusa',true,2);
insert into public.quiz_options (question_id,texto,correta,ordem) values ('e6b50000-b551-4c00-9000-000000000702','Silenciosa',false,3);
insert into public.quiz_options (question_id,texto,correta,ordem) values ('e6b50000-b551-4c00-9000-000000000702','Sem grave',false,4);
insert into public.quiz_questions (id,quiz_id,texto,explicacao,ordem,pontos) values ('e6b50000-b551-4c00-9000-000000000703','e6b50000-b551-4c00-9000-0000000c0007','O que materiais macios (cortina, carpete, público) fazem com o som?','Absorvem parte do som, reduzindo reflexões — por isso a sala cheia soa mais seca e controlada que a vazia.',3,1);
insert into public.quiz_options (question_id,texto,correta,ordem) values ('e6b50000-b551-4c00-9000-000000000703','Refletem mais',false,1);
insert into public.quiz_options (question_id,texto,correta,ordem) values ('e6b50000-b551-4c00-9000-000000000703','Absorvem e reduzem reflexões',true,2);
insert into public.quiz_options (question_id,texto,correta,ordem) values ('e6b50000-b551-4c00-9000-000000000703','Aumentam o grave',false,3);
insert into public.quiz_options (question_id,texto,correta,ordem) values ('e6b50000-b551-4c00-9000-000000000703','Não mudam nada',false,4);
insert into public.quiz_questions (id,quiz_id,texto,explicacao,ordem,pontos) values ('e6b50000-b551-4c00-9000-000000000704','e6b50000-b551-4c00-9000-0000000c0007','Por que um subwoofer no canto da sala parece ''estourar'' de grave?','As frequências graves se acumulam nas quinas e cantos; afastar a caixa do canto equilibra.',4,1);
insert into public.quiz_options (question_id,texto,correta,ordem) values ('e6b50000-b551-4c00-9000-000000000704','Porque o canto é mais frio',false,1);
insert into public.quiz_options (question_id,texto,correta,ordem) values ('e6b50000-b551-4c00-9000-000000000704','Porque o grave se acumula nos cantos',true,2);
insert into public.quiz_options (question_id,texto,correta,ordem) values ('e6b50000-b551-4c00-9000-000000000704','Porque perde potência',false,3);
insert into public.quiz_options (question_id,texto,correta,ordem) values ('e6b50000-b551-4c00-9000-000000000704','Porque o cabo é curto',false,4);
insert into public.quiz_questions (id,quiz_id,texto,explicacao,ordem,pontos) values ('e6b50000-b551-4c00-9000-000000000705','e6b50000-b551-4c00-9000-0000000c0007','Em uma sala muito reverberante, o que dá mais resultado?','Controlar graves/médios com EQ e priorizar clareza — subir o volume só aumenta a bagunça das reflexões.',5,1);
insert into public.quiz_options (question_id,texto,correta,ordem) values ('e6b50000-b551-4c00-9000-000000000705','Aumentar o volume ao máximo',false,1);
insert into public.quiz_options (question_id,texto,correta,ordem) values ('e6b50000-b551-4c00-9000-000000000705','Buscar clareza e controlar o grave, sem exagerar no volume',true,2);
insert into public.quiz_options (question_id,texto,correta,ordem) values ('e6b50000-b551-4c00-9000-000000000705','Desligar as caixas',false,3);
insert into public.quiz_options (question_id,texto,correta,ordem) values ('e6b50000-b551-4c00-9000-000000000705','Apontar as caixas para a parede',false,4);

-- AULA 8 [M2.1]: Microfones: tipos, phantom power e padrão polar
insert into public.lessons (id,module_id,titulo,tipo,conteudo_rico,duracao_min,ordem,tem_quiz,preview_gratis) values
  ('e6b50000-b551-4c00-9000-0000000b0008','e6b50000-b551-4c00-9000-0000000000a2','Microfones: tipos, phantom power e padrão polar','texto','<p><strong>O microfone é a porta de entrada do som.</strong> Escolher o microfone errado — ou usar do jeito errado — estraga tudo o que vem depois, por melhor que seja a mesa. Nesta aula você aprende os tipos, quando usar cada um, o que é phantom power e como o "padrão polar" ajuda a evitar aquele assobio horrível: a microfonia.</p>

<figure style="margin:16px 0;text-align:center"><img src="https://pshynylvvkhhohftouoe.supabase.co/storage/v1/object/public/media/img-som-basico/mic-dinamico.jpg" alt="Microfone dinâmico de voz (bastão) profissional, corpo metálico escuro com grade esférica." style="max-width:100%;border-radius:10px;border:1px solid rgba(0,0,0,.12)" /><figcaption style="font-size:12px;opacity:.75;margin-top:6px">O microfone dinâmico de voz — robusto, cardioide, o cavalo de batalha dos vocais ao vivo.</figcaption></figure>

<h3>Os tipos que você vai usar no dia a dia</h3>
<ul>
<li><strong>Dinâmico:</strong> resistente, aguenta som alto e é o padrão para <strong>voz ao vivo</strong> e para fontes fortes (caixa da bateria, amplificador de guitarra). Não precisa de alimentação. É o "cavalo de batalha" do palco e do corporativo.</li>
<li><strong>Condensador:</strong> capta mais detalhe e agudos, ótimo para <strong>estúdio</strong>, coral, instrumentos acústicos e ambientes controlados. É mais sensível e frágil — e <strong>precisa de phantom power</strong>.</li>
<li><strong>Lapela (de peito) e Headset (de cabeça):</strong> pequenos, discretos, deixam as <strong>mãos livres</strong>. Padrão para palestrante, teatro e apresentador que se move. Quase sempre usados <strong>sem fio</strong>.</li>
<li><strong>Sem fio de mão:</strong> um dinâmico (ou condensador) com transmissor embutido — liberdade de movimento para cantores e apresentadores. Muito usado em eventos corporativos e igrejas.</li>
</ul>

<figure style="margin:16px 0;text-align:center"><img src="https://pshynylvvkhhohftouoe.supabase.co/storage/v1/object/public/media/img-som-basico/mic-kit.jpg" alt="Conjunto de microfones para eventos ao vivo num case de espuma: dinâmico de voz, condensador caneta, microfone clip para tom e microfone de bumbo." style="max-width:100%;border-radius:10px;border:1px solid rgba(0,0,0,.12)" /><figcaption style="font-size:12px;opacity:.75;margin-top:6px">Um kit típico de microfones para banda: dinâmico de voz, condensador (caneta), clip de tom e microfone de bumbo.</figcaption></figure>

<h3>Phantom power (+48V): o que é e quando ligar</h3>
<p><strong>Phantom power é uma tensão de 48 volts</strong> que a mesa envia pelo próprio cabo XLR para alimentar microfones <strong>condensadores</strong> (e DIs ativas). Regra prática:</p>
<ul>
<li><strong>Condensador</strong> → phantom <strong>LIGADO</strong> (senão ele não funciona).</li>
<li><strong>Dinâmico</strong> → phantom <strong>não é necessário</strong> (e, com microfones dinâmicos comuns, não faz mal, mas evite ligar/desligar com o fader aberto para não dar "tump").</li>
<li><strong>Cuidado:</strong> nunca conecte/desconecte cabos com phantom ligado e volume aberto — pode estourar.</li>
</ul>

<h3>Padrão polar: por onde o microfone "escuta"</h3>
<p><strong>O padrão polar diz de quais direções o microfone capta som.</strong> É a chave para controlar microfonia (feedback):</p>
<ul>
<li><strong>Omnidirecional:</strong> capta igualmente de todos os lados. Natural, mas capta muito ambiente e realimenta fácil. Comum em lapelas.</li>
<li><strong>Cardioide:</strong> capta na <strong>frente</strong> e rejeita <strong>atrás</strong>. É o mais usado ao vivo, porque você aponta a "zona surda" (atrás) para as caixas.</li>
<li><strong>Supercardioide:</strong> ainda mais focado na frente, com pequenas rejeições nas laterais/atrás — ótimo em palcos com muita caixa de retorno.</li>
</ul>
<p><strong>A regra de ouro contra microfonia:</strong> o microfone nunca deve "olhar" para uma caixa (PA ou retorno). Aponte a zona de rejeição do padrão polar para a caixa. No simulador, você vê o desenho do padrão e gira o microfone até o risco de microfonia da PA ficar no verde.</p>

<h3>O que causa (e o que evita) a microfonia</h3>
<p><strong>Microfonia acontece quando o som da caixa volta para o microfone</strong> e entra num ciclo que "sobe sozinho" até o assobio. Para evitar:</p>
<ul>
<li>Use o padrão polar a seu favor (mic apontando para longe das caixas).</li>
<li>Não deixe o <strong>ganho</strong> mais alto que o necessário.</li>
<li>Mantenha o microfone <strong>perto da fonte</strong> (boca perto do mic = mais sinal com menos ganho).</li>
<li>Se necessário, corte com EQ a frequência exata que está apitando.</li>
</ul>

<h3>No corporativo: microfones sem fio</h3>
<p><strong>Em evento corporativo, o sem fio é rei.</strong> Alguns cuidados básicos que evitam vexame no meio da palestra: confira a <strong>pilha/bateria</strong> antes (e tenha reserva), garanta que cada microfone está num <strong>canal/frequência</strong> diferente (dois no mesmo canal = interferência e cortes), e mantenha o <strong>receptor</strong> com linha de visão para o transmissor. Veremos a configuração de sem fio em detalhe mais à frente.</p>

<h3>Pratique no simulador</h3>
<p><strong>No simulador você escolhe o microfone certo para cada situação</strong> (voz ao vivo, estúdio, palestrante) e liga a alimentação correta. Depois, no painel do <strong>padrão polar</strong>, gira a direção do microfone para colocar a caixa de PA na zona de rejeição e deixar o risco de microfonia baixo. Complete as 4 missões.</p>',22,1,true,false);
insert into public.quizzes (id,lesson_id,titulo) values ('e6b50000-b551-4c00-9000-0000000c0008','e6b50000-b551-4c00-9000-0000000b0008','Quiz — Microfones');
insert into public.quiz_questions (id,quiz_id,texto,explicacao,ordem,pontos) values ('e6b50000-b551-4c00-9000-000000000801','e6b50000-b551-4c00-9000-0000000c0008','Qual microfone é o padrão para voz ao vivo num ambiente barulhento?','O dinâmico cardioide é robusto, aguenta pressão sonora alta e rejeita o som de trás — ideal para voz ao vivo. Não precisa de phantom.',1,1);
insert into public.quiz_options (question_id,texto,correta,ordem) values ('e6b50000-b551-4c00-9000-000000000801','Condensador de estúdio',false,1);
insert into public.quiz_options (question_id,texto,correta,ordem) values ('e6b50000-b551-4c00-9000-000000000801','Dinâmico cardioide',true,2);
insert into public.quiz_options (question_id,texto,correta,ordem) values ('e6b50000-b551-4c00-9000-000000000801','Lapela omnidirecional',false,3);
insert into public.quiz_options (question_id,texto,correta,ordem) values ('e6b50000-b551-4c00-9000-000000000801','Qualquer um, tanto faz',false,4);
insert into public.quiz_questions (id,quiz_id,texto,explicacao,ordem,pontos) values ('e6b50000-b551-4c00-9000-000000000802','e6b50000-b551-4c00-9000-0000000c0008','Um microfone condensador precisa de:','O condensador precisa de phantom power (+48V), enviado pela mesa pelo cabo XLR. Sem isso, ele não funciona.',2,1);
insert into public.quiz_options (question_id,texto,correta,ordem) values ('e6b50000-b551-4c00-9000-000000000802','Nada, funciona sozinho',false,1);
insert into public.quiz_options (question_id,texto,correta,ordem) values ('e6b50000-b551-4c00-9000-000000000802','Phantom power (+48V)',true,2);
insert into public.quiz_options (question_id,texto,correta,ordem) values ('e6b50000-b551-4c00-9000-000000000802','Um amplificador externo',false,3);
insert into public.quiz_options (question_id,texto,correta,ordem) values ('e6b50000-b551-4c00-9000-000000000802','Duas pilhas AA sempre',false,4);
insert into public.quiz_questions (id,quiz_id,texto,explicacao,ordem,pontos) values ('e6b50000-b551-4c00-9000-000000000803','e6b50000-b551-4c00-9000-0000000c0008','O que faz um padrão polar cardioide?','O cardioide capta na frente e rejeita atrás. Por isso você aponta a parte de trás (zona surda) para as caixas, evitando microfonia.',3,1);
insert into public.quiz_options (question_id,texto,correta,ordem) values ('e6b50000-b551-4c00-9000-000000000803','Capta igualmente de todos os lados',false,1);
insert into public.quiz_options (question_id,texto,correta,ordem) values ('e6b50000-b551-4c00-9000-000000000803','Capta na frente e rejeita atrás',true,2);
insert into public.quiz_options (question_id,texto,correta,ordem) values ('e6b50000-b551-4c00-9000-000000000803','Só capta sons agudos',false,3);
insert into public.quiz_options (question_id,texto,correta,ordem) values ('e6b50000-b551-4c00-9000-000000000803','Desliga o microfone',false,4);
insert into public.quiz_questions (id,quiz_id,texto,explicacao,ordem,pontos) values ('e6b50000-b551-4c00-9000-000000000804','e6b50000-b551-4c00-9000-0000000c0008','Para evitar microfonia (feedback), o microfone deve:','O mic não deve ''olhar'' para as caixas. Aponte a zona de rejeição do padrão polar para a PA/retorno, e mantenha o ganho só o necessário.',4,1);
insert into public.quiz_options (question_id,texto,correta,ordem) values ('e6b50000-b551-4c00-9000-000000000804','Apontar direto para a caixa de retorno',false,1);
insert into public.quiz_options (question_id,texto,correta,ordem) values ('e6b50000-b551-4c00-9000-000000000804','Ter a zona de rejeição apontada para as caixas',true,2);
insert into public.quiz_options (question_id,texto,correta,ordem) values ('e6b50000-b551-4c00-9000-000000000804','Ficar o mais longe possível da boca',false,3);
insert into public.quiz_options (question_id,texto,correta,ordem) values ('e6b50000-b551-4c00-9000-000000000804','Estar sempre com o ganho no máximo',false,4);
insert into public.quiz_questions (id,quiz_id,texto,explicacao,ordem,pontos) values ('e6b50000-b551-4c00-9000-000000000805','e6b50000-b551-4c00-9000-0000000c0008','Um palestrante que anda pelo palco e precisa das mãos livres deve usar:','Lapela ou headset sem fio: mãos livres e distância constante da boca, ideal para quem se move.',5,1);
insert into public.quiz_options (question_id,texto,correta,ordem) values ('e6b50000-b551-4c00-9000-000000000805','Microfone de mão com fio',false,1);
insert into public.quiz_options (question_id,texto,correta,ordem) values ('e6b50000-b551-4c00-9000-000000000805','Lapela ou headset sem fio',true,2);
insert into public.quiz_options (question_id,texto,correta,ordem) values ('e6b50000-b551-4c00-9000-000000000805','Condensador num pedestal fixo',false,3);
insert into public.quiz_options (question_id,texto,correta,ordem) values ('e6b50000-b551-4c00-9000-000000000805','Nenhum, projetar a voz',false,4);
insert into public.quiz_questions (id,quiz_id,texto,explicacao,ordem,pontos) values ('e6b50000-b551-4c00-9000-000000000806','e6b50000-b551-4c00-9000-0000000c0008','Dois microfones sem fio ligados no mesmo canal/frequência causam:','Interferência e cortes. Cada sistema sem fio precisa de um canal/frequência diferente para funcionar sem conflito.',6,1);
insert into public.quiz_options (question_id,texto,correta,ordem) values ('e6b50000-b551-4c00-9000-000000000806','Mais volume',false,1);
insert into public.quiz_options (question_id,texto,correta,ordem) values ('e6b50000-b551-4c00-9000-000000000806','Interferência e cortes no áudio',true,2);
insert into public.quiz_options (question_id,texto,correta,ordem) values ('e6b50000-b551-4c00-9000-000000000806','Melhor qualidade',false,3);
insert into public.quiz_options (question_id,texto,correta,ordem) values ('e6b50000-b551-4c00-9000-000000000806','Economia de pilha',false,4);
insert into public.ai_animations (lesson_id,tipo,status,model,roteiro,urls) values ('e6b50000-b551-4c00-9000-0000000b0008','interactive','ready','handcrafted-interactive','{"titulo":"Simulador — Microfones e Padrão Polar","cenas":[{"numero":1,"titulo":"Simulador — Microfones e Padrão Polar","modo":"widget","narracao":"Escolha o microfone certo para cada situação e use o padrão polar contra microfonia. Complete as 4 missões.","explicacao_texto":"Escolha o microfone certo para cada situação e use o padrão polar contra microfonia. Complete as 4 missões.","destaques":["Dinâmico × condensador × lapela × sem fio","Phantom power +48V","Padrão polar e microfonia"]}]}'::jsonb,'[{"html":"<!doctype html>\n<html lang=\"pt-BR\">\n<head>\n<meta charset=\"utf-8\">\n<meta name=\"viewport\" content=\"width=device-width, initial-scale=1\">\n<title>Simulador — Microfones: escolha e padrão polar (SMU)</title>\n<style>\n  :root{--bg:#0b0f17;--panel:#131a29;--panel2:#0e1420;--line:#233149;--ink:#e7ecf5;\n    --muted:#8ea0bd;--amber:#F59E0B;--green:#22c55e;--red:#ef4444;--cyan:#22d3ee}\n  *{box-sizing:border-box}html,body{margin:0}\n  body{background:var(--bg);color:var(--ink);font-family:\"Space Grotesk\",system-ui,-apple-system,\"Segoe UI\",Roboto,sans-serif;\n    -webkit-font-smoothing:antialiased;padding:10px}\n  h1{font-size:15px;margin:0 0 2px}.sub{font-size:11.5px;color:var(--muted);margin-bottom:10px}\n  .mission{display:flex;gap:10px;align-items:center;background:#0c1220;border:1px solid var(--line);border-radius:10px;padding:9px 12px;margin-bottom:12px}\n  .mission .idx{font-size:10px;color:var(--amber);font-weight:800;letter-spacing:.8px;white-space:nowrap}\n  .mission .txt{font-size:12.5px;line-height:1.3;flex:1}.mission .txt b{color:var(--amber)}\n  .mission button{font:inherit;font-size:11px;color:var(--muted);background:transparent;border:1px solid var(--line);border-radius:7px;padding:6px 9px;cursor:pointer}\n  .grid{display:flex;flex-wrap:wrap;gap:12px}\n  .card{flex:1 1 320px;background:linear-gradient(180deg,var(--panel),var(--panel2));border:1px solid var(--line);border-radius:12px;padding:14px}\n  .card h3{margin:0 0 10px;font-size:11px;letter-spacing:1.2px;color:var(--muted);text-transform:uppercase}\n  .scene{font-size:13px;line-height:1.4;background:#0c1220;border:1px solid var(--line);border-radius:9px;padding:10px 12px;margin-bottom:12px}\n  .scene b{color:var(--amber)}\n  .opts{display:grid;grid-template-columns:1fr 1fr;gap:8px;margin-bottom:10px}\n  .opt{font:inherit;font-size:12px;text-align:left;padding:10px;border-radius:9px;border:1px solid var(--line);background:#0c1220;color:var(--ink);cursor:pointer;display:flex;gap:8px;align-items:center;transition:.15s}\n  .opt .em{font-size:18px}.opt.sel{border-color:var(--amber);background:#1a1608}\n  .opt.correct{border-color:var(--green);background:#0e1a10}.opt.wrong{border-color:var(--red);background:#1a1010}\n  .row{display:flex;gap:10px;align-items:center;margin:8px 0;flex-wrap:wrap}\n  .toggle{font:inherit;font-size:12px;font-weight:700;padding:9px 13px;border-radius:9px;border:1px solid var(--line);background:#0c1220;color:var(--muted);cursor:pointer}\n  .toggle.on{background:var(--green);border-color:var(--green);color:#08120a}\n  .verdict{font-size:12.5px;font-weight:700;min-height:18px;margin-top:6px}.verdict.good{color:var(--green)}.verdict.bad{color:var(--red)}\n  .btn{font:inherit;font-size:12.5px;font-weight:800;padding:10px 16px;border-radius:9px;border:0;background:var(--amber);color:#0b0f17;cursor:pointer}\n  canvas{width:100%;height:auto;display:block;background:#080d15;border:1px solid #1b2740;border-radius:10px}\n  select{font:inherit;background:#0c1220;color:var(--ink);border:1px solid var(--line);border-radius:8px;padding:8px}\n  label.sl{font-size:11px;color:var(--muted);display:block;margin-top:8px}\n  input[type=range]{width:100%;accent-color:var(--amber);height:24px}\n  .riskbar{height:12px;border-radius:6px;background:#05070d;border:1px solid #1a2540;overflow:hidden;margin-top:4px}\n  .riskbar i{display:block;height:100%;width:0%;background:linear-gradient(90deg,var(--green),var(--amber) 60%,var(--red));transition:width .1s}\n  @media(max-width:520px){.opts{grid-template-columns:1fr}}\n</style>\n</head>\n<body>\n  <h1>Microfones: escolha certa e padrão polar</h1>\n  <div class=\"sub\">Escolha o microfone para cada situação e entenda como o padrão polar evita microfonia.</div>\n  <div class=\"mission\">\n    <span class=\"idx\" id=\"mIdx\">MISSÃO 1/4</span>\n    <span class=\"txt\" id=\"mTxt\">—</span>\n    <button id=\"mSkip\">Pular</button>\n  </div>\n\n  <div class=\"grid\">\n    <!-- ESCOLHA -->\n    <div class=\"card\">\n      <h3>Situação & Escolha</h3>\n      <div class=\"scene\" id=\"scene\">—</div>\n      <div class=\"opts\" id=\"opts\"></div>\n      <div class=\"row\">\n        <button class=\"toggle\" id=\"phantom\">+48V Phantom</button>\n        <button class=\"btn\" id=\"confirm\">Confirmar</button>\n      </div>\n      <div class=\"verdict\" id=\"verdict\"></div>\n    </div>\n\n    <!-- PADRÃO POLAR -->\n    <div class=\"card\">\n      <h3>Padrão Polar & Microfonia</h3>\n      <div class=\"row\">\n        <span style=\"font-size:11px;color:var(--muted)\">Padrão:</span>\n        <select id=\"pattern\">\n          <option value=\"omni\">Omnidirecional</option>\n          <option value=\"cardioid\" selected>Cardioide</option>\n          <option value=\"super\">Supercardioide</option>\n        </select>\n      </div>\n      <canvas id=\"polar\" width=\"360\" height=\"300\"></canvas>\n      <label class=\"sl\">Direção para onde o microfone aponta: <b id=\"aimTxt\">0°</b></label>\n      <input type=\"range\" id=\"aim\" min=\"0\" max=\"359\" value=\"0\">\n      <label class=\"sl\">Risco de microfonia (feedback) da caixa de PA 🔊:</label>\n      <div class=\"riskbar\"><i id=\"risk\"></i></div>\n      <div class=\"verdict\" id=\"polarVerdict\"></div>\n    </div>\n  </div>\n\n<script>\n\"use strict\";\n(function(){\n  // ---------- ESCOLHA DE MIC ----------\n  const MICS = {\n    din:  {em:\"🎤\", nm:\"Dinâmico cardioide (de mão)\"},\n    cond: {em:\"🎙️\", nm:\"Condensador (estúdio)\"},\n    lap:  {em:\"📎\", nm:\"Lapela / Headset sem fio\"},\n    hand: {em:\"📡\", nm:\"Sem fio de mão (dinâmico)\"},\n  };\n  const scenarios=[\n    { txt:''<b>Voz principal</b> de um cantor no palco, show ao vivo e barulhento. Qual o microfone mais indicado?'',\n      opts:[\"din\",\"cond\",\"lap\",\"hand\"], correct:\"din\", phantom:false,\n      why:\"Dinâmico cardioide: robusto, aguenta pressão sonora alta e rejeita o que vem de trás — o padrão para voz ao vivo. Não precisa de phantom.\" },\n    { txt:''Gravação de um <b>vocal em estúdio</b> (ambiente silencioso, busca de detalhe e brilho). Escolha o mic e a alimentação.'',\n      opts:[\"din\",\"cond\",\"lap\",\"hand\"], correct:\"cond\", phantom:true,\n      why:\"Condensador capta mais detalhe e agudos — ideal em estúdio. Ele PRECISA de +48V (phantom power) para funcionar.\" },\n    { txt:''Um <b>palestrante que anda pelo palco</b> e precisa das mãos livres. Qual microfone?'',\n      opts:[\"din\",\"cond\",\"lap\",\"hand\"], correct:\"lap\", phantom:false,\n      why:\"Lapela ou headset sem fio deixa as mãos livres e mantém distância constante da boca — perfeito para palestra em movimento.\" },\n  ];\n  let sc=0, sel=null, phantom=false;\n  const $=id=>document.getElementById(id);\n  function renderScene(){\n    const s=scenarios[sc]; $(\"scene\").innerHTML=s.txt; sel=null; phantom=false;\n    $(\"phantom\").classList.remove(\"on\"); $(\"verdict\").textContent=\"\";\n    const o=$(\"opts\"); o.innerHTML=\"\";\n    s.opts.forEach(k=>{ const b=document.createElement(\"button\"); b.className=\"opt\"; b.dataset.k=k;\n      b.innerHTML=`<span class=\"em\">${MICS[k].em}</span> ${MICS[k].nm}`;\n      b.onclick=()=>{ sel=k; [...o.children].forEach(c=>c.classList.remove(\"sel\",\"correct\",\"wrong\")); b.classList.add(\"sel\"); };\n      o.appendChild(b); });\n  }\n  $(\"phantom\").onclick=()=>{ phantom=!phantom; $(\"phantom\").classList.toggle(\"on\",phantom); };\n  $(\"confirm\").onclick=()=>{\n    if(sel===null){ $(\"verdict\").textContent=\"Selecione um microfone primeiro.\"; $(\"verdict\").className=\"verdict bad\"; return; }\n    const s=scenarios[sc]; const okMic=sel===s.correct; const okPh=phantom===s.phantom;\n    [...$(\"opts\").children].forEach(c=>{ if(c.dataset.k===s.correct)c.classList.add(\"correct\"); else if(c.dataset.k===sel&&!okMic)c.classList.add(\"wrong\"); });\n    if(okMic&&okPh){ $(\"verdict\").innerHTML=\"✔ \"+s.why; $(\"verdict\").className=\"verdict good\"; checkMissions(true); }\n    else if(okMic&&!okPh){ $(\"verdict\").innerHTML= s.phantom? \"Quase! Este microfone precisa do <b>+48V</b> ligado.\" : \"Quase! Este microfone <b>não</b> usa phantom — desligue o +48V.\"; $(\"verdict\").className=\"verdict bad\"; }\n    else { $(\"verdict\").innerHTML=\"✖ Não é o ideal aqui. \"+s.why; $(\"verdict\").className=\"verdict bad\"; }\n  };\n\n  // ---------- POLAR ----------\n  const cv=$(\"polar\"), ctx=cv.getContext(\"2d\");\n  function gain(pattern,phi){ // phi em rad, 0 = frente\n    const c=Math.cos(phi);\n    if(pattern===\"omni\") return 1;\n    if(pattern===\"cardioid\") return 0.5+0.5*c;             // null atrás (180°)\n    return 0.375+0.625*c;                                   // supercardioide (null ~127°)\n  }\n  function drawPolar(){\n    const w=cv.width,h=cv.height,cx=w/2,cy=h/2,R=Math.min(w,h)/2-24;\n    ctx.clearRect(0,0,w,h);\n    // grid\n    ctx.strokeStyle=\"#182339\";ctx.fillStyle=\"#3a4a66\";ctx.font=\"9px system-ui\";ctx.textAlign=\"center\";\n    for(let r=0.25;r<=1;r+=0.25){ ctx.beginPath();ctx.arc(cx,cy,R*r,0,7);ctx.stroke(); }\n    ctx.beginPath();ctx.moveTo(cx-R,cy);ctx.lineTo(cx+R,cy);ctx.moveTo(cx,cy-R);ctx.lineTo(cx,cy+R);ctx.stroke();\n    const aim=(+$(\"aim\").value)*Math.PI/180;\n    const pat=$(\"pattern\").value;\n    // curva (aponta para ''aim''; 0° tela = topo)\n    ctx.beginPath();\n    for(let a=0;a<=360;a+=2){ const ang=a*Math.PI/180; const phi=ang-aim; const g=gain(pat,phi);\n      const sx=cx+Math.sin(ang)*R*g, sy=cy-Math.cos(ang)*R*g; if(a===0)ctx.moveTo(sx,sy);else ctx.lineTo(sx,sy); }\n    ctx.closePath(); ctx.fillStyle=\"rgba(245,158,11,.16)\"; ctx.fill(); ctx.strokeStyle=\"var(--amber)\"; ctx.strokeStyle=\"#F59E0B\"; ctx.lineWidth=2; ctx.stroke();\n    // seta de apontamento\n    ctx.strokeStyle=\"#22d3ee\";ctx.lineWidth=2;ctx.beginPath();ctx.moveTo(cx,cy);\n    ctx.lineTo(cx+Math.sin(aim)*R*0.5,cy-Math.cos(aim)*R*0.5);ctx.stroke();\n    ctx.fillStyle=\"#22d3ee\";ctx.font=\"700 10px system-ui\";ctx.fillText(\"frente\",cx+Math.sin(aim)*R*0.62,cy-Math.cos(aim)*R*0.62);\n    // mic no centro\n    ctx.fillStyle=\"#e7ecf5\";ctx.beginPath();ctx.arc(cx,cy,6,0,7);ctx.fill();\n    // PA fixa (fonte de microfonia) no topo-direita (45°)\n    const paAng=45*Math.PI/180; const px=cx+Math.sin(paAng)*R, py=cy-Math.cos(paAng)*R;\n    ctx.font=\"18px system-ui\";ctx.fillText(\"🔊\",px,py+6);\n    // risco = ganho do mic na direção da PA\n    const phiPA=paAng-aim; const g=gain(pat,phiPA); const risk=Math.round(g*100);\n    $(\"risk\").style.width=risk+\"%\";\n    const pv=$(\"polarVerdict\");\n    if(risk<25){ pv.textContent=\"✔ Baixo risco: a PA está na zona de rejeição do microfone.\"; pv.className=\"verdict good\"; }\n    else if(risk<60){ pv.textContent=\"Atenção: risco médio de microfonia.\"; pv.className=\"verdict bad\"; }\n    else { pv.textContent=\"✖ Alto risco de microfonia: o mic está \\\"olhando\\\" para a PA.\"; pv.className=\"verdict bad\"; }\n    return risk;\n  }\n  $(\"aim\").oninput=()=>{ $(\"aimTxt\").textContent=$(\"aim\").value+\"°\"; const r=drawPolar(); checkMissions(false,r); };\n  $(\"pattern\").onchange=()=>{ const r=drawPolar(); checkMissions(false,r); };\n\n  // ---------- MISSÕES ----------\n  const missions=[\n    { t:''Escolha o microfone para a <b>voz principal ao vivo</b> (painel da esquerda) e confirme.'', kind:\"scene\", scene:0 },\n    { t:''Agora um <b>vocal de estúdio</b>: escolha o mic certo e ligue a alimentação correta.'', kind:\"scene\", scene:1 },\n    { t:''E o <b>palestrante que anda no palco</b>? Escolha e confirme.'', kind:\"scene\", scene:2 },\n    { t:''No painel da direita: use padrão <b>cardioide</b> e gire a <b>direção do microfone</b> para deixar o risco de microfonia da PA 🔊 no verde (baixo).'', kind:\"polar\" },\n  ];\n  let mi=0;\n  function paintMission(){ const idx=$(\"mIdx\"),txt=$(\"mTxt\");\n    if(mi>=missions.length){ idx.textContent=\"CONCLUÍDO\"; txt.innerHTML=\"🎓 <b>Boa!</b> Você sabe escolher o microfone por situação e usar o padrão polar contra microfonia.\"; $(\"mSkip\").style.display=\"none\"; return; }\n    idx.textContent=\"MISSÃO \"+(mi+1)+\"/\"+missions.length; txt.innerHTML=missions[mi].t;\n    const m=missions[mi]; if(m.kind===\"scene\"){ sc=m.scene; renderScene(); } }\n  function checkMissions(sceneOk,risk){ if(mi>=missions.length)return; const m=missions[mi];\n    if(m.kind===\"scene\"&&sceneOk){ mi++; paintMission(); }\n    else if(m.kind===\"polar\"&&$(\"pattern\").value===\"cardioid\"&&(risk!==undefined?risk:drawPolar())<25){ mi++; paintMission(); } }\n  $(\"mSkip\").onclick=()=>{ if(mi<missions.length){ mi++; paintMission(); } };\n\n  // init\n  $(\"aimTxt\").textContent=\"0°\"; renderScene(); drawPolar(); paintMission();\n})();\n</script>\n</body>\n</html>\n"}]'::jsonb);

-- AULA 9 [M2.2]: Microfones sem fio: canal, frequência, sincronismo e bateria
insert into public.lessons (id,module_id,titulo,tipo,conteudo_rico,duracao_min,ordem,tem_quiz,preview_gratis) values
  ('e6b50000-b551-4c00-9000-0000000b0009','e6b50000-b551-4c00-9000-0000000000a2','Microfones sem fio: canal, frequência, sincronismo e bateria','texto','<p><strong>No corporativo, o microfone sem fio é quase obrigatório</strong> — palestrante que anda, mesa-redonda, entrevista, premiação. E é também onde mais acontece vexame: microfone que corta, chia ou emudece no meio da fala. A boa notícia: quase todos esses problemas se evitam com quatro cuidados simples. Vamos a eles.</p>

<figure style="margin:16px 0;text-align:center"><img src="https://pshynylvvkhhohftouoe.supabase.co/storage/v1/object/public/media/img-som-basico/mic-sem-fio.jpg" alt="Sistema de microfone sem fio: bastão transmissor ao lado de um receptor meia-rack com duas antenas e display." style="max-width:100%;border-radius:10px;border:1px solid rgba(0,0,0,.12)" /><figcaption style="font-size:12px;opacity:.75;margin-top:6px">Sistema sem fio: o bastão transmissor e o receptor (meia-rack) com antenas e display de canal/frequência.</figcaption></figure>

<h3>As duas partes do sistema</h3>
<ul>
<li><strong>Transmissor (TX):</strong> é o microfone. Pode ser <strong>de mão</strong> (bastão) ou um <strong>bodypack</strong> (aquela caixinha de cinto) ligado a uma lapela ou headset. Funciona com <strong>pilha/bateria</strong> e transmite o áudio por rádio.</li>
<li><strong>Receptor (RX):</strong> fica perto da mesa, recebe o sinal de rádio e entrega o áudio para um canal da mesa (por XLR ou P10). É ele que mostra <strong>canal, RF e bateria</strong> no visor.</li>
</ul>

<h3>Canal e frequência: a regra de ouro</h3>
<p><strong>Cada sistema sem fio opera numa frequência (canal) de rádio.</strong> E aqui está a regra que evita 90% dos problemas: <strong>cada microfone precisa de um canal diferente</strong>. Dois transmissores na mesma frequência = interferência, chiado e cortes. Se você tem 3 microfones sem fio, são 3 canais distintos, todos livres de interferência.</p>
<p><strong>De onde vem a interferência?</strong> De TVs digitais, outros sistemas sem fio no local, wi-fi/intercom e equipamentos próximos. Por isso, ao chegar no evento, você faz um <strong>SCAN</strong>: o receptor varre as frequências e mostra quais canais estão limpos. Escolha um canal <strong>livre</strong> e fuja dos ocupados.</p>

<h3>Sincronizar (SYNC): transmissor e receptor na mesma página</h3>
<p><strong>Depois de escolher o canal no receptor, o transmissor precisa ir para o mesmo canal.</strong> A maioria dos sistemas faz isso com um <strong>SYNC</strong> por infravermelho: você aproxima o microfone do receptor e ele "passa" a frequência automaticamente. Se transmissor e receptor estiverem em canais diferentes, simplesmente <strong>não há áudio</strong> — mesmo com tudo ligado.</p>

<h3>RF e AF: lendo o visor do receptor</h3>
<ul>
<li><strong>RF (Rádio Frequência):</strong> a força do sinal de rádio entre transmissor e receptor. RF baixo = risco de <strong>dropout</strong> (cortes). Melhora com o receptor à vista do transmissor e antenas bem posicionadas.</li>
<li><strong>AF (Áudio Frequência):</strong> o nível do áudio que está chegando. É o que você manda para a mesa.</li>
</ul>

<h3>Bateria: o inimigo número um</h3>
<p><strong>Bateria fraca é a causa mais comum de falha no meio do evento.</strong> Cuidados:</p>
<ul>
<li>Comece o evento com <strong>bateria/pilha nova</strong> (ou carregada). Não confie em "ainda tem um pouco".</li>
<li>Tenha <strong>reserva</strong> à mão para troca rápida.</li>
<li>Fique de olho no indicador de bateria do receptor durante o evento.</li>
<li>Desligue os transmissores nos intervalos para poupar carga.</li>
</ul>

<h3>Dropout e como reduzir</h3>
<p><strong>Dropout</strong> é aquele corte rápido no áudio. Causas e soluções: <strong>distância/obstáculo</strong> (aproxime o receptor, deixe à vista), <strong>interferência</strong> (troque de canal com SCAN), <strong>bateria fraca</strong> (troque) e <strong>antenas</strong> mal posicionadas (afaste-as em "V" e longe de metal e de fontes de rádio).</p>

<h3>Pratique no simulador</h3>
<p><strong>No simulador você configura um sistema sem fio do zero:</strong> liga o transmissor, faz o <strong>SCAN</strong> para achar um canal livre de interferência, <strong>sincroniza</strong> o transmissor com o receptor e cuida da <strong>bateria</strong>. Complete as 4 missões — é exatamente a rotina de preparar um microfone sem fio antes da palestra.</p>',20,2,true,false);
insert into public.quizzes (id,lesson_id,titulo) values ('e6b50000-b551-4c00-9000-0000000c0009','e6b50000-b551-4c00-9000-0000000b0009','Quiz — Microfones sem fio');
insert into public.quiz_questions (id,quiz_id,texto,explicacao,ordem,pontos) values ('e6b50000-b551-4c00-9000-000000000901','e6b50000-b551-4c00-9000-0000000c0009','Se você usa três microfones sem fio ao mesmo tempo, eles devem estar em:','Cada sistema precisa de um canal/frequência diferente. Dois no mesmo canal geram interferência e cortes.',1,1);
insert into public.quiz_options (question_id,texto,correta,ordem) values ('e6b50000-b551-4c00-9000-000000000901','Todos no mesmo canal',false,1);
insert into public.quiz_options (question_id,texto,correta,ordem) values ('e6b50000-b551-4c00-9000-000000000901','Três canais/frequências diferentes, todos livres',true,2);
insert into public.quiz_options (question_id,texto,correta,ordem) values ('e6b50000-b551-4c00-9000-000000000901','Qualquer canal, não importa',false,3);
insert into public.quiz_options (question_id,texto,correta,ordem) values ('e6b50000-b551-4c00-9000-000000000901','Todos desligados menos um',false,4);
insert into public.quiz_questions (id,quiz_id,texto,explicacao,ordem,pontos) values ('e6b50000-b551-4c00-9000-000000000902','e6b50000-b551-4c00-9000-0000000c0009','O canal do receptor está com interferência. O que fazer?','Fazer um SCAN para o receptor achar um canal livre e mudar para ele. Depois, sincronizar o transmissor.',2,1);
insert into public.quiz_options (question_id,texto,correta,ordem) values ('e6b50000-b551-4c00-9000-000000000902','Aumentar o volume da mesa',false,1);
insert into public.quiz_options (question_id,texto,correta,ordem) values ('e6b50000-b551-4c00-9000-000000000902','Fazer SCAN e mudar para um canal livre',true,2);
insert into public.quiz_options (question_id,texto,correta,ordem) values ('e6b50000-b551-4c00-9000-000000000902','Trocar o microfone por um com fio na hora',false,3);
insert into public.quiz_options (question_id,texto,correta,ordem) values ('e6b50000-b551-4c00-9000-000000000902','Ignorar, vai melhorar sozinho',false,4);
insert into public.quiz_questions (id,quiz_id,texto,explicacao,ordem,pontos) values ('e6b50000-b551-4c00-9000-000000000903','e6b50000-b551-4c00-9000-0000000c0009','Para que serve o SYNC entre transmissor e receptor?','O SYNC coloca o transmissor no mesmo canal/frequência do receptor. Em canais diferentes, não há áudio.',3,1);
insert into public.quiz_options (question_id,texto,correta,ordem) values ('e6b50000-b551-4c00-9000-000000000903','Carregar a bateria',false,1);
insert into public.quiz_options (question_id,texto,correta,ordem) values ('e6b50000-b551-4c00-9000-000000000903','Colocar transmissor e receptor no mesmo canal',true,2);
insert into public.quiz_options (question_id,texto,correta,ordem) values ('e6b50000-b551-4c00-9000-000000000903','Aumentar o grave',false,3);
insert into public.quiz_options (question_id,texto,correta,ordem) values ('e6b50000-b551-4c00-9000-000000000903','Ligar o phantom',false,4);
insert into public.quiz_questions (id,quiz_id,texto,explicacao,ordem,pontos) values ('e6b50000-b551-4c00-9000-000000000904','e6b50000-b551-4c00-9000-0000000c0009','No visor do receptor, o indicador RF mostra:','RF é a força do sinal de rádio entre transmissor e receptor. RF baixo indica risco de dropout (cortes).',4,1);
insert into public.quiz_options (question_id,texto,correta,ordem) values ('e6b50000-b551-4c00-9000-000000000904','O nível de bateria da mesa',false,1);
insert into public.quiz_options (question_id,texto,correta,ordem) values ('e6b50000-b551-4c00-9000-000000000904','A força do sinal de rádio entre transmissor e receptor',true,2);
insert into public.quiz_options (question_id,texto,correta,ordem) values ('e6b50000-b551-4c00-9000-000000000904','O volume dos graves',false,3);
insert into public.quiz_options (question_id,texto,correta,ordem) values ('e6b50000-b551-4c00-9000-000000000904','A temperatura do equipamento',false,4);
insert into public.quiz_questions (id,quiz_id,texto,explicacao,ordem,pontos) values ('e6b50000-b551-4c00-9000-000000000905','e6b50000-b551-4c00-9000-0000000c0009','Qual é a causa mais comum de o microfone sem fio falhar no meio do evento?','Bateria fraca. Comece com bateria nova/carregada, tenha reserva e acompanhe o indicador durante o evento.',5,1);
insert into public.quiz_options (question_id,texto,correta,ordem) values ('e6b50000-b551-4c00-9000-000000000905','Excesso de bateria',false,1);
insert into public.quiz_options (question_id,texto,correta,ordem) values ('e6b50000-b551-4c00-9000-000000000905','Bateria fraca',true,2);
insert into public.quiz_options (question_id,texto,correta,ordem) values ('e6b50000-b551-4c00-9000-000000000905','Phantom power ligado',false,3);
insert into public.quiz_options (question_id,texto,correta,ordem) values ('e6b50000-b551-4c00-9000-000000000905','Cabo XLR muito curto',false,4);
insert into public.quiz_questions (id,quiz_id,texto,explicacao,ordem,pontos) values ('e6b50000-b551-4c00-9000-000000000906','e6b50000-b551-4c00-9000-0000000c0009','Um dropout (corte rápido do áudio) pode ser causado por:','Distância/obstrução, interferência de outro canal, bateria fraca ou antenas mal posicionadas — todos reduzem o sinal de rádio.',6,1);
insert into public.quiz_options (question_id,texto,correta,ordem) values ('e6b50000-b551-4c00-9000-000000000906','Somente pela cor do microfone',false,1);
insert into public.quiz_options (question_id,texto,correta,ordem) values ('e6b50000-b551-4c00-9000-000000000906','Distância/obstáculo, interferência, bateria fraca ou antenas mal posicionadas',true,2);
insert into public.quiz_options (question_id,texto,correta,ordem) values ('e6b50000-b551-4c00-9000-000000000906','Ter escolhido um canal livre',false,3);
insert into public.quiz_options (question_id,texto,correta,ordem) values ('e6b50000-b551-4c00-9000-000000000906','Usar bateria nova',false,4);
insert into public.ai_animations (lesson_id,tipo,status,model,roteiro,urls) values ('e6b50000-b551-4c00-9000-0000000b0009','interactive','ready','handcrafted-interactive','{"titulo":"Simulador — Microfone sem fio","cenas":[{"numero":1,"titulo":"Simulador — Microfone sem fio","modo":"widget","narracao":"Ligue o sistema, ache um canal livre com SCAN, sincronize e cuide da bateria. Complete as 4 missões.","explicacao_texto":"Ligue o sistema, ache um canal livre com SCAN, sincronize e cuide da bateria. Complete as 4 missões.","destaques":["Canal/frequência por microfone","SCAN contra interferência","SYNC transmissor↔receptor","Bateria e dropout"]}]}'::jsonb,'[{"html":"<!doctype html>\n<html lang=\"pt-BR\">\n<head>\n<meta charset=\"utf-8\">\n<meta name=\"viewport\" content=\"width=device-width, initial-scale=1\">\n<title>Simulador — Microfone sem fio (SMU)</title>\n<style>\n  :root{--bg:#0b0f17;--panel:#151b28;--panel2:#0f1420;--line:#26344c;--ink:#e7ecf5;\n    --muted:#8ea0bd;--amber:#F59E0B;--green:#22c55e;--red:#ef4444;--cyan:#22d3ee}\n  *{box-sizing:border-box}html,body{margin:0}\n  body{background:var(--bg);color:var(--ink);font-family:\"Space Grotesk\",system-ui,-apple-system,\"Segoe UI\",Roboto,sans-serif;\n    -webkit-font-smoothing:antialiased;padding:10px;user-select:none}\n  h1{font-size:15px;margin:0 0 2px}.sub{font-size:11.5px;color:var(--muted);margin-bottom:10px}\n  .mission{display:flex;gap:10px;align-items:center;background:#0c1220;border:1px solid var(--line);border-radius:10px;padding:9px 12px;margin-bottom:12px}\n  .mission .idx{font-size:10px;color:var(--amber);font-weight:800;letter-spacing:.8px;white-space:nowrap}\n  .mission .txt{font-size:12.5px;line-height:1.3;flex:1}.mission .txt b{color:var(--amber)}\n  .mission button{font:inherit;font-size:11px;color:var(--muted);background:transparent;border:1px solid var(--line);border-radius:7px;padding:6px 9px;cursor:pointer}\n  .grid{display:flex;flex-wrap:wrap;gap:12px}\n  .card{flex:1 1 300px;background:linear-gradient(180deg,var(--panel),var(--panel2));border:1px solid var(--line);border-radius:12px;padding:14px}\n  .card h3{margin:0 0 10px;font-size:11px;letter-spacing:1.2px;color:var(--muted);text-transform:uppercase}\n  .lcd{background:#08130d;border:1px solid #16351f;border-radius:8px;padding:10px 12px;font-family:\"Courier New\",monospace;margin-bottom:10px}\n  .lcd .big{font-size:22px;font-weight:700;color:#39ff9e;letter-spacing:1px}\n  .lcd .lbl{font-size:10px;color:#4a8f6a}\n  .bars{display:flex;gap:3px;align-items:flex-end;height:22px;margin-top:4px}\n  .bars i{width:6px;background:#16351f;border-radius:1px}.bars i.on{background:#39ff9e}\n  .bars.rf i.on{background:var(--cyan)}\n  .row{display:flex;gap:8px;flex-wrap:wrap;align-items:center;margin-top:6px}\n  .chgrid{display:grid;grid-template-columns:repeat(4,1fr);gap:6px;margin:8px 0}\n  .ch{font:inherit;font-size:11px;font-weight:700;padding:8px 4px;border-radius:7px;border:1px solid var(--line);background:#0c1220;color:var(--ink);cursor:pointer;text-align:center;position:relative}\n  .ch.busy{color:var(--red);border-color:#5b2626}\n  .ch.free{color:var(--green)}\n  .ch.sel{outline:2px solid var(--amber);outline-offset:1px}\n  .ch small{display:block;font-size:8px;color:var(--muted);font-weight:600}\n  .btn{font:inherit;font-size:12px;font-weight:800;padding:9px 14px;border-radius:9px;border:0;background:var(--amber);color:#0b0f17;cursor:pointer}\n  .btn.sec{background:#0c1220;border:1px solid var(--line);color:var(--ink)}\n  .batt{display:flex;align-items:center;gap:8px;margin-top:6px}\n  .battbar{flex:1;height:14px;border-radius:4px;background:#05070d;border:1px solid #1a2540;overflow:hidden}\n  .battbar i{display:block;height:100%;background:var(--green);transition:width .2s}\n  .txbody{display:flex;flex-direction:column;align-items:center;gap:8px}\n  .mic{font-size:44px}\n  .verdict{font-size:12px;font-weight:700;min-height:16px;margin-top:8px;text-align:center}.verdict.good{color:var(--green)}.verdict.bad{color:var(--red)}\n  .tag{font-size:10px;padding:3px 8px;border-radius:20px;border:1px solid var(--line);color:var(--muted)}\n  .tag.ok{color:var(--green);border-color:var(--green)}.tag.bad{color:var(--red);border-color:var(--red)}\n</style>\n</head>\n<body>\n  <h1>Microfone sem fio — configuração</h1>\n  <div class=\"sub\">Ligue o sistema, ache um canal livre de interferência, sincronize e cuide da bateria.</div>\n  <div class=\"mission\">\n    <span class=\"idx\" id=\"mIdx\">MISSÃO 1/4</span>\n    <span class=\"txt\" id=\"mTxt\">—</span>\n    <button id=\"mSkip\">Pular</button>\n  </div>\n\n  <div class=\"grid\">\n    <!-- RECEPTOR -->\n    <div class=\"card\">\n      <h3>Receptor (na mesa)</h3>\n      <div class=\"lcd\">\n        <div class=\"lbl\">CANAL / FREQUÊNCIA</div>\n        <div class=\"big\" id=\"rxDisp\">CH— · ---.--- MHz</div>\n        <div class=\"lbl\" style=\"margin-top:6px\">RF (sinal de rádio)</div>\n        <div class=\"bars rf\" id=\"rfBars\"></div>\n        <div class=\"lbl\" style=\"margin-top:6px\">AF (áudio)</div>\n        <div class=\"bars\" id=\"afBars\"></div>\n      </div>\n      <div class=\"lbl\" style=\"font-size:10px;color:var(--muted)\">Toque num canal (verde = livre, vermelho = interferência):</div>\n      <div class=\"chgrid\" id=\"chgrid\"></div>\n      <div class=\"row\">\n        <button class=\"btn sec\" id=\"scanBtn\">🔎 SCAN (achar canal livre)</button>\n        <button class=\"btn\" id=\"syncBtn\">⇄ SYNC transmissor</button>\n      </div>\n      <div class=\"row\"><span class=\"tag\" id=\"syncTag\">não sincronizado</span></div>\n    </div>\n\n    <!-- TRANSMISSOR -->\n    <div class=\"card\" style=\"flex:1 1 220px\">\n      <h3>Transmissor (o microfone)</h3>\n      <div class=\"txbody\">\n        <div class=\"mic\" id=\"micIco\">🎤</div>\n        <button class=\"btn\" id=\"txPower\">Ligar transmissor</button>\n        <div class=\"lcd\" style=\"width:100%;text-align:center\">\n          <div class=\"lbl\">CANAL DO TX</div><div class=\"big\" id=\"txDisp\" style=\"font-size:18px\">CH—</div>\n        </div>\n        <div style=\"width:100%\">\n          <div class=\"lbl\" style=\"font-size:10px;color:var(--muted)\">Bateria</div>\n          <div class=\"batt\"><div class=\"battbar\"><i id=\"battFill\"></i></div><span id=\"battTxt\" style=\"font-size:11px\">15%</span></div>\n          <button class=\"btn sec\" id=\"battBtn\" style=\"margin-top:6px;width:100%\">🔋 Trocar / recarregar bateria</button>\n        </div>\n      </div>\n    </div>\n  </div>\n  <div class=\"verdict\" id=\"verdict\"></div>\n\n<script>\n\"use strict\";\n(function(){\n  const $=id=>document.getElementById(id);\n  // canais: alguns com interferência\n  const CH=[\n    {n:1,f:\"512.100\",busy:true},{n:2,f:\"514.375\",busy:false},{n:3,f:\"518.900\",busy:true},{n:4,f:\"521.250\",busy:false},\n    {n:5,f:\"524.600\",busy:false},{n:6,f:\"527.125\",busy:true},{n:7,f:\"530.800\",busy:false},{n:8,f:\"533.400\",busy:true},\n  ];\n  const state={ rx:1, tx:3, txOn:false, batt:15 };\n  const rxCh=()=>CH.find(c=>c.n===state.rx);\n  const synced=()=>state.tx===state.rx;\n  const receiving=()=>state.txOn && synced() && !rxCh().busy && state.batt>5;\n\n  function renderChannels(){\n    const g=$(\"chgrid\");g.innerHTML=\"\";\n    CH.forEach(c=>{ const b=document.createElement(\"button\");\n      b.className=\"ch \"+(c.busy?\"busy\":\"free\")+(c.n===state.rx?\" sel\":\"\");\n      b.innerHTML=`CH${c.n}<small>${c.busy?\"interfer.\":\"livre\"}</small>`;\n      b.onclick=()=>{state.rx=c.n;update();check();};\n      g.appendChild(b); });\n  }\n  function bars(el,n,cls){ el.innerHTML=\"\"; for(let i=0;i<10;i++){ const b=document.createElement(\"i\");\n    b.style.height=(6+i*1.6)+\"px\"; if(i<n)b.className=\"on\"; el.appendChild(b); } }\n  function update(){\n    const c=rxCh();\n    $(\"rxDisp\").textContent=\"CH\"+c.n+\" · \"+c.f+\" MHz\";\n    $(\"txDisp\").textContent=\"CH\"+state.tx;\n    $(\"txPower\").textContent=state.txOn?\"Desligar transmissor\":\"Ligar transmissor\";\n    $(\"txPower\").classList.toggle(\"sec\",state.txOn);\n    $(\"micIco\").style.opacity=state.txOn?\"1\":\"0.4\";\n    $(\"syncTag\").textContent=synced()?\"sincronizado ✓\":\"não sincronizado\";\n    $(\"syncTag\").className=\"tag \"+(synced()?\"ok\":\"bad\");\n    $(\"battFill\").style.width=state.batt+\"%\";\n    $(\"battFill\").style.background=state.batt<20?\"var(--red)\":state.batt<50?\"var(--amber)\":\"var(--green)\";\n    $(\"battTxt\").textContent=state.batt+\"%\";\n    // RF\n    let rf=0; if(state.txOn && state.batt>5){ rf = synced()? (rxCh().busy?3:9) : 1; if(!synced())rf=Math.max(rf,2); }\n    bars($(\"rfBars\"),rf,\"rf\");\n    // AF\n    bars($(\"afBars\"), receiving()? 7:0);\n    renderChannels();\n  }\n  $(\"scanBtn\").onclick=()=>{ const free=CH.find(c=>!c.busy); if(free){state.rx=free.n; $(\"verdict\").textContent=\"SCAN: canal livre encontrado — CH\"+free.n; $(\"verdict\").className=\"verdict good\";} update();check(); };\n  $(\"syncBtn\").onclick=()=>{ state.tx=state.rx; $(\"verdict\").textContent=\"Transmissor sincronizado no CH\"+state.tx; $(\"verdict\").className=\"verdict good\"; update();check(); };\n  $(\"txPower\").onclick=()=>{ state.txOn=!state.txOn; update();check(); };\n  $(\"battBtn\").onclick=()=>{ state.batt=100; $(\"verdict\").textContent=\"Bateria nova instalada (100%).\"; $(\"verdict\").className=\"verdict good\"; update();check(); };\n\n  // bateria drenando devagar quando ligado\n  setInterval(()=>{ if(state.txOn&&state.batt>0){ state.batt=Math.max(0,state.batt-1); update(); } },5000);\n\n  const M=[\n    { t:''Ligue o <b>transmissor</b> (o microfone). Veja o RF aparecer no receptor.'', ok:()=>state.txOn },\n    { t:''O canal do receptor tem <b>interferência</b> (vermelho). Clique <b>SCAN</b> para achar um canal livre (verde).'', ok:()=>!rxCh().busy },\n    { t:''Agora <b>sincronize</b> o transmissor com o receptor (mesmo canal). Clique <b>SYNC</b>.'', ok:()=>synced()&&!rxCh().busy },\n    { t:''A <b>bateria</b> está fraca. Troque/recarregue para o microfone não falhar no meio do evento.'', ok:()=>state.batt>=80&&receiving() },\n  ];\n  let mi=0;\n  function paintM(){const idx=$(\"mIdx\"),txt=$(\"mTxt\");\n    if(mi>=M.length){idx.textContent=\"CONCLUÍDO\";txt.innerHTML=\"🎓 <b>Perfeito!</b> Sistema sem fio no ar: canal livre, sincronizado e bateria cheia — sem sustos no evento.\";$(\"mSkip\").style.display=\"none\";return;}\n    idx.textContent=\"MISSÃO \"+(mi+1)+\"/\"+M.length;txt.innerHTML=M[mi].t;}\n  function check(){if(mi>=M.length)return;try{if(M[mi].ok()){mi++;paintM();}}catch(e){}}\n  $(\"mSkip\").onclick=()=>{if(mi<M.length){mi++;paintM();}};\n\n  update();paintM();\n})();\n</script>\n</body>\n</html>\n"}]'::jsonb);

-- AULA 10 [M2.3]: A mesa analógica: canais, ganho e EQ de 3 bandas (notebook via P2→P10)
insert into public.lessons (id,module_id,titulo,tipo,conteudo_rico,duracao_min,ordem,tem_quiz,preview_gratis) values
  ('e6b50000-b551-4c00-9000-0000000b0010','e6b50000-b551-4c00-9000-0000000000a2','A mesa analógica: canais, ganho e EQ de 3 bandas (notebook via P2→P10)','texto','<p><strong>Esta é a mesa que você mais vai usar no corporativo.</strong> Palestra, treinamento, casamento, culto, festa de menor porte — quase sempre tem uma mesa analógica pequena (4, 8, 12 canais) com <strong>EQ de 3 bandas</strong> por canal. Se você entende um canal dela, entende todos os outros, porque todos são iguais. Vamos destrinchar o canal de cima para baixo.</p>

<figure style="margin:16px 0;text-align:center"><img src="https://pshynylvvkhhohftouoe.supabase.co/storage/v1/object/public/media/img-som-basico/mesa-analogica.jpg" alt="Mesa de som analógica pequena, cerca de 10 canais, com ganho, EQ de 3 bandas, aux, pan e faders." style="max-width:100%;border-radius:10px;border:1px solid rgba(0,0,0,.12)" /><figcaption style="font-size:12px;opacity:.75;margin-top:6px">A mesa analógica pequena: cada canal com ganho, EQ de 3 bandas (agudo/médio/grave), aux, pan e fader.</figcaption></figure>

<h3>O canal, de cima para baixo</h3>
<ul>
<li><strong>Entrada (XLR / P10):</strong> em cima fica a entrada. A <strong>XLR</strong> (3 pinos) é para microfone. A <strong>P10</strong> (plugue de 6,3 mm) é para linha/instrumento. Muitas mesas têm entrada "combo" que aceita as duas.</li>
<li><strong>Ganho / Trim:</strong> o primeiro knob. Ajusta <strong>quanto o sinal da entrada é amplificado</strong> antes de tudo. É a base: microfone (sinal fraco) precisa de mais ganho; linha (sinal forte, como um notebook) precisa de pouco.</li>
<li><strong>EQ de 3 bandas (HIGH, MID, LOW):</strong> os três knobs de equalização. <strong>LOW</strong> mexe nos graves, <strong>MID</strong> nos médios (onde vive a voz), <strong>HIGH</strong> nos agudos (brilho/clareza). Cada um <strong>realça</strong> (girando para a direita) ou <strong>corta</strong> (para a esquerda) sua faixa.</li>
<li><strong>AUX (envio auxiliar):</strong> manda uma cópia do canal para uma saída separada — normalmente o <strong>retorno</strong> (monitor) do palestrante/músico, ou um efeito. É independente do fader principal.</li>
<li><strong>PAN:</strong> posiciona o som entre esquerda e direita na saída estéreo.</li>
<li><strong>PEAK (LED):</strong> acende quando o sinal está <strong>forte demais</strong> e prestes a distorcer (clip). Se acender direto, abaixe o ganho.</li>
<li><strong>ON / MUTE:</strong> liga ou silencia o canal.</li>
<li><strong>Fader:</strong> o volume final do canal na mistura principal. A marca "U" (unity) é o ponto de referência.</li>
</ul>

<h3>Ligando um notebook: o famoso cabo P2 → P10 estéreo</h3>
<p><strong>É a conexão mais pedida no corporativo:</strong> tocar uma música, um vídeo ou a apresentação a partir de um notebook/celular. O aparelho tem uma <strong>saída de fone (P2)</strong> — aquele plugue fininho de 3,5 mm. A mesa tem uma <strong>entrada de linha estéreo (P10)</strong>. O cabo certo é o <strong>P2 → P10 estéreo</strong> (um plugue P2 numa ponta, dois P10 na outra — esquerdo e direito — ou um par de conectores no canal estéreo da mesa).</p>

<figure style="margin:16px 0;text-align:center"><img src="https://pshynylvvkhhohftouoe.supabase.co/storage/v1/object/public/media/img-som-basico/cabo-p2-p10.jpg" alt="Cabo adaptador com P2 estéreo numa ponta e dois P10 na outra, ao lado de um notebook." style="max-width:100%;border-radius:10px;border:1px solid rgba(0,0,0,.12)" /><figcaption style="font-size:12px;opacity:.75;margin-top:6px">O cabo do notebook para a mesa: P2 estéreo (3,5 mm) numa ponta, dois P10 na outra — um para o canal esquerdo, outro para o direito.</figcaption></figure>

<p><strong>Como configurar:</strong></p>
<ul>
<li>Conecte o P2 na saída de fone do notebook e os P10 na <strong>entrada de linha estéreo</strong> da mesa (nunca numa entrada de microfone com phantom ligado).</li>
<li>Coloque o <strong>volume do notebook</strong> em torno de 70–80% (não no talo, para não distorcer na origem).</li>
<li>Na mesa, como é <strong>linha</strong>, use <strong>pouco ganho</strong>. Suba o fader e ajuste pelo medidor.</li>
<li>Confirme os dois lados (L/R) — se só sai de um lado, geralmente é plugue mal encaixado ou cabo mono no lugar de estéreo.</li>
</ul>

<h3>Phantom power na mesa analógica</h3>
<p><strong>A chave +48V</strong> (às vezes geral, às vezes por canal) liga o phantom power para microfones condensadores e DIs ativas. Regra: ligue só se estiver usando condensador. Para microfones dinâmicos e sem fio (o mais comum no corporativo), deixe desligado. <strong>Nunca</strong> ligue/desligue o phantom com o fader aberto.</p>

<h3>A seção master e os retornos</h3>
<p><strong>O MASTER</strong> é o volume geral que vai para a PA (as caixas da plateia). O <strong>AUX/retorno</strong> é uma mistura separada que vai para a caixa de retorno (monitor) — é assim que o palestrante se ouve. Em eventos menores, muitas vezes você usa uma caixa de PA para a plateia e manda um AUX para um monitor do apresentador.</p>

<h3>Ordem de ajuste (sempre a mesma)</h3>
<p><strong>Para cada canal:</strong> 1) acerte o <strong>ganho</strong> (PEAK sem acender direto); 2) suba o <strong>fader</strong> para a mistura; 3) ajuste o <strong>EQ de 3 bandas</strong> (corte o que atrapalha, realce o que falta); 4) mande o <strong>AUX</strong> para o retorno se precisar. Ganho primeiro — sempre.</p>

<h3>O setup completo montado</h3>
<p><strong>Assim fica a montagem real do corporativo:</strong> o microfone com fio na entrada XLR, o receptor do microfone sem fio ligado noutro canal, tudo alimentado pela régua de energia, o notebook entrando pelo cabo P2→P10 estéreo, o ganho e o fader acionados e o EQ de 3 bandas do canal de voz ajustado. Estude a imagem e refaça no simulador.</p>

<figure style="margin:16px 0;text-align:center"><img src="https://pshynylvvkhhohftouoe.supabase.co/storage/v1/object/public/media/img-som-basico/mesa-setup.jpg" alt="Setup completo: mesa analógica com microfone de cabo (XLR), receptor sem fio, régua de energia, cabo P2→P10 do notebook, ganho/fader e EQ do canal ajustados." style="max-width:100%;border-radius:10px;border:1px solid rgba(0,0,0,.12)" /><figcaption style="font-size:12px;opacity:.75;margin-top:6px">O setup completo do corporativo: mic com fio (XLR) e receptor sem fio na mesa, régua de energia, notebook via P2→P10, ganho e fader acionados e o EQ do canal de voz ajustado.</figcaption></figure>

<h3>Pratique no simulador</h3>
<p><strong>No simulador você opera uma mesa analógica de verdade:</strong> conecta o notebook pelo cabo P2→P10, ajusta o ganho sem estourar o PEAK, esculpe a voz com o EQ de 3 bandas e manda o AUX para o retorno do palestrante. Complete as 5 missões — é o setup real de um evento corporativo.</p>',24,3,true,false);
insert into public.quizzes (id,lesson_id,titulo) values ('e6b50000-b551-4c00-9000-0000000c0010','e6b50000-b551-4c00-9000-0000000b0010','Quiz — Mesa analógica e conexões');
insert into public.quiz_questions (id,quiz_id,texto,explicacao,ordem,pontos) values ('e6b50000-b551-4c00-9000-000000000a01','e6b50000-b551-4c00-9000-0000000c0010','Para ligar a saída de som de um notebook na mesa, o cabo correto costuma ser:','A saída de fone do notebook é P2 (3,5 mm); a entrada de linha estéreo da mesa é P10. Logo, cabo P2 → P10 estéreo.',1,1);
insert into public.quiz_options (question_id,texto,correta,ordem) values ('e6b50000-b551-4c00-9000-000000000a01','XLR para XLR',false,1);
insert into public.quiz_options (question_id,texto,correta,ordem) values ('e6b50000-b551-4c00-9000-000000000a01','P2 (fone do notebook) → P10 estéreo (linha da mesa)',true,2);
insert into public.quiz_options (question_id,texto,correta,ordem) values ('e6b50000-b551-4c00-9000-000000000a01','Cabo de rede (Dante)',false,3);
insert into public.quiz_options (question_id,texto,correta,ordem) values ('e6b50000-b551-4c00-9000-000000000a01','Cabo de força',false,4);
insert into public.quiz_questions (id,quiz_id,texto,explicacao,ordem,pontos) values ('e6b50000-b551-4c00-9000-000000000a02','e6b50000-b551-4c00-9000-0000000c0010','O EQ de 3 bandas de um canal controla:','As três bandas são LOW (graves), MID (médios) e HIGH (agudos). Cada uma realça ou corta sua faixa de frequência.',2,1);
insert into public.quiz_options (question_id,texto,correta,ordem) values ('e6b50000-b551-4c00-9000-000000000a02','Volume, ganho e pan',false,1);
insert into public.quiz_options (question_id,texto,correta,ordem) values ('e6b50000-b551-4c00-9000-000000000a02','Graves (LOW), médios (MID) e agudos (HIGH)',true,2);
insert into public.quiz_options (question_id,texto,correta,ordem) values ('e6b50000-b551-4c00-9000-000000000a02','Três canais diferentes',false,3);
insert into public.quiz_options (question_id,texto,correta,ordem) values ('e6b50000-b551-4c00-9000-000000000a02','Três saídas de retorno',false,4);
insert into public.quiz_questions (id,quiz_id,texto,explicacao,ordem,pontos) values ('e6b50000-b551-4c00-9000-000000000a03','e6b50000-b551-4c00-9000-0000000c0010','O que o knob de GANHO (trim) ajusta?','O ganho define quanto o sinal da entrada é amplificado logo na entrada do canal. Microfone precisa de mais; linha (notebook) precisa de pouco.',3,1);
insert into public.quiz_options (question_id,texto,correta,ordem) values ('e6b50000-b551-4c00-9000-000000000a03','O volume final na PA',false,1);
insert into public.quiz_options (question_id,texto,correta,ordem) values ('e6b50000-b551-4c00-9000-000000000a03','Quanto o sinal da entrada é amplificado na entrada do canal',true,2);
insert into public.quiz_options (question_id,texto,correta,ordem) values ('e6b50000-b551-4c00-9000-000000000a03','A quantidade de grave',false,3);
insert into public.quiz_options (question_id,texto,correta,ordem) values ('e6b50000-b551-4c00-9000-000000000a03','O envio de retorno',false,4);
insert into public.quiz_questions (id,quiz_id,texto,explicacao,ordem,pontos) values ('e6b50000-b551-4c00-9000-000000000a04','e6b50000-b551-4c00-9000-0000000c0010','O LED PEAK aceso o tempo todo significa:','Sinal forte demais, prestes a distorcer (clip). A solução é abaixar o ganho até o PEAK parar de acender constantemente.',4,1);
insert into public.quiz_options (question_id,texto,correta,ordem) values ('e6b50000-b551-4c00-9000-000000000a04','Que está tudo perfeito',false,1);
insert into public.quiz_options (question_id,texto,correta,ordem) values ('e6b50000-b551-4c00-9000-000000000a04','Sinal forte demais, risco de distorção — abaixe o ganho',true,2);
insert into public.quiz_options (question_id,texto,correta,ordem) values ('e6b50000-b551-4c00-9000-000000000a04','Que o canal está mutado',false,3);
insert into public.quiz_options (question_id,texto,correta,ordem) values ('e6b50000-b551-4c00-9000-000000000a04','Que falta phantom power',false,4);
insert into public.quiz_questions (id,quiz_id,texto,explicacao,ordem,pontos) values ('e6b50000-b551-4c00-9000-000000000a05','e6b50000-b551-4c00-9000-0000000c0010','Para que serve o envio AUX de um canal?','O AUX cria uma mistura separada — tipicamente o retorno (monitor) do palestrante/músico, independente do fader principal.',5,1);
insert into public.quiz_options (question_id,texto,correta,ordem) values ('e6b50000-b551-4c00-9000-000000000a05','Aumentar o grave do canal',false,1);
insert into public.quiz_options (question_id,texto,correta,ordem) values ('e6b50000-b551-4c00-9000-000000000a05','Criar uma mistura separada, como o retorno do palestrante',true,2);
insert into public.quiz_options (question_id,texto,correta,ordem) values ('e6b50000-b551-4c00-9000-000000000a05','Ligar o phantom',false,3);
insert into public.quiz_options (question_id,texto,correta,ordem) values ('e6b50000-b551-4c00-9000-000000000a05','Silenciar o canal',false,4);
insert into public.quiz_questions (id,quiz_id,texto,explicacao,ordem,pontos) values ('e6b50000-b551-4c00-9000-000000000a06','e6b50000-b551-4c00-9000-0000000c0010','Comparando entrada de linha (notebook) e entrada de microfone:','A linha traz um sinal mais forte e precisa de pouco ganho; o microfone traz um sinal fraco e precisa de bastante ganho.',6,1);
insert into public.quiz_options (question_id,texto,correta,ordem) values ('e6b50000-b551-4c00-9000-000000000a06','São iguais, tanto faz onde ligar',false,1);
insert into public.quiz_options (question_id,texto,correta,ordem) values ('e6b50000-b551-4c00-9000-000000000a06','Linha é sinal forte (pouco ganho); microfone é fraco (precisa de ganho)',true,2);
insert into public.quiz_options (question_id,texto,correta,ordem) values ('e6b50000-b551-4c00-9000-000000000a06','Microfone é mais forte que a linha',false,3);
insert into public.quiz_options (question_id,texto,correta,ordem) values ('e6b50000-b551-4c00-9000-000000000a06','A linha precisa de phantom power',false,4);
insert into public.ai_animations (lesson_id,tipo,status,model,roteiro,urls) values ('e6b50000-b551-4c00-9000-0000000b0010','interactive','ready','handcrafted-interactive','{"titulo":"Simulador — Mesa Analógica (EQ 3 bandas)","cenas":[{"numero":1,"titulo":"Simulador — Mesa Analógica (EQ 3 bandas)","modo":"widget","narracao":"Opere uma mesa analógica de corporativo: notebook via P2→P10, ganho sem clip, EQ de 3 bandas e retorno. Complete as 5 missões.","explicacao_texto":"Opere uma mesa analógica de corporativo: notebook via P2→P10, ganho sem clip, EQ de 3 bandas e retorno. Complete as 5 missões.","destaques":["Notebook via cabo P2→P10 estéreo","Ganho sem estourar (PEAK)","EQ de 3 bandas por canal","AUX/retorno do palestrante"]}]}'::jsonb,'[{"html":"<!doctype html>\n<html lang=\"pt-BR\">\n<head>\n<meta charset=\"utf-8\">\n<meta name=\"viewport\" content=\"width=device-width, initial-scale=1\">\n<title>Simulador — Mesa Analógica (EQ 3 bandas) — SMU</title>\n<style>\n  :root{--bg:#0b0f17;--panel:#151b28;--panel2:#0f1420;--line:#26344c;--ink:#e7ecf5;\n    --muted:#8ea0bd;--amber:#F59E0B;--green:#22c55e;--red:#ef4444;--cyan:#22d3ee;--strip:#121a29}\n  *{box-sizing:border-box}html,body{margin:0}\n  body{background:var(--bg);color:var(--ink);font-family:\"Space Grotesk\",system-ui,-apple-system,\"Segoe UI\",Roboto,sans-serif;\n    -webkit-font-smoothing:antialiased;padding:10px;user-select:none}\n  h1{font-size:15px;margin:0 0 2px}.sub{font-size:11.5px;color:var(--muted);margin-bottom:10px}\n  .mission{display:flex;gap:10px;align-items:center;background:#0c1220;border:1px solid var(--line);border-radius:10px;padding:9px 12px;margin-bottom:10px}\n  .mission .idx{font-size:10px;color:var(--amber);font-weight:800;letter-spacing:.8px;white-space:nowrap}\n  .mission .txt{font-size:12.5px;line-height:1.3;flex:1}.mission .txt b{color:var(--amber)}\n  .mission button{font:inherit;font-size:11px;color:var(--muted);background:transparent;border:1px solid var(--line);border-radius:7px;padding:6px 9px;cursor:pointer}\n\n  .src{display:flex;gap:8px;align-items:center;background:#0c1220;border:1px solid var(--line);border-radius:10px;padding:8px 10px;margin-bottom:10px;flex-wrap:wrap}\n  .src .item{display:flex;gap:6px;align-items:center;font-size:11.5px;color:var(--muted)}\n  .src .plug{font:inherit;font-size:11px;font-weight:700;padding:6px 10px;border-radius:7px;border:1px solid var(--line);background:#111a2b;color:var(--ink);cursor:pointer}\n  .src .plug.done{background:var(--green);border-color:var(--green);color:#08120a}\n\n  .board{display:flex;gap:8px;overflow-x:auto;padding:10px;background:linear-gradient(180deg,#0e1420,#0a0f18);border:1px solid var(--line);border-radius:12px}\n  .strip{flex:0 0 118px;background:linear-gradient(180deg,var(--strip),#0e1524);border:1px solid var(--line);border-radius:10px;padding:9px 7px;display:flex;flex-direction:column;align-items:center;gap:7px}\n  .strip.master{flex-basis:104px;background:linear-gradient(180deg,#1b2233,#0e1524);border-color:#3a4a66}\n  .lbl{font-size:11px;font-weight:700;text-align:center;line-height:1.1}\n  .sub2{font-size:9px;color:var(--muted);text-align:center;margin-top:-4px}\n  .jack{font-size:9px;padding:2px 6px;border-radius:20px;border:1px solid var(--line);color:var(--muted)}\n  .jack.on{color:var(--green);border-color:var(--green)}\n  .knob{display:flex;flex-direction:column;align-items:center;gap:2px}\n  .dial{width:40px;height:40px;border-radius:50%;position:relative;cursor:ns-resize;touch-action:none;\n    background:radial-gradient(circle at 50% 32%,#33415f,#151d2e 72%);border:1px solid #3a4d70;box-shadow:inset 0 2px 5px #0008}\n  .dial::after{content:\"\";position:absolute;left:50%;top:4px;width:2.5px;height:14px;border-radius:2px;background:var(--amber);\n    transform-origin:50% 16px;transform:translateX(-50%) rotate(var(--rot,0deg))}\n  .dial.eq::after{background:var(--cyan)}\n  .kl{font-size:8.5px;color:var(--muted);letter-spacing:.3px}.kv{font-size:9px;font-weight:700}\n  .eqrow{display:flex;gap:5px}\n  .peak{font-size:8px;font-weight:800;color:#3a4a66;letter-spacing:.5px}.peak.on{color:var(--red)}\n  .onbtn{font:inherit;font-size:9.5px;font-weight:800;padding:4px 0;width:100%;border-radius:6px;border:1px solid var(--line);background:#0c1220;color:var(--muted);cursor:pointer}\n  .onbtn.on{background:var(--green);border-color:var(--green);color:#08120a}\n  .faderwrap{display:flex;gap:5px;height:120px;align-items:stretch}\n  .meter{width:7px;border-radius:3px;background:#05070d;border:1px solid #1a2540;position:relative;overflow:hidden}\n  .meter i{position:absolute;left:0;right:0;bottom:0;height:0%;background:linear-gradient(0deg,var(--green),var(--green) 62%,var(--amber) 84%,var(--red))}\n  .fader{width:26px;position:relative;background:linear-gradient(90deg,#0a0e17,#0d1220,#0a0e17);border-radius:5px;border:1px solid #1a2540;cursor:ns-resize;touch-action:none}\n  .fader .unity{position:absolute;left:0;right:0;top:26%;height:1px;background:#3a4d70}\n  .cap{position:absolute;left:-4px;right:-4px;height:20px;border-radius:4px;background:linear-gradient(180deg,#e9edf5,#a7b3c9 46%,#59647e 54%,#8493ad);border:1px solid #0006;box-shadow:0 2px 4px #0009;cursor:grab}\n  .cap::after{content:\"\";position:absolute;left:3px;right:3px;top:50%;height:2px;transform:translateY(-50%);background:#0b0f17;border-radius:2px}\n  .fdb{font-size:9px;color:var(--muted);font-weight:700}\n  .phantom{font:inherit;font-size:9.5px;font-weight:800;padding:5px 6px;border-radius:6px;border:1px solid var(--line);background:#0c1220;color:var(--muted);cursor:pointer;width:100%}\n  .phantom.on{background:var(--red);border-color:var(--red);color:#fff}\n  .verdict{font-size:12px;font-weight:700;min-height:16px;margin-top:8px;text-align:center}.verdict.good{color:var(--green)}.verdict.bad{color:var(--red)}\n  .hint{font-size:10px;color:var(--muted);margin-top:6px;text-align:center}\n</style>\n</head>\n<body>\n  <h1>Mesa Analógica de Som — EQ de 3 bandas</h1>\n  <div class=\"sub\">A mesa do dia a dia do corporativo: microfones, notebook (P2→P10), EQ de 3 bandas, retorno e master.</div>\n\n  <div class=\"mission\">\n    <span class=\"idx\" id=\"mIdx\">MISSÃO 1/5</span>\n    <span class=\"txt\" id=\"mTxt\">—</span>\n    <button id=\"mSkip\">Pular</button>\n  </div>\n\n  <div class=\"src\">\n    <div class=\"item\">🎤 Microfone com fio</div>\n    <div class=\"item\">📡 Mic sem fio (receptor)</div>\n    <div class=\"item\">💻 Notebook (saída de fone P2)</div>\n    <button class=\"plug\" id=\"plugNb\">Conectar notebook — cabo P2 → P10 estéreo</button>\n    <span class=\"hint\" id=\"plugHint\" style=\"margin:0\">a saída de fone (P2) do notebook vai na entrada de linha estéreo (P10) da mesa</span>\n  </div>\n\n  <div class=\"board\" id=\"board\"></div>\n  <div class=\"verdict\" id=\"verdict\"></div>\n\n<script>\n\"use strict\";\n(function(){\n  const $=id=>document.getElementById(id);\n  const clamp=(v,a,b)=>Math.max(a,Math.min(b,v));\n  // canais\n  const CH=[\n    {id:\"c1\",nm:\"Mic 1\",sub:\"XLR • voz\",kind:\"mic\",jack:\"XLR\",conn:true,  gain:35,hi:0,mid:0,lo:0,aux:0,on:true,fader:0,peak:false},\n    {id:\"c2\",nm:\"Sem fio\",sub:\"XLR • mão\",kind:\"mic\",jack:\"XLR\",conn:true, gain:30,hi:0,mid:0,lo:0,aux:0,on:true,fader:0,peak:false},\n    {id:\"ln\",nm:\"Notebook\",sub:\"Linha estéreo P10\",kind:\"line\",jack:\"P10\", conn:false,gain:50,hi:0,mid:0,lo:0,aux:0,on:true,fader:0,peak:false},\n  ];\n  const master={fader:60,phantom:false};\n  const by=id=>CH.find(c=>c.id===id);\n\n  const KN={gain:{min:0,max:100},hi:{min:-15,max:15},mid:{min:-15,max:15},lo:{min:-15,max:15},aux:{min:0,max:100}};\n  function rotOf(k,v){const d=KN[k];return -140+(v-d.min)/(d.max-d.min)*280;}\n  function kv(k,v){ if(k===\"gain\"||k===\"aux\")return Math.round(v); return (v>0?\"+\":\"\")+Math.round(v); }\n\n  const board=$(\"board\");\n  function render(){\n    board.innerHTML=\"\";\n    CH.forEach(c=>board.appendChild(stripEl(c)));\n    board.appendChild(masterEl());\n    paintClipAndRot();\n  }\n  function knob(c,k,cls){ return `<div class=\"knob\"><div class=\"dial ${cls||''''}\" data-ch=\"${c.id}\" data-k=\"${k}\"></div>\n    <div class=\"kl\">${({gain:\"GANHO\",hi:\"HIGH\",mid:\"MID\",lo:\"LOW\",aux:\"AUX\"})[k]}</div><div class=\"kv\" id=\"v-${c.id}-${k}\">${kv(k,c[k])}</div></div>`; }\n  function stripEl(c){\n    const d=document.createElement(\"div\");d.className=\"strip\";d.dataset.ch=c.id;\n    d.innerHTML=`\n      <div class=\"lbl\">${c.nm}</div><div class=\"sub2\">${c.sub}</div>\n      <span class=\"jack ${c.conn?''on'':''''}\" id=\"jack-${c.id}\">${c.conn?''● ''+c.jack:''○ sem cabo''}</span>\n      ${knob(c,\"gain\")}\n      <div class=\"eqrow\">${knob(c,\"hi\",\"eq\")}${knob(c,\"lo\",\"eq\")}</div>\n      ${knob(c,\"mid\",\"eq\")}\n      ${knob(c,\"aux\")}\n      <div class=\"peak\" id=\"peak-${c.id}\">● PEAK</div>\n      <button class=\"onbtn ${c.on?''on'':''''}\" data-on=\"${c.id}\">${c.on?''ON'':''MUTE''}</button>\n      <div class=\"faderwrap\"><div class=\"meter\"><i id=\"m-${c.id}\"></i></div>\n        <div class=\"fader\" data-fch=\"${c.id}\"><div class=\"unity\"></div><div class=\"cap\" id=\"cap-${c.id}\"></div></div></div>\n      <div class=\"fdb\" id=\"fdb-${c.id}\">${c.fader}</div>`;\n    return d;\n  }\n  function masterEl(){\n    const d=document.createElement(\"div\");d.className=\"strip master\";\n    d.innerHTML=`<div class=\"lbl\">MASTER</div><div class=\"sub2\">saída principal</div>\n      <button class=\"phantom ${master.phantom?''on'':''''}\" id=\"phantom\">+48V ${master.phantom?''ON'':''OFF''}</button>\n      <div style=\"flex:1\"></div>\n      <div class=\"faderwrap\"><div class=\"meter\"><i id=\"m-main\"></i></div><div class=\"meter\"><i id=\"m-main2\"></i></div>\n        <div class=\"fader\" data-fch=\"main\"><div class=\"unity\"></div><div class=\"cap\" id=\"cap-main\"></div></div></div>\n      <div class=\"fdb\" id=\"fdb-main\">${master.fader}</div>`;\n    return d;\n  }\n\n  // Interação unificada (mouse + toque) via Pointer Events + delegação no board.\n  // Registrada UMA vez — não re-registra a cada render (sem vazamento de listeners).\n  let knobDrag=null,faderDrag=null,lastY=0;\n  function setFaderFromY(id,y){const f=board.querySelector(''.fader[data-fch=\"''+id+''\"]'');if(!f)return;\n    const r=f.getBoundingClientRect();let v=Math.round(clamp(1-(y-r.top)/r.height,0,1)*100);\n    if(id===\"main\"){master.fader=v;$(\"fdb-main\").textContent=v;} else {const c=by(id);c.fader=v;$(\"fdb-\"+id).textContent=v;}\n    placeCap(id);check();}\n  function setupInteraction(){\n    board.addEventListener(\"pointerdown\",e=>{\n      const dial=e.target.closest(\".dial\");\n      if(dial){knobDrag={el:dial,ch:dial.dataset.ch,k:dial.dataset.k};lastY=e.clientY;board.setPointerCapture(e.pointerId);e.preventDefault();return;}\n      const f=e.target.closest(\".fader\");\n      if(f){faderDrag=f.dataset.fch;board.setPointerCapture(e.pointerId);setFaderFromY(faderDrag,e.clientY);e.preventDefault();return;}\n    });\n    board.addEventListener(\"pointermove\",e=>{\n      if(knobDrag){const dy=lastY-e.clientY;lastY=e.clientY;const c=by(knobDrag.ch),d=KN[knobDrag.k];\n        c[knobDrag.k]=clamp(c[knobDrag.k]+dy*(d.max-d.min)/150,d.min,d.max);\n        const v=$(\"v-\"+knobDrag.ch+\"-\"+knobDrag.k);if(v)v.textContent=kv(knobDrag.k,c[knobDrag.k]);\n        knobDrag.el.style.setProperty(\"--rot\",rotOf(knobDrag.k,c[knobDrag.k])+\"deg\");checkClip(c);check();e.preventDefault();}\n      else if(faderDrag){setFaderFromY(faderDrag,e.clientY);e.preventDefault();}\n    });\n    const end=()=>{knobDrag=null;faderDrag=null;};\n    board.addEventListener(\"pointerup\",end);board.addEventListener(\"pointercancel\",end);\n    // botões (delegação) — funcionam mesmo após re-render\n    board.addEventListener(\"click\",e=>{\n      const on=e.target.closest(\"[data-on]\");if(on){const c=by(on.dataset.on);c.on=!c.on;render();check();return;}\n      const ph=e.target.closest(\"#phantom\");if(ph){master.phantom=!master.phantom;render();check();return;}\n    });\n  }\n  function placeCap(id){ const v=id===\"main\"?master.fader:by(id).fader; const cap=$(\"cap-\"+id); if(cap)cap.style.bottom=\"calc(\"+v+\"% - 10px)\"; }\n  function paintClipAndRot(){ CH.forEach(c=>{ [\"gain\",\"hi\",\"mid\",\"lo\",\"aux\"].forEach(k=>{const el=board.querySelector(''.dial[data-ch=\"''+c.id+''\"][data-k=\"''+k+''\"]'');if(el)el.style.setProperty(\"--rot\",rotOf(k,c[k])+\"deg\");}); placeCap(c.id); checkClip(c); }); placeCap(\"main\"); }\n  function checkClip(c){ c.peak = c.conn && c.on && c.kind===\"mic\" && c.gain>72; const el=$(\"peak-\"+c.id); if(el)el.classList.toggle(\"on\",c.peak); }\n\n  // notebook connect\n  $(\"plugNb\").onclick=()=>{ const ln=by(\"ln\"); ln.conn=!ln.conn; $(\"plugNb\").classList.toggle(\"done\",ln.conn);\n    $(\"plugNb\").textContent = ln.conn? \"✔ Notebook conectado (P2→P10)\" : \"Conectar notebook — cabo P2 → P10 estéreo\";\n    render(); check(); };\n\n  // meters loop\n  let t=0;\n  function loop(){ t+=0.05;\n    CH.forEach(c=>{ const el=$(\"m-\"+c.id); if(!el)return;\n      let lvl=0; if(c.conn&&c.on){ const base=c.kind===\"mic\"?(c.gain/100):(0.6); const env=0.55+0.45*Math.sin(t*(1.7)+c.id.length);\n        lvl=clamp(base*(c.fader/100)*env*1.5 + (c.peak?0.3:0),0,1); }\n      el.style.height=(lvl*100)+\"%\"; });\n    let sum=0;CH.forEach(c=>{if(c.conn&&c.on)sum+=(c.kind===\"mic\"?c.gain/100:0.6)*(c.fader/100);});\n    const main=clamp(sum*(master.fader/100)*1.1,0,1); const mm=$(\"m-main\"),mm2=$(\"m-main2\");\n    if(mm){mm.style.height=(main*100)+\"%\";} if(mm2){mm2.style.height=(clamp(main-0.03,0,1)*100)+\"%\";}\n    requestAnimationFrame(loop);\n  }\n\n  // missões\n  const M=[\n    { t:''Toque a música de fundo: clique <b>Conectar notebook (P2→P10)</b> e suba o <b>fader</b> do canal Notebook (linha estéreo) acima de 60.'',\n      ok:()=>{const l=by(\"ln\");return l.conn&&l.on&&l.fader>=60;} },\n    { t:''Ganho sem estourar: no <b>Mic 1</b>, suba o <b>GANHO</b> — mas se o <b>PEAK</b> vermelho acender, abaixe. Deixe o ganho forte, porém sem clip (entre 55 e 70).'',\n      ok:()=>{const c=by(\"c1\");return c.gain>=55&&c.gain<=70&&!c.peak;} },\n    { t:''Voz abafada: no <b>Mic 1</b>, use o EQ de 3 bandas — realce o <b>HIGH</b> (+4 ou mais) e reduza o <b>LOW</b> (−4 ou menos).'',\n      ok:()=>{const c=by(\"c1\");return c.hi>=4&&c.lo<=-4;} },\n    { t:''Abra o canal na mistura: suba o <b>fader</b> do <b>Mic 1</b> acima de 60 e garanta que ele está <b>ON</b>.'',\n      ok:()=>{const c=by(\"c1\");return c.on&&c.fader>=60;} },\n    { t:''Retorno do palestrante: mande o <b>Mic 1</b> para o <b>AUX</b> (monitor) — gire o AUX acima de 40.'',\n      ok:()=>{const c=by(\"c1\");return c.aux>=40;} },\n  ];\n  let mi=0;\n  function paintM(){const idx=$(\"mIdx\"),txt=$(\"mTxt\");\n    if(mi>=M.length){idx.textContent=\"CONCLUÍDO\";txt.innerHTML=\"🎓 <b>Mandou bem!</b> Você operou uma mesa analógica: notebook via P2→P10, ganho sem clip, EQ de 3 bandas e retorno.\";$(\"mSkip\").style.display=\"none\";return;}\n    idx.textContent=\"MISSÃO \"+(mi+1)+\"/\"+M.length;txt.innerHTML=M[mi].t;}\n  function check(){if(mi>=M.length)return;try{if(M[mi].ok()){mi++;$(\"verdict\").textContent=\"✔ Feito!\";$(\"verdict\").className=\"verdict good\";setTimeout(()=>{$(\"verdict\").textContent=\"\";},1200);paintM();}}catch(e){}}\n  $(\"mSkip\").onclick=()=>{if(mi<M.length){mi++;paintM();}};\n\n  setupInteraction();render();paintM();requestAnimationFrame(loop);\n})();\n</script>\n</body>\n</html>\n"}]'::jsonb);

-- AULA 11 [M2.4]: Amplificação e potência: watts, ohms e ligação segura
insert into public.lessons (id,module_id,titulo,tipo,conteudo_rico,duracao_min,ordem,tem_quiz,preview_gratis) values
  ('e6b50000-b551-4c00-9000-0000000b0011','e6b50000-b551-4c00-9000-0000000000a2','Amplificação e potência: watts, ohms e ligação segura','texto','<p><strong>O amplificador é quem dá força ao som.</strong> O sinal que sai da mesa é fraco (nível de linha) — não move um alto-falante. O <strong>amplificador de potência</strong> pega esse sinal e o transforma em potência elétrica capaz de empurrar o cone da caixa e encher o ambiente. Entender o amplificador é o que separa quem "liga na sorte" de quem monta um sistema seguro e com som firme.</p>

<figure style="margin:16px 0;text-align:center"><img src="https://pshynylvvkhhohftouoe.supabase.co/storage/v1/object/public/media/img-som-basico/amplificador.jpg" alt="Amplificador de potência em rack (2U): painel frontal com dois knobs de ganho, botão de power e LEDs de nível." style="max-width:100%;border-radius:10px;border:1px solid rgba(0,0,0,.12)" /><figcaption style="font-size:12px;opacity:.75;margin-top:6px">O amplificador de potência transforma o sinal de linha em força para mover as caixas passivas.</figcaption></figure>

<h3>Caixa ativa × caixa passiva (onde mora o amplificador)</h3>
<ul>
<li><strong>Caixa ATIVA:</strong> já tem o amplificador embutido. Você liga o sinal de linha da mesa direto nela (XLR/P10) e a tomada. Simples — ideal para o corporativo e o iniciante.</li>
<li><strong>Caixa PASSIVA:</strong> não tem amplificador. Precisa de um <strong>amplificador externo</strong> entre a mesa e a caixa. É o sistema clássico de palco: mesa → amplificador → caixa (por cabo de potência).</li>
</ul>
<p>Ou seja: com caixa passiva, o amplificador é uma peça obrigatória da cadeia. Com caixa ativa, ele já está "dentro" da caixa.</p>

<h3>Potência (watts): quanto é suficiente</h3>
<p><strong>A potência mede a "força" do amplificador, em watts.</strong> O número que importa é o <strong>RMS</strong> (potência contínua), não o "PMPO"/pico que aparece em caixa de loja. Regra prática de segurança e headroom: escolha um amplificador com <strong>RMS um pouco maior</strong> que o RMS da caixa (algo como 1,5 a 2×). Parece contraintuitivo, mas um amplificador <strong>folgado</strong> trabalha limpo; um amplificador <strong>pequeno demais</strong>, forçado no talo, <strong>distorce (clipa)</strong> — e é a distorção, não o volume, que <strong>queima os drivers</strong> (principalmente os tweeters).</p>

<h3>Impedância (ohms): o casamento amp ↔ caixa</h3>
<p><strong>Impedância é a "resistência" que a caixa apresenta ao amplificador</strong>, medida em <strong>ohms (Ω)</strong> — normalmente 8 Ω ou 4 Ω. Todo amplificador tem uma <strong>impedância mínima</strong> que aguenta (ex.: 4 Ω). Regras:</p>
<ul>
<li><strong>Nunca fique abaixo do mínimo do amplificador.</strong> Impedância baixa demais = amplificador esquenta, protege ou queima.</li>
<li><strong>Ligar caixas em paralelo SOMA a carga e ABAIXA a impedância</strong> (duas de 8 Ω em paralelo = 4 Ω). Some caixas com consciência.</li>
<li>Quanto <strong>menor</strong> a impedância, <strong>mais potência</strong> o amplificador entrega — e mais ele esquenta. Respeite o datasheet.</li>
</ul>

<h3>Ligações — e o cuidado que salva equipamento</h3>

<figure style="margin:16px 0;text-align:center"><img src="https://pshynylvvkhhohftouoe.supabase.co/storage/v1/object/public/media/img-som-basico/amp-traseira.jpg" alt="Traseira do amplificador: saídas Speakon e bornes vermelho/preto para as caixas, entradas XLR/P10, tomada e ventoinha — com cabos de caixa ligados." style="max-width:100%;border-radius:10px;border:1px solid rgba(0,0,0,.12)" /><figcaption style="font-size:12px;opacity:.75;margin-top:6px">A traseira do amplificador: aqui saem as caixas — conectores Speakon e bornes vermelho(+)/preto(−). É onde você pluga cada fio de alto-falante.</figcaption></figure>
<ul>
<li>A saída do amplificador para a caixa passiva usa <strong>cabo de potência</strong> (Speakon travável ou P10 de alta seção) — grosso, curto e firme.</li>
<li><strong>Nunca</strong> ligue a saída do amplificador (nível de alto-falante) numa <strong>entrada de mesa</strong>: queima a entrada na hora.</li>
<li><strong>Nunca</strong> use cabo de microfone (fino) na saída de potência: ele esquenta e some com o grave.</li>
</ul>

<h3>Ganho, clip e proteção</h3>
<p><strong>O knob do amplificador é ganho, não "volume do show".</strong> O volume você faz na mesa; o amplificador fica num ponto fixo e seguro. Fique de olho no <strong>LED de CLIP</strong>: se acender, o amplificador está distorcendo — abaixe. Muitos têm <strong>limiter</strong> embutido para proteger as caixas; deixe ligado. Lembre: <strong>caixa não queima por volume alto e limpo — queima por sinal distorcido</strong>.</p>

<h3>Continuidade para o Pleno</h3>
<p><strong>Aqui você aprendeu a lógica básica: potência, ohms e ligação segura.</strong> No <strong>Som Pleno</strong> a gente aprofunda: amplificadores com <strong>DSP</strong> e processador de sistema, <strong>line arrays</strong>, alinhamento de fase e tempo, racks de potência, bridging e o dimensionamento de PA para grandes eventos. O básico de hoje é a fundação disso.</p>

<h3>Resumo prático</h3>
<p><strong>Caixa ativa = amplificador embutido; passiva = amplificador externo.</strong> Escolha potência RMS com folga, respeite a impedância mínima, ligue com cabo de potência e vigie o clip. Com isso, seu sistema soa firme e dura.</p>',18,4,true,false);
insert into public.quizzes (id,lesson_id,titulo) values ('e6b50000-b551-4c00-9000-0000000c0011','e6b50000-b551-4c00-9000-0000000b0011','Quiz — Amplificação e potência');
insert into public.quiz_questions (id,quiz_id,texto,explicacao,ordem,pontos) values ('e6b50000-b551-4c00-9000-000000000b01','e6b50000-b551-4c00-9000-0000000c0011','Qual a diferença entre caixa ativa e passiva?','A ativa tem o amplificador embutido; a passiva precisa de um amplificador externo entre a mesa e a caixa.',1,1);
insert into public.quiz_options (question_id,texto,correta,ordem) values ('e6b50000-b551-4c00-9000-000000000b01','Ativa é maior; passiva é menor',false,1);
insert into public.quiz_options (question_id,texto,correta,ordem) values ('e6b50000-b551-4c00-9000-000000000b01','Ativa tem amplificador embutido; passiva precisa de amplificador externo',true,2);
insert into public.quiz_options (question_id,texto,correta,ordem) values ('e6b50000-b551-4c00-9000-000000000b01','Só a cor muda',false,3);
insert into public.quiz_options (question_id,texto,correta,ordem) values ('e6b50000-b551-4c00-9000-000000000b01','Ativa é sem fio',false,4);
insert into public.quiz_questions (id,quiz_id,texto,explicacao,ordem,pontos) values ('e6b50000-b551-4c00-9000-000000000b02','e6b50000-b551-4c00-9000-0000000c0011','Ao escolher a potência do amplificador para uma caixa passiva, o ideal é:','RMS um pouco maior que o da caixa (≈1,5–2×). Amplificador folgado trabalha limpo; pequeno demais clipa e queima drivers.',2,1);
insert into public.quiz_options (question_id,texto,correta,ordem) values ('e6b50000-b551-4c00-9000-000000000b02','Bem menor que a caixa',false,1);
insert into public.quiz_options (question_id,texto,correta,ordem) values ('e6b50000-b551-4c00-9000-000000000b02','RMS um pouco maior que o da caixa (folga)',true,2);
insert into public.quiz_options (question_id,texto,correta,ordem) values ('e6b50000-b551-4c00-9000-000000000b02','Não importa a potência',false,3);
insert into public.quiz_options (question_id,texto,correta,ordem) values ('e6b50000-b551-4c00-9000-000000000b02','O maior PMPO possível',false,4);
insert into public.quiz_questions (id,quiz_id,texto,explicacao,ordem,pontos) values ('e6b50000-b551-4c00-9000-000000000b03','e6b50000-b551-4c00-9000-0000000c0011','O que realmente costuma QUEIMAR um alto-falante?','O sinal distorcido (clipping) de um amplificador forçado — não o volume alto e limpo.',3,1);
insert into public.quiz_options (question_id,texto,correta,ordem) values ('e6b50000-b551-4c00-9000-000000000b03','Volume alto e limpo',false,1);
insert into public.quiz_options (question_id,texto,correta,ordem) values ('e6b50000-b551-4c00-9000-000000000b03','O sinal distorcido (clipping)',true,2);
insert into public.quiz_options (question_id,texto,correta,ordem) values ('e6b50000-b551-4c00-9000-000000000b03','Cabo Speakon',false,3);
insert into public.quiz_options (question_id,texto,correta,ordem) values ('e6b50000-b551-4c00-9000-000000000b03','Phantom power',false,4);
insert into public.quiz_questions (id,quiz_id,texto,explicacao,ordem,pontos) values ('e6b50000-b551-4c00-9000-000000000b04','e6b50000-b551-4c00-9000-0000000c0011','Ligar duas caixas de 8 Ω em paralelo resulta em:','4 Ω. Paralelo abaixa a impedância; nunca fique abaixo da impedância mínima do amplificador.',4,1);
insert into public.quiz_options (question_id,texto,correta,ordem) values ('e6b50000-b551-4c00-9000-000000000b04','16 Ω',false,1);
insert into public.quiz_options (question_id,texto,correta,ordem) values ('e6b50000-b551-4c00-9000-000000000b04','4 Ω',true,2);
insert into public.quiz_options (question_id,texto,correta,ordem) values ('e6b50000-b551-4c00-9000-000000000b04','8 Ω',false,3);
insert into public.quiz_options (question_id,texto,correta,ordem) values ('e6b50000-b551-4c00-9000-000000000b04','0 Ω',false,4);
insert into public.quiz_questions (id,quiz_id,texto,explicacao,ordem,pontos) values ('e6b50000-b551-4c00-9000-000000000b05','e6b50000-b551-4c00-9000-0000000c0011','A saída de potência do amplificador (para a caixa passiva) usa:','Cabo de potência (Speakon travável ou P10 de alta seção). Nunca ligue essa saída numa entrada da mesa.',5,1);
insert into public.quiz_options (question_id,texto,correta,ordem) values ('e6b50000-b551-4c00-9000-000000000b05','Cabo de microfone fino',false,1);
insert into public.quiz_options (question_id,texto,correta,ordem) values ('e6b50000-b551-4c00-9000-000000000b05','Cabo de potência (Speakon/P10 de alta seção)',true,2);
insert into public.quiz_options (question_id,texto,correta,ordem) values ('e6b50000-b551-4c00-9000-000000000b05','Cabo P2 de fone',false,3);
insert into public.quiz_options (question_id,texto,correta,ordem) values ('e6b50000-b551-4c00-9000-000000000b05','Cabo de rede',false,4);
insert into public.quiz_questions (id,quiz_id,texto,explicacao,ordem,pontos) values ('e6b50000-b551-4c00-9000-000000000b06','e6b50000-b551-4c00-9000-0000000c0011','O knob de nível do amplificador serve para:','É ganho: deixe num ponto fixo e seguro. O volume do show você faz na mesa; vigie o LED de CLIP.',6,1);
insert into public.quiz_options (question_id,texto,correta,ordem) values ('e6b50000-b551-4c00-9000-000000000b06','Ser o volume do show',false,1);
insert into public.quiz_options (question_id,texto,correta,ordem) values ('e6b50000-b551-4c00-9000-000000000b06','Ficar num ponto fixo e seguro (o volume é na mesa)',true,2);
insert into public.quiz_options (question_id,texto,correta,ordem) values ('e6b50000-b551-4c00-9000-000000000b06','Ligar o phantom',false,3);
insert into public.quiz_options (question_id,texto,correta,ordem) values ('e6b50000-b551-4c00-9000-000000000b06','Trocar a impedância',false,4);

-- AULA 12 [M2.5]: PA de menor porte: caixa ativa × passiva, amplificação e posicionamento
insert into public.lessons (id,module_id,titulo,tipo,conteudo_rico,duracao_min,ordem,tem_quiz,preview_gratis) values
  ('e6b50000-b551-4c00-9000-0000000b0012','e6b50000-b551-4c00-9000-0000000000a2','PA de menor porte: caixa ativa × passiva, amplificação e posicionamento','texto','<p><strong>PA (Public Address) é o sistema que leva o som para o público.</strong> Em eventos menores — palestras, cultos, festas — você geralmente monta um PA simples: uma ou duas caixas para a plateia e, às vezes, um retorno para quem fala. Saber montar isso certo (e por que) evita os dois maiores perrengues: <strong>não sair som</strong> e <strong>microfonia</strong>.</p>

<figure style="margin:16px 0;text-align:center"><img src="https://pshynylvvkhhohftouoe.supabase.co/storage/v1/object/public/media/img-som-basico/pa-ativa.jpg" alt="Caixa de PA ativa em tripé com subwoofer ativo no chão ao lado." style="max-width:100%;border-radius:10px;border:1px solid rgba(0,0,0,.12)" /><figcaption style="font-size:12px;opacity:.75;margin-top:6px">PA de menor porte: caixa ativa (com amplificador embutido) no tripé e um subwoofer ativo no chão.</figcaption></figure>

<h3>Caixa ativa × caixa passiva: a diferença que mais confunde</h3>
<ul>
<li><strong>Caixa ativa:</strong> tem <strong>amplificador embutido</strong>. Você liga a saída da mesa <strong>direto</strong> nela (sinal de linha) e ela mesma amplifica. Precisa de tomada (energia). É a mais comum em eventos corporativos por ser prática.</li>
<li><strong>Caixa passiva:</strong> <strong>não</strong> tem amplificador. Precisa de um <strong>amplificador externo</strong> entre a mesa e a caixa. O caminho é: <strong>Mesa → Amplificador → Caixa Passiva</strong>.</li>
</ul>
<p><strong>Erro clássico (e perigoso):</strong> ligar a saída de um amplificador de potência numa caixa ativa, ou esperar que uma caixa passiva toque ligada direto na mesa. No primeiro caso você pode <strong>danificar</strong> o equipamento; no segundo, simplesmente não sai som. Antes de ligar, identifique: a caixa é ativa (tem tomada e conector de linha) ou passiva (só tem os bornes de alto-falante)?</p>

<h3>Posicionamento: a arma contra a microfonia</h3>
<p><strong>A regra número um:</strong> as caixas de PA ficam <strong>à frente dos microfones</strong>, apontando para a plateia — nunca atrás nem apontando para os mics. Se a caixa "olha" para o microfone, o som volta para ele e vira aquele assobio (microfonia). Coloque a linha das caixas na frente da linha dos microfones.</p>
<p><strong>Outras dicas de posição:</strong> eleve as caixas (em tripé) para o som passar por cima das cabeças e chegar ao fundo; aponte-as para a área da plateia; e afaste os microfones das caixas.</p>

<h3>Subgrave (sub): quando e por quê</h3>
<p><strong>O sub reforça as frequências graves</strong> (o "peso" do som) — útil em música e festas. Para uma palestra só com fala, muitas vezes ele nem é necessário. Quando usar, o sub normalmente fica no chão (o grave é pouco direcional) e recebe só as frequências baixas.</p>

<h3>Um arranjo típico de evento pequeno</h3>
<p><strong>Palestra/treinamento:</strong> mesa → 1 ou 2 caixas ativas em tripé, à frente e apontando para a plateia + um <strong>AUX</strong> para um retorno do apresentador (se ele pedir para se ouvir). Notebook e microfones sem fio entram na mesa; a mesa manda para as caixas. Simples, confiável e rápido de montar.</p>

<h3>Potência e cobertura (noção)</h3>
<p><strong>Não precisa de conta complicada:</strong> a ideia é ter caixas com potência suficiente para cobrir a sala com folga, sem precisar "forçar" no volume (o que distorce). Sala maior/mais gente = mais potência e/ou mais caixas. Na dúvida, sobra de potência trabalhando folgada soa melhor do que pouca potência no talo.</p>

<h3>Pratique no simulador</h3>
<p><strong>No simulador você monta a cadeia de saída</strong> escolhendo entre caixa ativa (liga direto) e passiva (precisa de amplificador), posiciona as caixas à frente dos microfones para evitar microfonia e adiciona um subgrave. Complete as 4 missões.</p>',20,5,true,false);
insert into public.quizzes (id,lesson_id,titulo) values ('e6b50000-b551-4c00-9000-0000000c0012','e6b50000-b551-4c00-9000-0000000b0012','Quiz — PA e caixas');
insert into public.quiz_questions (id,quiz_id,texto,explicacao,ordem,pontos) values ('e6b50000-b551-4c00-9000-000000000c01','e6b50000-b551-4c00-9000-0000000c0012','Uma caixa acústica ATIVA:','A caixa ativa tem amplificador embutido — liga direto na saída da mesa. Só precisa de energia (tomada).',1,1);
insert into public.quiz_options (question_id,texto,correta,ordem) values ('e6b50000-b551-4c00-9000-000000000c01','Precisa de amplificador externo',false,1);
insert into public.quiz_options (question_id,texto,correta,ordem) values ('e6b50000-b551-4c00-9000-000000000c01','Tem amplificador embutido e liga direto na mesa',true,2);
insert into public.quiz_options (question_id,texto,correta,ordem) values ('e6b50000-b551-4c00-9000-000000000c01','Não funciona em eventos',false,3);
insert into public.quiz_options (question_id,texto,correta,ordem) values ('e6b50000-b551-4c00-9000-000000000c01','Só toca graves',false,4);
insert into public.quiz_questions (id,quiz_id,texto,explicacao,ordem,pontos) values ('e6b50000-b551-4c00-9000-000000000c02','e6b50000-b551-4c00-9000-0000000c0012','Para uma caixa PASSIVA funcionar, o caminho correto é:','A passiva não tem amplificador; precisa de um amplificador externo: Mesa → Amplificador → Caixa Passiva.',2,1);
insert into public.quiz_options (question_id,texto,correta,ordem) values ('e6b50000-b551-4c00-9000-000000000c02','Mesa → Caixa Passiva (direto)',false,1);
insert into public.quiz_options (question_id,texto,correta,ordem) values ('e6b50000-b551-4c00-9000-000000000c02','Mesa → Amplificador → Caixa Passiva',true,2);
insert into public.quiz_options (question_id,texto,correta,ordem) values ('e6b50000-b551-4c00-9000-000000000c02','Caixa Passiva → Mesa',false,3);
insert into public.quiz_options (question_id,texto,correta,ordem) values ('e6b50000-b551-4c00-9000-000000000c02','Não precisa de nada',false,4);
insert into public.quiz_questions (id,quiz_id,texto,explicacao,ordem,pontos) values ('e6b50000-b551-4c00-9000-000000000c03','e6b50000-b551-4c00-9000-0000000c0012','Para evitar microfonia, as caixas de PA devem ficar:','À frente dos microfones, apontando para a plateia. Caixa atrás ou apontando para o mic realimenta e apita.',3,1);
insert into public.quiz_options (question_id,texto,correta,ordem) values ('e6b50000-b551-4c00-9000-000000000c03','Atrás dos microfones',false,1);
insert into public.quiz_options (question_id,texto,correta,ordem) values ('e6b50000-b551-4c00-9000-000000000c03','À frente dos microfones, apontando para a plateia',true,2);
insert into public.quiz_options (question_id,texto,correta,ordem) values ('e6b50000-b551-4c00-9000-000000000c03','Em cima dos microfones',false,3);
insert into public.quiz_options (question_id,texto,correta,ordem) values ('e6b50000-b551-4c00-9000-000000000c03','Não importa a posição',false,4);
insert into public.quiz_questions (id,quiz_id,texto,explicacao,ordem,pontos) values ('e6b50000-b551-4c00-9000-000000000c04','e6b50000-b551-4c00-9000-0000000c0012','O subgrave (sub) serve para:','Reforçar as frequências graves (o ''peso'' do som). Útil em música/festa; numa palestra só de fala, muitas vezes nem é necessário.',4,1);
insert into public.quiz_options (question_id,texto,correta,ordem) values ('e6b50000-b551-4c00-9000-000000000c04','Deixar a voz mais aguda',false,1);
insert into public.quiz_options (question_id,texto,correta,ordem) values ('e6b50000-b551-4c00-9000-000000000c04','Reforçar as frequências graves',true,2);
insert into public.quiz_options (question_id,texto,correta,ordem) values ('e6b50000-b551-4c00-9000-000000000c04','Substituir o amplificador',false,3);
insert into public.quiz_options (question_id,texto,correta,ordem) values ('e6b50000-b551-4c00-9000-000000000c04','Evitar microfonia sozinho',false,4);
insert into public.quiz_questions (id,quiz_id,texto,explicacao,ordem,pontos) values ('e6b50000-b551-4c00-9000-000000000c05','e6b50000-b551-4c00-9000-0000000c0012','Ligar a saída de um amplificador de potência numa caixa ATIVA é:','Errado e perigoso: a caixa ativa já tem amplificador interno. Enviar nível de alto-falante nela pode danificar o equipamento.',5,1);
insert into public.quiz_options (question_id,texto,correta,ordem) values ('e6b50000-b551-4c00-9000-000000000c05','Recomendado, dá mais volume',false,1);
insert into public.quiz_options (question_id,texto,correta,ordem) values ('e6b50000-b551-4c00-9000-000000000c05','Errado e pode danificar — a ativa já tem amplificador',true,2);
insert into public.quiz_options (question_id,texto,correta,ordem) values ('e6b50000-b551-4c00-9000-000000000c05','Necessário sempre',false,3);
insert into public.quiz_options (question_id,texto,correta,ordem) values ('e6b50000-b551-4c00-9000-000000000c05','Indiferente',false,4);
insert into public.quiz_questions (id,quiz_id,texto,explicacao,ordem,pontos) values ('e6b50000-b551-4c00-9000-000000000c06','e6b50000-b551-4c00-9000-0000000c0012','Num evento pequeno (palestra), um arranjo típico de PA é:','Uma ou duas caixas de PA para a plateia (à frente, em tripé) e um AUX/retorno para o apresentador se ouvir, se necessário.',6,1);
insert into public.quiz_options (question_id,texto,correta,ordem) values ('e6b50000-b551-4c00-9000-000000000c06','Dez caixas ao redor da plateia',false,1);
insert into public.quiz_options (question_id,texto,correta,ordem) values ('e6b50000-b551-4c00-9000-000000000c06','Uma/duas caixas para a plateia + um retorno (AUX) para o apresentador',true,2);
insert into public.quiz_options (question_id,texto,correta,ordem) values ('e6b50000-b551-4c00-9000-000000000c06','Só o notebook, sem caixas',false,3);
insert into public.quiz_options (question_id,texto,correta,ordem) values ('e6b50000-b551-4c00-9000-000000000c06','Caixas apontando para o microfone',false,4);
insert into public.ai_animations (lesson_id,tipo,status,model,roteiro,urls) values ('e6b50000-b551-4c00-9000-0000000b0012','interactive','ready','handcrafted-interactive','{"titulo":"Simulador — Montando o PA","cenas":[{"numero":1,"titulo":"Simulador — Montando o PA","modo":"widget","narracao":"Monte a cadeia de saída (ativa × passiva), posicione contra microfonia e adicione o sub. Complete as 4 missões.","explicacao_texto":"Monte a cadeia de saída (ativa × passiva), posicione contra microfonia e adicione o sub. Complete as 4 missões.","destaques":["Caixa ativa liga direto","Passiva precisa de amplificador","Caixas à frente dos mics","Subgrave para os graves"]}]}'::jsonb,'[{"html":"<!doctype html>\n<html lang=\"pt-BR\">\n<head>\n<meta charset=\"utf-8\">\n<meta name=\"viewport\" content=\"width=device-width, initial-scale=1\">\n<title>Simulador — Montando o PA (SMU)</title>\n<style>\n  :root{--bg:#0b0f17;--panel:#151b28;--panel2:#0f1420;--line:#26344c;--ink:#e7ecf5;\n    --muted:#8ea0bd;--amber:#F59E0B;--green:#22c55e;--red:#ef4444;--cyan:#22d3ee}\n  *{box-sizing:border-box}html,body{margin:0}\n  body{background:var(--bg);color:var(--ink);font-family:\"Space Grotesk\",system-ui,-apple-system,\"Segoe UI\",Roboto,sans-serif;\n    -webkit-font-smoothing:antialiased;padding:10px;user-select:none}\n  h1{font-size:15px;margin:0 0 2px}.sub{font-size:11.5px;color:var(--muted);margin-bottom:10px}\n  .mission{display:flex;gap:10px;align-items:center;background:#0c1220;border:1px solid var(--line);border-radius:10px;padding:9px 12px;margin-bottom:12px}\n  .mission .idx{font-size:10px;color:var(--amber);font-weight:800;letter-spacing:.8px;white-space:nowrap}\n  .mission .txt{font-size:12.5px;line-height:1.3;flex:1}.mission .txt b{color:var(--amber)}\n  .mission button{font:inherit;font-size:11px;color:var(--muted);background:transparent;border:1px solid var(--line);border-radius:7px;padding:6px 9px;cursor:pointer}\n  .grid{display:flex;gap:14px;flex-wrap:wrap}\n  .card{background:linear-gradient(180deg,var(--panel),var(--panel2));border:1px solid var(--line);border-radius:12px;padding:14px;flex:1 1 320px}\n  .card h3{margin:0 0 10px;font-size:11px;letter-spacing:1px;color:var(--muted);text-transform:uppercase}\n  .chain{display:flex;align-items:center;gap:8px;flex-wrap:wrap;min-height:64px;background:#0c1220;border:1px dashed var(--line);border-radius:10px;padding:12px}\n  .node{background:#111a2b;border:1px solid var(--line);border-radius:9px;padding:8px 12px;font-size:12px;font-weight:700;text-align:center;position:relative}\n  .node .em{font-size:20px;display:block}\n  .node.mesa{border-color:var(--amber)}\n  .node.rm{cursor:pointer}\n  .node .x{position:absolute;top:-7px;right:-7px;width:18px;height:18px;border-radius:50%;background:var(--red);color:#fff;font-size:11px;line-height:18px;text-align:center}\n  .arrow{color:#33456a;font-size:18px}\n  .palette{display:flex;gap:8px;flex-wrap:wrap;margin-top:10px}\n  .pbtn{font:inherit;font-size:12px;font-weight:700;padding:9px 12px;border-radius:9px;border:1px solid var(--line);background:#0c1220;color:var(--ink);cursor:pointer}\n  .pbtn .em{margin-right:5px}\n  .row{display:flex;gap:8px;flex-wrap:wrap;margin-top:8px}\n  .opt{font:inherit;font-size:12px;font-weight:700;padding:9px 12px;border-radius:9px;border:1px solid var(--line);background:#0c1220;color:var(--ink);cursor:pointer}\n  .opt.sel{border-color:var(--amber);background:#1a1608}.opt.sub.on{border-color:var(--green);background:#0e1a10;color:var(--green)}\n  .stage{position:relative;height:150px;background:#0c1220;border:1px solid var(--line);border-radius:10px;margin-top:8px;overflow:hidden}\n  .stage .aud{position:absolute;left:0;right:0;bottom:0;height:34px;background:#0e1524;border-top:1px solid var(--line);font-size:10px;color:var(--muted);display:flex;align-items:center;justify-content:center}\n  .stage .mic{position:absolute;left:50%;top:64px;transform:translateX(-50%);font-size:22px}\n  .stage .spk{position:absolute;font-size:22px;transition:.25s}\n  .verdict{font-size:12.5px;font-weight:700;min-height:18px;margin-top:8px}.verdict.good{color:var(--green)}.verdict.bad{color:var(--red)}\n</style>\n</head>\n<body>\n  <h1>Montando o PA do evento</h1>\n  <div class=\"sub\">Ligue as caixas do jeito certo (ativa × passiva), posicione contra microfonia e reforce os graves.</div>\n  <div class=\"mission\">\n    <span class=\"idx\" id=\"mIdx\">MISSÃO 1/4</span>\n    <span class=\"txt\" id=\"mTxt\">—</span>\n    <button id=\"mSkip\">Pular</button>\n  </div>\n\n  <div class=\"grid\">\n    <div class=\"card\">\n      <h3>Cadeia de saída (da mesa até a caixa)</h3>\n      <div class=\"chain\" id=\"chain\"></div>\n      <div class=\"palette\" id=\"palette\">\n        <button class=\"pbtn\" data-add=\"ativa\"><span class=\"em\">🔊</span>Caixa Ativa</button>\n        <button class=\"pbtn\" data-add=\"amp\"><span class=\"em\">🧯</span>Amplificador</button>\n        <button class=\"pbtn\" data-add=\"passiva\"><span class=\"em\">📦</span>Caixa Passiva</button>\n        <button class=\"pbtn\" data-add=\"sub\"><span class=\"em\">🔈</span>Subgrave</button>\n      </div>\n      <div class=\"row\"><button class=\"pbtn\" id=\"clear\">↺ Limpar cadeia</button></div>\n      <div class=\"verdict\" id=\"v1\"></div>\n    </div>\n\n    <div class=\"card\" style=\"flex:1 1 260px\">\n      <h3>Posicionamento (contra microfonia)</h3>\n      <div class=\"row\">\n        <button class=\"opt\" data-pos=\"frente\">Caixas à FRENTE dos mics</button>\n        <button class=\"opt\" data-pos=\"atras\">Caixas ATRÁS dos mics</button>\n      </div>\n      <div class=\"stage\" id=\"stage\">\n        <div class=\"spk\" id=\"spk1\">🔊</div><div class=\"spk\" id=\"spk2\">🔊</div>\n        <div class=\"mic\">🎤</div>\n        <div class=\"aud\">👥 plateia</div>\n      </div>\n      <div class=\"verdict\" id=\"v2\"></div>\n    </div>\n  </div>\n\n<script>\n\"use strict\";\n(function(){\n  const $=id=>document.getElementById(id);\n  const NODE={ativa:{em:\"🔊\",nm:\"Caixa Ativa\"},amp:{em:\"🧯\",nm:\"Amplificador\"},passiva:{em:\"📦\",nm:\"Caixa Passiva\"},sub:{em:\"🔈\",nm:\"Subgrave\"}};\n  const state={chain:[],pos:null};\n\n  function renderChain(){\n    const c=$(\"chain\");c.innerHTML=\"\";\n    const mesa=document.createElement(\"div\");mesa.className=\"node mesa\";mesa.innerHTML=''<span class=\"em\">🎛️</span>Mesa'';c.appendChild(mesa);\n    state.chain.forEach((k,i)=>{ const a=document.createElement(\"span\");a.className=\"arrow\";a.textContent=\"➜\";c.appendChild(a);\n      const n=document.createElement(\"div\");n.className=\"node rm\";n.innerHTML=`<span class=\"em\">${NODE[k].em}</span>${NODE[k].nm}<span class=\"x\">×</span>`;\n      n.onclick=()=>{state.chain.splice(i,1);renderChain();check();};c.appendChild(n); });\n    validateChain();\n  }\n  function validateChain(){\n    const v=$(\"v1\"); const ch=state.chain.filter(x=>x!==\"sub\");\n    const hasSub=state.chain.includes(\"sub\");\n    // regras\n    let msg=\"\",cls=\"\";\n    if(ch.length===0){ msg=\"Adicione as caixas para completar o caminho do som.\"; cls=\"\"; }\n    else if(ch.join()===\"ativa\"){ msg=\"✔ Correto! Mesa → Caixa Ativa (a caixa ativa já tem amplificador dentro).\"; cls=\"good\"; }\n    else if(ch.join()===\"amp,passiva\"){ msg=\"✔ Correto! Mesa → Amplificador → Caixa Passiva (a passiva precisa do amp).\"; cls=\"good\"; }\n    else if(ch.join()===\"passiva\"){ msg=\"✖ A caixa passiva não tem amplificador — sem som. Coloque um Amplificador antes dela.\"; cls=\"bad\"; }\n    else if(ch.join()===\"amp,ativa\"||ch.join()===\"ativa,amp\"){ msg=\"✖ Caixa ativa já tem amp interno — não precisa (e não deve) de amplificador antes.\"; cls=\"bad\"; }\n    else if(ch.join()===\"amp\"){ msg=\"Falta a caixa. Amplificador sozinho não toca — ligue uma Caixa Passiva depois.\"; cls=\"\"; }\n    else { msg=\"Cadeia incomum. O certo é: Mesa → Caixa Ativa, OU Mesa → Amplificador → Caixa Passiva.\"; cls=\"bad\"; }\n    if(hasSub&&cls===\"good\") msg+=\" Subgrave adicionado 🔈 — reforço de graves ok.\";\n    v.textContent=msg;v.className=\"verdict \"+cls;\n  }\n  $(\"palette\").querySelectorAll(\"[data-add]\").forEach(b=>b.onclick=()=>{ state.chain.push(b.dataset.add);renderChain();check(); });\n  $(\"clear\").onclick=()=>{state.chain=[];renderChain();check();};\n\n  // posicionamento\n  function renderPos(){\n    const s1=$(\"spk1\"),s2=$(\"spk2\");\n    document.querySelectorAll(\"[data-pos]\").forEach(o=>o.classList.toggle(\"sel\",o.dataset.pos===state.pos));\n    if(state.pos===\"frente\"){ s1.style.left=\"12%\";s1.style.top=\"96px\";s2.style.left=\"80%\";s2.style.top=\"96px\"; }\n    else if(state.pos===\"atras\"){ s1.style.left=\"18%\";s1.style.top=\"24px\";s2.style.left=\"74%\";s2.style.top=\"24px\"; }\n    else { s1.style.left=\"12%\";s1.style.top=\"24px\";s2.style.left=\"80%\";s2.style.top=\"24px\";s2.style.opacity=\"0.3\";s1.style.opacity=\"0.3\"; }\n    if(state.pos){ s1.style.opacity=\"1\";s2.style.opacity=\"1\"; }\n    const v=$(\"v2\");\n    if(state.pos===\"frente\"){ v.textContent=\"✔ Certo! As caixas à frente dos microfones (apontando para a plateia) reduzem a microfonia.\"; v.className=\"verdict good\"; }\n    else if(state.pos===\"atras\"){ v.textContent=\"✖ Perigo de microfonia! Caixas atrás/apontando para os microfones realimentam e apitam.\"; v.className=\"verdict bad\"; }\n    else v.textContent=\"\";\n  }\n  document.querySelectorAll(\"[data-pos]\").forEach(o=>o.onclick=()=>{state.pos=o.dataset.pos;renderPos();check();});\n\n  // missões\n  const okActive=()=>state.chain.filter(x=>x!==\"sub\").join()===\"ativa\";\n  const okPassive=()=>state.chain.filter(x=>x!==\"sub\").join()===\"amp,passiva\";\n  const M=[\n    { t:''Monte o PA com uma <b>caixa ATIVA</b>: a cadeia deve ser <b>Mesa → Caixa Ativa</b> (a ativa já tem amplificador).'', ok:okActive },\n    { t:''Agora com <b>caixa PASSIVA</b>: ela precisa de <b>Amplificador</b> antes. Monte <b>Mesa → Amplificador → Caixa Passiva</b>. (limpe a cadeia primeiro)'', ok:okPassive },\n    { t:''Posicionamento: coloque as caixas <b>à FRENTE</b> dos microfones (painel da direita) para evitar microfonia.'', ok:()=>state.pos===\"frente\" },\n    { t:''Reforce os graves: adicione um <b>Subgrave</b> à cadeia (mantendo a ligação correta).'', ok:()=>state.chain.includes(\"sub\")&&(okActive()||okPassive()) },\n  ];\n  let mi=0;\n  function paintM(){const idx=$(\"mIdx\"),txt=$(\"mTxt\");\n    if(mi>=M.length){idx.textContent=\"CONCLUÍDO\";txt.innerHTML=\"🎓 <b>Boa!</b> Você sabe montar um PA pequeno: ativa liga direto, passiva precisa de amplificador, caixas à frente dos mics e sub para os graves.\";$(\"mSkip\").style.display=\"none\";return;}\n    idx.textContent=\"MISSÃO \"+(mi+1)+\"/\"+M.length;txt.innerHTML=M[mi].t;}\n  function check(){if(mi>=M.length)return;try{if(M[mi].ok()){mi++;paintM();}}catch(e){}}\n  $(\"mSkip\").onclick=()=>{if(mi<M.length){mi++;paintM();}};\n\n  renderChain();renderPos();paintM();\n})();\n</script>\n</body>\n</html>\n"}]'::jsonb);

-- AULA 13 [M2.6]: Ordem de ligar e desligar o sistema (proteja as caixas)
insert into public.lessons (id,module_id,titulo,tipo,conteudo_rico,duracao_min,ordem,tem_quiz,preview_gratis) values
  ('e6b50000-b551-4c00-9000-0000000b0013','e6b50000-b551-4c00-9000-0000000000a2','Ordem de ligar e desligar o sistema (proteja as caixas)','texto','<p><strong>Existe uma ordem certa para ligar e desligar um sistema de som</strong> — e ignorá-la é uma das formas mais comuns (e caras) de <strong>danificar caixas</strong>. É uma regra simples de decorar e que separa o amador do profissional. Vamos entender o porquê e a sequência.</p>

<h3>O problema: o "tump" (transiente de energia)</h3>
<p><strong>Quando você liga ou desliga um equipamento, ele solta um pequeno estouro elétrico</strong> — um "tump" ou "pop". Se a <strong>amplificação estiver ligada</strong> nesse momento, esse estouro é amplificado e vai direto para os alto-falantes com força total. Isso incomoda o público e, com o tempo (ou de uma vez só), <strong>danifica as caixas</strong>.</p>
<p><strong>A solução é lógica:</strong> garanta que a amplificação (amplificador ou caixas ativas) só esteja ligada quando todo o resto já estiver estável — e que ela seja desligada antes de qualquer coisa.</p>

<h3>A regra de ouro</h3>
<p><strong>A amplificação liga por ÚLTIMO e desliga PRIMEIRO.</strong> Guarde essa frase. Todo o resto decorre dela.</p>

<h3>Sequência para LIGAR</h3>
<ul>
<li><strong>1º — Fontes:</strong> notebook, players, instrumentos.</li>
<li><strong>2º — Mesa e processadores:</strong> o mixer e qualquer processador de sinal.</li>
<li><strong>3º — Amplificação (por último):</strong> amplificadores e caixas ativas. Só agora, com tudo estável, você "abre" o som para as caixas.</li>
</ul>

<h3>Sequência para DESLIGAR (o inverso)</h3>
<ul>
<li><strong>1º — Amplificação (primeiro):</strong> desligue amplificadores e caixas ativas.</li>
<li><strong>2º — Mesa e processadores.</strong></li>
<li><strong>3º — Fontes.</strong></li>
</ul>
<p><strong>Dica extra:</strong> antes de desligar a amplificação, é bom já ter baixado o volume master. E nunca conecte/desconecte cabos de sinal com a amplificação ligada e volume aberto — é a mesma lógica do tump.</p>

<h3>Por que isso importa no corporativo</h3>
<p><strong>No calor da correria de um evento</strong> — trocar o notebook, plugar um cabo, reiniciar a mesa — é fácil esquecer que as caixas estão ligadas. Se você pegou o hábito de "amplificação por último ao ligar, primeiro ao desligar", você mexe em fontes e mesa com segurança, porque a amplificação já está desligada quando precisa. Vira automático e te protege de um prejuízo que dói no bolso.</p>

<h3>Pratique no simulador</h3>
<p><strong>No simulador você liga o sistema na ordem certa</strong> (fontes → mesa → amplificação) e depois desliga na ordem inversa (amplificação → mesa → fontes). Se você mexer nas fontes ou na mesa com a amplificação ligada, verá o <strong>POP</strong> acontecer nas caixas — o erro que estamos treinando para nunca cometer. Complete as 2 missões.</p>',14,6,true,false);
insert into public.quizzes (id,lesson_id,titulo) values ('e6b50000-b551-4c00-9000-0000000c0013','e6b50000-b551-4c00-9000-0000000b0013','Quiz — Ordem de ligar o sistema');
insert into public.quiz_questions (id,quiz_id,texto,explicacao,ordem,pontos) values ('e6b50000-b551-4c00-9000-000000000d01','e6b50000-b551-4c00-9000-0000000c0013','Ao LIGAR o sistema, a amplificação (amplificador/caixas ativas) deve ser:','A amplificação liga por ÚLTIMO — só quando fontes e mesa já estão ligadas e estáveis, para o transiente não ir às caixas.',1,1);
insert into public.quiz_options (question_id,texto,correta,ordem) values ('e6b50000-b551-4c00-9000-000000000d01','A primeira a ligar',false,1);
insert into public.quiz_options (question_id,texto,correta,ordem) values ('e6b50000-b551-4c00-9000-000000000d01','A última a ligar',true,2);
insert into public.quiz_options (question_id,texto,correta,ordem) values ('e6b50000-b551-4c00-9000-000000000d01','Ligada junto com as fontes',false,3);
insert into public.quiz_options (question_id,texto,correta,ordem) values ('e6b50000-b551-4c00-9000-000000000d01','Não precisa ligar',false,4);
insert into public.quiz_questions (id,quiz_id,texto,explicacao,ordem,pontos) values ('e6b50000-b551-4c00-9000-000000000d02','e6b50000-b551-4c00-9000-0000000c0013','Ao DESLIGAR o sistema, a amplificação deve ser:','A amplificação desliga PRIMEIRO. Assim, o tump de desligar mesa/fontes não é amplificado para as caixas.',2,1);
insert into public.quiz_options (question_id,texto,correta,ordem) values ('e6b50000-b551-4c00-9000-000000000d02','A última a desligar',false,1);
insert into public.quiz_options (question_id,texto,correta,ordem) values ('e6b50000-b551-4c00-9000-000000000d02','A primeira a desligar',true,2);
insert into public.quiz_options (question_id,texto,correta,ordem) values ('e6b50000-b551-4c00-9000-000000000d02','Deixada sempre ligada',false,3);
insert into public.quiz_options (question_id,texto,correta,ordem) values ('e6b50000-b551-4c00-9000-000000000d02','Desligada no meio',false,4);
insert into public.quiz_questions (id,quiz_id,texto,explicacao,ordem,pontos) values ('e6b50000-b551-4c00-9000-000000000d03','e6b50000-b551-4c00-9000-0000000c0013','Por que existe essa ordem de ligar/desligar?','Para que o estouro (tump/pop) de ligar e desligar equipamentos não seja amplificado e enviado às caixas, o que as danifica.',3,1);
insert into public.quiz_options (question_id,texto,correta,ordem) values ('e6b50000-b551-4c00-9000-000000000d03','Para economizar energia',false,1);
insert into public.quiz_options (question_id,texto,correta,ordem) values ('e6b50000-b551-4c00-9000-000000000d03','Para o estouro (tump) não ir às caixas e danificá-las',true,2);
insert into public.quiz_options (question_id,texto,correta,ordem) values ('e6b50000-b551-4c00-9000-000000000d03','Para o som ficar mais grave',false,3);
insert into public.quiz_options (question_id,texto,correta,ordem) values ('e6b50000-b551-4c00-9000-000000000d03','Não faz diferença',false,4);
insert into public.quiz_questions (id,quiz_id,texto,explicacao,ordem,pontos) values ('e6b50000-b551-4c00-9000-000000000d04','e6b50000-b551-4c00-9000-0000000c0013','Ligar as caixas ativas ANTES da mesa pode causar:','O transiente/pop dos equipamentos ligando depois vai amplificado para os alto-falantes.',4,1);
insert into public.quiz_options (question_id,texto,correta,ordem) values ('e6b50000-b551-4c00-9000-000000000d04','Melhor qualidade de som',false,1);
insert into public.quiz_options (question_id,texto,correta,ordem) values ('e6b50000-b551-4c00-9000-000000000d04','Um pop/estouro indo para os alto-falantes',true,2);
insert into public.quiz_options (question_id,texto,correta,ordem) values ('e6b50000-b551-4c00-9000-000000000d04','Economia de bateria',false,3);
insert into public.quiz_options (question_id,texto,correta,ordem) values ('e6b50000-b551-4c00-9000-000000000d04','Nada de errado',false,4);
insert into public.quiz_questions (id,quiz_id,texto,explicacao,ordem,pontos) values ('e6b50000-b551-4c00-9000-000000000d05','e6b50000-b551-4c00-9000-0000000c0013','Qual a sequência correta para LIGAR?','Fontes → Mesa → Amplificação (a amplificação sempre por último).',5,1);
insert into public.quiz_options (question_id,texto,correta,ordem) values ('e6b50000-b551-4c00-9000-000000000d05','Amplificação → Mesa → Fontes',false,1);
insert into public.quiz_options (question_id,texto,correta,ordem) values ('e6b50000-b551-4c00-9000-000000000d05','Fontes → Mesa → Amplificação',true,2);
insert into public.quiz_options (question_id,texto,correta,ordem) values ('e6b50000-b551-4c00-9000-000000000d05','Mesa → Amplificação → Fontes',false,3);
insert into public.quiz_options (question_id,texto,correta,ordem) values ('e6b50000-b551-4c00-9000-000000000d05','Tudo ao mesmo tempo',false,4);
insert into public.quiz_questions (id,quiz_id,texto,explicacao,ordem,pontos) values ('e6b50000-b551-4c00-9000-000000000d06','e6b50000-b551-4c00-9000-0000000c0013','Qual a sequência correta para DESLIGAR?','Amplificação → Mesa → Fontes (a amplificação sempre primeiro).',6,1);
insert into public.quiz_options (question_id,texto,correta,ordem) values ('e6b50000-b551-4c00-9000-000000000d06','Amplificação → Mesa → Fontes',true,1);
insert into public.quiz_options (question_id,texto,correta,ordem) values ('e6b50000-b551-4c00-9000-000000000d06','Fontes → Mesa → Amplificação',false,2);
insert into public.quiz_options (question_id,texto,correta,ordem) values ('e6b50000-b551-4c00-9000-000000000d06','Mesa → Fontes → Amplificação',false,3);
insert into public.quiz_options (question_id,texto,correta,ordem) values ('e6b50000-b551-4c00-9000-000000000d06','Tudo ao mesmo tempo',false,4);
insert into public.ai_animations (lesson_id,tipo,status,model,roteiro,urls) values ('e6b50000-b551-4c00-9000-0000000b0013','interactive','ready','handcrafted-interactive','{"titulo":"Simulador — Ordem de ligar o sistema","cenas":[{"numero":1,"titulo":"Simulador — Ordem de ligar o sistema","modo":"widget","narracao":"Ligue na ordem certa (fontes→mesa→amplificação) e desligue no inverso, sem estouro. Complete as 2 missões.","explicacao_texto":"Ligue na ordem certa (fontes→mesa→amplificação) e desligue no inverso, sem estouro. Complete as 2 missões.","destaques":["Amplificação liga por último","Amplificação desliga primeiro","O ''tump'' que danifica caixas"]}]}'::jsonb,'[{"html":"<!doctype html>\n<html lang=\"pt-BR\">\n<head>\n<meta charset=\"utf-8\">\n<meta name=\"viewport\" content=\"width=device-width, initial-scale=1\">\n<title>Simulador — Ordem de ligar o sistema (SMU)</title>\n<style>\n  :root{--bg:#0b0f17;--panel:#151b28;--panel2:#0f1420;--line:#26344c;--ink:#e7ecf5;\n    --muted:#8ea0bd;--amber:#F59E0B;--green:#22c55e;--red:#ef4444;--cyan:#22d3ee}\n  *{box-sizing:border-box}html,body{margin:0}\n  body{background:var(--bg);color:var(--ink);font-family:\"Space Grotesk\",system-ui,-apple-system,\"Segoe UI\",Roboto,sans-serif;\n    -webkit-font-smoothing:antialiased;padding:10px;user-select:none}\n  h1{font-size:15px;margin:0 0 2px}.sub{font-size:11.5px;color:var(--muted);margin-bottom:10px}\n  .mission{display:flex;gap:10px;align-items:center;background:#0c1220;border:1px solid var(--line);border-radius:10px;padding:9px 12px;margin-bottom:12px}\n  .mission .idx{font-size:10px;color:var(--amber);font-weight:800;letter-spacing:.8px;white-space:nowrap}\n  .mission .txt{font-size:12.5px;line-height:1.3;flex:1}.mission .txt b{color:var(--amber)}\n  .mission button{font:inherit;font-size:11px;color:var(--muted);background:transparent;border:1px solid var(--line);border-radius:7px;padding:6px 9px;cursor:pointer}\n  .devs{display:flex;gap:12px;justify-content:center;flex-wrap:wrap;margin:14px 0}\n  .dev{flex:1 1 150px;max-width:210px;background:linear-gradient(180deg,var(--panel),var(--panel2));border:1px solid var(--line);border-radius:14px;padding:16px;text-align:center;position:relative}\n  .dev .em{font-size:40px}.dev .nm{font-size:13px;font-weight:700;margin-top:4px}.dev .role{font-size:10px;color:var(--muted)}\n  .dev .order{position:absolute;top:8px;left:10px;font-size:10px;color:var(--muted);border:1px solid var(--line);border-radius:20px;padding:2px 7px}\n  .led{width:12px;height:12px;border-radius:50%;background:#3a2020;margin:8px auto 0;box-shadow:inset 0 0 3px #000}\n  .led.on{background:var(--green);box-shadow:0 0 10px var(--green)}\n  .pw{font:inherit;font-size:12px;font-weight:800;padding:9px 0;width:100%;margin-top:10px;border-radius:9px;border:1px solid var(--line);background:#0c1220;color:var(--muted);cursor:pointer}\n  .pw.on{background:var(--green);border-color:var(--green);color:#08120a}\n  .spkbox{text-align:center;margin:6px 0 4px}\n  .spk{font-size:34px;display:inline-block;transition:transform .08s}\n  .spk.pop{animation:shake .4s}\n  @keyframes shake{0%,100%{transform:translateX(0)}20%{transform:translateX(-6px) scale(1.1)}40%{transform:translateX(6px) scale(1.15)}60%{transform:translateX(-4px)}80%{transform:translateX(4px)}}\n  .status{text-align:center;font-size:13px;font-weight:700;min-height:22px}\n  .status.good{color:var(--green)}.status.bad{color:var(--red)}\n  .pop-flash{position:fixed;inset:0;background:radial-gradient(circle,rgba(239,68,68,.35),transparent 60%);opacity:0;pointer-events:none;transition:opacity .1s;z-index:5}\n  .pop-flash.show{opacity:1}\n  .phasetag{text-align:center;font-size:11px;color:var(--muted);margin-bottom:6px}\n</style>\n</head>\n<body>\n  <h1>Ordem de ligar (e desligar) o sistema</h1>\n  <div class=\"sub\">A amplificação liga por ÚLTIMO e desliga PRIMEIRO. Assim você evita o estouro que danifica as caixas.</div>\n  <div class=\"mission\">\n    <span class=\"idx\" id=\"mIdx\">MISSÃO 1/2</span>\n    <span class=\"txt\" id=\"mTxt\">—</span>\n    <button id=\"mSkip\">Pular</button>\n  </div>\n\n  <div class=\"phasetag\" id=\"phase\">Fase: LIGAR</div>\n  <div class=\"spkbox\"><span class=\"spk\" id=\"spk\">🔊</span></div>\n  <div class=\"devs\" id=\"devs\"></div>\n  <div class=\"status\" id=\"status\"></div>\n  <div class=\"pop-flash\" id=\"flash\"></div>\n\n<script>\n\"use strict\";\n(function(){\n  const $=id=>document.getElementById(id);\n  const DEV=[\n    {id:0,em:\"💻\",nm:\"Fontes\",role:\"notebook, players\"},\n    {id:1,em:\"🎛️\",nm:\"Mesa de som\",role:\"mixer + processadores\"},\n    {id:2,em:\"🔊\",nm:\"Amplificação\",role:\"amplificador / caixas ativas\"},\n  ];\n  const on=[false,false,false];\n  let clean=true; // sem estouro na fase atual\n\n  function render(){\n    const d=$(\"devs\");d.innerHTML=\"\";\n    DEV.forEach(v=>{ const el=document.createElement(\"div\");el.className=\"dev\";\n      el.innerHTML=`<div class=\"order\">ligar ${v.id+1}º</div><div class=\"em\">${v.em}</div>\n        <div class=\"nm\">${v.nm}</div><div class=\"role\">${v.role}</div>\n        <div class=\"led ${on[v.id]?''on'':''''}\"></div>\n        <button class=\"pw ${on[v.id]?''on'':''''}\" data-i=\"${v.id}\">${on[v.id]?''LIGADO'':''desligado''}</button>`;\n      d.appendChild(el); });\n    d.querySelectorAll(\"[data-i]\").forEach(b=>b.onclick=()=>toggle(+b.dataset.i));\n  }\n  function pop(msg){ clean=false; const f=$(\"flash\");f.classList.add(\"show\");setTimeout(()=>f.classList.remove(\"show\"),150);\n    const s=$(\"spk\");s.textContent=\"🔊💥\";s.classList.add(\"pop\");setTimeout(()=>{s.classList.remove(\"pop\");s.textContent=\"🔊\";},500);\n    $(\"status\").textContent=\"⚡ POP! \"+msg; $(\"status\").className=\"status bad\"; }\n  function toggle(i){\n    const turningOn=!on[i];\n    if(turningOn){\n      // ligar amplificação com fontes/mesa desligadas: sem perigo, mas fora de ordem\n      if(i<2 && on[2]){ pop(\"você mexeu na \"+DEV[i].nm+\" com a amplificação já ligada — o estouro vai para as caixas.\"); return; }\n      on[i]=true;\n      if(i===2 && !(on[0]&&on[1])){ $(\"status\").textContent=\"Dica: a amplificação deve ser o ÚLTIMO a ligar (ligue fontes e mesa antes).\"; $(\"status\").className=\"status bad\"; }\n      else { $(\"status\").textContent=DEV[i].nm+\" ligado.\"; $(\"status\").className=\"status good\"; }\n    } else {\n      if(i<2 && on[2]){ pop(\"desligou a \"+DEV[i].nm+\" com a amplificação ligada — estouro nas caixas. Desligue a amplificação PRIMEIRO.\"); return; }\n      on[i]=false; $(\"status\").textContent=DEV[i].nm+\" desligado.\"; $(\"status\").className=\"status good\";\n    }\n    render(); check();\n  }\n\n  const M=[\n    { phase:\"LIGAR\", t:''Ligue o sistema na <b>ordem certa</b>: 1º Fontes, 2º Mesa e por <b>último</b> a Amplificação. Sem estouro!'',\n      setup:()=>{on[0]=on[1]=on[2]=false;clean=true;$(\"phase\").textContent=\"Fase: LIGAR\";},\n      ok:()=>on[0]&&on[1]&&on[2]&&clean },\n    { phase:\"DESLIGAR\", t:''Agora <b>desligue</b> na ordem inversa: 1º a <b>Amplificação</b>, depois a Mesa e as Fontes. Sem estouro!'',\n      setup:()=>{on[0]=on[1]=on[2]=true;clean=true;$(\"phase\").textContent=\"Fase: DESLIGAR\";},\n      ok:()=>!on[0]&&!on[1]&&!on[2]&&clean },\n  ];\n  let mi=0;\n  function paintM(){const idx=$(\"mIdx\"),txt=$(\"mTxt\");\n    if(mi>=M.length){idx.textContent=\"CONCLUÍDO\";txt.innerHTML=\"🎓 <b>Perfeito!</b> Amplificação por último ao ligar, primeiro ao desligar. Esse hábito protege as caixas e evita o ''tump'' no PA.\";$(\"mSkip\").style.display=\"none\";$(\"phase\").textContent=\"\";return;}\n    idx.textContent=\"MISSÃO \"+(mi+1)+\"/\"+M.length;txt.innerHTML=M[mi].t; M[mi].setup(); render(); }\n  function check(){if(mi>=M.length)return;try{if(M[mi].ok()){mi++;$(\"status\").textContent=\"✔ Sequência correta!\";$(\"status\").className=\"status good\";setTimeout(paintM,700);}}catch(e){}}\n  $(\"mSkip\").onclick=()=>{if(mi<M.length){mi++;paintM();}};\n\n  paintM();render();\n})();\n</script>\n</body>\n</html>\n"}]'::jsonb);

-- AULA 14 [M2.7]: Passagem de som: o checklist do técnico (capstone)
insert into public.lessons (id,module_id,titulo,tipo,conteudo_rico,duracao_min,ordem,tem_quiz,preview_gratis) values
  ('e6b50000-b551-4c00-9000-0000000b0014','e6b50000-b551-4c00-9000-0000000000a2','Passagem de som: o checklist do técnico (capstone)','texto','<p><strong>Passagem de som é o ensaio do técnico.</strong> É o momento, antes do evento começar, em que você monta, liga, ajusta e testa tudo — para que na hora "H" nada dê errado. Um bom técnico não improvisa no ar: ele chega cedo, segue um roteiro e resolve os problemas quando ainda dá tempo. Esta aula junta tudo o que você aprendeu num único fluxo prático.</p>

<figure style="margin:16px 0;text-align:center"><img src="https://pshynylvvkhhohftouoe.supabase.co/storage/v1/object/public/media/img-som-basico/palco-corporativo.jpg" alt="Montagem de som para evento corporativo de menor porte: palco baixo, púlpito, duas caixas em tripé e mesa de som na mesa ao fundo." style="max-width:100%;border-radius:10px;border:1px solid rgba(0,0,0,.12)" /><figcaption style="font-size:12px;opacity:.75;margin-top:6px">Uma montagem típica de evento corporativo: PA em tripé, mesa de som e microfones — o cenário do técnico de menor porte.</figcaption></figure>

<h3>Chegue cedo e tenha reserva</h3>
<p><strong>A regra profissional número um:</strong> chegue com <strong>antecedência</strong> para montar e testar sem pressa. E leve <strong>reserva</strong> — pilhas/baterias, um cabo extra, um microfone extra. O evento vai começar na hora marcada com ou sem você pronto; a antecedência é o que separa o profissional tranquilo do amador em pânico.</p>

<h3>O roteiro da passagem de som</h3>
<p><strong>Siga sempre esta sequência num evento corporativo:</strong></p>
<ul>
<li><strong>1. Ligue na ordem certa:</strong> fontes → mesa → amplificação (por último). Protege as caixas.</li>
<li><strong>2. Conecte as fontes:</strong> notebook pelo cabo <strong>P2→P10</strong> (volume do notebook ~70–80%), players, etc.</li>
<li><strong>3. Prepare os microfones sem fio:</strong> canais livres (SCAN), baterias novas, sincronizados.</li>
<li><strong>4. Ajuste o ganho</strong> de cada canal (nível forte e limpo, sem clip).</li>
<li><strong>5. EQ básico:</strong> HPF na voz, corte o que embola, realce o que falta.</li>
<li><strong>6. Monte os retornos (AUX)</strong> para quem precisa se ouvir.</li>
<li><strong>7. Teste tudo:</strong> fale em cada microfone, toque um trecho do notebook, ouça na caixa, confira que não há microfonia.</li>
</ul>

<h3>Testar de verdade (não só "1, 2, 3")</h3>
<p><strong>Teste em condições reais.</strong> Fale no microfone no volume que a pessoa vai usar, ande com o sem fio pelo espaço (para achar pontos de queda de sinal), toque a apresentação/vídeo que será usado (para conferir o áudio do arquivo). Se aparecer microfonia, resolva agora: reduza o ganho, reposicione a caixa/microfone ou corte a frequência que apita.</p>

<h3>Durante o evento: fique atento</h3>
<p><strong>Passou na passagem não quer dizer que acabou.</strong> Fique de olho nos <strong>medidores</strong>, no <strong>indicador de bateria</strong> dos sem fio e no som da sala. Tenha a mão na mesa para ajustar volumes conforme o evento acontece (fala baixa, aplauso, música). O técnico bom é invisível: ninguém percebe o som porque está tudo certo.</p>

<h3>Checklist rápido (decore)</h3>
<p><strong>Ligou na ordem? Fontes conectadas e testadas? Sem fio em canal livre e bateria cheia? Ganho bom? EQ ok? Retorno montado? Testei tudo?</strong> Se todos são "sim", você está pronto para o evento.</p>

<h3>Pratique no simulador</h3>
<p><strong>No simulador você faz uma passagem de som completa</strong>, passo a passo: liga na ordem certa, conecta o notebook, configura o microfone sem fio, ajusta o ganho, liga o HPF, monta o retorno e faz o teste final. Complete os 7 itens para deixar o PA <strong>pronto para o evento</strong>. É o resumo prático de todo o curso básico.</p>',18,7,true,false);
insert into public.quizzes (id,lesson_id,titulo) values ('e6b50000-b551-4c00-9000-0000000c0014','e6b50000-b551-4c00-9000-0000000b0014','Quiz — Passagem de som');
insert into public.quiz_questions (id,quiz_id,texto,explicacao,ordem,pontos) values ('e6b50000-b551-4c00-9000-000000000e01','e6b50000-b551-4c00-9000-0000000c0014','Para que serve a passagem de som?','Para montar, ajustar e testar tudo ANTES do evento começar, resolvendo problemas enquanto ainda há tempo.',1,1);
insert into public.quiz_options (question_id,texto,correta,ordem) values ('e6b50000-b551-4c00-9000-000000000e01','Para o público entrar mais cedo',false,1);
insert into public.quiz_options (question_id,texto,correta,ordem) values ('e6b50000-b551-4c00-9000-000000000e01','Para montar, ajustar e testar tudo antes do evento',true,2);
insert into public.quiz_options (question_id,texto,correta,ordem) values ('e6b50000-b551-4c00-9000-000000000e01','Para desligar o sistema',false,3);
insert into public.quiz_options (question_id,texto,correta,ordem) values ('e6b50000-b551-4c00-9000-000000000e01','Só para tocar música',false,4);
insert into public.quiz_questions (id,quiz_id,texto,explicacao,ordem,pontos) values ('e6b50000-b551-4c00-9000-000000000e02','e6b50000-b551-4c00-9000-0000000c0014','Qual a ordem geral correta numa passagem de som?','Ligar na ordem (fontes→mesa→amp) → conectar fontes → configurar microfones → ganho → EQ → retorno → teste final.',2,1);
insert into public.quiz_options (question_id,texto,correta,ordem) values ('e6b50000-b551-4c00-9000-000000000e02','Testar primeiro, ligar depois',false,1);
insert into public.quiz_options (question_id,texto,correta,ordem) values ('e6b50000-b551-4c00-9000-000000000e02','Ligar na ordem → conectar fontes → mics → ganho → EQ → retorno → testar',true,2);
insert into public.quiz_options (question_id,texto,correta,ordem) values ('e6b50000-b551-4c00-9000-000000000e02','EQ → retorno → ligar → ganho',false,3);
insert into public.quiz_options (question_id,texto,correta,ordem) values ('e6b50000-b551-4c00-9000-000000000e02','Não há ordem, é tudo junto',false,4);
insert into public.quiz_questions (id,quiz_id,texto,explicacao,ordem,pontos) values ('e6b50000-b551-4c00-9000-000000000e03','e6b50000-b551-4c00-9000-0000000c0014','Um bom técnico, antes do evento, sempre:','Chega com antecedência para montar e testar sem pressa, e leva reserva (pilhas, cabos, mic extra).',3,1);
insert into public.quiz_options (question_id,texto,correta,ordem) values ('e6b50000-b551-4c00-9000-000000000e03','Chega na hora exata do início',false,1);
insert into public.quiz_options (question_id,texto,correta,ordem) values ('e6b50000-b551-4c00-9000-000000000e03','Chega cedo, testa tudo e leva reserva',true,2);
insert into public.quiz_options (question_id,texto,correta,ordem) values ('e6b50000-b551-4c00-9000-000000000e03','Confia que vai dar certo',false,3);
insert into public.quiz_options (question_id,texto,correta,ordem) values ('e6b50000-b551-4c00-9000-000000000e03','Deixa para configurar durante o evento',false,4);
insert into public.quiz_questions (id,quiz_id,texto,explicacao,ordem,pontos) values ('e6b50000-b551-4c00-9000-000000000e04','e6b50000-b551-4c00-9000-0000000c0014','Se, ao testar o microfone, aparecer microfonia, você deve:','Reduzir o ganho, reposicionar a caixa/microfone ou cortar com EQ a frequência que está apitando.',4,1);
insert into public.quiz_options (question_id,texto,correta,ordem) values ('e6b50000-b551-4c00-9000-000000000e04','Aumentar o ganho do microfone',false,1);
insert into public.quiz_options (question_id,texto,correta,ordem) values ('e6b50000-b551-4c00-9000-000000000e04','Reduzir o ganho, reposicionar a caixa/mic ou cortar a frequência',true,2);
insert into public.quiz_options (question_id,texto,correta,ordem) values ('e6b50000-b551-4c00-9000-000000000e04','Ignorar, some sozinho',false,3);
insert into public.quiz_options (question_id,texto,correta,ordem) values ('e6b50000-b551-4c00-9000-000000000e04','Desligar tudo e recomeçar o evento',false,4);
insert into public.quiz_questions (id,quiz_id,texto,explicacao,ordem,pontos) values ('e6b50000-b551-4c00-9000-000000000e05','e6b50000-b551-4c00-9000-0000000c0014','Ao conectar o notebook para a passagem, um bom ajuste inicial é:','Cabo P2→P10 e volume do notebook em torno de 70–80% (não no talo), ajustando o resto na mesa.',5,1);
insert into public.quiz_options (question_id,texto,correta,ordem) values ('e6b50000-b551-4c00-9000-000000000e05','Volume do notebook em 100%',false,1);
insert into public.quiz_options (question_id,texto,correta,ordem) values ('e6b50000-b551-4c00-9000-000000000e05','Cabo P2→P10 e volume do notebook ~70–80%',true,2);
insert into public.quiz_options (question_id,texto,correta,ordem) values ('e6b50000-b551-4c00-9000-000000000e05','Notebook mudo e só mesa',false,3);
insert into public.quiz_options (question_id,texto,correta,ordem) values ('e6b50000-b551-4c00-9000-000000000e05','Ligar na entrada de microfone com phantom',false,4);
insert into public.quiz_questions (id,quiz_id,texto,explicacao,ordem,pontos) values ('e6b50000-b551-4c00-9000-000000000e06','e6b50000-b551-4c00-9000-0000000c0014','Durante o evento (depois da passagem), o técnico deve:','Ficar atento: medidores, bateria dos sem fio e som da sala, ajustando volumes conforme o evento.',6,1);
insert into public.quiz_options (question_id,texto,correta,ordem) values ('e6b50000-b551-4c00-9000-000000000e06','Sair, já que passou o teste',false,1);
insert into public.quiz_options (question_id,texto,correta,ordem) values ('e6b50000-b551-4c00-9000-000000000e06','Ficar atento aos medidores, bateria e som, ajustando conforme necessário',true,2);
insert into public.quiz_options (question_id,texto,correta,ordem) values ('e6b50000-b551-4c00-9000-000000000e06','Desligar a amplificação',false,3);
insert into public.quiz_options (question_id,texto,correta,ordem) values ('e6b50000-b551-4c00-9000-000000000e06','Aumentar tudo no máximo',false,4);
insert into public.ai_animations (lesson_id,tipo,status,model,roteiro,urls) values ('e6b50000-b551-4c00-9000-0000000b0014','interactive','ready','handcrafted-interactive','{"titulo":"Simulador — Passagem de som","cenas":[{"numero":1,"titulo":"Simulador — Passagem de som","modo":"widget","narracao":"Faça uma passagem de som completa: ligar na ordem, notebook, sem fio, ganho, EQ, retorno e teste. Complete os 7 itens.","explicacao_texto":"Faça uma passagem de som completa: ligar na ordem, notebook, sem fio, ganho, EQ, retorno e teste. Complete os 7 itens.","destaques":["Roteiro completo da passagem","Junta todas as habilidades","Teste final sem microfonia"]}]}'::jsonb,'[{"html":"<!doctype html>\n<html lang=\"pt-BR\">\n<head>\n<meta charset=\"utf-8\">\n<meta name=\"viewport\" content=\"width=device-width, initial-scale=1\">\n<title>Simulador — Passagem de som (SMU)</title>\n<style>\n  :root{--bg:#0b0f17;--panel:#151b28;--panel2:#0f1420;--line:#26344c;--ink:#e7ecf5;\n    --muted:#8ea0bd;--amber:#F59E0B;--green:#22c55e;--red:#ef4444;--cyan:#22d3ee}\n  *{box-sizing:border-box}html,body{margin:0}\n  body{background:var(--bg);color:var(--ink);font-family:\"Space Grotesk\",system-ui,-apple-system,\"Segoe UI\",Roboto,sans-serif;\n    -webkit-font-smoothing:antialiased;padding:10px;user-select:none}\n  h1{font-size:15px;margin:0 0 2px}.sub{font-size:11.5px;color:var(--muted);margin-bottom:10px}\n  .prog{display:flex;align-items:center;gap:10px;margin-bottom:12px}\n  .progbar{flex:1;height:12px;border-radius:6px;background:#0c1220;border:1px solid var(--line);overflow:hidden}\n  .progbar i{display:block;height:100%;width:0%;background:linear-gradient(90deg,var(--amber),var(--green));transition:width .3s}\n  .progtxt{font-size:12px;font-weight:800;color:var(--amber)}\n  .step{display:flex;gap:12px;align-items:center;background:linear-gradient(180deg,var(--panel),var(--panel2));border:1px solid var(--line);border-radius:11px;padding:11px 13px;margin-bottom:8px}\n  .step.done{border-color:var(--green)}\n  .dot{width:26px;height:26px;border-radius:50%;border:2px solid var(--line);display:flex;align-items:center;justify-content:center;font-size:13px;font-weight:800;color:var(--muted);flex:0 0 auto}\n  .step.done .dot{background:var(--green);border-color:var(--green);color:#08120a}\n  .body{flex:1;min-width:0}\n  .t{font-size:12.5px;font-weight:700}.d{font-size:10.5px;color:var(--muted)}\n  .ctrl{display:flex;gap:8px;align-items:center;margin-top:6px;flex-wrap:wrap}\n  .b{font:inherit;font-size:11px;font-weight:700;padding:7px 11px;border-radius:8px;border:1px solid var(--line);background:#0c1220;color:var(--ink);cursor:pointer}\n  .b.on{background:var(--green);border-color:var(--green);color:#08120a}\n  .b.amber{background:var(--amber);border-color:var(--amber);color:#0b0f17}\n  .b:disabled{opacity:.4;cursor:not-allowed}\n  input[type=range]{width:130px;accent-color:var(--amber);height:22px;vertical-align:middle}\n  .val{font-size:11px;font-weight:700;min-width:60px}\n  .miniled{display:inline-flex;gap:3px}.miniled i{width:12px;height:10px;border-radius:2px;background:#1a2540}.miniled i.g{background:var(--green)}.miniled i.a{background:var(--amber)}.miniled i.r{background:var(--red)}\n  .final{display:none;text-align:center;padding:16px;border-radius:12px;border:1px solid var(--green);background:#0e1a10;margin-top:8px}\n  .final.show{display:block}.final .big{font-size:18px;font-weight:800;color:var(--green)}\n</style>\n</head>\n<body>\n  <h1>Passagem de som — palestra corporativa</h1>\n  <div class=\"sub\">Junte tudo: ligar na ordem, notebook, microfones sem fio, ganho, EQ, retorno e teste final.</div>\n  <div class=\"prog\"><div class=\"progbar\"><i id=\"pfill\"></i></div><span class=\"progtxt\" id=\"ptxt\">0/7</span></div>\n  <div id=\"steps\"></div>\n  <div class=\"final\" id=\"final\"><div class=\"big\">✅ PA pronto para o evento!</div>\n    <div style=\"font-size:12px;color:var(--muted);margin-top:6px\">Você fez uma passagem de som completa: sistema ligado com segurança, fontes e microfones no nível certo, EQ e retorno ajustados e teste sem microfonia. É exatamente o que o cliente espera do técnico.</div></div>\n\n<script>\n\"use strict\";\n(function(){\n  const $=id=>document.getElementById(id);\n  const st={ powerSeq:[], nbConn:false, nbVol:0, micScan:false, gain:20, hpf:false, aux:0, tested:false };\n  const done={};\n\n  const steps=[\n    { id:\"power\", t:\"1. Ligar na ordem certa\", d:\"Clique Fontes, Mesa e Amplificação — nessa ordem (amplificação por último).\",\n      render:()=>`<button class=\"b\" data-p=\"0\">💻 Fontes</button><button class=\"b\" data-p=\"1\">🎛️ Mesa</button><button class=\"b\" data-p=\"2\">🔊 Amplificação</button><span class=\"val\" id=\"pseq\"></span>`,\n      ok:()=>st.powerSeq.join()===\"0,1,2\" },\n    { id:\"nb\", t:\"2. Notebook (P2 → P10)\", d:\"Conecte o notebook e deixe o volume dele entre 60 e 85%.\",\n      render:()=>`<button class=\"b ${st.nbConn?''on'':''''}\" id=\"nbBtn\">${st.nbConn?''✔ Conectado'':''Conectar P2→P10''}</button>\n        <input type=\"range\" id=\"nbVol\" min=\"0\" max=\"100\" value=\"${st.nbVol}\"><span class=\"val\" id=\"nbVolV\">${st.nbVol}%</span>`,\n      ok:()=>st.nbConn&&st.nbVol>=60&&st.nbVol<=85 },\n    { id:\"mic\", t:\"3. Microfone sem fio\", d:\"Ache um canal livre (SCAN) — bateria já está cheia.\",\n      render:()=>`<button class=\"b ${st.micScan?''on'':''''}\" id=\"scanBtn\">${st.micScan?''✔ Canal livre CH4'':''🔎 SCAN canal''}</button>`,\n      ok:()=>st.micScan },\n    { id:\"gain\", t:\"4. Gain staging do microfone\", d:\"Ajuste o ganho até o nível ficar no verde (nem fraco, nem estourando).\",\n      render:()=>`<input type=\"range\" id=\"gv\" min=\"0\" max=\"100\" value=\"${st.gain}\"><span class=\"miniled\" id=\"gled\"></span><span class=\"val\" id=\"gvV\"></span>`,\n      ok:()=>st.gain>=55&&st.gain<=75 },\n    { id:\"hpf\", t:\"5. EQ da voz (HPF)\", d:\"Ligue o HPF para tirar o grave desnecessário da voz.\",\n      render:()=>`<button class=\"b ${st.hpf?''on'':''''}\" id=\"hpfBtn\">${st.hpf?''✔ HPF ligado (100 Hz)'':''Ligar HPF''}</button>`,\n      ok:()=>st.hpf },\n    { id:\"aux\", t:\"6. Retorno do apresentador (AUX)\", d:\"Mande um pouco do microfone para o monitor do apresentador.\",\n      render:()=>`<input type=\"range\" id=\"av\" min=\"0\" max=\"100\" value=\"${st.aux}\"><span class=\"val\" id=\"avV\">${st.aux}</span>`,\n      ok:()=>st.aux>=40 },\n    { id:\"test\", t:\"7. Teste final\", d:\"Fale no microfone e confira: som na caixa, sem microfonia.\",\n      render:()=>`<button class=\"b amber\" id=\"testBtn\" ${allButTest()?'''':''disabled''}>🎤 Testar \\\"1, 2, 3...\\\"</button><span class=\"val\" id=\"testV\"></span>`,\n      ok:()=>st.tested },\n  ];\n  function allButTest(){ return steps.slice(0,6).every(s=>s.ok()); }\n\n  function render(){\n    const c=$(\"steps\");c.innerHTML=\"\";\n    steps.forEach((s,i)=>{ const el=document.createElement(\"div\");el.className=\"step\"+(s.ok()?\" done\":\"\");\n      el.innerHTML=`<div class=\"dot\">${s.ok()?\"✓\":(i+1)}</div><div class=\"body\"><div class=\"t\">${s.t}</div><div class=\"d\">${s.d}</div><div class=\"ctrl\">${s.render()}</div></div>`;\n      c.appendChild(el); });\n    wire(); updateProg();\n  }\n  function gledPaint(){ const el=$(\"gled\"); if(!el)return; const n= st.gain<30?1: st.gain<55?2: st.gain<=75?4: 5;\n    const cls= st.gain<55?\"a\": st.gain<=75?\"g\":\"r\"; el.innerHTML=\"\";\n    for(let i=0;i<5;i++){const b=document.createElement(\"i\"); if(i<n)b.className=cls; el.appendChild(b);}\n    const v=$(\"gvV\"); if(v)v.textContent= st.gain<55?\"fraco\": st.gain<=75?\"bom ✓\":\"estourando\";\n  }\n  function wire(){\n    document.querySelectorAll(\"[data-p]\").forEach(b=>b.onclick=()=>{ const i=+b.dataset.p;\n      if(!st.powerSeq.includes(i))st.powerSeq.push(i); $(\"pseq\")&&($(\"pseq\").textContent=st.powerSeq.map(x=>[\"Fontes\",\"Mesa\",\"Amp\"][x]).join(\" → \"));\n      if(st.powerSeq.length===3&&st.powerSeq.join()!==\"0,1,2\"){ st.powerSeq=[]; $(\"pseq\").textContent=\"ordem errada — recomece (amplificação por último)\"; }\n      render(); });\n    const nb=$(\"nbBtn\"); if(nb)nb.onclick=()=>{st.nbConn=!st.nbConn;render();};\n    const nbv=$(\"nbVol\"); if(nbv)nbv.oninput=()=>{st.nbVol=+nbv.value;$(\"nbVolV\").textContent=st.nbVol+\"%\";checkOnly();};\n    const sc=$(\"scanBtn\"); if(sc)sc.onclick=()=>{st.micScan=true;render();};\n    const gv=$(\"gv\"); if(gv)gv.oninput=()=>{st.gain=+gv.value;gledPaint();checkOnly();};\n    const hb=$(\"hpfBtn\"); if(hb)hb.onclick=()=>{st.hpf=!st.hpf;render();};\n    const av=$(\"av\"); if(av)av.oninput=()=>{st.aux=+av.value;$(\"avV\").textContent=st.aux;checkOnly();};\n    const tb=$(\"testBtn\"); if(tb)tb.onclick=()=>{ if(allButTest()){st.tested=true;$(\"testV\").textContent=\"✔ som limpo, sem microfonia!\";render();} };\n    gledPaint();\n  }\n  function checkOnly(){ // atualiza dots/prog sem re-render (evita perder foco do slider)\n    steps.forEach((s,i)=>{ const el=$(\"steps\").children[i]; if(!el)return; el.classList.toggle(\"done\",s.ok());\n      el.querySelector(\".dot\").textContent=s.ok()?\"✓\":(i+1); });\n    const tb=$(\"testBtn\"); if(tb)tb.disabled=!allButTest();\n    updateProg();\n  }\n  function updateProg(){ const n=steps.filter(s=>s.ok()).length; $(\"pfill\").style.width=(n/steps.length*100)+\"%\"; $(\"ptxt\").textContent=n+\"/\"+steps.length;\n    $(\"final\").classList.toggle(\"show\",n===steps.length); }\n\n  render();\n})();\n</script>\n</body>\n</html>\n"}]'::jsonb);

commit;
