-- Migração: seed de cursos SMU PRO (10 cursos, 224 aulas, 224 quizzes).
-- Aditivo: cria cursos novos com ativo=false. Não altera os cursos existentes.
-- Aplicar com: supabase db push  OU  colar no SQL Editor do Supabase.

-- ====================================================================
-- SMU PRO — Seed de cursos gerado a partir do material produzido
-- Rode no SQL Editor do Supabase. Cursos entram com ativo=false (revise e publique).
-- Revise antes de rodar em produção. Tudo dentro de uma transação.
-- ====================================================================

-- CURSO: Introdução para Eventos
insert into public.courses (id,titulo,slug,descricao_curta,nivel,categoria,categorias,tipo,carga_horaria,total_aulas,ativo,destaque,ordem) values
  ('0e0e1cfc-88ed-4c7e-8dba-74a7d2104e81','Introdução para Eventos','introducao-para-eventos','Curso Introdução para Eventos — SMU PRO','trainee','outros','{}','free',155,12,false,false,1);
insert into public.modules (id,course_id,titulo,ordem) values ('b5ffd0d0-d2a0-4b79-8634-f35fa5ae3df9','0e0e1cfc-88ed-4c7e-8dba-74a7d2104e81','Introdução ao Mundo dos Eventos',1);
insert into public.lessons (id,module_id,titulo,tipo,conteudo_rico,duracao_min,ordem,tem_quiz,preview_gratis) values ('e6ced36e-344e-4206-832a-d9897aa4aaf5','b5ffd0d0-d2a0-4b79-8634-f35fa5ae3df9','O profissional de eventos: perfil e habilidades','texto','<p><strong>Para começar:</strong> Todo evento que dá certo — de um casamento a um grande festival — tem por trás alguém que soube unir planejamento, técnica e jogo de cintura. Antes de aprender som, luz ou produção, você precisa entender o PERFIL de quem vive de eventos. Aqui estão as competências que sustentam a carreira — e, principalmente, como cada uma aparece no dia a dia.</p><ul><li><strong>Criatividade:</strong> Um profissional de eventos precisa ser criativo para desenvolver conceitos originais e ideias inovadoras que tornem o evento memorável e único.</li><li><strong>Habilidades de Comunicação:</strong> Boas habilidades de comunicação são essenciais para se comunicar com fornecedores, parceiros, colegas de equipe e participantes do evento de maneira clara e eficaz.</li><li><strong>Organização:</strong> A capacidade de manter vários aspectos do evento organizados, como cronogramas, orçamentos, detalhes logísticos e documentação, isso é básico e fundamental.</li><li><strong>Gestão de Tempo:</strong> Os eventos envolvem muitas tarefas e prazos. Um profissional de eventos precisa ser eficiente na gestão do tempo para garantir que tudo seja concluído a tempo.</li><li><strong>Adaptabilidade:</strong> Os eventos muitas vezes têm reviravoltas e mudanças de última hora. A capacidade de se adaptar a situações imprevistas e tomar decisões rápidas é crucial.</li><li><strong>Relações Interpessoais:</strong> Um profissional de eventos precisa desenvolver e manter boas relações com fornecedores, colegas, clientes e outros stakeholders para garantir uma colaboração eficaz.</li><li><strong>Atenção aos Detalhes:</strong> Pequenos detalhes podem fazer uma grande diferença em um evento. Um profissional atento a detalhes garante que nada seja deixado de lado.</li><li><strong>Habilidade de Negociação:</strong> Negociar com fornecedores, locais e outros parceiros é uma parte importante do processo de planejamento de eventos para garantir as melhores condições possíveis.</li><li><strong>Gerenciamento de Estresse:</strong> Eventos podem ser estressantes, especialmente durante a fase de execução. Um profissional de eventos deve ser capaz de lidar com pressão e permanecer calmo sob situações desafiadoras.</li><li><strong>Conhecimento Técnico:</strong> Ter um entendimento básico de tecnologia, equipamentos de áudio e vídeo, configurações de palco e outros aspectos técnicos pode ser crucial, dependendo do tipo de evento.</li><li><strong>Pensamento Estratégico:</strong> Capacidade de pensar a longo prazo e desenvolver estratégias que estejam alinhadas com os objetivos do evento e da organização.</li><li><strong>Trabalho em Equipe:</strong> Muitos eventos envolvem colaboração entre diferentes equipes e departamentos. Ser um bom membro da equipe é essencial.</li><li><strong>Empatia:</strong> Compreender as necessidades e expectativas dos participantes e criar uma experiência positiva é importante para o sucesso do evento.</li><li><strong>Liderança:</strong> Para eventos maiores, a capacidade de liderar uma equipe e coordenar várias partes móveis é fundamental.</li><li><strong>Energia e Entusiasmo:</strong> Trabalhar em eventos pode ser cansativo, mas um profissional energético e entusiasmado pode ajudar a manter a atmosfera positiva.</li></ul><p><strong>Na prática:</strong> Em um dia de evento, essas competências entram em ação juntas: de manhã você confere o checklist de equipamentos (Organização); na montagem, alinha a equipe pelo rádio (Comunicação); surge um imprevisto de energia (Adaptabilidade + Gerenciamento de Estresse); e, na hora do show, tudo flui no tempo certo (Gestão de Tempo). É a soma das habilidades que faz o profissional.</p><h4>Resumo</h4><ul><li>O profissional de eventos é um ''maestro'' de várias habilidades.</li><li>As competências técnicas (som, luz, vídeo) vêm depois — primeiro, o perfil.</li><li>Ninguém nasce com todas: elas se desenvolvem com prática e atitude.</li></ul>',15,1,true,true);
insert into public.quizzes (id,lesson_id,titulo) values ('70a3bb4e-6d33-4e5a-935a-07bbcd2affed','e6ced36e-344e-4206-832a-d9897aa4aaf5','Quiz — O profissional de eventos: perfil e habilidades');
insert into public.quiz_questions (id,quiz_id,texto,explicacao,ordem,pontos) values ('59c5f01b-7de2-4d53-8d2e-0cc065973457','70a3bb4e-6d33-4e5a-935a-07bbcd2affed','Por que a adaptabilidade é tão importante para um profissional de eventos?','Eventos têm reviravoltas; saber se adaptar e decidir rápido é crucial.',1,1);
insert into public.quiz_options (question_id,texto,correta,ordem) values ('59c5f01b-7de2-4d53-8d2e-0cc065973457','Porque eventos nunca sofrem alterações',false,1);
insert into public.quiz_options (question_id,texto,correta,ordem) values ('59c5f01b-7de2-4d53-8d2e-0cc065973457','Porque eventos costumam ter mudanças de última hora e imprevistos',true,2);
insert into public.quiz_options (question_id,texto,correta,ordem) values ('59c5f01b-7de2-4d53-8d2e-0cc065973457','Porque elimina a necessidade de planejar',false,3);
insert into public.quiz_options (question_id,texto,correta,ordem) values ('59c5f01b-7de2-4d53-8d2e-0cc065973457','Porque substitui a comunicação',false,4);
insert into public.quiz_questions (id,quiz_id,texto,explicacao,ordem,pontos) values ('6adf8ad3-1f7c-43ea-a8ce-928b7913600e','70a3bb4e-6d33-4e5a-935a-07bbcd2affed','Qual habilidade está ligada a manter cronogramas, orçamentos e documentação em ordem?','Organização é manter os vários aspectos do evento sob controle.',2,1);
insert into public.quiz_options (question_id,texto,correta,ordem) values ('6adf8ad3-1f7c-43ea-a8ce-928b7913600e','Criatividade',false,1);
insert into public.quiz_options (question_id,texto,correta,ordem) values ('6adf8ad3-1f7c-43ea-a8ce-928b7913600e','Organização',true,2);
insert into public.quiz_options (question_id,texto,correta,ordem) values ('6adf8ad3-1f7c-43ea-a8ce-928b7913600e','Negociação',false,3);
insert into public.quiz_options (question_id,texto,correta,ordem) values ('6adf8ad3-1f7c-43ea-a8ce-928b7913600e','Energia',false,4);
insert into public.quiz_questions (id,quiz_id,texto,explicacao,ordem,pontos) values ('78b1aa23-b2b7-4f56-ad02-104eb42f13db','70a3bb4e-6d33-4e5a-935a-07bbcd2affed','Com quem o profissional precisa se comunicar de forma clara?','A comunicação serve a todas as partes envolvidas no evento.',3,1);
insert into public.quiz_options (question_id,texto,correta,ordem) values ('78b1aa23-b2b7-4f56-ad02-104eb42f13db','Só com o público',false,1);
insert into public.quiz_options (question_id,texto,correta,ordem) values ('78b1aa23-b2b7-4f56-ad02-104eb42f13db','Só com a equipe técnica',false,2);
insert into public.quiz_options (question_id,texto,correta,ordem) values ('78b1aa23-b2b7-4f56-ad02-104eb42f13db','Com fornecedores, parceiros, colegas e participantes',true,3);
insert into public.quiz_options (question_id,texto,correta,ordem) values ('78b1aa23-b2b7-4f56-ad02-104eb42f13db','Com ninguém',false,4);
insert into public.quiz_questions (id,quiz_id,texto,explicacao,ordem,pontos) values ('14987c4f-22c8-4f01-8e62-b9757a034ab1','70a3bb4e-6d33-4e5a-935a-07bbcd2affed','As competências do profissional de eventos...','As habilidades se desenvolvem ao longo do tempo, com prática.',4,1);
insert into public.quiz_options (question_id,texto,correta,ordem) values ('14987c4f-22c8-4f01-8e62-b9757a034ab1','já nascem prontas',false,1);
insert into public.quiz_options (question_id,texto,correta,ordem) values ('14987c4f-22c8-4f01-8e62-b9757a034ab1','não podem ser melhoradas',false,2);
insert into public.quiz_options (question_id,texto,correta,ordem) values ('14987c4f-22c8-4f01-8e62-b9757a034ab1','se desenvolvem com prática e atitude',true,3);
insert into public.quiz_options (question_id,texto,correta,ordem) values ('14987c4f-22c8-4f01-8e62-b9757a034ab1','só importam para grandes eventos',false,4);
insert into public.lessons (id,module_id,titulo,tipo,conteudo_rico,duracao_min,ordem,tem_quiz,preview_gratis) values ('92f9494c-e50f-4a1d-a2c5-2c9c29b1bf78','b5ffd0d0-d2a0-4b79-8634-f35fa5ae3df9','Organização de um evento: do conceito ao pós-evento','texto','<p><strong>Para começar:</strong> Organizar um evento é como montar um quebra-cabeça com prazo: cada peça (local, equipe, orçamento, técnica) precisa se encaixar no momento certo. Esta aula apresenta o passo a passo que vale para qualquer evento — de uma reunião a um festival.</p><ul><li><strong>Definir Objetivos e Propósito:</strong> Determine o propósito do evento, seus objetivos e o que você espera alcançar com ele. Isso irá orientar todas as decisões subsequentes.</li><li><strong>Orçamento:</strong> Estabeleça um orçamento realista para o evento, considerando todas as despesas potenciais, como local, decoração, catering, entretenimento, marketing, equipe, etc.</li><li><strong>Seleção de Local:</strong> Escolha um local adequado ao tamanho e estilo do evento. Considere a acessibilidade, capacidade, localização, comodidades e aspectos logísticos.</li><li><strong>Data e Hora:</strong> Defina os dados e o horário do evento, levando em consideração a disponibilidade do local, a época do ano e a agenda dos participantes.</li><li><strong>Equipe e Fornecedores:</strong> Monte uma equipe responsável pela organização do evento ou considere contratar uma empresa de gestão de eventos. Identifique fornecedores confiáveis para serviços como catering, decoração, tecnologia, som, iluminação, etc.</li><li><strong>Marketing e Promoção:</strong> Crie uma estratégia de marketing para promover o evento. Isso pode incluir o uso de mídias sociais, marketing por e-mail, anúncios pagos, divulgação para a imprensa, entre outros.</li><li><strong>Programação e Conteúdo:</strong> Desenvolva a programação do evento, incluindo palestrantes, apresentações, atividades interativas, workshops e entretenimento. Certifique-se de que o conteúdo seja relevante para o público-alvo.</li><li><strong>Logística:</strong> Cuide de todos os detalhes logísticos, como registro de participantes, gerenciamento de ingressos, transporte, hospedagem e requisitos técnicos.</li><li><strong>Decoração e Ambiente:</strong> Planeje a decoração de acordo com o tema e o estilo do evento. Crie uma atmosfera que se alinhe com os objetivos e a sensação que você deseja transmitir.</li><li><strong>Alimentação e Bebidas:</strong> Organizar o serviço de catering, garantindo que haja opções específicas para os participantes, incluindo considerações alimentares especiais.</li><li><strong>Tecnologia e Equipamentos:</strong> Garantir que todos os equipamentos necessários, como sistemas de som, projeção e tecnologia de apresentação, estejam funcionando corretamente.</li><li><strong>Equipe e Cronograma:</strong> Crie um cronograma detalhado para o dia do evento, atribuindo tarefas específicas à equipe para garantir que tudo funcione sem problemas.</li><li><strong>Coordenação e Execução:</strong> No dia do evento, coordenar a equipe, supervisionar a execução do plano e resolver quaisquer problemas que possam surgir.  Avaliação pós-evento: Após o evento, avalie seu sucesso em relação aos objetivos definidos. Solicite feedback dos participantes e da equipe para identificar pontos fortes e áreas de melhoria.</li></ul><p><strong>Na prática:</strong> Pense em três fases: PRÉ-EVENTO (objetivos, orçamento, local, fornecedores, marketing, programação), DIA DO EVENTO (logística, montagem, coordenação e execução) e PÓS-EVENTO (desmontagem, fechamento financeiro e avaliação). Um bom profissional sabe em qual fase está e o que cada uma exige.</p><h4>Resumo</h4><ul><li>Todo evento passa por pré-evento, execução e pós-evento.</li><li>O objetivo definido no início orienta todas as decisões seguintes.</li><li>O cronograma do dia é o que mantém a equipe sincronizada.</li></ul>',20,2,true,false);
insert into public.quizzes (id,lesson_id,titulo) values ('62dfb992-7363-46be-8cfd-6adb6e3359ed','92f9494c-e50f-4a1d-a2c5-2c9c29b1bf78','Quiz — Organização de um evento: do conceito ao pós-evento');
insert into public.quiz_questions (id,quiz_id,texto,explicacao,ordem,pontos) values ('30f95803-95e7-4cb2-a825-39a61aed4d7f','62dfb992-7363-46be-8cfd-6adb6e3359ed','O que orienta todas as decisões na organização de um evento?','Definir objetivo e propósito orienta todas as decisões subsequentes.',1,1);
insert into public.quiz_options (question_id,texto,correta,ordem) values ('30f95803-95e7-4cb2-a825-39a61aed4d7f','A cor da decoração',false,1);
insert into public.quiz_options (question_id,texto,correta,ordem) values ('30f95803-95e7-4cb2-a825-39a61aed4d7f','Os objetivos e o propósito definidos no início',true,2);
insert into public.quiz_options (question_id,texto,correta,ordem) values ('30f95803-95e7-4cb2-a825-39a61aed4d7f','O número de seguranças',false,3);
insert into public.quiz_options (question_id,texto,correta,ordem) values ('30f95803-95e7-4cb2-a825-39a61aed4d7f','O cardápio',false,4);
insert into public.quiz_questions (id,quiz_id,texto,explicacao,ordem,pontos) values ('aa8491f2-94d8-403a-952a-be9d96c3137f','62dfb992-7363-46be-8cfd-6adb6e3359ed','A avaliação pós-evento serve para...','No pós-evento avaliamos o resultado e coletamos feedback para melhorar.',2,1);
insert into public.quiz_options (question_id,texto,correta,ordem) values ('aa8491f2-94d8-403a-952a-be9d96c3137f','nada, o evento já acabou',false,1);
insert into public.quiz_options (question_id,texto,correta,ordem) values ('aa8491f2-94d8-403a-952a-be9d96c3137f','medir o sucesso e identificar melhorias',true,2);
insert into public.quiz_options (question_id,texto,correta,ordem) values ('aa8491f2-94d8-403a-952a-be9d96c3137f','contratar a equipe',false,3);
insert into public.quiz_options (question_id,texto,correta,ordem) values ('aa8491f2-94d8-403a-952a-be9d96c3137f','escolher o local',false,4);
insert into public.quiz_questions (id,quiz_id,texto,explicacao,ordem,pontos) values ('2cd0652d-672a-4e27-ab37-3725b68dddf3','62dfb992-7363-46be-8cfd-6adb6e3359ed','Ao escolher o local, o que considerar?','O local deve atender capacidade, acesso, localização e instalações.',3,1);
insert into public.quiz_options (question_id,texto,correta,ordem) values ('2cd0652d-672a-4e27-ab37-3725b68dddf3','Apenas o preço',false,1);
insert into public.quiz_options (question_id,texto,correta,ordem) values ('2cd0652d-672a-4e27-ab37-3725b68dddf3','Capacidade, acessibilidade, localização e infraestrutura',true,2);
insert into public.quiz_options (question_id,texto,correta,ordem) values ('2cd0652d-672a-4e27-ab37-3725b68dddf3','Apenas a beleza',false,3);
insert into public.quiz_options (question_id,texto,correta,ordem) values ('2cd0652d-672a-4e27-ab37-3725b68dddf3','Nada, qualquer local serve',false,4);
insert into public.lessons (id,module_id,titulo,tipo,conteudo_rico,duracao_min,ordem,tem_quiz,preview_gratis) values ('a594a9d9-7493-404f-aa1d-5c5609419488','b5ffd0d0-d2a0-4b79-8634-f35fa5ae3df9','Os elementos de um evento','texto','<p><strong>Para começar:</strong> Um evento é a soma de vários elementos que trabalham juntos. Conhecer cada um ajuda você a entender onde sua função se encaixa dentro da produção.</p><ul><li><strong>Escritório:</strong> gestão administrativa, contratos e documentação.</li><li><strong>Produção:</strong> coordena toda a operação e a equipe.</li><li><strong>Transporte:</strong> logística de equipamentos, equipe e artistas.</li><li><strong>Estrutura:</strong> palco, tendas, grades, piso e montagem física.</li><li><strong>Som:</strong> sonorização do evento (PA, monitores, microfones).</li><li><strong>Luz:</strong> iluminação de palco e ambiente.</li><li><strong>Vídeo:</strong> telões, projeção e imagem (VJ).</li><li><strong>Efeito:</strong> efeitos especiais e pirotecnia.</li><li><strong>Alimentos e Bebidas:</strong> catering, bar e alimentação da equipe e do público.</li><li><strong>Segurança:</strong> controle de acesso, brigada e prevenção.</li><li><strong>Objetivos e Conceito:</strong> definir claramente o objetivo (promover marca, arrecadar fundos, etc.) e criar um conceito/tema que orienta todo o evento.</li><li><strong>Planejamento e Orçamento:</strong> plano detalhado da pré-produção ao pós-evento, com orçamento realista cobrindo todas as despesas.</li><li><strong>Local e Logística:</strong> escolher um local adequado (capacidade, localização, instalações) e gerenciar a logística: montagem, decoração, mobiliário e equipamentos audiovisuais.</li></ul><p><strong>Na prática:</strong> Em um show, por exemplo, Estrutura monta o palco, Som e Luz instalam os equipamentos, Vídeo cuida do telão, Efeito prepara a pirotecnia, A&amp;B abastece os bastidores e Segurança controla o acesso — tudo coordenado pela Produção.</p><h4>Resumo</h4><ul><li>Um evento é a soma de vários elementos interligados.</li><li>Som, Luz, Vídeo e Efeito são as áreas técnicas principais.</li><li>A Produção coordena todos os elementos para o evento fluir.</li></ul>',15,3,true,false);
insert into public.quizzes (id,lesson_id,titulo) values ('1fcbddb1-60ab-44dc-af30-ac0ec051398f','a594a9d9-7493-404f-aa1d-5c5609419488','Quiz — Os elementos de um evento');
insert into public.quiz_questions (id,quiz_id,texto,explicacao,ordem,pontos) values ('f48fb0d1-d0ab-4a5b-a152-851dcd676f27','1fcbddb1-60ab-44dc-af30-ac0ec051398f','Qual departamento coordena toda a operação e a equipe?','A Produção coordena todos os elementos do evento.',1,1);
insert into public.quiz_options (question_id,texto,correta,ordem) values ('f48fb0d1-d0ab-4a5b-a152-851dcd676f27','Transporte',false,1);
insert into public.quiz_options (question_id,texto,correta,ordem) values ('f48fb0d1-d0ab-4a5b-a152-851dcd676f27','Produção',true,2);
insert into public.quiz_options (question_id,texto,correta,ordem) values ('f48fb0d1-d0ab-4a5b-a152-851dcd676f27','Catering',false,3);
insert into public.quiz_options (question_id,texto,correta,ordem) values ('f48fb0d1-d0ab-4a5b-a152-851dcd676f27','Segurança',false,4);
insert into public.quiz_questions (id,quiz_id,texto,explicacao,ordem,pontos) values ('d420a886-16df-4292-9381-785c19fbb425','1fcbddb1-60ab-44dc-af30-ac0ec051398f','Telões e projeção fazem parte de qual elemento?','Vídeo cuida de telões, projeção e imagem.',2,1);
insert into public.quiz_options (question_id,texto,correta,ordem) values ('d420a886-16df-4292-9381-785c19fbb425','Som',false,1);
insert into public.quiz_options (question_id,texto,correta,ordem) values ('d420a886-16df-4292-9381-785c19fbb425','Vídeo',true,2);
insert into public.quiz_options (question_id,texto,correta,ordem) values ('d420a886-16df-4292-9381-785c19fbb425','Estrutura',false,3);
insert into public.quiz_options (question_id,texto,correta,ordem) values ('d420a886-16df-4292-9381-785c19fbb425','Efeito',false,4);
insert into public.quiz_questions (id,quiz_id,texto,explicacao,ordem,pontos) values ('49fbc7f6-37f4-421c-b278-42f447ebe327','1fcbddb1-60ab-44dc-af30-ac0ec051398f','O conceito/tema de um evento serve para...','O conceito orienta o design, a programação e todas as decisões.',3,1);
insert into public.quiz_options (question_id,texto,correta,ordem) values ('49fbc7f6-37f4-421c-b278-42f447ebe327','decorar apenas',false,1);
insert into public.quiz_options (question_id,texto,correta,ordem) values ('49fbc7f6-37f4-421c-b278-42f447ebe327','orientar todos os aspectos do evento',true,2);
insert into public.quiz_options (question_id,texto,correta,ordem) values ('49fbc7f6-37f4-421c-b278-42f447ebe327','substituir o orçamento',false,3);
insert into public.quiz_options (question_id,texto,correta,ordem) values ('49fbc7f6-37f4-421c-b278-42f447ebe327','contratar a banda',false,4);
insert into public.modules (id,course_id,titulo,ordem) values ('ae7bf819-bf25-4ee8-90f3-9dc852c6dd96','0e0e1cfc-88ed-4c7e-8dba-74a7d2104e81','Interpessoalidade e Postura Profissional',2);
insert into public.lessons (id,module_id,titulo,tipo,conteudo_rico,duracao_min,ordem,tem_quiz,preview_gratis) values ('810855c1-1295-4a9d-b334-a8f02e763d99','ae7bf819-bf25-4ee8-90f3-9dc852c6dd96','Postura profissional','texto','<p><strong>Para começar:</strong> No meio de eventos, sua postura fala antes de você. Pontualidade, respeito e atitude profissional constroem (ou destroem) sua reputação na área — onde todo mundo se conhece e indica quem é bom.</p><ul><li><strong>Postura Profissional:</strong> No ambiente de trabalho, a postura profissional se manifesta através de atitudes como pontualidade, vestimenta adequada, ética de trabalho sólida, respeito pelos colegas e cumprimento de tarefas com eficiência e responsabilidade.</li><li><strong>Postura Social:</strong> Ter uma boa postura social envolve demonstrar respeito, empatia e consideração pelos outros. Isso inclui escutar ativamente, fazer contato visual, utilizar uma linguagem corporal aberta e mostrar interesse genuíno nas conversas e interações.</li></ul><p><strong>Na prática:</strong> O profissional de postura forte chega no horário, cumprimenta a equipe, respeita a hierarquia da produção, cuida do equipamento (seu e dos outros) e entrega o que prometeu. Pequenas atitudes geram novas chamadas para trabalhar.</p><h4>Resumo</h4><ul><li>Postura não é só aparência: é atitude e comportamento.</li><li>Postura profissional: pontualidade, ética e responsabilidade.</li><li>Postura social: respeito, empatia e boa comunicação.</li></ul>',12,1,true,false);
insert into public.quizzes (id,lesson_id,titulo) values ('503a135f-0e50-4cfa-b7cd-0a22644a2200','810855c1-1295-4a9d-b334-a8f02e763d99','Quiz — Postura profissional');
insert into public.quiz_questions (id,quiz_id,texto,explicacao,ordem,pontos) values ('6754d3df-11b9-45a8-babd-564d70707f73','503a135f-0e50-4cfa-b7cd-0a22644a2200','A postura profissional se manifesta principalmente por...','Pontualidade, vestimenta adequada, ética e responsabilidade definem a postura profissional.',1,1);
insert into public.quiz_options (question_id,texto,correta,ordem) values ('6754d3df-11b9-45a8-babd-564d70707f73','roupas caras',false,1);
insert into public.quiz_options (question_id,texto,correta,ordem) values ('6754d3df-11b9-45a8-babd-564d70707f73','pontualidade, ética e responsabilidade',true,2);
insert into public.quiz_options (question_id,texto,correta,ordem) values ('6754d3df-11b9-45a8-babd-564d70707f73','falar alto',false,3);
insert into public.quiz_options (question_id,texto,correta,ordem) values ('6754d3df-11b9-45a8-babd-564d70707f73','trabalhar sozinho',false,4);
insert into public.quiz_questions (id,quiz_id,texto,explicacao,ordem,pontos) values ('a4847ad4-3691-4a6f-8ccc-193d727f82c8','503a135f-0e50-4cfa-b7cd-0a22644a2200','A postura social envolve...','Postura social é respeito, empatia e interesse genuíno pelo outro.',2,1);
insert into public.quiz_options (question_id,texto,correta,ordem) values ('a4847ad4-3691-4a6f-8ccc-193d727f82c8','ignorar os colegas',false,1);
insert into public.quiz_options (question_id,texto,correta,ordem) values ('a4847ad4-3691-4a6f-8ccc-193d727f82c8','respeito, empatia e escuta ativa',true,2);
insert into public.quiz_options (question_id,texto,correta,ordem) values ('a4847ad4-3691-4a6f-8ccc-193d727f82c8','competir com a equipe',false,3);
insert into public.quiz_options (question_id,texto,correta,ordem) values ('a4847ad4-3691-4a6f-8ccc-193d727f82c8','evitar contato visual',false,4);
insert into public.quiz_questions (id,quiz_id,texto,explicacao,ordem,pontos) values ('d3b7c8d2-b779-4e68-89d6-534ca7eceafc','503a135f-0e50-4cfa-b7cd-0a22644a2200','Por que a reputação importa no meio de eventos?','No meio de eventos as indicações geram novas oportunidades.',3,1);
insert into public.quiz_options (question_id,texto,correta,ordem) values ('d3b7c8d2-b779-4e68-89d6-534ca7eceafc','não importa',false,1);
insert into public.quiz_options (question_id,texto,correta,ordem) values ('d3b7c8d2-b779-4e68-89d6-534ca7eceafc','porque o meio é pequeno e as pessoas se indicam',true,2);
insert into public.quiz_options (question_id,texto,correta,ordem) values ('d3b7c8d2-b779-4e68-89d6-534ca7eceafc','só para grandes nomes',false,3);
insert into public.quiz_options (question_id,texto,correta,ordem) values ('d3b7c8d2-b779-4e68-89d6-534ca7eceafc','apenas para produtores',false,4);
insert into public.lessons (id,module_id,titulo,tipo,conteudo_rico,duracao_min,ordem,tem_quiz,preview_gratis) values ('117480f9-7a41-4b7a-91ca-8a15cb5d2209','ae7bf819-bf25-4ee8-90f3-9dc852c6dd96','Apresentação e vestimenta técnica','texto','<p><strong>Para começar:</strong> No bastidor, a roupa não é estética — é segurança e identidade de equipe. A vestimenta técnica protege você de riscos elétricos, calor e quedas, e ainda mostra que você faz parte da produção.</p><ul><li><strong>Calçado:</strong> fechado, amarrado e com sola de borracha (proteção contra choque e quedas).</li><li><strong>Calça:</strong> cobrindo completamente as pernas, de tecido não inflamável.</li><li><strong>Camiseta:</strong> de manga, preta, sem marcas ou logos que não sejam da equipe.</li><li><strong>Critérios técnicos:</strong> a roupa deve considerar condutibilidade, inflamabilidade e influências eletromagnéticas, de acordo com as normas técnicas.</li></ul><p><strong>Na prática:</strong> Antes de subir ao palco ou mexer em energia, confira: calçado de borracha amarrado, calça comprida não inflamável e camiseta de manga preta. Nada de bermuda, chinelo ou regata — além de inseguro, passa imagem amadora.</p><h4>Resumo</h4><ul><li>A vestimenta técnica é item de segurança, não só visual.</li><li>Calçado de borracha, calça não inflamável e camiseta de manga preta.</li><li>Seguir as normas técnicas protege você e a equipe.</li></ul>',12,2,true,false);
insert into public.quizzes (id,lesson_id,titulo) values ('5f26e7ec-6c36-4cba-8b1d-681ddb4de1b2','117480f9-7a41-4b7a-91ca-8a15cb5d2209','Quiz — Apresentação e vestimenta técnica');
insert into public.quiz_questions (id,quiz_id,texto,explicacao,ordem,pontos) values ('941b8518-2bb2-485c-a40b-9a9023dda763','5f26e7ec-6c36-4cba-8b1d-681ddb4de1b2','Por que o calçado deve ter sola de borracha?','A sola de borracha protege contra choque e escorregões.',1,1);
insert into public.quiz_options (question_id,texto,correta,ordem) values ('941b8518-2bb2-485c-a40b-9a9023dda763','por estética',false,1);
insert into public.quiz_options (question_id,texto,correta,ordem) values ('941b8518-2bb2-485c-a40b-9a9023dda763','para proteção contra choque elétrico e quedas',true,2);
insert into public.quiz_options (question_id,texto,correta,ordem) values ('941b8518-2bb2-485c-a40b-9a9023dda763','para correr mais',false,3);
insert into public.quiz_options (question_id,texto,correta,ordem) values ('941b8518-2bb2-485c-a40b-9a9023dda763','não precisa',false,4);
insert into public.quiz_questions (id,quiz_id,texto,explicacao,ordem,pontos) values ('eaf9b2b0-fbab-4d65-89ea-708ff97ca080','5f26e7ec-6c36-4cba-8b1d-681ddb4de1b2','A calça da vestimenta técnica deve ser...','Calça comprida e não inflamável protege as pernas de calor e fogo.',2,1);
insert into public.quiz_options (question_id,texto,correta,ordem) values ('eaf9b2b0-fbab-4d65-89ea-708ff97ca080','curta e leve',false,1);
insert into public.quiz_options (question_id,texto,correta,ordem) values ('eaf9b2b0-fbab-4d65-89ea-708ff97ca080','comprida e de tecido não inflamável',true,2);
insert into public.quiz_options (question_id,texto,correta,ordem) values ('eaf9b2b0-fbab-4d65-89ea-708ff97ca080','de qualquer tecido',false,3);
insert into public.quiz_options (question_id,texto,correta,ordem) values ('eaf9b2b0-fbab-4d65-89ea-708ff97ca080','opcional',false,4);
insert into public.quiz_questions (id,quiz_id,texto,explicacao,ordem,pontos) values ('80539fec-9f6e-40cd-9de0-b87fca31525d','5f26e7ec-6c36-4cba-8b1d-681ddb4de1b2','A vestimenta da equipe geralmente é...','Vestimenta preta e padronizada identifica a equipe.',3,1);
insert into public.quiz_options (question_id,texto,correta,ordem) values ('80539fec-9f6e-40cd-9de0-b87fca31525d','colorida e com logos diversos',false,1);
insert into public.quiz_options (question_id,texto,correta,ordem) values ('80539fec-9f6e-40cd-9de0-b87fca31525d','preta, sem marcas que não sejam da equipe',true,2);
insert into public.quiz_options (question_id,texto,correta,ordem) values ('80539fec-9f6e-40cd-9de0-b87fca31525d','livre',false,3);
insert into public.quiz_options (question_id,texto,correta,ordem) values ('80539fec-9f6e-40cd-9de0-b87fca31525d','apenas para o produtor',false,4);
insert into public.lessons (id,module_id,titulo,tipo,conteudo_rico,duracao_min,ordem,tem_quiz,preview_gratis) values ('ce085ba9-0b00-414d-b41e-8f1de2a46e77','ae7bf819-bf25-4ee8-90f3-9dc852c6dd96','Comunicação eficaz com a equipe e artistas','texto','<p><strong>Para começar:</strong> Em um evento, uma informação mal passada vira atraso, retrabalho ou acidente. Saber se comunicar com clareza — e ouvir — é o que mantém a engrenagem girando.</p><p><strong>Na prática:</strong> Comunicação eficaz no bastidor é: falar curto e claro pelo rádio, confirmar se a mensagem foi entendida (''copiou?''), adaptar o tom para artista, produtor ou colega, e ouvir com atenção antes de responder.</p><h4>Resumo</h4><ul><li>Comunicar é expressar com clareza E ouvir bem.</li><li>Boas pessoas comunicativas adaptam a mensagem ao público.</li><li>Comunicação eficaz evita erros, atrasos e conflitos.</li></ul>',10,3,true,false);
insert into public.quizzes (id,lesson_id,titulo) values ('172fea56-5f98-45ac-8b88-78231818a408','ce085ba9-0b00-414d-b41e-8f1de2a46e77','Quiz — Comunicação eficaz com a equipe e artistas');
insert into public.quiz_questions (id,quiz_id,texto,explicacao,ordem,pontos) values ('4b0879c8-2cd3-44f1-8e54-254ad46be4d6','172fea56-5f98-45ac-8b88-78231818a408','Ser comunicativo significa...','Comunicação é expressar com clareza e ser bom ouvinte.',1,1);
insert into public.quiz_options (question_id,texto,correta,ordem) values ('4b0879c8-2cd3-44f1-8e54-254ad46be4d6','só falar muito',false,1);
insert into public.quiz_options (question_id,texto,correta,ordem) values ('4b0879c8-2cd3-44f1-8e54-254ad46be4d6','expressar ideias com clareza e também saber ouvir',true,2);
insert into public.quiz_options (question_id,texto,correta,ordem) values ('4b0879c8-2cd3-44f1-8e54-254ad46be4d6','usar termos difíceis',false,3);
insert into public.quiz_options (question_id,texto,correta,ordem) values ('4b0879c8-2cd3-44f1-8e54-254ad46be4d6','evitar conversas',false,4);
insert into public.quiz_questions (id,quiz_id,texto,explicacao,ordem,pontos) values ('ee211403-c9c9-4c60-a329-bbec531c24e7','172fea56-5f98-45ac-8b88-78231818a408','Adaptar a comunicação ao público quer dizer...','Bons comunicadores adaptam a mensagem ao público e ao contexto.',2,1);
insert into public.quiz_options (question_id,texto,correta,ordem) values ('ee211403-c9c9-4c60-a329-bbec531c24e7','falar igual com todos',false,1);
insert into public.quiz_options (question_id,texto,correta,ordem) values ('ee211403-c9c9-4c60-a329-bbec531c24e7','ajustar o tom e a forma conforme quem ouve',true,2);
insert into public.quiz_options (question_id,texto,correta,ordem) values ('ee211403-c9c9-4c60-a329-bbec531c24e7','falar só com a equipe',false,3);
insert into public.quiz_options (question_id,texto,correta,ordem) values ('ee211403-c9c9-4c60-a329-bbec531c24e7','usar gírias sempre',false,4);
insert into public.quiz_questions (id,quiz_id,texto,explicacao,ordem,pontos) values ('6a30153c-32d8-4e42-bec4-40205a774183','172fea56-5f98-45ac-8b88-78231818a408','A comunicação eficaz ajuda a...','Comunicação eficaz constrói relações, colabora e resolve conflitos.',3,1);
insert into public.quiz_options (question_id,texto,correta,ordem) values ('6a30153c-32d8-4e42-bec4-40205a774183','criar conflitos',false,1);
insert into public.quiz_options (question_id,texto,correta,ordem) values ('6a30153c-32d8-4e42-bec4-40205a774183','construir relacionamentos e resolver conflitos',true,2);
insert into public.quiz_options (question_id,texto,correta,ordem) values ('6a30153c-32d8-4e42-bec4-40205a774183','atrasar o evento',false,3);
insert into public.quiz_options (question_id,texto,correta,ordem) values ('6a30153c-32d8-4e42-bec4-40205a774183','trabalhar sozinho',false,4);
insert into public.lessons (id,module_id,titulo,tipo,conteudo_rico,duracao_min,ordem,tem_quiz,preview_gratis) values ('584a63e3-f395-448a-b10e-7e5a1cb6963e','ae7bf819-bf25-4ee8-90f3-9dc852c6dd96','Trabalho em equipe para objetivos comuns','texto','<p><strong>Para começar:</strong> Nenhum evento é feito por uma pessoa só. O resultado depende de várias áreas trabalhando em sincronia para o mesmo objetivo. Veja como colaborar de forma eficaz.</p><ul><li><strong>Defina objetivos claros:</strong> Garanta que todos os membros da equipe compreendam os objetivos a serem alcançados. Isso ajuda a manter todos focados e alinhados.</li><li><strong>Distribua papéis e responsabilidades:</strong> Atribua tarefas de acordo com as habilidades e expertise de cada membro da equipe. Certifique-se de que todos saibam qual é o papel deles e quais são as responsabilidades específicas.</li><li><strong>Promova a comunicação aberta:</strong> Crie um ambiente onde os membros da equipe se sintam à vontade para compartilhar ideias, dar feedback e expressar preocupações. A comunicação aberta evita mal-entendidos e promove a colaboração.</li><li><strong>Estabeleça canais de comunicação eficazes:</strong> Utilize ferramentas e métodos de comunicação adequados para o projeto, como e-mails, reuniões presenciais ou virtuais, mensagens instantâneas e plataformas de colaboração.</li><li><strong>Crie um plano de trabalho:</strong> Desenvolva um cronograma detalhado e um plano de ação que indique prazos, marcos e entregas específicas. Isso ajuda a manter todos na mesma página e a acompanhar o progresso.</li><li><strong>Fomente o respeito e a confiança:</strong> Cultive um ambiente de respeito mútuo e confiança entre os membros da equipe. Isso encoraja a colaboração e a troca de ideias sem medo de críticas negativas.</li><li><strong>Resolva conflitos de maneira construtiva:</strong> Conflitos podem surgir, mas é importante abordá-los de maneira construtiva. Promova a resolução de conflitos por meio da escuta ativa, do entendimento das perspectivas envolvidas e da busca por soluções mutuamente aceitáveis.</li><li><strong>Celebre as conquistas:</strong> Reconheça e celebre as conquistas individuais e coletivas ao atingir marcos importantes. Isso motiva a equipe e fortalece o senso de realização.</li><li><strong>Promova a diversidade e inclusão:</strong> Valorize as diferentes perspectivas e experiências dos membros da equipe. A diversidade contribui para uma tomada de decisão mais abrangente e criativa.</li><li><strong>Mantenha o foco na solução:</strong> Quando surgirem desafios, concentre-se em encontrar soluções em vez de buscar culpados. Isso evita a criação de um ambiente negativo e mantém o foco na resolução dos problemas.</li><li><strong>Incentive a aprendizagem contínua:</strong> Encoraje os membros da equipe a compartilharem conhecimentos e a aprenderem uns com os outros. Isso contribui para o desenvolvimento individual e coletivo.</li><li><strong>Avalie e ajuste o progresso:</strong> Realize avaliações periódicas para verificar o progresso em relação aos objetivos. Faça ajustes conforme necessário para manter a equipe no caminho certo.</li></ul><p><strong>Na prática:</strong> Na montagem de um palco, som, luz, estrutura e vídeo trabalham ao mesmo tempo. Cada um sabe seu papel, comunica o que precisa e respeita o ritmo do outro — assim a montagem termina no horário.</p><h4>Resumo</h4><ul><li>Objetivos claros mantêm a equipe focada e alinhada.</li><li>Cada um tem um papel definido conforme suas habilidades.</li><li>Conflitos se resolvem de forma construtiva, com escuta ativa.</li></ul>',12,4,true,false);
insert into public.quizzes (id,lesson_id,titulo) values ('13dcb739-8925-4b0d-8c30-cd1e52010bb4','584a63e3-f395-448a-b10e-7e5a1cb6963e','Quiz — Trabalho em equipe para objetivos comuns');
insert into public.quiz_questions (id,quiz_id,texto,explicacao,ordem,pontos) values ('51552a50-3aae-4860-9a4b-7f468fb1e65d','13dcb739-8925-4b0d-8c30-cd1e52010bb4','O que ajuda a manter a equipe focada e alinhada?','Objetivos claros mantêm todos alinhados.',1,1);
insert into public.quiz_options (question_id,texto,correta,ordem) values ('51552a50-3aae-4860-9a4b-7f468fb1e65d','esconder informações',false,1);
insert into public.quiz_options (question_id,texto,correta,ordem) values ('51552a50-3aae-4860-9a4b-7f468fb1e65d','definir objetivos claros',true,2);
insert into public.quiz_options (question_id,texto,correta,ordem) values ('51552a50-3aae-4860-9a4b-7f468fb1e65d','trabalhar isolado',false,3);
insert into public.quiz_options (question_id,texto,correta,ordem) values ('51552a50-3aae-4860-9a4b-7f468fb1e65d','evitar reuniões',false,4);
insert into public.quiz_questions (id,quiz_id,texto,explicacao,ordem,pontos) values ('29c4eeca-9ce9-4126-a013-9c696e1420b4','13dcb739-8925-4b0d-8c30-cd1e52010bb4','Por que distribuir papéis e responsabilidades?','As tarefas são atribuídas conforme as habilidades de cada um.',2,1);
insert into public.quiz_options (question_id,texto,correta,ordem) values ('29c4eeca-9ce9-4126-a013-9c696e1420b4','para sobrecarregar um só',false,1);
insert into public.quiz_options (question_id,texto,correta,ordem) values ('29c4eeca-9ce9-4126-a013-9c696e1420b4','para que cada um saiba seu papel conforme suas habilidades',true,2);
insert into public.quiz_options (question_id,texto,correta,ordem) values ('29c4eeca-9ce9-4126-a013-9c696e1420b4','para evitar comunicação',false,3);
insert into public.quiz_options (question_id,texto,correta,ordem) values ('29c4eeca-9ce9-4126-a013-9c696e1420b4','para atrasar',false,4);
insert into public.quiz_questions (id,quiz_id,texto,explicacao,ordem,pontos) values ('c747c1da-d8ea-417e-93fe-0f5000947cf9','13dcb739-8925-4b0d-8c30-cd1e52010bb4','Conflitos na equipe devem ser tratados...','Conflitos se resolvem ouvindo as partes e buscando soluções.',3,1);
insert into public.quiz_options (question_id,texto,correta,ordem) values ('c747c1da-d8ea-417e-93fe-0f5000947cf9','ignorando-os',false,1);
insert into public.quiz_options (question_id,texto,correta,ordem) values ('c747c1da-d8ea-417e-93fe-0f5000947cf9','de forma construtiva, com escuta ativa e foco na solução',true,2);
insert into public.quiz_options (question_id,texto,correta,ordem) values ('c747c1da-d8ea-417e-93fe-0f5000947cf9','buscando culpados',false,3);
insert into public.quiz_options (question_id,texto,correta,ordem) values ('c747c1da-d8ea-417e-93fe-0f5000947cf9','com punições',false,4);
insert into public.lessons (id,module_id,titulo,tipo,conteudo_rico,duracao_min,ordem,tem_quiz,preview_gratis) values ('5bb21f33-9839-4367-b1c6-180d61392df7','ae7bf819-bf25-4ee8-90f3-9dc852c6dd96','Estratégias para comunicação clara e assertiva','texto','<p><strong>Para começar:</strong> Comunicar com assertividade é dizer o que precisa, com clareza e respeito, sem rodeios e sem agressividade. É uma habilidade que evita mal-entendidos e constrói confiança.</p><ul><li><strong>Conheça seu público:</strong> Entenda quem é o seu público-alvo, suas necessidades, nível de conhecimento e interesses. Adapte a sua comunicação de acordo com esses fatores.</li><li><strong>Organize suas ideias:</strong> Antes de começar a comunicação, organize suas ideias de forma lógica e estruturada. Isso ajuda a transmitir informações de maneira mais clara e coerente.</li><li><strong>Seja conciso:</strong> Evite excesso de informações e rodeios. Vá direto ao ponto, destacando os pontos-chave da sua mensagem.</li><li><strong>Use linguagem simples:</strong> Evite jargões complexos ou terminologias técnicas, a menos que esteja certo de que seu público as compreenderá. Use uma linguagem clara e acessível.</li><li><strong>Mantenha o foco:</strong> Evite desviar-se do assunto principal. Manter o foco ajuda a evitar confusões e a manter a atenção do receptor.</li><li><strong>Use exemplos:</strong> Exemplos concretos podem ajudar a ilustrar e clarificar suas ideias. Eles tornam as informações mais tangíveis e compreensíveis.</li><li><strong>Utilize recursos visuais:</strong> Quando apropriado, gráficos, imagens ou diagramas podem complementar sua comunicação, tornando-a mais visual e fácil de entender.</li><li><strong>Escute ativamente:</strong> A comunicação não é apenas sobre falar, mas também sobre ouvir. Demonstre interesse genuíno pelo que os outros têm a dizer, fazendo perguntas pertinentes e demonstrando que você está acompanhando.</li><li><strong>Faça perguntas claras:</strong> Quando estiver buscando informações ou feedback, faça perguntas específicas e claras. Isso facilita a obtenção das respostas que você precisa.</li><li><strong>Evite ambiguidade:</strong> Use frases claras e evite duplas interpretações. Certifique-se de que suas palavras não possam ser interpretadas de maneiras diferentes.</li><li><strong>Seja direto e honesto:</strong> Não rodeie o assunto quando estiver comunicando algo importante. A honestidade e a franqueza são essenciais para construir confiança.</li><li><strong>Demonstre empatia:</strong> Comunique-se considerando os sentimentos e perspectivas dos outros. Isso ajuda a criar um ambiente de comunicação respeitoso.</li><li><strong>Feedback construtivo:</strong> Ao dar feedback, seja específico, objetivo e foque em comportamentos observáveis. Sugira maneiras de melhorar, sem criticar de forma destrutiva.</li><li><strong>Gerencie emoções:</strong> Ao lidar com tópicos sensíveis, mantenha a calma e evite reações emocionais exageradas. Comunique suas emoções de maneira controlada.</li><li><strong>Peça confirmação:</strong> Após transmitir informações importantes, peça um feedback ou resumo do receptor para garantir que a mensagem foi compreendida corretamente.</li></ul><p><strong>Na prática:</strong> Antes de passar uma instrução importante, organize a ideia, vá direto ao ponto, use linguagem simples e peça confirmação (''ficou claro?''). Se for dar um feedback, foque no comportamento, não na pessoa.</p><h4>Resumo</h4><ul><li>Assertividade = clareza + respeito, sem rodeios.</li><li>Conhecer o público e ser conciso melhora a mensagem.</li><li>Escutar e pedir confirmação garante que entenderam.</li></ul>',12,5,true,false);
insert into public.quizzes (id,lesson_id,titulo) values ('9b65ebc8-e4a0-4127-a3c9-70755670003f','5bb21f33-9839-4367-b1c6-180d61392df7','Quiz — Estratégias para comunicação clara e assertiva');
insert into public.quiz_questions (id,quiz_id,texto,explicacao,ordem,pontos) values ('e0a3657b-1f6a-4c03-a3de-cecbaf473087','9b65ebc8-e4a0-4127-a3c9-70755670003f','''Conhecer seu público'' significa...','Entender o público e adaptar a mensagem torna a comunicação eficaz.',1,1);
insert into public.quiz_options (question_id,texto,correta,ordem) values ('e0a3657b-1f6a-4c03-a3de-cecbaf473087','falar igual para todos',false,1);
insert into public.quiz_options (question_id,texto,correta,ordem) values ('e0a3657b-1f6a-4c03-a3de-cecbaf473087','adaptar a comunicação às necessidades de quem ouve',true,2);
insert into public.quiz_options (question_id,texto,correta,ordem) values ('e0a3657b-1f6a-4c03-a3de-cecbaf473087','usar muitos termos técnicos',false,3);
insert into public.quiz_options (question_id,texto,correta,ordem) values ('e0a3657b-1f6a-4c03-a3de-cecbaf473087','não fazer perguntas',false,4);
insert into public.quiz_questions (id,quiz_id,texto,explicacao,ordem,pontos) values ('167d01b1-bad7-4493-8129-da67202a3736','9b65ebc8-e4a0-4127-a3c9-70755670003f','Qual estratégia deixa a mensagem mais clara?','Ir direto ao ponto com linguagem simples melhora a clareza.',2,1);
insert into public.quiz_options (question_id,texto,correta,ordem) values ('167d01b1-bad7-4493-8129-da67202a3736','dar voltas',false,1);
insert into public.quiz_options (question_id,texto,correta,ordem) values ('167d01b1-bad7-4493-8129-da67202a3736','ser conciso e usar linguagem simples',true,2);
insert into public.quiz_options (question_id,texto,correta,ordem) values ('167d01b1-bad7-4493-8129-da67202a3736','encher de jargão',false,3);
insert into public.quiz_options (question_id,texto,correta,ordem) values ('167d01b1-bad7-4493-8129-da67202a3736','não organizar as ideias',false,4);
insert into public.quiz_questions (id,quiz_id,texto,explicacao,ordem,pontos) values ('7d9754f8-6f76-459c-9be1-20a7c2bc4d8f','9b65ebc8-e4a0-4127-a3c9-70755670003f','Escutar ativamente é...','Ouvir com interesse e perguntar demonstra atenção real.',3,1);
insert into public.quiz_options (question_id,texto,correta,ordem) values ('7d9754f8-6f76-459c-9be1-20a7c2bc4d8f','esperar sua vez de falar',false,1);
insert into public.quiz_options (question_id,texto,correta,ordem) values ('7d9754f8-6f76-459c-9be1-20a7c2bc4d8f','demonstrar interesse genuíno e fazer perguntas pertinentes',true,2);
insert into public.quiz_options (question_id,texto,correta,ordem) values ('7d9754f8-6f76-459c-9be1-20a7c2bc4d8f','interromper',false,3);
insert into public.quiz_options (question_id,texto,correta,ordem) values ('7d9754f8-6f76-459c-9be1-20a7c2bc4d8f','olhar o celular',false,4);
insert into public.lessons (id,module_id,titulo,tipo,conteudo_rico,duracao_min,ordem,tem_quiz,preview_gratis) values ('605f0b3a-75e7-4ded-a04c-02e872f007e9','ae7bf819-bf25-4ee8-90f3-9dc852c6dd96','Lidando com pressão e estresse','texto','<p><strong>Para começar:</strong> Evento é prazo curto, imprevisto e adrenalina. Saber manter a calma sob pressão é o que separa o profissional do amador — e protege sua saúde na carreira.</p><ul><li><strong>Mantenha a calma:</strong> Tente manter a calma e o controle emocional, mesmo quando a pressão aumenta. Respirar profundamente e pausar por um momento antes de responder pode ajudar a evitar reações impulsivas.</li><li><strong>Priorize e organize:</strong> Identifique as tarefas mais importantes e priorize-as. Uma lista organizada de tarefas ajuda a focar naquilo que realmente precisa ser feito, reduzindo o sentimento de sobrecarga.</li><li><strong>Divida as tarefas:</strong> Se possível, divida as tarefas em etapas menores e mais gerenciáveis. Isso torna o trabalho menos avassalador e permite medir o progresso.</li><li><strong>Defina limites:</strong> Saiba até onde pode esticar suas capacidades. Defina limites realistas e saiba quando pedir ajuda ou quando é hora de pausar e descansar.</li><li><strong>Gerencie o tempo:</strong> Use técnicas de gerenciamento de tempo, como a técnica Pomodoro, para trabalhar de forma focada por períodos de tempo definidos, seguidos por pausas curtas.</li><li><strong>Mantenha a perspectiva:</strong> Lembre-se de que a situação atual de pressão e estresse é temporária. Manter uma perspectiva mais ampla pode ajudar a reduzir a sensação de sobrecarga.</li><li><strong>Pratique a automotivação:</strong> Mantenha-se motivado, lembrando-se dos objetivos que deseja alcançar e das recompensas que vêm com o sucesso.</li><li><strong>Cuide de si mesmo:</strong> Priorize o autocuidado. Isso inclui comer bem, dormir o suficiente, fazer exercícios físicos e dedicar tempo para atividades que o relaxem e o revigorem.</li><li><strong>Pratique a resiliência:</strong> A resiliência é a capacidade de se recuperar rapidamente de adversidades. Encare os desafios como oportunidades de crescimento e aprendizado.</li><li><strong>Peça ajuda:</strong> Não tenha medo de pedir ajuda quando necessário. Isso pode ser tanto em relação às tarefas quanto ao apoio emocional.</li><li><strong>Pratique a resolução de problemas:</strong> Aborde os problemas de maneira sistemática, identificando soluções possíveis e avaliando as consequências de cada opção.</li><li><strong>Pratique técnicas de relaxamento:</strong> Técnicas como meditação, ioga ou simplesmente respirar profundamente podem ajudar a acalmar a mente e reduzir o estresse.</li><li><strong>Desenvolva habilidades de comunicação:</strong> Comunique-se de forma aberta com colegas e superiores sobre a sua carga de trabalho e limites. Isso pode levar a um ambiente de trabalho mais compreensivo.</li><li><strong>Celebre as pequenas vitórias:</strong> Reconheça e celebre seus progressos, mesmo que sejam pequenos. Isso pode criar um senso de realização e motivação.</li><li><strong>Busque apoio profissional:</strong> Se o estresse e a pressão se tornarem esmagadores, considere buscar o apoio de um profissional de saúde mental para orientação.</li></ul><p><strong>Na prática:</strong> Faltam 10 minutos para abrir a casa e um equipamento falha. Em vez de entrar em pânico: respire, priorize o que é essencial agora, divida a tarefa, peça ajuda e resolva passo a passo. Depois, celebre que deu certo.</p><h4>Resumo</h4><ul><li>Pressão faz parte de eventos — calma e prioridade são chave.</li><li>Dividir tarefas e pedir ajuda reduz a sobrecarga.</li><li>Autocuidado e resiliência sustentam a carreira a longo prazo.</li></ul>',12,6,true,false);
insert into public.quizzes (id,lesson_id,titulo) values ('f1209d63-f192-4ba4-a0c2-7c5089dfd946','605f0b3a-75e7-4ded-a04c-02e872f007e9','Quiz — Lidando com pressão e estresse');
insert into public.quiz_questions (id,quiz_id,texto,explicacao,ordem,pontos) values ('57a303b6-6754-44d8-9579-3fdac822b525','f1209d63-f192-4ba4-a0c2-7c5089dfd946','Primeira atitude diante de um imprevisto sob pressão?','Manter a calma e priorizar evita reações impulsivas.',1,1);
insert into public.quiz_options (question_id,texto,correta,ordem) values ('57a303b6-6754-44d8-9579-3fdac822b525','entrar em pânico',false,1);
insert into public.quiz_options (question_id,texto,correta,ordem) values ('57a303b6-6754-44d8-9579-3fdac822b525','manter a calma, respirar e priorizar',true,2);
insert into public.quiz_options (question_id,texto,correta,ordem) values ('57a303b6-6754-44d8-9579-3fdac822b525','desistir',false,3);
insert into public.quiz_options (question_id,texto,correta,ordem) values ('57a303b6-6754-44d8-9579-3fdac822b525','gritar com a equipe',false,4);
insert into public.quiz_questions (id,quiz_id,texto,explicacao,ordem,pontos) values ('06df354c-9e3b-4e8d-b0c9-3a6da6364238','f1209d63-f192-4ba4-a0c2-7c5089dfd946','Dividir uma tarefa grande em etapas menores ajuda a...','Etapas menores tornam o trabalho menos avassalador.',2,1);
insert into public.quiz_options (question_id,texto,correta,ordem) values ('06df354c-9e3b-4e8d-b0c9-3a6da6364238','aumentar o estresse',false,1);
insert into public.quiz_options (question_id,texto,correta,ordem) values ('06df354c-9e3b-4e8d-b0c9-3a6da6364238','tornar o trabalho gerenciável e medir o progresso',true,2);
insert into public.quiz_options (question_id,texto,correta,ordem) values ('06df354c-9e3b-4e8d-b0c9-3a6da6364238','atrasar tudo',false,3);
insert into public.quiz_options (question_id,texto,correta,ordem) values ('06df354c-9e3b-4e8d-b0c9-3a6da6364238','confundir a equipe',false,4);
insert into public.quiz_questions (id,quiz_id,texto,explicacao,ordem,pontos) values ('dc0cebc0-e9a4-4bc9-a3b5-6a8bf851f6d7','f1209d63-f192-4ba4-a0c2-7c5089dfd946','Resiliência é...','Resiliência é se recuperar rápido e aprender com os desafios.',3,1);
insert into public.quiz_options (question_id,texto,correta,ordem) values ('dc0cebc0-e9a4-4bc9-a3b5-6a8bf851f6d7','nunca errar',false,1);
insert into public.quiz_options (question_id,texto,correta,ordem) values ('dc0cebc0-e9a4-4bc9-a3b5-6a8bf851f6d7','a capacidade de se recuperar rapidamente de adversidades',true,2);
insert into public.quiz_options (question_id,texto,correta,ordem) values ('dc0cebc0-e9a4-4bc9-a3b5-6a8bf851f6d7','trabalhar sem parar',false,3);
insert into public.quiz_options (question_id,texto,correta,ordem) values ('dc0cebc0-e9a4-4bc9-a3b5-6a8bf851f6d7','evitar desafios',false,4);
insert into public.lessons (id,module_id,titulo,tipo,conteudo_rico,duracao_min,ordem,tem_quiz,preview_gratis) values ('b2244804-287f-403f-813f-8fd98e4fdb60','ae7bf819-bf25-4ee8-90f3-9dc852c6dd96','Trabalho em equipe e resolução de conflitos','texto','<p><strong>Para começar:</strong> Onde há gente trabalhando junto sob pressão, conflitos surgem — é natural. O que define o profissional é saber resolver de forma construtiva, sem brigar nem guardar mágoa.</p><ul><li><strong>Promova a comunicação aberta:</strong> Crie um ambiente onde todos os membros da equipe se sintam à vontade para expressar suas opiniões e preocupações. Uma comunicação aberta pode evitar o acúmulo de tensões.</li><li><strong>Pratique a escuta ativa:</strong> Ao resolver conflitos, ouça atentamente todas as partes envolvidas. Demonstrar que você está genuinamente interessado em entender as perspectivas dos outros pode reduzir as emoções negativas.</li><li><strong>Identifique as causas:</strong> Compreenda as razões subjacentes do conflito. Muitas vezes, os conflitos são causados por mal-entendidos, diferenças de opinião ou objetivos conflitantes.</li><li><strong>Envolva um mediador neutro:</strong> Se um conflito estiver afetando negativamente a dinâmica da equipe, considere envolver um mediador neutro para facilitar a discussão e encontrar uma solução imparcial. Foque em soluções, não em culpados: Em vez de procurar culpados, concentre-se em encontrar soluções. O objetivo deve ser resolver o problema e melhorar a colaboração futura.</li><li><strong>Procure interesses comuns:</strong> Identifique os pontos em que os interesses das partes envolvidas se alinham. Isso pode ajudar a encontrar soluções que beneficiem a todos.</li><li><strong>Evite reações emocionais exageradas:</strong> Mantenha a calma e evite reações emocionais intensas. Uma abordagem racional e controlada ajuda a manter o foco na resolução do conflito.</li><li><strong>Estabeleça acordos claros:</strong> Quando uma solução for encontrada, coloque-a por escrito de forma clara e concisa. Isso ajuda a evitar futuros mal-entendidos.</li><li><strong>Aprenda com os conflitos:</strong> Veja os conflitos como oportunidades de aprendizado. Eles podem revelar lacunas na comunicação, processos ou expectativas, permitindo que a equipe melhore e evolua.</li><li><strong>Desenvolva habilidades de inteligência emocional:</strong> A inteligência emocional envolve a capacidade de entender e gerenciar emoções, tanto suas quanto as dos outros. Essas habilidades são essenciais para resolver conflitos de maneira eficaz.</li><li><strong>Crie regras de convivência:</strong> Em equipes de longo prazo, é útil estabelecer regras básicas para a convivência e resolução de conflitos. Isso pode incluir diretrizes para a comunicação respeitosa e a abordagem de desacordos.</li><li><strong>Reavalie periodicamente:</strong> Após a resolução de um conflito, verifique periodicamente se as soluções estão funcionando e se as relações melhoraram. Caso contrário, ajuste as abordagens conforme necessário.</li></ul><p><strong>Na prática:</strong> Dois técnicos discordam sobre a ordem da montagem. Em vez de bater de frente: ouça os dois lados, identifique a real causa, foque na solução (não em quem está certo) e registre o combinado. O evento agradece.</p><h4>Resumo</h4><ul><li>Conflitos são naturais e podem ser oportunidades de melhoria.</li><li>Escuta ativa e foco na solução resolvem a maioria deles.</li><li>Inteligência emocional é a base para lidar com conflitos.</li></ul>',12,7,true,false);
insert into public.quizzes (id,lesson_id,titulo) values ('4b220776-c0c6-4d57-b856-0e7e968ff983','b2244804-287f-403f-813f-8fd98e4fdb60','Quiz — Trabalho em equipe e resolução de conflitos');
insert into public.quiz_questions (id,quiz_id,texto,explicacao,ordem,pontos) values ('7a44066b-bfce-4b97-a41c-4348e2187f5a','4b220776-c0c6-4d57-b856-0e7e968ff983','Vantagem de envolver um mediador neutro?','O mediador conduz a conversa a uma solução imparcial.',1,1);
insert into public.quiz_options (question_id,texto,correta,ordem) values ('7a44066b-bfce-4b97-a41c-4348e2187f5a','aumentar a tensão',false,1);
insert into public.quiz_options (question_id,texto,correta,ordem) values ('7a44066b-bfce-4b97-a41c-4348e2187f5a','facilitar a discussão e achar solução imparcial',true,2);
insert into public.quiz_options (question_id,texto,correta,ordem) values ('7a44066b-bfce-4b97-a41c-4348e2187f5a','escolher um culpado',false,3);
insert into public.quiz_options (question_id,texto,correta,ordem) values ('7a44066b-bfce-4b97-a41c-4348e2187f5a','encerrar a equipe',false,4);
insert into public.quiz_questions (id,quiz_id,texto,explicacao,ordem,pontos) values ('200aa00f-ae6e-40e7-9199-e1d57fc20765','4b220776-c0c6-4d57-b856-0e7e968ff983','''Foque em soluções, não em culpados'' busca...','Focar na solução resolve o problema e fortalece o time.',2,1);
insert into public.quiz_options (question_id,texto,correta,ordem) values ('200aa00f-ae6e-40e7-9199-e1d57fc20765','punir quem errou',false,1);
insert into public.quiz_options (question_id,texto,correta,ordem) values ('200aa00f-ae6e-40e7-9199-e1d57fc20765','resolver o problema e melhorar a colaboração futura',true,2);
insert into public.quiz_options (question_id,texto,correta,ordem) values ('200aa00f-ae6e-40e7-9199-e1d57fc20765','encerrar o projeto',false,3);
insert into public.quiz_options (question_id,texto,correta,ordem) values ('200aa00f-ae6e-40e7-9199-e1d57fc20765','evitar a comunicação',false,4);
insert into public.quiz_questions (id,quiz_id,texto,explicacao,ordem,pontos) values ('68bdba1f-134f-4973-84e9-6cbbca0b33ce','4b220776-c0c6-4d57-b856-0e7e968ff983','Inteligência emocional é...','É a base para resolver conflitos com eficácia.',3,1);
insert into public.quiz_options (question_id,texto,correta,ordem) values ('68bdba1f-134f-4973-84e9-6cbbca0b33ce','decorar regras',false,1);
insert into public.quiz_options (question_id,texto,correta,ordem) values ('68bdba1f-134f-4973-84e9-6cbbca0b33ce','entender e gerenciar emoções, as suas e as dos outros',true,2);
insert into public.quiz_options (question_id,texto,correta,ordem) values ('68bdba1f-134f-4973-84e9-6cbbca0b33ce','evitar sentimentos',false,3);
insert into public.quiz_options (question_id,texto,correta,ordem) values ('68bdba1f-134f-4973-84e9-6cbbca0b33ce','trabalhar sozinho',false,4);
insert into public.modules (id,course_id,titulo,ordem) values ('91d18374-4088-4431-b97e-3bd800bac39c','0e0e1cfc-88ed-4c7e-8dba-74a7d2104e81','Funções e Atividades',3);
insert into public.lessons (id,module_id,titulo,tipo,conteudo_rico,duracao_min,ordem,tem_quiz,preview_gratis) values ('1bf721ea-14a6-44da-add7-a6c0b080c99f','91d18374-4088-4431-b97e-3bd800bac39c','Funções e atividades em um evento','texto','<p><strong>Para começar:</strong> Cada pessoa em um evento tem um papel claro. Conhecer as funções ajuda você a saber com quem falar, a quem reportar e onde quer chegar na carreira.</p><ul><li><strong>Produtor:</strong> organiza e coordena a equipe, filtra as informações e toma as decisões da operação.</li><li><strong>Técnico de Som:</strong> responsável por todo o processo de sonorização do espetáculo (PA, monitores, microfones).</li><li><strong>Técnico de Iluminação:</strong> responsável por todo o processo de iluminação de palco e ambiente.</li><li><strong>Técnico de Vídeo (VJ):</strong> responsável por todo o processo de imagem: telões, projeção e conteúdo visual.</li><li><strong>Técnico de Pirotecnia / Efeito:</strong> responsável por todo o processo de efeitos especiais e pirotecnia, sempre com segurança.</li><li><strong>Segurança:</strong> controle de acesso, organização do público e prevenção de incidentes.</li><li><strong>Bombeiro / Brigadista:</strong> responsável pela prevenção e combate a incêndio e pela resposta a emergências.</li><li><strong>Carregador / Roadie:</strong> responsável por carga, descarga e movimentação de equipamentos com segurança.</li></ul><p><strong>Na prática:</strong> Em um show, o Produtor coordena tudo; Som, Luz e Vídeo cuidam da parte técnica; Efeito prepara a pirotecnia; Roadies montam e desmontam; e a Segurança/Brigada garante que público e equipe estejam protegidos.</p><h4>Resumo</h4><ul><li>Cada função tem uma responsabilidade clara e complementar.</li><li>As áreas técnicas: Som, Luz, Vídeo e Efeito.</li><li>Conhecer as funções ajuda a planejar sua trilha de carreira.</li></ul>',15,1,true,false);
insert into public.quizzes (id,lesson_id,titulo) values ('8b0724a1-ce84-41d2-a332-26ee2d9ca7f3','1bf721ea-14a6-44da-add7-a6c0b080c99f','Quiz — Funções e atividades em um evento');
insert into public.quiz_questions (id,quiz_id,texto,explicacao,ordem,pontos) values ('4bc5be99-f222-4379-8b7b-2151575000fe','8b0724a1-ce84-41d2-a332-26ee2d9ca7f3','Quem coordena a equipe e filtra as informações da operação?','O Produtor organiza e coordena a equipe.',1,1);
insert into public.quiz_options (question_id,texto,correta,ordem) values ('4bc5be99-f222-4379-8b7b-2151575000fe','o Roadie',false,1);
insert into public.quiz_options (question_id,texto,correta,ordem) values ('4bc5be99-f222-4379-8b7b-2151575000fe','o Produtor',true,2);
insert into public.quiz_options (question_id,texto,correta,ordem) values ('4bc5be99-f222-4379-8b7b-2151575000fe','o Bombeiro',false,3);
insert into public.quiz_options (question_id,texto,correta,ordem) values ('4bc5be99-f222-4379-8b7b-2151575000fe','o Técnico de Som',false,4);
insert into public.quiz_questions (id,quiz_id,texto,explicacao,ordem,pontos) values ('929a765a-2964-4d6e-9234-bb0fd7a62434','8b0724a1-ce84-41d2-a332-26ee2d9ca7f3','O Técnico de VJ é responsável por...','O VJ cuida de todo o processo de imagem.',2,1);
insert into public.quiz_options (question_id,texto,correta,ordem) values ('929a765a-2964-4d6e-9234-bb0fd7a62434','som',false,1);
insert into public.quiz_options (question_id,texto,correta,ordem) values ('929a765a-2964-4d6e-9234-bb0fd7a62434','imagem (telões, projeção)',true,2);
insert into public.quiz_options (question_id,texto,correta,ordem) values ('929a765a-2964-4d6e-9234-bb0fd7a62434','pirotecnia',false,3);
insert into public.quiz_options (question_id,texto,correta,ordem) values ('929a765a-2964-4d6e-9234-bb0fd7a62434','segurança',false,4);
insert into public.quiz_questions (id,quiz_id,texto,explicacao,ordem,pontos) values ('7ad81c00-7cc0-45fc-9f01-21b43500ca30','8b0724a1-ce84-41d2-a332-26ee2d9ca7f3','Carga, descarga e movimentação de equipamentos são função de...','O roadie/carregador cuida da movimentação dos equipamentos.',3,1);
insert into public.quiz_options (question_id,texto,correta,ordem) values ('7ad81c00-7cc0-45fc-9f01-21b43500ca30','produtor',false,1);
insert into public.quiz_options (question_id,texto,correta,ordem) values ('7ad81c00-7cc0-45fc-9f01-21b43500ca30','roadie/carregador',true,2);
insert into public.quiz_options (question_id,texto,correta,ordem) values ('7ad81c00-7cc0-45fc-9f01-21b43500ca30','iluminador',false,3);
insert into public.quiz_options (question_id,texto,correta,ordem) values ('7ad81c00-7cc0-45fc-9f01-21b43500ca30','bombeiro',false,4);
insert into public.modules (id,course_id,titulo,ordem) values ('d1daa44a-8d0c-4271-a8eb-c6833ecfd8a0','0e0e1cfc-88ed-4c7e-8dba-74a7d2104e81','Encerramento — Nível Trainee',4);
insert into public.lessons (id,module_id,titulo,tipo,conteudo_rico,duracao_min,ordem,tem_quiz,preview_gratis) values ('d4c70113-71dc-402d-b715-34c24ffe03ba','d1daa44a-8d0c-4271-a8eb-c6833ecfd8a0','Conclusão: o profissional de eventos completo','texto','<p><strong>Para começar:</strong> Você chegou ao fim do nível Trainee! Aqui a gente amarra tudo o que viu e prepara o próximo passo.</p><p><strong>Na prática:</strong> Você já entende o perfil do profissional, como um evento se organiza, seus elementos, a postura e as habilidades interpessoais, e as funções de cada um. Essa base é o alicerce para a parte técnica que vem a seguir.</p><h4>Resumo</h4><ul><li>O trabalho em equipe é a espinha dorsal de qualquer evento.</li><li>Resiliência e autogestão sustentam a carreira.</li><li>Próximo passo: nível JUNIOR — Segurança, Elétrica, Eletrônica, Som, Luz, Vídeo, Produção e Efeito.</li></ul>',8,1,true,false);
insert into public.quizzes (id,lesson_id,titulo) values ('10cf1a73-ed28-4c71-b974-d8676ec8e2f3','d4c70113-71dc-402d-b715-34c24ffe03ba','Quiz — Conclusão: o profissional de eventos completo');
insert into public.quiz_questions (id,quiz_id,texto,explicacao,ordem,pontos) values ('2512f452-35ec-40bd-82c9-cdd8e0a1cc03','10cf1a73-ed28-4c71-b974-d8676ec8e2f3','O que é a ''espinha dorsal'' de qualquer projeto bem-sucedido?','O texto afirma que o trabalho em equipe é a espinha dorsal.',1,1);
insert into public.quiz_options (question_id,texto,correta,ordem) values ('2512f452-35ec-40bd-82c9-cdd8e0a1cc03','trabalhar isolado',false,1);
insert into public.quiz_options (question_id,texto,correta,ordem) values ('2512f452-35ec-40bd-82c9-cdd8e0a1cc03','o trabalho em equipe',true,2);
insert into public.quiz_options (question_id,texto,correta,ordem) values ('2512f452-35ec-40bd-82c9-cdd8e0a1cc03','evitar planejamento',false,3);
insert into public.quiz_options (question_id,texto,correta,ordem) values ('2512f452-35ec-40bd-82c9-cdd8e0a1cc03','a pressão',false,4);
insert into public.quiz_questions (id,quiz_id,texto,explicacao,ordem,pontos) values ('f2135939-967c-4334-9398-ba229f5db804','10cf1a73-ed28-4c71-b974-d8676ec8e2f3','Quais recursos ajudam a enfrentar pressão e estresse?','A conclusão destaca resiliência e autogestão.',2,1);
insert into public.quiz_options (question_id,texto,correta,ordem) values ('f2135939-967c-4334-9398-ba229f5db804','resiliência e autogestão',true,1);
insert into public.quiz_options (question_id,texto,correta,ordem) values ('f2135939-967c-4334-9398-ba229f5db804','improviso sem preparo',false,2);
insert into public.quiz_options (question_id,texto,correta,ordem) values ('f2135939-967c-4334-9398-ba229f5db804','ignorar problemas',false,3);
insert into public.quiz_options (question_id,texto,correta,ordem) values ('f2135939-967c-4334-9398-ba229f5db804','trabalhar sem pausas',false,4);
insert into public.quiz_questions (id,quiz_id,texto,explicacao,ordem,pontos) values ('70da0365-5f0d-42b6-93d3-2424da1d3cd7','10cf1a73-ed28-4c71-b974-d8676ec8e2f3','Qual é o próximo nível depois do Trainee?','Depois do Trainee vem o nível Junior, com as áreas técnicas.',3,1);
insert into public.quiz_options (question_id,texto,correta,ordem) values ('70da0365-5f0d-42b6-93d3-2424da1d3cd7','Pleno',false,1);
insert into public.quiz_options (question_id,texto,correta,ordem) values ('70da0365-5f0d-42b6-93d3-2424da1d3cd7','Junior',true,2);
insert into public.quiz_options (question_id,texto,correta,ordem) values ('70da0365-5f0d-42b6-93d3-2424da1d3cd7','não há',false,3);
insert into public.quiz_options (question_id,texto,correta,ordem) values ('70da0365-5f0d-42b6-93d3-2424da1d3cd7','Master',false,4);

-- CURSO: Junior — Profissões de Evento
insert into public.courses (id,titulo,slug,descricao_curta,nivel,categoria,categorias,tipo,carga_horaria,total_aulas,ativo,destaque,ordem) values
  ('1320b04f-ec96-47e3-905c-46a6f7bce71e','Junior — Profissões de Evento','junior-profissoes-de-evento','Curso Junior — Profissões de Evento — SMU PRO','junior','outros','{}','free',902,43,false,false,2);
insert into public.modules (id,course_id,titulo,ordem) values ('8104a9c8-c09c-416a-bcd6-16948d17d0be','1320b04f-ec96-47e3-905c-46a6f7bce71e','Segurança do Trabalho',1);
insert into public.lessons (id,module_id,titulo,tipo,conteudo_rico,duracao_min,ordem,tem_quiz,preview_gratis) values ('bc478c33-936d-427f-97f7-1890d50a9938','8104a9c8-c09c-416a-bcd6-16948d17d0be','EPIs para Montagem e Operação de Palcos','texto','<p><strong>Para começar:</strong> Trabalhar na montagem, operação e desmontagem de palcos expõe o técnico a quedas, impactos, ruído, eletricidade e produtos químicos. Esta aula apresenta os Equipamentos de Proteção Individual (EPIs) que tornam esse trabalho seguro. Conhecer e usar o EPI certo é a primeira linha de defesa contra acidentes em eventos.</p><p>O EPI é todo dispositivo de uso individual destinado a proteger o trabalhador contra riscos que podem ameaçar sua saúde e segurança. Em eventos, a escolha do EPI deve ser feita conforme os riscos específicos de cada tarefa (altura, eletricidade, ruído, poeira) e seguir as normas de segurança aplicáveis. Além de escolher corretamente, é essencial usar, conservar e fazer a manutenção do equipamento para que ele cumpra sua função.</p><ul><li><strong>Capacete de Segurança:</strong> Protege a cabeça contra impactos de objetos que possam cair ou golpear. Indispensável em áreas de montagem com trabalho em altura acima das pessoas.</li><li><strong>Cinto de Segurança com Talabarte:</strong> Indispensável para trabalhos em altura. O cinto (tipo paraquedista) mantém o trabalhador preso a uma estrutura segura e o talabarte interrompe a queda, limitando o impacto.</li><li><strong>Luvas de Proteção:</strong> Oferecem proteção às mãos contra cortes, abrasões e objetos pontiagudos durante o manuseio de estruturas, cabos e ferramentas.</li><li><strong>Botas de Segurança:</strong> Com solado antiderrapante e biqueira de proteção (geralmente de composite ou aço), protegem os pés contra impactos e queda de objetos pesados.</li><li><strong>Óculos de Proteção:</strong> Protegem os olhos contra partículas, poeira, detritos e objetos voadores que podem causar lesões oculares durante cortes, lixamento ou montagem.</li><li><strong>Protetores Auriculares:</strong> Reduzem a exposição a ruídos excessivos de equipamentos de som e ferramentas, ajudando a prevenir a perda auditiva (PAIR). Podem ser tipo plug (inserção) ou concha (abafador).</li><li><strong>Máscara Respiratória:</strong> Em trabalhos com poeira, produtos químicos ou materiais tóxicos, protege as vias respiratórias. O tipo de filtro deve ser adequado ao contaminante.</li><li><strong>Vestimenta de Segurança:</strong> Roupas resistentes e adequadas protegem o corpo contra respingos químicos, faíscas e outros perigos durante a montagem.</li><li><strong>Protetor Solar e Chapéu:</strong> Em eventos ao ar livre, protegem contra a exposição excessiva ao sol durante longas jornadas de montagem.</li><li><strong>EPIs Elétricos:</strong> Em atividades elétricas, como montagem de iluminação, usam-se luvas isolantes e outros EPIs específicos para eletricidade, conforme o nível de tensão envolvido.</li><li><strong>Máscara de Solda:</strong> Protege o rosto e os olhos contra a radiação e faíscas em serviços de soldagem na montagem de estruturas metálicas.</li><li><strong>Vestimenta Refletiva:</strong> Em locais com baixa visibilidade, como ambientes escuros ou trabalho noturno, aumenta a visibilidade do trabalhador e reduz o risco de atropelamento ou colisão.</li></ul><p><strong>Na prática:</strong> Na montagem de um festival ao ar livre, a equipe de estrutura ergue uma treliça de iluminação a 8 metros de altura. Os montadores que sobem usam capacete, botas com biqueira, luvas e cinto de segurança tipo paraquedista com talabarte duplo, sempre conectados a um ponto de ancoragem. No solo, quem opera a serra para cortar madeira do palco usa óculos de proteção e protetor auricular, e à noite todos vestem colete refletivo porque empilhadeiras circulam no escuro. Cada tarefa tem seu conjunto de EPI, definido pelo risco daquela função.</p><h4>Resumo</h4><ul><li>O EPI é a primeira linha de defesa contra quedas, impactos, ruído, eletricidade e poeira</li><li>A escolha do EPI depende do risco específico de cada tarefa</li><li>Usar, inspecionar e conservar o equipamento é tão importante quanto tê-lo</li></ul>',16,1,true,true);
insert into public.quizzes (id,lesson_id,titulo) values ('a4ad29c7-35f1-4a79-b372-9b83b162da81','bc478c33-936d-427f-97f7-1890d50a9938','Quiz — EPIs para Montagem e Operação de Palcos');
insert into public.quiz_questions (id,quiz_id,texto,explicacao,ordem,pontos) values ('703f3771-5982-4ed5-af89-e52ce7c6fa18','a4ad29c7-35f1-4a79-b372-9b83b162da81','Qual EPI é indispensável para trabalho em altura na montagem de uma treliça de iluminação?','O cinto tipo paraquedista com talabarte mantém o trabalhador preso à estrutura e interrompe a queda, sendo indispensável em altura.',1,1);
insert into public.quiz_options (question_id,texto,correta,ordem) values ('703f3771-5982-4ed5-af89-e52ce7c6fa18','Apenas óculos de proteção',false,1);
insert into public.quiz_options (question_id,texto,correta,ordem) values ('703f3771-5982-4ed5-af89-e52ce7c6fa18','Cinto de segurança com talabarte',true,2);
insert into public.quiz_options (question_id,texto,correta,ordem) values ('703f3771-5982-4ed5-af89-e52ce7c6fa18','Somente luvas de proteção',false,3);
insert into public.quiz_options (question_id,texto,correta,ordem) values ('703f3771-5982-4ed5-af89-e52ce7c6fa18','Protetor solar e chapéu',false,4);
insert into public.quiz_questions (id,quiz_id,texto,explicacao,ordem,pontos) values ('7b5499a7-91de-48a3-8dec-dc97ca8e711c','a4ad29c7-35f1-4a79-b372-9b83b162da81','Para reduzir a exposição a ruídos excessivos de equipamentos de som, qual EPI deve ser usado?','Os protetores auriculares reduzem a exposição ao ruído e ajudam a prevenir a perda auditiva.',2,1);
insert into public.quiz_options (question_id,texto,correta,ordem) values ('7b5499a7-91de-48a3-8dec-dc97ca8e711c','Máscara respiratória',false,1);
insert into public.quiz_options (question_id,texto,correta,ordem) values ('7b5499a7-91de-48a3-8dec-dc97ca8e711c','Vestimenta refletiva',false,2);
insert into public.quiz_options (question_id,texto,correta,ordem) values ('7b5499a7-91de-48a3-8dec-dc97ca8e711c','Protetores auriculares',true,3);
insert into public.quiz_options (question_id,texto,correta,ordem) values ('7b5499a7-91de-48a3-8dec-dc97ca8e711c','Capacete de segurança',false,4);
insert into public.quiz_questions (id,quiz_id,texto,explicacao,ordem,pontos) values ('c034e713-44d9-4050-ad4a-48acb131fa2f','a4ad29c7-35f1-4a79-b372-9b83b162da81','Por que a biqueira de proteção e o solado antiderrapante são importantes nas botas de segurança?','A biqueira protege contra impactos e queda de objetos pesados, e o solado antiderrapante reduz o risco de escorregar.',3,1);
insert into public.quiz_options (question_id,texto,correta,ordem) values ('c034e713-44d9-4050-ad4a-48acb131fa2f','Para aumentar a altura do trabalhador',false,1);
insert into public.quiz_options (question_id,texto,correta,ordem) values ('c034e713-44d9-4050-ad4a-48acb131fa2f','Para proteger os pés contra impactos e quedas de objetos e evitar escorregões',true,2);
insert into public.quiz_options (question_id,texto,correta,ordem) values ('c034e713-44d9-4050-ad4a-48acb131fa2f','Apenas por exigência de uniforme',false,3);
insert into public.quiz_options (question_id,texto,correta,ordem) values ('c034e713-44d9-4050-ad4a-48acb131fa2f','Para proteger contra ruído',false,4);
insert into public.quiz_questions (id,quiz_id,texto,explicacao,ordem,pontos) values ('090e5c3e-7a65-48b3-9be0-f0844f79604a','a4ad29c7-35f1-4a79-b372-9b83b162da81','O que define qual conjunto de EPI deve ser usado em cada tarefa?','A escolha do EPI deve ser feita conforme os riscos específicos do trabalho e as normas de segurança aplicáveis.',4,1);
insert into public.quiz_options (question_id,texto,correta,ordem) values ('090e5c3e-7a65-48b3-9be0-f0844f79604a','A cor preferida do trabalhador',false,1);
insert into public.quiz_options (question_id,texto,correta,ordem) values ('090e5c3e-7a65-48b3-9be0-f0844f79604a','Os riscos específicos da atividade e as normas de segurança',true,2);
insert into public.quiz_options (question_id,texto,correta,ordem) values ('090e5c3e-7a65-48b3-9be0-f0844f79604a','O número de pessoas na equipe',false,3);
insert into public.quiz_options (question_id,texto,correta,ordem) values ('090e5c3e-7a65-48b3-9be0-f0844f79604a','O horário do evento apenas',false,4);
insert into public.lessons (id,module_id,titulo,tipo,conteudo_rico,duracao_min,ordem,tem_quiz,preview_gratis) values ('dcb4c04c-20ea-4318-9113-e1abad8a3f90','8104a9c8-c09c-416a-bcd6-16948d17d0be','Normas Regulamentadoras (NRs) Aplicáveis a Eventos','texto','<p><strong>Para começar:</strong> As normas de segurança do trabalho organizam como montar, operar e desmontar eventos com segurança. Esta aula apresenta as principais NRs e normas técnicas que se aplicam a palcos e estruturas. Conhecê-las ajuda o técnico a entender por que cada procedimento existe e a evitar acidentes e penalidades.</p><p>As Normas Regulamentadoras (NRs) são editadas pelo Ministério do Trabalho e definem requisitos obrigatórios de segurança e saúde para diferentes atividades. Em eventos, várias NRs se cruzam: máquinas, altura, eletricidade e construção. Há ainda normas técnicas da ABNT que orientam o projeto e o uso seguro de estruturas. Lembre-se de que as exigências podem variar conforme a região e a legislação local, por isso é importante consultar profissionais especializados em segurança.</p><ul><li><strong>NR 12 - Segurança no Trabalho em Máquinas e Equipamentos:</strong> Estabelece diretrizes para o uso seguro de máquinas e equipamentos, incluindo guindastes, elevadores e sistemas de suspensão usados na montagem e operação de palcos.</li><li><strong>NR 18 - Condições e Meio Ambiente de Trabalho na Indústria da Construção:</strong> Embora não seja exclusiva para palcos, trata da segurança em ambientes de construção, situação frequente durante a montagem de estruturas de palco.</li><li><strong>NR 35 - Trabalho em Altura:</strong> Estabelece medidas de proteção para atividades acima de 2 metros do nível inferior, como montagem de estruturas elevadas e sistemas de iluminação. Exige análise de risco, capacitação e sistemas de ancoragem.</li><li><strong>NR 10 - Segurança em Instalações e Serviços em Eletricidade:</strong> Trata da segurança no uso da eletricidade, fundamental em palcos pelo uso intensivo de equipamentos elétricos, iluminação e som. Exige procedimentos e capacitação para quem intervém em instalações.</li><li><strong>ABNT NBR 16489 - Plataformas de Trabalho Suspensas:</strong> Estabelece requisitos de segurança para o uso de plataformas suspensas, como as usadas em manutenção e montagem de estruturas de palco.</li><li><strong>ABNT NBR 14762 - Projeto de Estruturas de Aço:</strong> Trata do projeto de estruturas metálicas (perfis formados a frio), frequentemente usadas na construção de palcos e estruturas temporárias.</li><li><strong>Normas Específicas do Local do Evento:</strong> Alguns locais possuem regulamentos próprios de segurança que precisam ser seguidos durante shows e apresentações, somando-se às NRs.</li><li><strong>Treinamento e Capacitação:</strong> Além das normas, é fundamental treinar toda a equipe sobre os riscos do local, procedimentos de emergência e uso correto dos equipamentos de segurança.</li></ul><p><strong>Na prática:</strong> Antes de uma turnê chegar a um ginásio, o produtor técnico levanta quais normas se aplicam. A montagem da treliça de luz, feita a 9 metros de altura, cai sob a NR 35: só sobe quem tem o treinamento de trabalho em altura e o sistema de ancoragem é checado. A talha elétrica que iça a estrutura segue a NR 12. A ligação do quadro de energia do palco respeita a NR 10, executada por eletricista capacitado. O local ainda tem um regulamento próprio que exige rotas de fuga livres. Cada etapa só avança quando a norma correspondente está atendida.</p><h4>Resumo</h4><ul><li>NR 12 (máquinas), NR 35 (altura) e NR 10 (eletricidade) são as NRs mais presentes em palcos</li><li>Normas ABNT orientam o projeto e o uso seguro de estruturas e plataformas</li><li>Treinamento e regulamentos do local complementam as normas obrigatórias</li></ul>',18,2,true,false);
insert into public.quizzes (id,lesson_id,titulo) values ('68b99903-e05f-411a-b136-c76ac79b5d66','dcb4c04c-20ea-4318-9113-e1abad8a3f90','Quiz — Normas Regulamentadoras (NRs) Aplicáveis a Eventos');
insert into public.quiz_questions (id,quiz_id,texto,explicacao,ordem,pontos) values ('85a56138-8b0e-4a41-ad1b-960ea954729b','68b99903-e05f-411a-b136-c76ac79b5d66','Qual norma trata especificamente do trabalho em altura, como a montagem de estruturas elevadas e iluminação no palco?','A NR 35 estabelece as medidas de proteção para atividades de trabalho em altura.',1,1);
insert into public.quiz_options (question_id,texto,correta,ordem) values ('85a56138-8b0e-4a41-ad1b-960ea954729b','NR 10',false,1);
insert into public.quiz_options (question_id,texto,correta,ordem) values ('85a56138-8b0e-4a41-ad1b-960ea954729b','NR 12',false,2);
insert into public.quiz_options (question_id,texto,correta,ordem) values ('85a56138-8b0e-4a41-ad1b-960ea954729b','NR 35',true,3);
insert into public.quiz_options (question_id,texto,correta,ordem) values ('85a56138-8b0e-4a41-ad1b-960ea954729b','NR 18',false,4);
insert into public.quiz_questions (id,quiz_id,texto,explicacao,ordem,pontos) values ('17388506-bf5e-4261-b403-d32847d6975a','68b99903-e05f-411a-b136-c76ac79b5d66','A NR 10 está relacionada principalmente a qual tipo de risco em palcos?','A NR 10 trata da segurança em instalações e serviços em eletricidade, essencial pelo uso intensivo de equipamentos elétricos.',2,1);
insert into public.quiz_options (question_id,texto,correta,ordem) values ('17388506-bf5e-4261-b403-d32847d6975a','Ruído excessivo',false,1);
insert into public.quiz_options (question_id,texto,correta,ordem) values ('17388506-bf5e-4261-b403-d32847d6975a','Segurança em instalações e serviços em eletricidade',true,2);
insert into public.quiz_options (question_id,texto,correta,ordem) values ('17388506-bf5e-4261-b403-d32847d6975a','Queda de altura',false,3);
insert into public.quiz_options (question_id,texto,correta,ordem) values ('17388506-bf5e-4261-b403-d32847d6975a','Poeira e produtos químicos',false,4);
insert into public.quiz_questions (id,quiz_id,texto,explicacao,ordem,pontos) values ('f068d6de-c865-4aca-8da0-2fb38bee8a3f','68b99903-e05f-411a-b136-c76ac79b5d66','A NR 12 se aplica à montagem de palcos porque trata de:','A NR 12 estabelece diretrizes para o uso seguro de máquinas e equipamentos, incluindo guindastes e sistemas de suspensão.',3,1);
insert into public.quiz_options (question_id,texto,correta,ordem) values ('f068d6de-c865-4aca-8da0-2fb38bee8a3f','Estruturas de aço',false,1);
insert into public.quiz_options (question_id,texto,correta,ordem) values ('f068d6de-c865-4aca-8da0-2fb38bee8a3f','Plataformas suspensas',false,2);
insert into public.quiz_options (question_id,texto,correta,ordem) values ('f068d6de-c865-4aca-8da0-2fb38bee8a3f','Máquinas e equipamentos como guindastes, elevadores e sistemas de suspensão',true,3);
insert into public.quiz_options (question_id,texto,correta,ordem) values ('f068d6de-c865-4aca-8da0-2fb38bee8a3f','Trabalho em altura',false,4);
insert into public.quiz_questions (id,quiz_id,texto,explicacao,ordem,pontos) values ('6c2b0b1f-14aa-409d-b4da-adb9e2acb1b5','68b99903-e05f-411a-b136-c76ac79b5d66','Além das NRs, o que mais deve ser observado na segurança de um evento?','Locais de evento podem ter regulamentos próprios, e o treinamento da equipe é fundamental para a segurança.',4,1);
insert into public.quiz_options (question_id,texto,correta,ordem) values ('6c2b0b1f-14aa-409d-b4da-adb9e2acb1b5','Apenas a cor das estruturas',false,1);
insert into public.quiz_options (question_id,texto,correta,ordem) values ('6c2b0b1f-14aa-409d-b4da-adb9e2acb1b5','Regulamentos específicos do local e treinamento da equipe',true,2);
insert into public.quiz_options (question_id,texto,correta,ordem) values ('6c2b0b1f-14aa-409d-b4da-adb9e2acb1b5','Somente o horário do show',false,3);
insert into public.quiz_options (question_id,texto,correta,ordem) values ('6c2b0b1f-14aa-409d-b4da-adb9e2acb1b5','O número de artistas no palco',false,4);
insert into public.lessons (id,module_id,titulo,tipo,conteudo_rico,duracao_min,ordem,tem_quiz,preview_gratis) values ('196f5369-c01f-42ef-9008-f7cb8155f216','8104a9c8-c09c-416a-bcd6-16948d17d0be','Segurança Técnica: Confiabilidade dos Sistemas no Evento','texto','<p><strong>Para começar:</strong> Som, luz e vídeo dependem de equipamentos e sistemas que não podem falhar no meio do show. A segurança técnica reúne as práticas que garantem que tudo funcione de forma confiável, protegida e sem interrupções. Esta aula mostra como prevenir falhas e proteger os sistemas de produção de um evento.</p><p>Segurança técnica engloba práticas que garantem a integridade, a confidencialidade e a disponibilidade dos sistemas, equipamentos, dados e processos usados na produção. No contexto de shows e espetáculos, ela assegura que as operações ocorram sem interrupções indesejadas, protegendo tanto a operação quanto a experiência do público e dos artistas. Os pilares vão da redundância de equipamentos à proteção contra acessos não autorizados e ataques cibernéticos.</p><ul><li><strong>Redundância e Backup:</strong> Tenha sistemas de backup para equipamentos críticos (consoles de som, luz e vídeo) para evitar falhas inesperadas, e mantenha cópias de dados importantes como músicas, vídeos e configurações.</li><li><strong>Proteção contra Acesso Não Autorizado:</strong> Use senhas e autenticação forte para proteger sistemas e dispositivos, e limite o acesso físico e lógico apenas a pessoas autorizadas.</li><li><strong>Atualizações e Patches:</strong> Mantenha softwares, sistemas operacionais e aplicativos atualizados com as últimas correções de segurança para mitigar vulnerabilidades conhecidas.</li><li><strong>Monitoramento em Tempo Real:</strong> Use sistemas de monitoramento para acompanhar o funcionamento dos equipamentos durante o evento e identificar problemas rapidamente, tomando medidas corretivas.</li><li><strong>Testes Prévios:</strong> Realize testes rigorosos dos equipamentos e sistemas antes do evento para garantir que tudo funcione e evitar problemas durante a apresentação.</li><li><strong>Isolamento de Redes:</strong> Mantenha redes de produção, controle e internet separadas para evitar interferências e riscos de segurança.</li><li><strong>Segurança Cibernética:</strong> Proteja os sistemas contra ataques como malware e ransomware utilizando firewalls e software antivírus.</li><li><strong>Proteção Elétrica:</strong> Use dispositivos de proteção contra sobrecarga, como disjuntores e estabilizadores, para prevenir danos aos equipamentos.</li><li><strong>Treinamento da Equipe:</strong> Treine os membros da equipe em práticas de segurança e procedimentos de emergência para minimizar erros acidentais que comprometam a operação.</li><li><strong>Planejamento de Emergência:</strong> Desenvolva um plano de contingência com ações para falhas técnicas, interrupções de energia ou outras emergências.</li><li><strong>Proteção contra Interferências Eletromagnéticas:</strong> Posicione cabos de áudio, vídeo e iluminação de forma a minimizar interferências eletromagnéticas que causem ruídos indesejados.</li><li><strong>Manutenção Regular:</strong> Realize manutenções preventivas nos equipamentos para mantê-los em boas condições de funcionamento.</li><li><strong>Coordenação entre Equipes Técnicas:</strong> Garanta comunicação clara entre som, luz, vídeo e demais setores para evitar conflitos de configuração e operação.</li></ul><p><strong>Na prática:</strong> Num show de grande porte, o engenheiro de som leva um console reserva já configurado e com backup da memória do espetáculo. A rede de controle de luz fica isolada da rede de internet do staff, evitando que uma falha de Wi-Fi derrube a iluminação. Antes da abertura das portas, toda a cadeia de sinal é testada em uma passagem de som. Quando uma fonte de um amplificador falha no meio da apresentação, o sistema de monitoramento aponta o problema na hora e a equipe ativa o equipamento redundante sem o público perceber. Esse conjunto de cuidados é segurança técnica em ação.</p><h4>Resumo</h4><ul><li>Segurança técnica garante integridade, confidencialidade e disponibilidade dos sistemas do evento</li><li>Redundância, isolamento de redes e testes prévios previnem interrupções no show</li><li>Proteção elétrica, cibernética e planos de emergência mantêm a operação confiável</li></ul>',16,3,true,false);
insert into public.quizzes (id,lesson_id,titulo) values ('2b57caba-a9e6-462d-91c5-e073bffe04e0','196f5369-c01f-42ef-9008-f7cb8155f216','Quiz — Segurança Técnica: Confiabilidade dos Sistemas no Evento');
insert into public.quiz_questions (id,quiz_id,texto,explicacao,ordem,pontos) values ('d91433b7-573e-4903-9b27-6c6437351bac','2b57caba-a9e6-462d-91c5-e073bffe04e0','Por que manter um console de som reserva já configurado é uma prática de segurança técnica?','A redundância de equipamentos críticos evita que uma falha inesperada interrompa o evento.',1,1);
insert into public.quiz_options (question_id,texto,correta,ordem) values ('d91433b7-573e-4903-9b27-6c6437351bac','Para impressionar o público',false,1);
insert into public.quiz_options (question_id,texto,correta,ordem) values ('d91433b7-573e-4903-9b27-6c6437351bac','Para garantir redundância e evitar falhas inesperadas em equipamento crítico',true,2);
insert into public.quiz_options (question_id,texto,correta,ordem) values ('d91433b7-573e-4903-9b27-6c6437351bac','Apenas para cumprir norma elétrica',false,3);
insert into public.quiz_options (question_id,texto,correta,ordem) values ('d91433b7-573e-4903-9b27-6c6437351bac','Para reduzir o ruído do palco',false,4);
insert into public.quiz_questions (id,quiz_id,texto,explicacao,ordem,pontos) values ('8495c062-9b09-42d2-90c7-e0b3e0c42741','2b57caba-a9e6-462d-91c5-e073bffe04e0','Qual é o objetivo de manter as redes de produção, controle e internet separadas?','O isolamento de redes evita interferências entre sistemas e reduz riscos de segurança.',2,1);
insert into public.quiz_options (question_id,texto,correta,ordem) values ('8495c062-9b09-42d2-90c7-e0b3e0c42741','Economizar cabos',false,1);
insert into public.quiz_options (question_id,texto,correta,ordem) values ('8495c062-9b09-42d2-90c7-e0b3e0c42741','Evitar interferências e reduzir riscos de segurança',true,2);
insert into public.quiz_options (question_id,texto,correta,ordem) values ('8495c062-9b09-42d2-90c7-e0b3e0c42741','Aumentar o volume do som',false,3);
insert into public.quiz_options (question_id,texto,correta,ordem) values ('8495c062-9b09-42d2-90c7-e0b3e0c42741','Deixar o Wi-Fi mais rápido para o público',false,4);
insert into public.quiz_questions (id,quiz_id,texto,explicacao,ordem,pontos) values ('211d4e24-a49c-4880-9882-2f1081468ea8','2b57caba-a9e6-462d-91c5-e073bffe04e0','Qual dispositivo ajuda a proteger os equipamentos contra sobrecarga elétrica?','Disjuntores e estabilizadores são dispositivos de proteção contra sobrecarga, prevenindo danos aos equipamentos.',3,1);
insert into public.quiz_options (question_id,texto,correta,ordem) values ('211d4e24-a49c-4880-9882-2f1081468ea8','Talabarte',false,1);
insert into public.quiz_options (question_id,texto,correta,ordem) values ('211d4e24-a49c-4880-9882-2f1081468ea8','Disjuntores e estabilizadores',true,2);
insert into public.quiz_options (question_id,texto,correta,ordem) values ('211d4e24-a49c-4880-9882-2f1081468ea8','Óculos de proteção',false,3);
insert into public.quiz_options (question_id,texto,correta,ordem) values ('211d4e24-a49c-4880-9882-2f1081468ea8','Firewall',false,4);
insert into public.quiz_questions (id,quiz_id,texto,explicacao,ordem,pontos) values ('0471f986-c966-48b5-869a-b016b96a0957','2b57caba-a9e6-462d-91c5-e073bffe04e0','O que deve ser feito antes do evento para evitar problemas durante a apresentação?','Testes prévios garantem que tudo esteja funcionando e ajudam a evitar problemas durante a apresentação.',4,1);
insert into public.quiz_options (question_id,texto,correta,ordem) values ('0471f986-c966-48b5-869a-b016b96a0957','Desligar todo o monitoramento',false,1);
insert into public.quiz_options (question_id,texto,correta,ordem) values ('0471f986-c966-48b5-869a-b016b96a0957','Realizar testes rigorosos dos equipamentos e sistemas',true,2);
insert into public.quiz_options (question_id,texto,correta,ordem) values ('0471f986-c966-48b5-869a-b016b96a0957','Remover os backups para liberar espaço',false,3);
insert into public.quiz_options (question_id,texto,correta,ordem) values ('0471f986-c966-48b5-869a-b016b96a0957','Conectar todas as redes em uma só',false,4);
insert into public.modules (id,course_id,titulo,ordem) values ('5f8eac47-c30d-47f9-9301-8a452bb431c3','1320b04f-ec96-47e3-905c-46a6f7bce71e','Elétrica I',2);
insert into public.lessons (id,module_id,titulo,tipo,conteudo_rico,duracao_min,ordem,tem_quiz,preview_gratis) values ('37765f96-9ead-484d-9152-eec637d3bc22','5f8eac47-c30d-47f9-9301-8a452bb431c3','O que é eletricidade: fluxo e corrente','texto','<p><strong>Para começar:</strong> Tudo o que liga num evento — som, luz, LED, vídeo — depende de eletricidade. Antes de mexer em qualquer cabo ou tomada, o técnico precisa entender o que de fato está ''correndo'' por dentro daquele fio. Esta aula é a base de todo o resto.</p><p>Eletricidade é o movimento de cargas elétricas dentro de um condutor (normalmente elétrons em um fio metálico). Quando esse movimento é ordenado, dizemos que existe corrente elétrica, e é ela que transporta energia de um ponto a outro do circuito. Nesta aula você entende o conceito de fluxo elétrico e como ele se mede em Ampere.</p><ul><li><strong>Fluxo elétrico:</strong> É a medida da quantidade de carga elétrica que atravessa uma determinada área num intervalo de tempo. É análogo ao fluxo de água em um cano ou ao fluxo de calor: descreve a taxa de movimento das cargas através de um condutor, como um fio elétrico.</li><li><strong>Corrente elétrica:</strong> É o fluxo ordenado de cargas elétricas (geralmente elétrons) através de um condutor. É a corrente que efetivamente transporta a energia elétrica de um ponto a outro do circuito e alimenta os equipamentos.</li><li><strong>Unidade: Ampere (A):</strong> A corrente é medida em ampere (A). Um ampere equivale a um coulomb de carga passando por um ponto do condutor a cada segundo (1 A = 1 C/s). Quanto maior o Ampere, maior a quantidade de carga fluindo por segundo.</li><li><strong>Corrente contínua (CC) x alternada (CA):</strong> Na corrente contínua o fluxo segue sempre no mesmo sentido (ex.: bateria). Na corrente alternada o sentido se inverte muitas vezes por segundo — é o tipo que chega nas tomadas e na rede elétrica que alimenta os eventos.</li><li><strong>Por que importa em eventos:</strong> Equipamentos são especificados em potência (W) mas a fiação, os disjuntores e o gerador trabalham em corrente (A). Saber ler a corrente é o que evita cabo subdimensionado, aquecimento e disjuntor desarmando no meio do show.</li></ul><p><strong>Na prática:</strong> Um refletor de LED informa que ''puxa'' 2,5 A. Se você ligar oito refletores iguais no mesmo circuito, a corrente total é 8 x 2,5 = 20 A. Um circuito protegido por um disjuntor de 16 A não aguentaria essa carga e desarmaria — por isso o técnico distribui os refletores em mais de um circuito.</p><h4>Resumo</h4><ul><li>Corrente elétrica é o fluxo ordenado de cargas (elétrons) num condutor e é o que transporta energia.</li><li>A unidade da corrente é o Ampere (A): 1 A = 1 coulomb por segundo.</li><li>Eventos usam corrente alternada (CA) na rede e nas tomadas; bateria fornece corrente contínua (CC).</li></ul>',12,1,true,false);
insert into public.quizzes (id,lesson_id,titulo) values ('45681604-e9a7-48cd-9c4e-6f99a3d5fc21','37765f96-9ead-484d-9152-eec637d3bc22','Quiz — O que é eletricidade: fluxo e corrente');
insert into public.quiz_questions (id,quiz_id,texto,explicacao,ordem,pontos) values ('e7d7e04c-6958-4e3f-ab40-effea3c2860e','45681604-e9a7-48cd-9c4e-6f99a3d5fc21','Qual é a unidade de medida da corrente elétrica?','A corrente elétrica é medida em Ampere (A). Um ampere corresponde a um coulomb de carga passando por um ponto a cada segundo.',1,1);
insert into public.quiz_options (question_id,texto,correta,ordem) values ('e7d7e04c-6958-4e3f-ab40-effea3c2860e','Volt (V)',false,1);
insert into public.quiz_options (question_id,texto,correta,ordem) values ('e7d7e04c-6958-4e3f-ab40-effea3c2860e','Ampere (A)',true,2);
insert into public.quiz_options (question_id,texto,correta,ordem) values ('e7d7e04c-6958-4e3f-ab40-effea3c2860e','Watt (W)',false,3);
insert into public.quiz_options (question_id,texto,correta,ordem) values ('e7d7e04c-6958-4e3f-ab40-effea3c2860e','Ohm (Ω)',false,4);
insert into public.quiz_questions (id,quiz_id,texto,explicacao,ordem,pontos) values ('f19509cd-3aab-41c7-90b2-3b49d76bd53e','45681604-e9a7-48cd-9c4e-6f99a3d5fc21','O que é corrente elétrica?','Corrente é o movimento ordenado de cargas elétricas (elétrons) através de um condutor; ela transporta a energia pelo circuito.',2,1);
insert into public.quiz_options (question_id,texto,correta,ordem) values ('f19509cd-3aab-41c7-90b2-3b49d76bd53e','A oposição ao fluxo de cargas',false,1);
insert into public.quiz_options (question_id,texto,correta,ordem) values ('f19509cd-3aab-41c7-90b2-3b49d76bd53e','A energia por unidade de carga',false,2);
insert into public.quiz_options (question_id,texto,correta,ordem) values ('f19509cd-3aab-41c7-90b2-3b49d76bd53e','O fluxo ordenado de cargas elétricas num condutor',true,3);
insert into public.quiz_options (question_id,texto,correta,ordem) values ('f19509cd-3aab-41c7-90b2-3b49d76bd53e','A potência consumida por hora',false,4);
insert into public.quiz_questions (id,quiz_id,texto,explicacao,ordem,pontos) values ('e15e0ea1-5b3b-4f8c-aeeb-97d68fe7adba','45681604-e9a7-48cd-9c4e-6f99a3d5fc21','Que tipo de corrente chega nas tomadas que alimentam os equipamentos de um evento?','A rede elétrica e as tomadas fornecem corrente alternada (CA), que inverte o sentido muitas vezes por segundo. Baterias fornecem corrente contínua (CC).',3,1);
insert into public.quiz_options (question_id,texto,correta,ordem) values ('e15e0ea1-5b3b-4f8c-aeeb-97d68fe7adba','Corrente contínua (CC)',false,1);
insert into public.quiz_options (question_id,texto,correta,ordem) values ('e15e0ea1-5b3b-4f8c-aeeb-97d68fe7adba','Corrente alternada (CA)',true,2);
insert into public.quiz_options (question_id,texto,correta,ordem) values ('e15e0ea1-5b3b-4f8c-aeeb-97d68fe7adba','Apenas corrente de bateria',false,3);
insert into public.quiz_options (question_id,texto,correta,ordem) values ('e15e0ea1-5b3b-4f8c-aeeb-97d68fe7adba','Nenhuma corrente',false,4);
insert into public.quiz_questions (id,quiz_id,texto,explicacao,ordem,pontos) values ('16a8f29d-5843-42a1-9ed1-1109ddc670ee','45681604-e9a7-48cd-9c4e-6f99a3d5fc21','Oito refletores de 2,5 A cada, no mesmo circuito, somam que corrente total?','Basta somar as correntes de equipamentos no mesmo circuito: 8 x 2,5 A = 20 A. Isso excede um disjuntor de 16 A, que desarmaria.',4,1);
insert into public.quiz_options (question_id,texto,correta,ordem) values ('16a8f29d-5843-42a1-9ed1-1109ddc670ee','2,5 A',false,1);
insert into public.quiz_options (question_id,texto,correta,ordem) values ('16a8f29d-5843-42a1-9ed1-1109ddc670ee','10 A',false,2);
insert into public.quiz_options (question_id,texto,correta,ordem) values ('16a8f29d-5843-42a1-9ed1-1109ddc670ee','20 A',true,3);
insert into public.quiz_options (question_id,texto,correta,ordem) values ('16a8f29d-5843-42a1-9ed1-1109ddc670ee','16 A',false,4);
insert into public.lessons (id,module_id,titulo,tipo,conteudo_rico,duracao_min,ordem,tem_quiz,preview_gratis) values ('7ec36224-e579-4743-b4e0-c1aec71424ed','5f8eac47-c30d-47f9-9301-8a452bb431c3','Tensão (Volt): a força que empurra a corrente','texto','<p><strong>Para começar:</strong> Se a corrente é a ''água correndo'', a tensão é a ''pressão'' que faz essa água andar. Conhecer a tensão disponível no local (110 V, 220 V, trifásico) é o primeiro dado que o técnico levanta antes de planejar a energia de um palco.</p><p>A tensão elétrica, também chamada de diferença de potencial, é a grandeza que mede a energia elétrica por unidade de carga em um circuito. Ela é a força motriz que impulsiona os elétrons pelo condutor, permitindo o fluxo de corrente. Sem diferença de tensão entre dois pontos, não há corrente.</p><ul><li><strong>Tensão (diferença de potencial):</strong> Mede a quantidade de energia elétrica por unidade de carga entre dois pontos do circuito. É a força que ''empurra'' os elétrons: eles fluem do ponto de maior potencial para o de menor potencial, criando a corrente.</li><li><strong>Unidade: Volt (V):</strong> A tensão é medida em volts (V) e representada pela letra ''V''. Quanto maior a tensão entre dois pontos, maior a força disponível para movimentar as cargas.</li><li><strong>De onde vem a tensão:</strong> É gerada por fontes de energia como baterias, geradores e fontes de alimentação. Pode ser aumentada ou diminuída por transformadores, que elevam ou reduzem a tensão de um circuito.</li><li><strong>Tensões padrão (atenção à região):</strong> A tensão disponível varia conforme o local: 110 V, 127 V, 220 V, 230 V etc. O técnico precisa confirmar qual tensão existe na área do palco antes de conectar qualquer equipamento, pois ligar um aparelho na tensão errada pode danificá-lo.</li><li><strong>Relação com corrente e resistência:</strong> Pela Lei de Ohm, V = I · R: a tensão é igual à corrente multiplicada pela resistência. Essa relação conecta tensão, corrente e resistência — assunto da próxima aula.</li></ul><p><strong>Na prática:</strong> Ao chegar num evento, o técnico mede a tomada com um multímetro e confirma 220 V. Um equipamento importado marcado apenas ''120 V'' não pode ser ligado direto nessa tomada — seria preciso um transformador para reduzir a tensão de 220 V para 120 V, evitando queimar o aparelho.</p><h4>Resumo</h4><ul><li>Tensão é a diferença de potencial: a força que empurra os elétrons pelo circuito, medida em Volt (V).</li><li>Os elétrons fluem do maior para o menor potencial; sem diferença de tensão não há corrente.</li><li>A tensão da rede varia por região (110/127/220/230 V) e deve sempre ser confirmada antes de energizar.</li></ul>',12,2,true,false);
insert into public.quizzes (id,lesson_id,titulo) values ('fad08def-5b3a-4ba8-8e21-bf85fe53e723','7ec36224-e579-4743-b4e0-c1aec71424ed','Quiz — Tensão (Volt): a força que empurra a corrente');
insert into public.quiz_questions (id,quiz_id,texto,explicacao,ordem,pontos) values ('3f063a61-bf78-4e89-b023-959100d5fd1d','fad08def-5b3a-4ba8-8e21-bf85fe53e723','Em que unidade se mede a tensão elétrica?','A tensão (diferença de potencial) é medida em Volt (V) e representada pela letra V.',1,1);
insert into public.quiz_options (question_id,texto,correta,ordem) values ('3f063a61-bf78-4e89-b023-959100d5fd1d','Ampere (A)',false,1);
insert into public.quiz_options (question_id,texto,correta,ordem) values ('3f063a61-bf78-4e89-b023-959100d5fd1d','Ohm (Ω)',false,2);
insert into public.quiz_options (question_id,texto,correta,ordem) values ('3f063a61-bf78-4e89-b023-959100d5fd1d','Volt (V)',true,3);
insert into public.quiz_options (question_id,texto,correta,ordem) values ('3f063a61-bf78-4e89-b023-959100d5fd1d','Watt (W)',false,4);
insert into public.quiz_questions (id,quiz_id,texto,explicacao,ordem,pontos) values ('645ae664-1e25-481d-8395-f0002df08da2','fad08def-5b3a-4ba8-8e21-bf85fe53e723','O que a tensão elétrica representa em um circuito?','A tensão é a diferença de potencial — a força motriz que impulsiona os elétrons pelo condutor, permitindo o fluxo de corrente.',2,1);
insert into public.quiz_options (question_id,texto,correta,ordem) values ('645ae664-1e25-481d-8395-f0002df08da2','O fluxo de cargas',false,1);
insert into public.quiz_options (question_id,texto,correta,ordem) values ('645ae664-1e25-481d-8395-f0002df08da2','A força que empurra os elétrons (diferença de potencial)',true,2);
insert into public.quiz_options (question_id,texto,correta,ordem) values ('645ae664-1e25-481d-8395-f0002df08da2','A oposição à corrente',false,3);
insert into public.quiz_options (question_id,texto,correta,ordem) values ('645ae664-1e25-481d-8395-f0002df08da2','A energia consumida por hora',false,4);
insert into public.quiz_questions (id,quiz_id,texto,explicacao,ordem,pontos) values ('e7916f51-0827-41d4-858f-553e7458cb36','fad08def-5b3a-4ba8-8e21-bf85fe53e723','Por que o técnico deve confirmar a tensão da rede antes de ligar um equipamento?','A tensão varia por região (110/127/220/230 V). Conectar um equipamento a uma tensão diferente da que ele suporta pode queimá-lo; por isso se confirma a tensão antes.',3,1);
insert into public.quiz_options (question_id,texto,correta,ordem) values ('e7916f51-0827-41d4-858f-553e7458cb36','Porque a tensão é sempre 220 V',false,1);
insert into public.quiz_options (question_id,texto,correta,ordem) values ('e7916f51-0827-41d4-858f-553e7458cb36','Porque ligar na tensão errada pode danificar o aparelho',true,2);
insert into public.quiz_options (question_id,texto,correta,ordem) values ('e7916f51-0827-41d4-858f-553e7458cb36','Porque a tensão não influencia o equipamento',false,3);
insert into public.quiz_options (question_id,texto,correta,ordem) values ('e7916f51-0827-41d4-858f-553e7458cb36','Porque a tensão só importa para a iluminação',false,4);
insert into public.lessons (id,module_id,titulo,tipo,conteudo_rico,duracao_min,ordem,tem_quiz,preview_gratis) values ('f367b1ff-b28d-4aa9-a26c-c388fd5d5d53','5f8eac47-c30d-47f9-9301-8a452bb431c3','Resistência (Ohm) e a Lei de Ohm','texto','<p><strong>Para começar:</strong> Por que um cabo fino esquenta e um grosso não? Por que parte da energia ''vira calor''? A resposta está na resistência. E a Lei de Ohm é a fórmula que amarra tensão, corrente e resistência — o cálculo mais importante da elétrica básica.</p><p>Resistência elétrica é a propriedade dos materiais de se opor à passagem da corrente. Ela limita quanta corrente pode fluir e transforma parte da energia elétrica em calor. Entender resistência ajuda o técnico a escolher cabos certos e a evitar aquecimento perigoso na operação.</p><ul><li><strong>Resistência elétrica:</strong> É a propriedade do material que se opõe ao fluxo de corrente. Ela limita a quantidade de corrente que passa e converte parte da energia elétrica em calor. É representada pela letra ''R''.</li><li><strong>Unidade: Ohm (Ω):</strong> A resistência é medida em ohms (Ω), em homenagem ao físico alemão Georg Simon Ohm, que formulou a lei que relaciona tensão, corrente e resistência.</li><li><strong>Fatores que influenciam a resistência:</strong> Dependem do material do condutor, das dimensões físicas (comprimento e área da seção transversal), da temperatura e de outras características. Cabos mais longos e finos têm mais resistência; cabos mais grossos têm menos.</li><li><strong>Lei de Ohm: V = I · R:</strong> A tensão aplicada é igual à corrente multiplicada pela resistência. Reorganizando: I = V / R e R = V / I. Quanto maior a resistência, menor a corrente para uma mesma tensão — e vice-versa.</li><li><strong>Resistência vira calor:</strong> Como a resistência transforma energia em calor, um cabo subdimensionado (resistência alta para a corrente que passa) esquenta. Por isso se escolhe a bitola do cabo de acordo com a corrente que ele vai transportar.</li><li><strong>Resistores:</strong> Componentes feitos para introduzir uma resistência definida no circuito, controlando a corrente e a tensão em diferentes partes do sistema.</li></ul><p><strong>Na prática:</strong> Um equipamento de 220 V tem resistência de 44 Ω. Pela Lei de Ohm, a corrente é I = V / R = 220 / 44 = 5 A. Com esse valor o técnico já sabe que precisa de um circuito e de um cabo que suportem pelo menos 5 A, com margem de segurança acima disso.</p><h4>Resumo</h4><ul><li>Resistência (R) é a oposição ao fluxo de corrente, medida em Ohm (Ω), e transforma energia em calor.</li><li>A Lei de Ohm relaciona as três grandezas: V = I · R (logo I = V/R e R = V/I).</li><li>Mais resistência significa menos corrente para a mesma tensão; cabo subdimensionado esquenta.</li></ul>',13,3,true,false);
insert into public.quizzes (id,lesson_id,titulo) values ('173264d0-8904-4024-88d3-48895e770ae9','f367b1ff-b28d-4aa9-a26c-c388fd5d5d53','Quiz — Resistência (Ohm) e a Lei de Ohm');
insert into public.quiz_questions (id,quiz_id,texto,explicacao,ordem,pontos) values ('5794a1d8-36a3-4dc2-b3e4-500628410c0d','173264d0-8904-4024-88d3-48895e770ae9','Qual é a fórmula da Lei de Ohm?','A Lei de Ohm é V = I · R: a tensão é igual à corrente multiplicada pela resistência. Dela se obtém I = V/R e R = V/I.',1,1);
insert into public.quiz_options (question_id,texto,correta,ordem) values ('5794a1d8-36a3-4dc2-b3e4-500628410c0d','P = V · I',false,1);
insert into public.quiz_options (question_id,texto,correta,ordem) values ('5794a1d8-36a3-4dc2-b3e4-500628410c0d','V = I · R',true,2);
insert into public.quiz_options (question_id,texto,correta,ordem) values ('5794a1d8-36a3-4dc2-b3e4-500628410c0d','I = P · V',false,3);
insert into public.quiz_options (question_id,texto,correta,ordem) values ('5794a1d8-36a3-4dc2-b3e4-500628410c0d','R = V · I',false,4);
insert into public.quiz_questions (id,quiz_id,texto,explicacao,ordem,pontos) values ('c8966c47-4bb8-4fb0-a234-20fb2be08c80','173264d0-8904-4024-88d3-48895e770ae9','Em que unidade se mede a resistência elétrica?','A resistência é medida em Ohm (Ω), nome em homenagem a Georg Simon Ohm.',2,1);
insert into public.quiz_options (question_id,texto,correta,ordem) values ('c8966c47-4bb8-4fb0-a234-20fb2be08c80','Volt (V)',false,1);
insert into public.quiz_options (question_id,texto,correta,ordem) values ('c8966c47-4bb8-4fb0-a234-20fb2be08c80','Watt (W)',false,2);
insert into public.quiz_options (question_id,texto,correta,ordem) values ('c8966c47-4bb8-4fb0-a234-20fb2be08c80','Ohm (Ω)',true,3);
insert into public.quiz_options (question_id,texto,correta,ordem) values ('c8966c47-4bb8-4fb0-a234-20fb2be08c80','Ampere (A)',false,4);
insert into public.quiz_questions (id,quiz_id,texto,explicacao,ordem,pontos) values ('0a09602c-b411-46e7-bb66-343d901f3a6e','173264d0-8904-4024-88d3-48895e770ae9','Para uma mesma tensão, o que acontece com a corrente se a resistência aumenta?','Por I = V/R, aumentando a resistência (R) com a tensão (V) fixa, a corrente (I) diminui. Mais resistência, menos corrente.',3,1);
insert into public.quiz_options (question_id,texto,correta,ordem) values ('0a09602c-b411-46e7-bb66-343d901f3a6e','A corrente aumenta',false,1);
insert into public.quiz_options (question_id,texto,correta,ordem) values ('0a09602c-b411-46e7-bb66-343d901f3a6e','A corrente diminui',true,2);
insert into public.quiz_options (question_id,texto,correta,ordem) values ('0a09602c-b411-46e7-bb66-343d901f3a6e','A corrente não muda',false,3);
insert into public.quiz_options (question_id,texto,correta,ordem) values ('0a09602c-b411-46e7-bb66-343d901f3a6e','A tensão é que diminui',false,4);
insert into public.quiz_questions (id,quiz_id,texto,explicacao,ordem,pontos) values ('d0c3a118-bbb8-4d85-9ddb-a1ff909c4347','173264d0-8904-4024-88d3-48895e770ae9','Um equipamento de 220 V tem resistência de 44 Ω. Qual a corrente?','I = V/R = 220/44 = 5 A. Com isso o técnico dimensiona cabo e circuito para suportar ao menos 5 A com margem.',4,1);
insert into public.quiz_options (question_id,texto,correta,ordem) values ('d0c3a118-bbb8-4d85-9ddb-a1ff909c4347','2 A',false,1);
insert into public.quiz_options (question_id,texto,correta,ordem) values ('d0c3a118-bbb8-4d85-9ddb-a1ff909c4347','5 A',true,2);
insert into public.quiz_options (question_id,texto,correta,ordem) values ('d0c3a118-bbb8-4d85-9ddb-a1ff909c4347','10 A',false,3);
insert into public.quiz_options (question_id,texto,correta,ordem) values ('d0c3a118-bbb8-4d85-9ddb-a1ff909c4347','44 A',false,4);
insert into public.lessons (id,module_id,titulo,tipo,conteudo_rico,duracao_min,ordem,tem_quiz,preview_gratis) values ('289c3d80-ceb3-418a-9ebc-342d3b2f83b8','5f8eac47-c30d-47f9-9301-8a452bb431c3','Potência (Watt) e cálculo de consumo','texto','<p><strong>Para começar:</strong> Toda ficha técnica de equipamento traz a potência em Watts. É esse número que o técnico soma para saber o consumo total do evento e dimensionar gerador, cabos e disjuntores. Errar essa conta é arriscar sobrecarga e parada do show.</p><p>Potência elétrica é a taxa com que a energia elétrica é transferida, consumida ou dissipada em um circuito — ou seja, quanta energia o equipamento usa por unidade de tempo. É a grandeza-chave para entender consumo e calcular custos e capacidade de fornecimento.</p><ul><li><strong>Potência elétrica:</strong> É a taxa na qual a energia elétrica é transferida ou convertida em um circuito — a quantidade de energia consumida, produzida ou dissipada por unidade de tempo.</li><li><strong>Unidade: Watt (W):</strong> A potência se mede em watts (W), em homenagem a James Watt. 1.000 W equivalem a 1 quilowatt (kW). É comum somar a potência dos equipamentos em kW para dimensionar a energia do evento.</li><li><strong>Fórmula principal: P = V · I:</strong> A potência é o produto da tensão pela corrente. Logo, ela é diretamente proporcional tanto à tensão quanto à corrente do circuito.</li><li><strong>Outras formas (com a Lei de Ohm):</strong> A potência também pode ser escrita como P = I² · R (em função da corrente e da resistência) ou P = V² / R (em função da tensão e da resistência).</li><li><strong>Calcular a corrente a partir da potência:</strong> Reorganizando P = V · I, obtém-se I = P / V. É a conta que o técnico usa para descobrir quantos amperes um equipamento puxa, conhecendo sua potência e a tensão da rede.</li><li><strong>Energia x potência: o kWh:</strong> O consumo de energia ao longo do tempo é medido em quilowatt-hora (kWh): a energia usada em uma hora a uma taxa constante de 1 kW. É a unidade que aparece na conta de luz.</li></ul><p><strong>Na prática:</strong> Um sistema de som soma 4.400 W de potência e a tensão da rede é 220 V. A corrente é I = P / V = 4.400 / 220 = 20 A. Sabendo disso, o técnico já planeja cabos e disjuntor para suportar 20 A com folga, distribuindo a carga se necessário.</p><h4>Resumo</h4><ul><li>Potência é a energia usada por unidade de tempo, medida em Watt (W); 1.000 W = 1 kW.</li><li>A fórmula central é P = V · I, de onde se tira I = P / V para achar a corrente.</li><li>Energia consumida ao longo do tempo é medida em quilowatt-hora (kWh) — a unidade da conta de luz.</li></ul>',14,4,true,false);
insert into public.quizzes (id,lesson_id,titulo) values ('de180f31-7cce-48d1-9d4f-641e1bb0a17c','289c3d80-ceb3-418a-9ebc-342d3b2f83b8','Quiz — Potência (Watt) e cálculo de consumo');
insert into public.quiz_questions (id,quiz_id,texto,explicacao,ordem,pontos) values ('35a1345a-8421-4a54-9624-6bfd9cf3eb96','de180f31-7cce-48d1-9d4f-641e1bb0a17c','Qual é a fórmula da potência elétrica?','A potência é o produto da tensão pela corrente: P = V · I. Por isso ela é proporcional tanto à tensão quanto à corrente.',1,1);
insert into public.quiz_options (question_id,texto,correta,ordem) values ('35a1345a-8421-4a54-9624-6bfd9cf3eb96','P = V / I',false,1);
insert into public.quiz_options (question_id,texto,correta,ordem) values ('35a1345a-8421-4a54-9624-6bfd9cf3eb96','P = V · I',true,2);
insert into public.quiz_options (question_id,texto,correta,ordem) values ('35a1345a-8421-4a54-9624-6bfd9cf3eb96','P = I / V',false,3);
insert into public.quiz_options (question_id,texto,correta,ordem) values ('35a1345a-8421-4a54-9624-6bfd9cf3eb96','P = V · R',false,4);
insert into public.quiz_questions (id,quiz_id,texto,explicacao,ordem,pontos) values ('007cb69d-82bb-4cee-8424-485b4dcf7a17','de180f31-7cce-48d1-9d4f-641e1bb0a17c','Em que unidade se mede a potência elétrica?','A potência se mede em Watt (W), em homenagem a James Watt. 1.000 W = 1 kW.',2,1);
insert into public.quiz_options (question_id,texto,correta,ordem) values ('007cb69d-82bb-4cee-8424-485b4dcf7a17','Volt (V)',false,1);
insert into public.quiz_options (question_id,texto,correta,ordem) values ('007cb69d-82bb-4cee-8424-485b4dcf7a17','Ampere (A)',false,2);
insert into public.quiz_options (question_id,texto,correta,ordem) values ('007cb69d-82bb-4cee-8424-485b4dcf7a17','Watt (W)',true,3);
insert into public.quiz_options (question_id,texto,correta,ordem) values ('007cb69d-82bb-4cee-8424-485b4dcf7a17','Ohm (Ω)',false,4);
insert into public.quiz_questions (id,quiz_id,texto,explicacao,ordem,pontos) values ('2ae879a1-ff97-43f8-8d83-d56739f271fb','de180f31-7cce-48d1-9d4f-641e1bb0a17c','Um equipamento de 4.400 W em 220 V puxa que corrente?','Usando I = P/V = 4.400/220 = 20 A. Essa conta converte potência em corrente para dimensionar cabos e disjuntores.',3,1);
insert into public.quiz_options (question_id,texto,correta,ordem) values ('2ae879a1-ff97-43f8-8d83-d56739f271fb','10 A',false,1);
insert into public.quiz_options (question_id,texto,correta,ordem) values ('2ae879a1-ff97-43f8-8d83-d56739f271fb','20 A',true,2);
insert into public.quiz_options (question_id,texto,correta,ordem) values ('2ae879a1-ff97-43f8-8d83-d56739f271fb','44 A',false,3);
insert into public.quiz_options (question_id,texto,correta,ordem) values ('2ae879a1-ff97-43f8-8d83-d56739f271fb','200 A',false,4);
insert into public.quiz_questions (id,quiz_id,texto,explicacao,ordem,pontos) values ('616746ca-8644-4d63-80e5-3ef2cac4f8c3','de180f31-7cce-48d1-9d4f-641e1bb0a17c','O que a unidade quilowatt-hora (kWh) representa?','O kWh mede a energia consumida ao longo do tempo (1 kW durante 1 hora). É a unidade que aparece na conta de luz.',4,1);
insert into public.quiz_options (question_id,texto,correta,ordem) values ('616746ca-8644-4d63-80e5-3ef2cac4f8c3','A força que empurra a corrente',false,1);
insert into public.quiz_options (question_id,texto,correta,ordem) values ('616746ca-8644-4d63-80e5-3ef2cac4f8c3','A resistência de um cabo',false,2);
insert into public.quiz_options (question_id,texto,correta,ordem) values ('616746ca-8644-4d63-80e5-3ef2cac4f8c3','A energia consumida ao longo do tempo',true,3);
insert into public.quiz_options (question_id,texto,correta,ordem) values ('616746ca-8644-4d63-80e5-3ef2cac4f8c3','A corrente instantânea',false,4);
insert into public.lessons (id,module_id,titulo,tipo,conteudo_rico,duracao_min,ordem,tem_quiz,preview_gratis) values ('ef8daa53-1ba9-4f38-8676-2c2688d861bd','5f8eac47-c30d-47f9-9301-8a452bb431c3','Fontes de energia: companhia, auxiliar e backup','texto','<p><strong>Para começar:</strong> Nem todo local tem rede elétrica suficiente para um show. O técnico precisa conhecer as três fontes — rede da companhia, geradores e sistemas de backup — para garantir que o evento aconteça em qualquer lugar e não pare se faltar energia.</p><p>A energia de um evento pode vir de três caminhos que se complementam: a rede da companhia elétrica, a energia auxiliar (geradores) e os sistemas de backup. Cada uma tem seu papel, e em eventos de grande porte elas trabalham juntas para garantir continuidade.</p><ul><li><strong>Companhia elétrica: geração:</strong> A eletricidade é produzida em usinas a partir de fontes como carvão, gás natural, nuclear, hidrelétrica, solar e eólica, cada uma com vantagens e desvantagens de custo, disponibilidade e impacto ambiental.</li><li><strong>Companhia elétrica: distribuição e medição:</strong> Depois de gerada, a energia passa por linhas de transmissão e subestações até a rede de distribuição, que a leva às instalações. O consumo é medido em quilowatt-hora (kWh).</li><li><strong>Quadro de distribuição (Main Power):</strong> A energia entra na instalação por um quadro de distribuição, onde disjuntores e fusíveis protegem o sistema contra sobrecargas e curtos-circuitos, dividindo a energia em circuitos para áreas específicas.</li><li><strong>Energia auxiliar: geradores:</strong> Quando a rede do local é insuficiente ou inexistente, usa-se um gerador — equipamento que converte energia mecânica (motor a diesel) em energia elétrica, criando um sistema elétrico independente e móvel para som, luz, LED, vídeo e áreas de apoio.</li><li><strong>Backup: baterias e UPS:</strong> Para evitar paradas em falhas da rede, usam-se sistemas de reserva: baterias (íon-lítio, chumbo-ácido) e UPS (sistema de alimentação ininterrupta), que assumem o fornecimento aos equipamentos críticos quando a energia principal cai.</li><li><strong>Backup: geradores a combustível e sistemas híbridos:</strong> Geradores a diesel sustentam o fornecimento por períodos prolongados em instalações críticas como eventos. Sistemas híbridos combinam baterias, geradores e painéis solares para dar redundância e flexibilidade.</li><li><strong>Boas práticas do backup:</strong> Avaliar as necessidades e priorizar os equipamentos críticos, escolher a tecnologia adequada, instalar com profissionais qualificados, testar regularmente e fazer manutenção (baterias carregadas, geradores em ordem).</li></ul><p><strong>Na prática:</strong> Num festival ao ar livre sem rede suficiente, a produção instala dois geradores a diesel: um alimenta som e luz, o outro fica como redundância. A mesa de som e os equipamentos mais sensíveis ainda recebem um UPS, que segura o sinal por alguns segundos se houver troca de fonte, evitando que o show pare por uma falha momentânea.</p><h4>Resumo</h4><ul><li>A energia do evento pode vir da companhia elétrica, de geradores (auxiliar) e de sistemas de backup.</li><li>O quadro de distribuição (Main Power) recebe a energia e a protege com disjuntores e fusíveis.</li><li>Backup (baterias, UPS, geradores redundantes) garante continuidade para os equipamentos críticos.</li></ul>',15,5,true,false);
insert into public.quizzes (id,lesson_id,titulo) values ('2e861264-7fc3-49f0-ad1a-76aad27743c3','ef8daa53-1ba9-4f38-8676-2c2688d861bd','Quiz — Fontes de energia: companhia, auxiliar e backup');
insert into public.quiz_questions (id,quiz_id,texto,explicacao,ordem,pontos) values ('c84ece0c-f8a4-47a6-8515-fd2e64299b96','2e861264-7fc3-49f0-ad1a-76aad27743c3','O que faz o quadro de distribuição (Main Power)?','O quadro de distribuição recebe a energia da rede ou do gerador e a divide em circuitos, protegendo o sistema contra sobrecargas e curtos com disjuntores e fusíveis.',1,1);
insert into public.quiz_options (question_id,texto,correta,ordem) values ('c84ece0c-f8a4-47a6-8515-fd2e64299b96','Gera a energia elétrica',false,1);
insert into public.quiz_options (question_id,texto,correta,ordem) values ('c84ece0c-f8a4-47a6-8515-fd2e64299b96','Recebe a energia e a protege/divide em circuitos com disjuntores e fusíveis',true,2);
insert into public.quiz_options (question_id,texto,correta,ordem) values ('c84ece0c-f8a4-47a6-8515-fd2e64299b96','Mede apenas a tensão',false,3);
insert into public.quiz_options (question_id,texto,correta,ordem) values ('c84ece0c-f8a4-47a6-8515-fd2e64299b96','Substitui o gerador',false,4);
insert into public.quiz_questions (id,quiz_id,texto,explicacao,ordem,pontos) values ('7a67b7b9-755b-406d-b25a-41db14fc4dbd','2e861264-7fc3-49f0-ad1a-76aad27743c3','O que é um gerador de energia usado em eventos?','O gerador converte energia mecânica, normalmente de um motor a diesel, em energia elétrica, criando um sistema independente e móvel para o evento.',2,1);
insert into public.quiz_options (question_id,texto,correta,ordem) values ('7a67b7b9-755b-406d-b25a-41db14fc4dbd','Um aparelho que armazena energia em bateria',false,1);
insert into public.quiz_options (question_id,texto,correta,ordem) values ('7a67b7b9-755b-406d-b25a-41db14fc4dbd','Um equipamento que converte energia mecânica (motor a diesel) em energia elétrica',true,2);
insert into public.quiz_options (question_id,texto,correta,ordem) values ('7a67b7b9-755b-406d-b25a-41db14fc4dbd','Um transformador de tensão',false,3);
insert into public.quiz_options (question_id,texto,correta,ordem) values ('7a67b7b9-755b-406d-b25a-41db14fc4dbd','Um medidor de consumo',false,4);
insert into public.quiz_questions (id,quiz_id,texto,explicacao,ordem,pontos) values ('f8fff903-911f-45d2-9673-ead32fd66933','2e861264-7fc3-49f0-ad1a-76aad27743c3','Para que serve um sistema de backup (baterias/UPS) num evento?','O backup (baterias, UPS, gerador redundante) assume o fornecimento aos equipamentos críticos em caso de interrupção, garantindo continuidade do evento.',3,1);
insert into public.quiz_options (question_id,texto,correta,ordem) values ('f8fff903-911f-45d2-9673-ead32fd66933','Para aumentar a tensão da rede',false,1);
insert into public.quiz_options (question_id,texto,correta,ordem) values ('f8fff903-911f-45d2-9673-ead32fd66933','Para reduzir o consumo em kWh',false,2);
insert into public.quiz_options (question_id,texto,correta,ordem) values ('f8fff903-911f-45d2-9673-ead32fd66933','Para manter os equipamentos críticos funcionando se a energia principal cair',true,3);
insert into public.quiz_options (question_id,texto,correta,ordem) values ('f8fff903-911f-45d2-9673-ead32fd66933','Para medir a corrente dos cabos',false,4);
insert into public.quiz_questions (id,quiz_id,texto,explicacao,ordem,pontos) values ('903f571b-900c-4da5-8227-0f535d1a14bd','2e861264-7fc3-49f0-ad1a-76aad27743c3','Em que unidade a companhia elétrica mede o consumo de energia?','O consumo é medido em quilowatt-hora (kWh), que representa a energia usada em uma hora a uma taxa constante de 1 kW.',4,1);
insert into public.quiz_options (question_id,texto,correta,ordem) values ('903f571b-900c-4da5-8227-0f535d1a14bd','Ampere (A)',false,1);
insert into public.quiz_options (question_id,texto,correta,ordem) values ('903f571b-900c-4da5-8227-0f535d1a14bd','Volt (V)',false,2);
insert into public.quiz_options (question_id,texto,correta,ordem) values ('903f571b-900c-4da5-8227-0f535d1a14bd','Quilowatt-hora (kWh)',true,3);
insert into public.quiz_options (question_id,texto,correta,ordem) values ('903f571b-900c-4da5-8227-0f535d1a14bd','Ohm (Ω)',false,4);
insert into public.lessons (id,module_id,titulo,tipo,conteudo_rico,duracao_min,ordem,tem_quiz,preview_gratis) values ('92804f12-1a30-4cc0-b823-8fad45b6bc12','5f8eac47-c30d-47f9-9301-8a452bb431c3','Dimensionamento de carga e gerador','texto','<p><strong>Para começar:</strong> Dimensionar a carga é a tarefa que separa o evento que funciona do que dá problema. É somar tudo o que consome energia, converter em corrente e escolher gerador, cabos e disjuntores certos — com margem de segurança para os picos.</p><p>Dimensionar a parte elétrica de um palco é determinar quanta energia será necessária e como distribuí-la para alimentar iluminação, som, vídeo e demais equipamentos. O processo é metódico: levantar potências, somar, converter em corrente, escolher a distribuição e os dispositivos de proteção — sempre com folga.</p><ul><li><strong>1. Levantar os requisitos:</strong> Listar todos os equipamentos do palco (luzes, alto-falantes, amplificadores, projetores, máquinas de efeito) e anotar potência (W), tensão (V) e/ou corrente (A) de cada um.</li><li><strong>2. Calcular a demanda total:</strong> Somar as potências (ou correntes) de todos os dispositivos para obter a demanda total de energia do evento.</li><li><strong>3. Determinar a tensão:</strong> Confirmar a tensão disponível na área do palco (110 V, 220 V, 230 V...), pois ela varia conforme a região.</li><li><strong>4. Calcular a corrente:</strong> Usar I = P / V, onde I é a corrente (A), P a potência (W) e V a tensão (V). É a conta que transforma a potência total em corrente para dimensionar cabos e proteções.</li><li><strong>5. Distribuir e separar circuitos:</strong> Distribuir as cargas de forma uniforme em várias tomadas/circuitos para evitar sobrecarga. Equipamentos de alta potência (como iluminação) geralmente exigem circuitos dedicados.</li><li><strong>6. Margem de segurança do gerador:</strong> O gerador nunca deve operar no limite. Como boa prática, trabalha-se com 20% a 30% de capacidade livre, garantindo estabilidade e absorvendo os picos de consumo.</li><li><strong>7. Proteção, infraestrutura e documentação:</strong> Usar disjuntores e fusíveis, caixas de distribuição e cabos adequados; planejar o roteamento de cabos para evitar tropeços; documentar todas as conexões. Em demandas complexas, consultar eletricista ou engenheiro qualificado.</li></ul><p><strong>Na prática:</strong> Um palco soma 13.200 W de equipamentos em 220 V. A corrente é I = P/V = 13.200/220 = 60 A. Para essa carga não rodar no limite, o gerador deve ter folga de 20% a 30%: 60 A representariam no máximo 70% a 80% da sua capacidade, ou seja, escolhe-se um gerador dimensionado para algo em torno de 75 a 80 A (ou a potência equivalente), e a iluminação fica em circuito dedicado.</p><h4>Resumo</h4><ul><li>Dimensionar carga é somar as potências, converter em corrente (I = P/V) e escolher cabos, gerador e proteções.</li><li>Distribua as cargas de forma uniforme e use circuitos dedicados para equipamentos de alta potência.</li><li>O gerador nunca opera no limite: trabalhe com 20% a 30% de capacidade livre para os picos.</li></ul>',16,6,true,false);
insert into public.quizzes (id,lesson_id,titulo) values ('5464aa30-5f48-4bb1-9193-eb325f75d598','92804f12-1a30-4cc0-b823-8fad45b6bc12','Quiz — Dimensionamento de carga e gerador');
insert into public.quiz_questions (id,quiz_id,texto,explicacao,ordem,pontos) values ('0a11253b-606b-4d75-b6a5-d1ee27455b2b','5464aa30-5f48-4bb1-9193-eb325f75d598','Qual fórmula converte a potência total em corrente para dimensionar a parte elétrica?','Reorganizando P = V · I, obtém-se I = P / V. É a conta usada para descobrir a corrente a partir da potência e da tensão.',1,1);
insert into public.quiz_options (question_id,texto,correta,ordem) values ('0a11253b-606b-4d75-b6a5-d1ee27455b2b','I = P · V',false,1);
insert into public.quiz_options (question_id,texto,correta,ordem) values ('0a11253b-606b-4d75-b6a5-d1ee27455b2b','I = P / V',true,2);
insert into public.quiz_options (question_id,texto,correta,ordem) values ('0a11253b-606b-4d75-b6a5-d1ee27455b2b','I = V / P',false,3);
insert into public.quiz_options (question_id,texto,correta,ordem) values ('0a11253b-606b-4d75-b6a5-d1ee27455b2b','I = V · R',false,4);
insert into public.quiz_questions (id,quiz_id,texto,explicacao,ordem,pontos) values ('598889fc-2aa5-4638-9121-4eda50664910','5464aa30-5f48-4bb1-9193-eb325f75d598','Qual é a margem de segurança recomendada para não operar o gerador no limite?','A boa prática é manter 20% a 30% de capacidade livre no gerador, garantindo estabilidade e absorvendo picos de consumo.',2,1);
insert into public.quiz_options (question_id,texto,correta,ordem) values ('598889fc-2aa5-4638-9121-4eda50664910','0% a 5% de folga',false,1);
insert into public.quiz_options (question_id,texto,correta,ordem) values ('598889fc-2aa5-4638-9121-4eda50664910','20% a 30% de capacidade livre',true,2);
insert into public.quiz_options (question_id,texto,correta,ordem) values ('598889fc-2aa5-4638-9121-4eda50664910','50% a 60% de folga',false,3);
insert into public.quiz_options (question_id,texto,correta,ordem) values ('598889fc-2aa5-4638-9121-4eda50664910','Não há margem; pode operar no limite',false,4);
insert into public.quiz_questions (id,quiz_id,texto,explicacao,ordem,pontos) values ('57e1b880-1748-43f8-89ae-3b4707b55f91','5464aa30-5f48-4bb1-9193-eb325f75d598','Um palco de 13.200 W em 220 V exige que corrente?','I = P/V = 13.200/220 = 60 A. A partir daí dimensiona-se o gerador com folga e separam-se os circuitos de alta potência.',3,1);
insert into public.quiz_options (question_id,texto,correta,ordem) values ('57e1b880-1748-43f8-89ae-3b4707b55f91','30 A',false,1);
insert into public.quiz_options (question_id,texto,correta,ordem) values ('57e1b880-1748-43f8-89ae-3b4707b55f91','44 A',false,2);
insert into public.quiz_options (question_id,texto,correta,ordem) values ('57e1b880-1748-43f8-89ae-3b4707b55f91','60 A',true,3);
insert into public.quiz_options (question_id,texto,correta,ordem) values ('57e1b880-1748-43f8-89ae-3b4707b55f91','132 A',false,4);
insert into public.quiz_questions (id,quiz_id,texto,explicacao,ordem,pontos) values ('886e9d71-00cd-463e-9db7-bbb227ea7328','5464aa30-5f48-4bb1-9193-eb325f75d598','Por que equipamentos de iluminação costumam ficar em circuitos dedicados?','Equipamentos de alta potência, como iluminação, geralmente exigem circuitos dedicados para distribuir a carga e evitar sobrecargas.',4,1);
insert into public.quiz_options (question_id,texto,correta,ordem) values ('886e9d71-00cd-463e-9db7-bbb227ea7328','Porque consomem pouca energia',false,1);
insert into public.quiz_options (question_id,texto,correta,ordem) values ('886e9d71-00cd-463e-9db7-bbb227ea7328','Porque são de alta potência e evitam sobrecarregar circuitos compartilhados',true,2);
insert into public.quiz_options (question_id,texto,correta,ordem) values ('886e9d71-00cd-463e-9db7-bbb227ea7328','Porque não precisam de proteção',false,3);
insert into public.quiz_options (question_id,texto,correta,ordem) values ('886e9d71-00cd-463e-9db7-bbb227ea7328','Porque a luz não usa corrente',false,4);
insert into public.lessons (id,module_id,titulo,tipo,conteudo_rico,duracao_min,ordem,tem_quiz,preview_gratis) values ('3bb0d3a4-b779-4685-93ff-1b67a65bbc46','5f8eac47-c30d-47f9-9301-8a452bb431c3','Gerenciamento e segurança da rede elétrica','texto','<p><strong>Para começar:</strong> Montar a energia é metade do trabalho; gerenciá-la com segurança durante o evento é a outra. Main Power, balanceamento de fases, aterramento e monitoramento são o que mantém o show estável do início ao fim, sem riscos para equipamentos e pessoas.</p><p>A rede elétrica é um dos sistemas mais críticos de uma produção: som, luz, vídeo, LED e efeitos dependem de uma distribuição organizada, segura e estável. Por isso o gerenciamento começa no planejamento da carga total e segue durante toda a operação, com foco em proteção, balanceamento e monitoramento.</p><ul><li><strong>Planejamento da carga total:</strong> Primeiro passo do gerenciamento: levantar o consumo de todos os equipamentos e organizar como a energia será distribuída entre palco, iluminação, house mix, backstage, camarins e áreas de apoio.</li><li><strong>Main Power (distribuição principal):</strong> Quadro principal onde a energia da rede ou do gerador é recebida e distribuída. Funciona como centro de controle, normalmente com disjuntores principais, barramentos, saídas trifásicas e monofásicas, medidores de corrente e tensão e proteções contra sobrecarga e curto-circuito.</li><li><strong>Subquadros e racks:</strong> A partir do Main Power, a energia segue para subquadros e racks de distribuição, que alimentam os equipamentos específicos de cada área técnica.</li><li><strong>Balanceamento de fases:</strong> Em sistemas trifásicos (comuns em eventos), distribuir a carga de forma equilibrada entre as três fases. O desequilíbrio pode causar aquecimento de cabos, queda de tensão, desarme de disjuntores e instabilidade nos equipamentos.</li><li><strong>Proteção e cabos:</strong> Cada circuito deve ter disjuntor adequado contra sobrecarga e curto-circuito, e os cabos devem ser dimensionados para suportar a corrente que vão transportar, evitando aquecimento e risco de incêndio.</li><li><strong>Aterramento, organização e identificação:</strong> Todo sistema precisa de aterramento adequado para segurança de equipamentos e pessoas. Cabos devem ser organizados e protegidos de pessoas, veículos e intempéries; quadros, cabos e conexões devem ser claramente identificados.</li><li><strong>Monitoramento durante o evento:</strong> A equipe acompanha constantemente consumo de corrente, estabilidade da tensão, temperatura de cabos e conectores e funcionamento dos disjuntores, identificando problemas cedo e evitando falhas.</li></ul><p><strong>Na prática:</strong> Num evento trifásico, o técnico percebe no Main Power que a fase A está com 80 A e as fases B e C com 30 A cada. Esse desequilíbrio aquece o cabo da fase A e pode derrubar o disjuntor. Ele redistribui circuitos entre as fases até deixá-las próximas (cerca de 45 a 50 A cada), restabelecendo o balanceamento e a estabilidade do sistema.</p><h4>Resumo</h4><ul><li>O gerenciamento começa no planejamento da carga e centraliza a energia no Main Power, com proteções e medidores.</li><li>Em sistemas trifásicos é essencial balancear as fases para evitar aquecimento, queda de tensão e desarme.</li><li>Segurança exige aterramento, cabos dimensionados, identificação e monitoramento contínuo durante o evento.</li></ul>',16,7,true,false);
insert into public.quizzes (id,lesson_id,titulo) values ('40f1d910-8683-4aba-a230-467d6f3ae214','3bb0d3a4-b779-4685-93ff-1b67a65bbc46','Quiz — Gerenciamento e segurança da rede elétrica');
insert into public.quiz_questions (id,quiz_id,texto,explicacao,ordem,pontos) values ('5734d346-4356-436f-a1f1-7685fc2190cb','40f1d910-8683-4aba-a230-467d6f3ae214','O que é o Main Power em uma produção de eventos?','O Main Power é o quadro principal de distribuição: recebe a energia da rede ou do gerador e a distribui de forma organizada e protegida para os setores do evento.',1,1);
insert into public.quiz_options (question_id,texto,correta,ordem) values ('5734d346-4356-436f-a1f1-7685fc2190cb','O gerador a diesel',false,1);
insert into public.quiz_options (question_id,texto,correta,ordem) values ('5734d346-4356-436f-a1f1-7685fc2190cb','O quadro principal que recebe e distribui a energia, funcionando como centro de controle',true,2);
insert into public.quiz_options (question_id,texto,correta,ordem) values ('5734d346-4356-436f-a1f1-7685fc2190cb','O cabo de aterramento',false,3);
insert into public.quiz_options (question_id,texto,correta,ordem) values ('5734d346-4356-436f-a1f1-7685fc2190cb','O medidor da companhia elétrica',false,4);
insert into public.quiz_questions (id,quiz_id,texto,explicacao,ordem,pontos) values ('fe25043a-62f4-4028-a5b6-aa419ac7b1c4','40f1d910-8683-4aba-a230-467d6f3ae214','Por que é importante balancear as fases em um sistema trifásico?','O desequilíbrio de fases sobrecarrega uma das fases, causando aquecimento de cabos, queda de tensão, desarme de disjuntores e instabilidade. Balancear distribui a carga entre as três fases.',2,1);
insert into public.quiz_options (question_id,texto,correta,ordem) values ('fe25043a-62f4-4028-a5b6-aa419ac7b1c4','Para aumentar a tensão da rede',false,1);
insert into public.quiz_options (question_id,texto,correta,ordem) values ('fe25043a-62f4-4028-a5b6-aa419ac7b1c4','Para distribuir a carga igualmente e evitar aquecimento, queda de tensão e desarme',true,2);
insert into public.quiz_options (question_id,texto,correta,ordem) values ('fe25043a-62f4-4028-a5b6-aa419ac7b1c4','Para reduzir o número de disjuntores',false,3);
insert into public.quiz_options (question_id,texto,correta,ordem) values ('fe25043a-62f4-4028-a5b6-aa419ac7b1c4','Porque o aterramento depende disso',false,4);
insert into public.quiz_questions (id,quiz_id,texto,explicacao,ordem,pontos) values ('e359e476-7651-436b-a19b-1927a62c578f','40f1d910-8683-4aba-a230-467d6f3ae214','Qual prática garante segurança de pessoas e equipamentos contra choques?','O aterramento adequado é fundamental para a segurança de equipamentos e pessoas, reduzindo riscos de choque elétrico.',3,1);
insert into public.quiz_options (question_id,texto,correta,ordem) values ('e359e476-7651-436b-a19b-1927a62c578f','Deixar os cabos soltos pelo chão',false,1);
insert into public.quiz_options (question_id,texto,correta,ordem) values ('e359e476-7651-436b-a19b-1927a62c578f','Operar o gerador no limite',false,2);
insert into public.quiz_options (question_id,texto,correta,ordem) values ('e359e476-7651-436b-a19b-1927a62c578f','Aterramento adequado do sistema',true,3);
insert into public.quiz_options (question_id,texto,correta,ordem) values ('e359e476-7651-436b-a19b-1927a62c578f','Não identificar os quadros',false,4);
insert into public.quiz_questions (id,quiz_id,texto,explicacao,ordem,pontos) values ('010ebac1-f31a-4af1-afd0-716a7735e3f7','40f1d910-8683-4aba-a230-467d6f3ae214','O que a equipe técnica deve monitorar durante o evento?','Durante a operação, monitora-se continuamente corrente, tensão, temperatura de cabos/conectores e os disjuntores, para identificar problemas cedo e evitar falhas.',4,1);
insert into public.quiz_options (question_id,texto,correta,ordem) values ('010ebac1-f31a-4af1-afd0-716a7735e3f7','Apenas o volume do som',false,1);
insert into public.quiz_options (question_id,texto,correta,ordem) values ('010ebac1-f31a-4af1-afd0-716a7735e3f7','Consumo de corrente, estabilidade da tensão, temperatura de cabos e funcionamento dos disjuntores',true,2);
insert into public.quiz_options (question_id,texto,correta,ordem) values ('010ebac1-f31a-4af1-afd0-716a7735e3f7','Somente a iluminação',false,3);
insert into public.quiz_options (question_id,texto,correta,ordem) values ('010ebac1-f31a-4af1-afd0-716a7735e3f7','Nada, após a montagem não há monitoramento',false,4);
insert into public.modules (id,course_id,titulo,ordem) values ('8817f174-7b84-4709-88c8-fbc71ba8e2e1','1320b04f-ec96-47e3-905c-46a6f7bce71e','Eletrônica I',3);
insert into public.lessons (id,module_id,titulo,tipo,conteudo_rico,duracao_min,ordem,tem_quiz,preview_gratis) values ('2f994f98-a621-4c52-8870-9d38d0c22aaa','8817f174-7b84-4709-88c8-fbc71ba8e2e1','Fundamentos de Eletrônica para o Técnico de Eventos','texto','<p><strong>Para começar:</strong> Antes de montar qualquer som, luz ou vídeo, você precisa entender o que está correndo dentro dos cabos: a eletricidade. Nesta aula você vai dominar os conceitos básicos que sustentam todo o resto do módulo. Sem essa base, qualquer falha vira mistério.</p><p>A eletrônica estuda o comportamento e o controle dos elétrons em dispositivos e sistemas. No mundo dos eventos, ela está por trás de absolutamente tudo: mesas de som, moving lights, painéis de LED, intercom e até o no-break que protege o sistema. Entender corrente, tensão e os componentes básicos é o primeiro passo para trabalhar com segurança e diagnosticar problemas.</p><ul><li><strong>Corrente elétrica:</strong> É o fluxo de elétrons através de um circuito. Medida em Ampères (A). Quanto maior a corrente, maior o ''volume'' de energia passando — é por isso que cabos e disjuntores têm limite de Ampères que não pode ser ultrapassado.</li><li><strong>Tensão (voltagem):</strong> É a diferença de potencial elétrico entre dois pontos do circuito, medida em Volts (V). É a ''força'' que empurra os elétrons. No Brasil, as tomadas costumam ser 127 V ou 220 V — confundir as duas pode queimar equipamento.</li><li><strong>Resistência e Lei de Ohm:</strong> Resistência (medida em Ohms, Ω) limita o fluxo de corrente. A Lei de Ohm relaciona os três: V = I × R (tensão = corrente × resistência). É a fórmula mais básica da eletrônica e ajuda a entender por que um cabo fino esquenta ao puxar muita corrente.</li><li><strong>Resistor:</strong> Componente que limita o fluxo de corrente no circuito. Unidade: Ohms (Ω). Está dentro de praticamente todo equipamento eletrônico.</li><li><strong>Diodo:</strong> Permite a passagem de corrente em apenas uma direção. Usado em retificadores e circuitos de proteção. O LED (diodo emissor de luz) é um tipo de diodo — base dos painéis e refletores modernos.</li><li><strong>Capacitor:</strong> Armazena e libera carga elétrica. Usado para filtrar sinais e suavizar variações de tensão, ajudando a estabilizar a alimentação dos equipamentos.</li><li><strong>Transistor:</strong> Amplifica ou controla o fluxo de corrente. Pode funcionar como chave eletrônica ou amplificador. É a base dos amplificadores de áudio e de toda a eletrônica digital.</li><li><strong>Circuito série x paralelo:</strong> Em série, os componentes ficam em uma única rota: a corrente é a mesma, mas a tensão se divide. Em paralelo, ficam em pontos comuns: a tensão é a mesma, mas a corrente se divide. Saber a diferença ajuda a entender distribuição de energia e ligação de caixas acústicas.</li></ul><p><strong>Na prática:</strong> Num show, o técnico vai ligar um rack de amplificadores. Ele confere se a tomada é 220 V (e não 127 V) antes de plugar, porque o amplificador está configurado para 220 V. Em seguida calcula mentalmente a corrente total que aquele rack vai puxar, para não estourar o disjuntor da régua de AC. Esse raciocínio simples — tensão certa e corrente dentro do limite — evita queimar equipamento e parar o evento.</p><h4>Resumo</h4><ul><li>Corrente (A) é o fluxo de elétrons; tensão (V) é a força que os empurra; resistência (Ω) limita esse fluxo, e a Lei de Ohm (V = I × R) relaciona os três.</li><li>Resistor, diodo, capacitor e transistor são os componentes básicos presentes em todo equipamento de evento.</li><li>Em circuito série a tensão se divide; em paralelo a corrente se divide — isso afeta como a energia é distribuída no evento.</li></ul>',25,1,true,false);
insert into public.quizzes (id,lesson_id,titulo) values ('8fecf1a2-a810-4901-bd51-25ec02d279ab','2f994f98-a621-4c52-8870-9d38d0c22aaa','Quiz — Fundamentos de Eletrônica para o Técnico de Eventos');
insert into public.quiz_questions (id,quiz_id,texto,explicacao,ordem,pontos) values ('aa955611-49c1-4624-be62-a18b1cb74cec','8fecf1a2-a810-4901-bd51-25ec02d279ab','Qual unidade mede a corrente elétrica?','A corrente, que é o fluxo de elétrons, é medida em Ampères (A). Volts medem tensão e Ohms medem resistência.',1,1);
insert into public.quiz_options (question_id,texto,correta,ordem) values ('aa955611-49c1-4624-be62-a18b1cb74cec','Volts (V)',false,1);
insert into public.quiz_options (question_id,texto,correta,ordem) values ('aa955611-49c1-4624-be62-a18b1cb74cec','Ampères (A)',true,2);
insert into public.quiz_options (question_id,texto,correta,ordem) values ('aa955611-49c1-4624-be62-a18b1cb74cec','Ohms (Ω)',false,3);
insert into public.quiz_options (question_id,texto,correta,ordem) values ('aa955611-49c1-4624-be62-a18b1cb74cec','Watts (W)',false,4);
insert into public.quiz_questions (id,quiz_id,texto,explicacao,ordem,pontos) values ('f4f7611c-8f4b-4d44-aa7a-ec6c6db0aba6','8fecf1a2-a810-4901-bd51-25ec02d279ab','A Lei de Ohm é expressa por qual fórmula?','A Lei de Ohm é V = I × R: a tensão é igual à corrente multiplicada pela resistência.',2,1);
insert into public.quiz_options (question_id,texto,correta,ordem) values ('f4f7611c-8f4b-4d44-aa7a-ec6c6db0aba6','V = I + R',false,1);
insert into public.quiz_options (question_id,texto,correta,ordem) values ('f4f7611c-8f4b-4d44-aa7a-ec6c6db0aba6','V = I × R',true,2);
insert into public.quiz_options (question_id,texto,correta,ordem) values ('f4f7611c-8f4b-4d44-aa7a-ec6c6db0aba6','V = I / R',false,3);
insert into public.quiz_options (question_id,texto,correta,ordem) values ('f4f7611c-8f4b-4d44-aa7a-ec6c6db0aba6','V = R / I',false,4);
insert into public.quiz_questions (id,quiz_id,texto,explicacao,ordem,pontos) values ('629db535-68b2-4ea3-9367-db4c3790cac0','8fecf1a2-a810-4901-bd51-25ec02d279ab','Num circuito em paralelo, o que acontece com a tensão e a corrente?','Em paralelo os componentes ligam-se a pontos comuns: a tensão é a mesma em todos, e a corrente é que se divide entre os caminhos.',3,1);
insert into public.quiz_options (question_id,texto,correta,ordem) values ('629db535-68b2-4ea3-9367-db4c3790cac0','A tensão é a mesma e a corrente se divide',true,1);
insert into public.quiz_options (question_id,texto,correta,ordem) values ('629db535-68b2-4ea3-9367-db4c3790cac0','A corrente é a mesma e a tensão se divide',false,2);
insert into public.quiz_options (question_id,texto,correta,ordem) values ('629db535-68b2-4ea3-9367-db4c3790cac0','Ambas se dividem igualmente',false,3);
insert into public.quiz_options (question_id,texto,correta,ordem) values ('629db535-68b2-4ea3-9367-db4c3790cac0','Ambas permanecem iguais',false,4);
insert into public.quiz_questions (id,quiz_id,texto,explicacao,ordem,pontos) values ('bb56eefe-064f-45c1-9d68-3eb0311287f4','8fecf1a2-a810-4901-bd51-25ec02d279ab','Qual componente permite a passagem de corrente em apenas uma direção?','O diodo conduz corrente em apenas um sentido, sendo usado em retificadores e proteção. O LED é um tipo de diodo.',4,1);
insert into public.quiz_options (question_id,texto,correta,ordem) values ('bb56eefe-064f-45c1-9d68-3eb0311287f4','Resistor',false,1);
insert into public.quiz_options (question_id,texto,correta,ordem) values ('bb56eefe-064f-45c1-9d68-3eb0311287f4','Capacitor',false,2);
insert into public.quiz_options (question_id,texto,correta,ordem) values ('bb56eefe-064f-45c1-9d68-3eb0311287f4','Diodo',true,3);
insert into public.quiz_options (question_id,texto,correta,ordem) values ('bb56eefe-064f-45c1-9d68-3eb0311287f4','Transistor',false,4);
insert into public.lessons (id,module_id,titulo,tipo,conteudo_rico,duracao_min,ordem,tem_quiz,preview_gratis) values ('53da8a89-2ba1-4aa0-a276-ddcc35459229','8817f174-7b84-4709-88c8-fbc71ba8e2e1','Materiais de Teste e Equipamentos de Apoio','texto','<p><strong>Para começar:</strong> Quando algo não funciona no evento, é o instrumento de teste que aponta onde está o problema. E para que tudo funcione com segurança, há toda uma família de equipamentos de apoio: cases, racks, no-breaks e geradores. Nesta aula você conhece as ferramentas de diagnóstico e a infraestrutura que mantém o sistema de pé.</p><p>Um bom técnico não ''chuta'' — ele mede. Os materiais de teste permitem verificar tensão, corrente e sinais antes que um erro vire prejuízo. Já os equipamentos de apoio (cases, racks, energia) garantem transporte seguro, organização e continuidade da operação mesmo quando a rede elétrica falha.</p><ul><li><strong>Multímetro:</strong> Instrumento mais usado pelo técnico: mede tensão (V), corrente (A) e resistência (Ω) num só aparelho. Serve para conferir se uma tomada tem 127 V ou 220 V, testar continuidade de cabos e identificar fusíveis queimados.</li><li><strong>Voltímetro:</strong> Mede a tensão (diferença de potencial) entre dois pontos. Hoje normalmente é uma função do multímetro.</li><li><strong>Amperímetro e alicate amperímetro:</strong> Medem a corrente que passa pelo circuito. O alicate amperímetro ''abraça'' o cabo e mede a corrente sem precisar interromper o circuito — muito prático para verificar a carga de um rack em funcionamento.</li><li><strong>Gerador de áudio:</strong> Gera sinais de áudio de teste (tons) para verificar se cabos, mesas e caixas estão transmitindo o som corretamente.</li><li><strong>Osciloscópio:</strong> Mostra a forma de onda de um sinal elétrico na tela, permitindo visualizar e analisar sinais de áudio e vídeo. Usado em manutenção mais avançada.</li><li><strong>Analisador de espectro:</strong> Mostra como a energia de um sinal se distribui pelas frequências. Em RF, ajuda a achar frequências livres para microfones sem fio e a detectar interferências.</li><li><strong>Case (flight case):</strong> Caixas rígidas para transporte seguro de equipamentos, protegendo contra impactos e umidade durante a montagem e desmontagem.</li><li><strong>Rack:</strong> Estrutura padronizada para montar equipamentos eletrônicos (amplificadores, processadores) de forma organizada e ventilada.</li><li><strong>Laptop e tablet:</strong> Laptop controla sistemas, playback e programação de luz/som; o tablet permite controle remoto de softwares e iluminação, dando mobilidade ao técnico no palco.</li><li><strong>Rádio comunicador e intercom (headset):</strong> O rádio (walkie-talkie) liga as equipes à distância; o intercom (headset) conecta produção e técnica em tempo real durante o show.</li><li><strong>Distribuição e proteção de energia:</strong> Extensões elétricas, filtros de linha, estabilizadores e régua de AC distribuem a energia. Geradores fornecem energia onde não há rede; o no-break (UPS) mantém equipamentos críticos ligados durante uma queda, evitando travamentos e perda de programação.</li></ul><p><strong>Na prática:</strong> Faltou som em uma caixa. Em vez de trocar tudo no escuro, o técnico pega o multímetro, coloca em modo continuidade e testa o cabo XLR: o aparelho apita em dois pinos, mas no terceiro fica mudo — o cabo está rompido. Troca apenas o cabo e o som volta. Diagnóstico em segundos, sem improviso.</p><h4>Resumo</h4><ul><li>O multímetro é a ferramenta essencial: mede tensão, corrente e resistência e testa continuidade de cabos.</li><li>Osciloscópio e analisador de espectro são instrumentos de diagnóstico mais avançados (forma de onda e frequências/RF).</li><li>Cases, racks, no-break e geradores formam a infraestrutura que protege e mantém o sistema funcionando.</li></ul>',22,2,true,false);
insert into public.quizzes (id,lesson_id,titulo) values ('af163990-652e-4309-a294-1eda7144b50b','53da8a89-2ba1-4aa0-a276-ddcc35459229','Quiz — Materiais de Teste e Equipamentos de Apoio');
insert into public.quiz_questions (id,quiz_id,texto,explicacao,ordem,pontos) values ('b71a8b2c-4176-4538-b40d-60cc1c1f0476','af163990-652e-4309-a294-1eda7144b50b','Qual instrumento mede tensão, corrente e resistência em um único aparelho?','O multímetro é o instrumento versátil que mede tensão (V), corrente (A) e resistência (Ω), além de testar continuidade.',1,1);
insert into public.quiz_options (question_id,texto,correta,ordem) values ('b71a8b2c-4176-4538-b40d-60cc1c1f0476','Osciloscópio',false,1);
insert into public.quiz_options (question_id,texto,correta,ordem) values ('b71a8b2c-4176-4538-b40d-60cc1c1f0476','Multímetro',true,2);
insert into public.quiz_options (question_id,texto,correta,ordem) values ('b71a8b2c-4176-4538-b40d-60cc1c1f0476','Gerador de áudio',false,3);
insert into public.quiz_options (question_id,texto,correta,ordem) values ('b71a8b2c-4176-4538-b40d-60cc1c1f0476','Analisador de espectro',false,4);
insert into public.quiz_questions (id,quiz_id,texto,explicacao,ordem,pontos) values ('8d6ed876-177e-41f9-a2e7-d524a11d1857','af163990-652e-4309-a294-1eda7144b50b','Para que serve o no-break (UPS) em um evento?','O no-break (UPS) mantém equipamentos críticos energizados durante quedas, evitando travamentos e perda de programação.',2,1);
insert into public.quiz_options (question_id,texto,correta,ordem) values ('8d6ed876-177e-41f9-a2e7-d524a11d1857','Aumentar a potência das caixas',false,1);
insert into public.quiz_options (question_id,texto,correta,ordem) values ('8d6ed876-177e-41f9-a2e7-d524a11d1857','Manter equipamentos ligados durante uma queda de energia',true,2);
insert into public.quiz_options (question_id,texto,correta,ordem) values ('8d6ed876-177e-41f9-a2e7-d524a11d1857','Gerar tons de teste de áudio',false,3);
insert into public.quiz_options (question_id,texto,correta,ordem) values ('8d6ed876-177e-41f9-a2e7-d524a11d1857','Substituir o gerador permanentemente',false,4);
insert into public.quiz_questions (id,quiz_id,texto,explicacao,ordem,pontos) values ('06eb1972-4a3a-4bee-9994-dedc9c2ed905','af163990-652e-4309-a294-1eda7144b50b','Qual a vantagem do alicate amperímetro?','O alicate amperímetro ''abraça'' o cabo e mede a corrente com o circuito em funcionamento, sem precisar desconectá-lo.',3,1);
insert into public.quiz_options (question_id,texto,correta,ordem) values ('06eb1972-4a3a-4bee-9994-dedc9c2ed905','Mede corrente sem precisar interromper o circuito',true,1);
insert into public.quiz_options (question_id,texto,correta,ordem) values ('06eb1972-4a3a-4bee-9994-dedc9c2ed905','Gera sinais de áudio',false,2);
insert into public.quiz_options (question_id,texto,correta,ordem) values ('06eb1972-4a3a-4bee-9994-dedc9c2ed905','Mostra a forma de onda na tela',false,3);
insert into public.quiz_options (question_id,texto,correta,ordem) values ('06eb1972-4a3a-4bee-9994-dedc9c2ed905','Carrega baterias',false,4);
insert into public.quiz_questions (id,quiz_id,texto,explicacao,ordem,pontos) values ('642fef5f-d6ca-4ee1-9dce-27a88890e01a','af163990-652e-4309-a294-1eda7144b50b','Qual a função do flight case?','O flight case é uma caixa rígida que protege os equipamentos contra impactos e umidade no transporte e na montagem.',4,1);
insert into public.quiz_options (question_id,texto,correta,ordem) values ('642fef5f-d6ca-4ee1-9dce-27a88890e01a','Distribuir energia elétrica',false,1);
insert into public.quiz_options (question_id,texto,correta,ordem) values ('642fef5f-d6ca-4ee1-9dce-27a88890e01a','Transportar e proteger equipamentos contra impactos',true,2);
insert into public.quiz_options (question_id,texto,correta,ordem) values ('642fef5f-d6ca-4ee1-9dce-27a88890e01a','Controlar a iluminação',false,3);
insert into public.quiz_options (question_id,texto,correta,ordem) values ('642fef5f-d6ca-4ee1-9dce-27a88890e01a','Medir frequências de RF',false,4);
insert into public.lessons (id,module_id,titulo,tipo,conteudo_rico,duracao_min,ordem,tem_quiz,preview_gratis) values ('3e231aad-110c-4935-b3ba-af1e0d2d0740','8817f174-7b84-4709-88c8-fbc71ba8e2e1','Cabos: Alimentação AC e Transmissão de Sinais','texto','<p><strong>Para começar:</strong> O cabo certo no lugar certo é metade do trabalho do técnico de eventos. Cada tipo de cabo carrega um tipo de informação — energia, áudio, vídeo, dados ou luz. Nesta aula você aprende a reconhecer e escolher o cabo adequado para cada aplicação.</p><p>Os cabos se dividem em dois grandes grupos: os de alimentação AC (corrente alternada), que levam energia, e os de sinal, que transportam áudio, vídeo e dados. Escolher errado pode significar ruído, perda de qualidade, falha de imagem ou até risco elétrico. Conhecer cada tipo é fundamental no dia a dia.</p><ul><li><strong>Cabo de alimentação padrão (NBR 14136):</strong> Cabo de energia elétrica com plugues e tomadas normalizados no Brasil. É o cabo de força comum dos equipamentos.</li><li><strong>Cabos AC industriais, de extensão e de distribuição:</strong> Cabos mais robustos para ambientes exigentes; de extensão levam energia a distâncias maiores; de distribuição são mais grossos e alimentam vários equipamentos a partir de uma única fonte.</li><li><strong>Cabo XLR (áudio balanceado):</strong> Padrão profissional para áudio balanceado, usado em microfones, caixas e mesas de mixagem. O sinal balanceado (3 vias) reduz ruído em cabos longos — por isso é o preferido em eventos.</li><li><strong>Cabo Jack / P10 (TRS e TS):</strong> Cabo de áudio com plugue P10. TS (mono, não balanceado) é usado em guitarras e instrumentos; TRS pode levar áudio estéreo (fones) ou áudio balanceado (mono). Comum em instrumentos musicais e ligações de mesa.</li><li><strong>Cabo coaxial:</strong> Núcleo condutor central com blindagem metálica que minimiza interferências. Transmite sinais de áudio, vídeo e dados — usado, por exemplo, em vídeo SDI e sinais de RF/antena.</li><li><strong>Cabo HDMI:</strong> Transmite áudio e vídeo de alta definição num único cabo, entre TVs, players, consoles e telões. Tem limite prático de distância — em runs longos usa-se SDI (coaxial) ou conversores.</li><li><strong>Cabo VGA:</strong> Vídeo analógico para monitores e projetores antigos. Em desuso, mas ainda aparece em equipamentos legados.</li><li><strong>Cabo Ethernet (rede):</strong> Conexões de rede e dados em LAN. Em eventos, é a base de protocolos modernos de áudio (ex.: Dante) e de iluminação em rede (Art-Net/sACN).</li><li><strong>Cabo USB:</strong> Transmite dados e energia entre computadores, smartphones e periféricos; muito usado para interfaces de áudio e controladoras.</li><li><strong>Cabo DMX:</strong> Cabo digital que controla equipamentos de iluminação de palco pelo protocolo DMX. Atenção: parece XLR mas é específico para dados de luz — não deve ser confundido com cabo de microfone.</li><li><strong>Cabo óptico (fibra óptica):</strong> Transmite sinais por pulsos de luz, ideal para longas distâncias e áudio de alta qualidade, imune a interferência eletromagnética.</li></ul><p><strong>Na prática:</strong> Na montagem de um telão, o técnico precisa levar a imagem do switcher (mesa de corte) até um painel a 30 metros do palco. Ele sabe que um HDMI comum não aguenta essa distância sem perder o sinal, então usa cabo SDI (coaxial) com conectores BNC, que mantém a imagem estável no longo percurso. Cabo certo para a distância certa.</p><h4>Resumo</h4><ul><li>Cabos se dividem em alimentação AC (energia) e sinal (áudio, vídeo, dados, luz).</li><li>XLR é o padrão de áudio balanceado; DMX controla luz; HDMI/SDI levam vídeo; Ethernet leva dados e protocolos de rede.</li><li>A escolha depende do tipo de sinal, da distância e da compatibilidade — cabo errado gera ruído, perda de sinal ou falha.</li></ul>',28,3,true,false);
insert into public.quizzes (id,lesson_id,titulo) values ('4b254d02-71e3-482f-baca-afde85036383','3e231aad-110c-4935-b3ba-af1e0d2d0740','Quiz — Cabos: Alimentação AC e Transmissão de Sinais');
insert into public.quiz_questions (id,quiz_id,texto,explicacao,ordem,pontos) values ('77dbb3dd-d154-48a2-b9aa-23c1e237a6b1','4b254d02-71e3-482f-baca-afde85036383','Qual cabo é o padrão para transmissão de áudio balanceado em eventos?','O cabo XLR transmite áudio balanceado, reduzindo ruído em distâncias longas — padrão em microfones, caixas e mesas.',1,1);
insert into public.quiz_options (question_id,texto,correta,ordem) values ('77dbb3dd-d154-48a2-b9aa-23c1e237a6b1','HDMI',false,1);
insert into public.quiz_options (question_id,texto,correta,ordem) values ('77dbb3dd-d154-48a2-b9aa-23c1e237a6b1','XLR',true,2);
insert into public.quiz_options (question_id,texto,correta,ordem) values ('77dbb3dd-d154-48a2-b9aa-23c1e237a6b1','VGA',false,3);
insert into public.quiz_options (question_id,texto,correta,ordem) values ('77dbb3dd-d154-48a2-b9aa-23c1e237a6b1','USB',false,4);
insert into public.quiz_questions (id,quiz_id,texto,explicacao,ordem,pontos) values ('c00adf8e-87cf-439b-8e31-ea235c10e255','4b254d02-71e3-482f-baca-afde85036383','Qual cabo é usado para controlar equipamentos de iluminação de palco?','O cabo DMX transporta o protocolo Digital Multiplex, usado para controlar moving lights, refletores e outros equipamentos de luz.',2,1);
insert into public.quiz_options (question_id,texto,correta,ordem) values ('c00adf8e-87cf-439b-8e31-ea235c10e255','Coaxial',false,1);
insert into public.quiz_options (question_id,texto,correta,ordem) values ('c00adf8e-87cf-439b-8e31-ea235c10e255','Ethernet',false,2);
insert into public.quiz_options (question_id,texto,correta,ordem) values ('c00adf8e-87cf-439b-8e31-ea235c10e255','DMX',true,3);
insert into public.quiz_options (question_id,texto,correta,ordem) values ('c00adf8e-87cf-439b-8e31-ea235c10e255','Óptico',false,4);
insert into public.quiz_questions (id,quiz_id,texto,explicacao,ordem,pontos) values ('6f574153-f6af-479d-98c0-a72d3e2f3749','4b254d02-71e3-482f-baca-afde85036383','Para levar vídeo a uma distância longa (dezenas de metros), qual opção é mais indicada que o HDMI comum?','O HDMI comum tem limite prático de distância; SDI (coaxial) e fibra óptica mantêm o sinal estável em runs longos.',3,1);
insert into public.quiz_options (question_id,texto,correta,ordem) values ('6f574153-f6af-479d-98c0-a72d3e2f3749','VGA analógico',false,1);
insert into public.quiz_options (question_id,texto,correta,ordem) values ('6f574153-f6af-479d-98c0-a72d3e2f3749','Cabo SDI (coaxial) ou fibra óptica',true,2);
insert into public.quiz_options (question_id,texto,correta,ordem) values ('6f574153-f6af-479d-98c0-a72d3e2f3749','Cabo USB',false,3);
insert into public.quiz_options (question_id,texto,correta,ordem) values ('6f574153-f6af-479d-98c0-a72d3e2f3749','Cabo P10',false,4);
insert into public.quiz_questions (id,quiz_id,texto,explicacao,ordem,pontos) values ('8545dea6-b3bf-4a34-89e7-57f4279c58a2','4b254d02-71e3-482f-baca-afde85036383','Qual cabo transmite sinais por pulsos de luz e é imune a interferência eletromagnética?','A fibra óptica transmite por luz, sendo ideal para longas distâncias e imune à interferência eletromagnética.',4,1);
insert into public.quiz_options (question_id,texto,correta,ordem) values ('8545dea6-b3bf-4a34-89e7-57f4279c58a2','Cabo coaxial',false,1);
insert into public.quiz_options (question_id,texto,correta,ordem) values ('8545dea6-b3bf-4a34-89e7-57f4279c58a2','Cabo Ethernet',false,2);
insert into public.quiz_options (question_id,texto,correta,ordem) values ('8545dea6-b3bf-4a34-89e7-57f4279c58a2','Cabo óptico (fibra)',true,3);
insert into public.quiz_options (question_id,texto,correta,ordem) values ('8545dea6-b3bf-4a34-89e7-57f4279c58a2','Cabo XLR',false,4);
insert into public.lessons (id,module_id,titulo,tipo,conteudo_rico,duracao_min,ordem,tem_quiz,preview_gratis) values ('7fc3caa0-049b-4a6f-9313-43b86a36111c','8817f174-7b84-4709-88c8-fbc71ba8e2e1','Conectores de Áudio, Vídeo, Energia e Iluminação','texto','<p><strong>Para começar:</strong> Se o cabo é a estrada, o conector é a porta de entrada. Plugar o conector errado — ou de forma malfeita — gera ruído, mau contato e falhas no meio do show. Nesta aula você aprende a reconhecer os conectores certos para áudio, vídeo, energia e luz.</p><p>Cada categoria de sinal tem seus conectores típicos. Um técnico precisa identificá-los de olhos fechados, porque na correria da montagem é o conector que define se o sinal vai passar limpo ou com problema. Vamos organizar os principais por família.</p><ul><li><strong>Conector NBR 14136 (plugue e tomada padrão):</strong> Padrão brasileiro de energia elétrica em residências e locais comerciais. É o plugue de força comum dos equipamentos no Brasil.</li><li><strong>Conector IEC (C13/C14, C19/C20):</strong> Conectores de força encontrados em computadores, amplificadores e equipamentos de áudio/vídeo. O C13/C14 é o famoso ''rabicho'' de fonte; o C19/C20 aguenta correntes maiores.</li><li><strong>Conector PowerCON:</strong> Conector de energia travado, comum em equipamentos profissionais de iluminação, áudio e vídeo. A trava evita que o cabo se solte durante o evento — mais seguro que o plugue comum.</li><li><strong>Conector XLR (áudio):</strong> Conector de 3 pinos, travado, para áudio balanceado em microfones, caixas e mesas. A trava e os 3 pinos garantem conexão firme e baixo ruído.</li><li><strong>Conector P10 / TRS (Jack):</strong> Plugue de áudio para instrumentos, fones e ligações de mesa. TS (mono) e TRS (estéreo ou balanceado). Muito comum em guitarras e teclados.</li><li><strong>Conector RCA:</strong> Conectores coloridos encontrados em aparelhos de som e TVs domésticas, para áudio e vídeo de nível de consumo. Aparece em equipamentos mais simples.</li><li><strong>Conector SpeakON:</strong> Conector travado para ligar amplificadores a caixas acústicas (sistemas de PA). Suporta alta potência com segurança e substitui ligações antigas a P10 ou bornes.</li><li><strong>Conector HDMI / DisplayPort:</strong> HDMI leva áudio e vídeo de alta definição num só conector; DisplayPort é similar, usado em vídeo de alta qualidade entre computadores e telas.</li><li><strong>Conector VGA / DVI:</strong> VGA é vídeo analógico (monitores e projetores antigos); DVI é vídeo digital entre computadores e monitores. Ambos em desuso, mas presentes em equipamentos legados.</li><li><strong>Conector BNC:</strong> Conector tipo baioneta usado em vídeo profissional (SDI), câmeras e equipamentos de transmissão. Trava com um quarto de volta, garantindo contato firme.</li><li><strong>Conector DMX (XLR de dados):</strong> Conector usado para controlar iluminação pelo protocolo DMX. Fisicamente parecido com o XLR de áudio (geralmente 3 ou 5 pinos), mas dedicado a dados de luz.</li></ul><p><strong>Na prática:</strong> Ao ligar as caixas de PA, o técnico usa cabos com SpeakON em vez de P10. O SpeakON trava ao girar, suporta a alta potência do amplificador sem aquecer e não corre risco de soltar com a vibração do grave. Resultado: ligação firme e segura mesmo no pico do show.</p><h4>Resumo</h4><ul><li>Energia: NBR 14136, IEC (C13/C14, C19/C20) e PowerCON (travado, profissional).</li><li>Áudio: XLR (balanceado), P10/TRS (instrumentos) e SpeakON (caixas de potência).</li><li>Vídeo: HDMI, DisplayPort, VGA/DVI (legado) e BNC (SDI profissional); DMX para iluminação.</li></ul>',26,4,true,false);
insert into public.quizzes (id,lesson_id,titulo) values ('9214275c-4915-4cde-859d-f73bc552182f','7fc3caa0-049b-4a6f-9313-43b86a36111c','Quiz — Conectores de Áudio, Vídeo, Energia e Iluminação');
insert into public.quiz_questions (id,quiz_id,texto,explicacao,ordem,pontos) values ('3657df3e-e95e-4abe-b558-4889ef3d7968','9214275c-4915-4cde-859d-f73bc552182f','Qual conector é o mais indicado para ligar um amplificador a caixas acústicas de potência?','O SpeakON é travado, suporta alta potência com segurança e é o padrão para ligar amplificadores a caixas de PA.',1,1);
insert into public.quiz_options (question_id,texto,correta,ordem) values ('3657df3e-e95e-4abe-b558-4889ef3d7968','RCA',false,1);
insert into public.quiz_options (question_id,texto,correta,ordem) values ('3657df3e-e95e-4abe-b558-4889ef3d7968','P10 (TS)',false,2);
insert into public.quiz_options (question_id,texto,correta,ordem) values ('3657df3e-e95e-4abe-b558-4889ef3d7968','SpeakON',true,3);
insert into public.quiz_options (question_id,texto,correta,ordem) values ('3657df3e-e95e-4abe-b558-4889ef3d7968','HDMI',false,4);
insert into public.quiz_questions (id,quiz_id,texto,explicacao,ordem,pontos) values ('142fa975-1ef4-472b-8c98-2f6f29409b12','9214275c-4915-4cde-859d-f73bc552182f','O conector PowerCON se diferencia do plugue comum principalmente por quê?','O PowerCON é um conector de energia travado, comum em equipamentos profissionais, que evita o cabo se soltar durante o evento.',2,1);
insert into public.quiz_options (question_id,texto,correta,ordem) values ('142fa975-1ef4-472b-8c98-2f6f29409b12','Transmitir vídeo digital',false,1);
insert into public.quiz_options (question_id,texto,correta,ordem) values ('142fa975-1ef4-472b-8c98-2f6f29409b12','Possuir trava que evita que o cabo se solte',true,2);
insert into public.quiz_options (question_id,texto,correta,ordem) values ('142fa975-1ef4-472b-8c98-2f6f29409b12','Ser usado só em residências',false,3);
insert into public.quiz_options (question_id,texto,correta,ordem) values ('142fa975-1ef4-472b-8c98-2f6f29409b12','Levar áudio balanceado',false,4);
insert into public.quiz_questions (id,quiz_id,texto,explicacao,ordem,pontos) values ('3aaff590-1f3b-4c56-977f-6f985e0fa169','9214275c-4915-4cde-859d-f73bc552182f','O conector BNC é típico de qual aplicação?','O BNC, do tipo baioneta, é usado em vídeo profissional (SDI), câmeras de segurança e equipamentos de transmissão.',3,1);
insert into public.quiz_options (question_id,texto,correta,ordem) values ('3aaff590-1f3b-4c56-977f-6f985e0fa169','Áudio balanceado de microfone',false,1);
insert into public.quiz_options (question_id,texto,correta,ordem) values ('3aaff590-1f3b-4c56-977f-6f985e0fa169','Energia AC residencial',false,2);
insert into public.quiz_options (question_id,texto,correta,ordem) values ('3aaff590-1f3b-4c56-977f-6f985e0fa169','Vídeo profissional (SDI), câmeras e transmissão',true,3);
insert into public.quiz_options (question_id,texto,correta,ordem) values ('3aaff590-1f3b-4c56-977f-6f985e0fa169','Carregamento de baterias',false,4);
insert into public.quiz_questions (id,quiz_id,texto,explicacao,ordem,pontos) values ('ee4d475a-c69d-448e-a388-0de7f129af3b','9214275c-4915-4cde-859d-f73bc552182f','Sobre o conector DMX, é correto afirmar que:','O conector DMX é dedicado a dados de iluminação (protocolo DMX). Apesar de parecer um XLR, não deve ser usado como cabo de áudio.',4,1);
insert into public.quiz_options (question_id,texto,correta,ordem) values ('ee4d475a-c69d-448e-a388-0de7f129af3b','É idêntico em função ao XLR de áudio',false,1);
insert into public.quiz_options (question_id,texto,correta,ordem) values ('ee4d475a-c69d-448e-a388-0de7f129af3b','É usado para dados de iluminação, mesmo sendo fisicamente parecido com o XLR',true,2);
insert into public.quiz_options (question_id,texto,correta,ordem) values ('ee4d475a-c69d-448e-a388-0de7f129af3b','Transmite energia AC de alta potência',false,3);
insert into public.quiz_options (question_id,texto,correta,ordem) values ('ee4d475a-c69d-448e-a388-0de7f129af3b','Substitui o cabo HDMI',false,4);
insert into public.lessons (id,module_id,titulo,tipo,conteudo_rico,duracao_min,ordem,tem_quiz,preview_gratis) values ('c221de8e-0715-4f04-9df9-e333fbdd61f6','8817f174-7b84-4709-88c8-fbc71ba8e2e1','Transmissão Sem Fio: RF, Infravermelho e Interferências','texto','<p><strong>Para começar:</strong> Microfones sem fio, intercom, controle remoto: cada vez mais o sinal viaja pelo ar. Mas o ar é um espaço disputado, cheio de interferências. Nesta aula você entende como a transmissão sem fio funciona e como evitar que ela falhe no pior momento.</p><p>Uma transmissão sem fio leva áudio, vídeo ou dados de um emissor a um receptor sem cabos, usando ondas eletromagnéticas. As duas tecnologias mais presentes em eventos são RF (radiofrequência) e IR (infravermelho). E onde há muitos sinais no ar, surge o grande inimigo: a interferência.</p><ul><li><strong>Como funciona o sem fio (modulação):</strong> O sinal original é combinado com uma onda portadora de frequência mais alta — processo chamado modulação. Isso permite que ele seja transportado pelo ar como onda eletromagnética e recuperado no destino (demodulação).</li><li><strong>Transmissão, propagação e recepção:</strong> Após modulado, o sinal vira onda eletromagnética enviada por uma antena; ela se propaga à velocidade da luz, podendo atravessar obstáculos dependendo da frequência. A antena receptora capta a onda e a converte de volta em sinal elétrico.</li><li><strong>RF (radiofrequência):</strong> Faixa do espectro eletromagnético entre o áudio e as micro-ondas, de alguns kHz a centenas de GHz. Atravessa obstáculos e alcança longas distâncias — base de microfones sem fio, intercom, Wi-Fi, rádio e TV. O uso é regulamentado por órgãos governamentais (no Brasil, a Anatel) para evitar conflitos de frequência.</li><li><strong>IR (infravermelho):</strong> Radiação eletromagnética além da luz visível, com comprimento de onda maior. Exige geralmente linha de visada direta e tem curto alcance. Usado em controles remotos, automação e sensores; também em imagem térmica (visualizar calor).</li><li><strong>RF x IR — quando usar cada um:</strong> RF atravessa paredes e cobre longas distâncias, mas disputa espaço no espectro e sofre interferência. IR não atravessa obstáculos e precisa de mira direta, mas é imune a interferência de RF — bom para controles ponto a ponto.</li><li><strong>Interferência de RF (RFI):</strong> Presença indesejada de sinais de RF que atrapalham o funcionamento de equipamentos. Vem de outros transmissores, celulares, lâmpadas LED/dimmers, motores e dispositivos sem fio. Pode causar chiado, queda de sinal e até falha total do microfone.</li><li><strong>Como reduzir interferência:</strong> Blindagem eletromagnética dos equipamentos sensíveis; filtragem de frequências indesejadas; aterramento adequado; posicionamento (afastar de fontes de ruído e usar antenas direcionais); usar frequências diferentes das fontes de interferência; e recursos automáticos como controle de potência e correção de erro.</li></ul><p><strong>Na prática:</strong> Antes de um evento com 8 microfones sem fio, o técnico usa o analisador de espectro (ou a função de scan do receptor) para mapear quais frequências estão livres naquele local. Ele afasta a antena receptora de painéis de LED (fonte de RFI), coordena os canais em frequências diferentes e faz um teste andando pelo palco. Assim evita que dois microfones briguem pela mesma frequência e que o LED ''suje'' o sinal durante a apresentação.</p><h4>Resumo</h4><ul><li>Sem fio transporta sinais pelo ar via ondas eletromagnéticas (modulação no envio, demodulação na recepção).</li><li>RF atravessa obstáculos e alcança longe (microfones, intercom, Wi-Fi); IR precisa de mira direta e curto alcance (controles).</li><li>A interferência de RF (RFI) vem de outros equipamentos; mitiga-se com blindagem, aterramento, posicionamento e escolha de frequências.</li></ul>',27,5,true,false);
insert into public.quizzes (id,lesson_id,titulo) values ('dc5e3a57-0722-4665-9040-42e1ac3a432e','c221de8e-0715-4f04-9df9-e333fbdd61f6','Quiz — Transmissão Sem Fio: RF, Infravermelho e Interferências');
insert into public.quiz_questions (id,quiz_id,texto,explicacao,ordem,pontos) values ('4914ec45-566a-4e69-87d3-b500ff2e07f9','dc5e3a57-0722-4665-9040-42e1ac3a432e','O que significa a sigla RF?','RF significa Radiofrequência — a faixa do espectro eletromagnético usada para comunicações sem fio como microfones, Wi-Fi e rádio.',1,1);
insert into public.quiz_options (question_id,texto,correta,ordem) values ('4914ec45-566a-4e69-87d3-b500ff2e07f9','Receptor Fixo',false,1);
insert into public.quiz_options (question_id,texto,correta,ordem) values ('4914ec45-566a-4e69-87d3-b500ff2e07f9','Radiofrequência',true,2);
insert into public.quiz_options (question_id,texto,correta,ordem) values ('4914ec45-566a-4e69-87d3-b500ff2e07f9','Rede de Fibra',false,3);
insert into public.quiz_options (question_id,texto,correta,ordem) values ('4914ec45-566a-4e69-87d3-b500ff2e07f9','Recepção Frontal',false,4);
insert into public.quiz_questions (id,quiz_id,texto,explicacao,ordem,pontos) values ('dff63a1e-733b-40c2-a1bd-a1b9a0278adf','dc5e3a57-0722-4665-9040-42e1ac3a432e','Uma diferença prática entre IR e RF é que o infravermelho (IR):','O IR normalmente precisa de mira direta (linha de visada) e cobre curtas distâncias, ao contrário do RF que atravessa obstáculos.',2,1);
insert into public.quiz_options (question_id,texto,correta,ordem) values ('dff63a1e-733b-40c2-a1bd-a1b9a0278adf','Atravessa paredes facilmente',false,1);
insert into public.quiz_options (question_id,texto,correta,ordem) values ('dff63a1e-733b-40c2-a1bd-a1b9a0278adf','Geralmente exige linha de visada direta e tem curto alcance',true,2);
insert into public.quiz_options (question_id,texto,correta,ordem) values ('dff63a1e-733b-40c2-a1bd-a1b9a0278adf','Tem alcance maior que o RF',false,3);
insert into public.quiz_options (question_id,texto,correta,ordem) values ('dff63a1e-733b-40c2-a1bd-a1b9a0278adf','Sofre mais interferência de outros rádios',false,4);
insert into public.quiz_questions (id,quiz_id,texto,explicacao,ordem,pontos) values ('8ba2ad92-6c7b-4a44-bf4f-d88a7861396b','dc5e3a57-0722-4665-9040-42e1ac3a432e','O que é a interferência de radiofrequência (RFI)?','A RFI é a presença de sinais de RF indesejados (de celulares, LED, dimmers, outros rádios) que prejudicam a recepção dos equipamentos.',3,1);
insert into public.quiz_options (question_id,texto,correta,ordem) values ('8ba2ad92-6c7b-4a44-bf4f-d88a7861396b','Um tipo de cabo balanceado',false,1);
insert into public.quiz_options (question_id,texto,correta,ordem) values ('8ba2ad92-6c7b-4a44-bf4f-d88a7861396b','A presença indesejada de sinais de RF que atrapalham os equipamentos',true,2);
insert into public.quiz_options (question_id,texto,correta,ordem) values ('8ba2ad92-6c7b-4a44-bf4f-d88a7861396b','Uma estrutura de fixação de palco',false,3);
insert into public.quiz_options (question_id,texto,correta,ordem) values ('8ba2ad92-6c7b-4a44-bf4f-d88a7861396b','Um conector de energia',false,4);
insert into public.quiz_questions (id,quiz_id,texto,explicacao,ordem,pontos) values ('aebf6ecb-5710-40fd-9d0d-8e222579c817','dc5e3a57-0722-4665-9040-42e1ac3a432e','Qual NÃO é uma forma adequada de reduzir interferência de RF?','Concentrar tudo na mesma frequência aumenta o conflito. O correto é coordenar canais em frequências diferentes, além de afastar fontes de ruído, aterrar e blindar.',4,1);
insert into public.quiz_options (question_id,texto,correta,ordem) values ('aebf6ecb-5710-40fd-9d0d-8e222579c817','Usar frequências diferentes das fontes de interferência',false,1);
insert into public.quiz_options (question_id,texto,correta,ordem) values ('aebf6ecb-5710-40fd-9d0d-8e222579c817','Afastar antenas de fontes de ruído como LED e dimmers',false,2);
insert into public.quiz_options (question_id,texto,correta,ordem) values ('aebf6ecb-5710-40fd-9d0d-8e222579c817','Concentrar todos os canais na mesma frequência',true,3);
insert into public.quiz_options (question_id,texto,correta,ordem) values ('aebf6ecb-5710-40fd-9d0d-8e222579c817','Garantir aterramento adequado e blindagem',false,4);
insert into public.lessons (id,module_id,titulo,tipo,conteudo_rico,duracao_min,ordem,tem_quiz,preview_gratis) values ('a4234fea-de7d-4e22-afa7-fee330a48b3d','8817f174-7b84-4709-88c8-fbc71ba8e2e1','Estruturas de Fixação e Segurança no Palco','texto','<p><strong>Para começar:</strong> Tudo o que sobe no palco precisa ficar firme — e seguro acima da cabeça das pessoas. Refletores, caixas, telões e cenários ficam suspensos por estruturas que não admitem erro. Nesta aula você conhece as principais estruturas de fixação e o que jamais pode ser negligenciado na segurança.</p><p>A estrutura de fixação garante estabilidade e, principalmente, segurança dos elementos suspensos e apoiados no palco. Como o técnico de eventos trabalha próximo a essas montagens, precisa reconhecer cada estrutura e entender que segurança vem sempre em primeiro lugar.</p><ul><li><strong>Grid (grelha):</strong> Estrutura de trusses (barras metálicas) suspensa no alto do palco, usada para fixar iluminação, alto-falantes, telões e outros elementos em diferentes alturas e posições.</li><li><strong>Varas de teatro (bambolinas):</strong> Varas horizontais no grid às quais se prendem iluminação, cenários e cortinas, que podem subir e descer conforme a necessidade da cena.</li><li><strong>Torres de iluminação:</strong> Estruturas autônomas (de chão) que sustentam refletores, moving lights e gobos, posicionadas em pontos do palco para direcionar a luz.</li><li><strong>Pontos de ancoragem:</strong> Pontos da estrutura projetados e testados para suportar cargas suspensas, usados para fixar equipamentos com segurança. A resistência de cada ponto é verificada antes do uso.</li><li><strong>Sistemas de fly:</strong> Conjunto de cabos e polias que permite suspender e mover equipamentos de forma controlada, ajustando a altura de cenários e iluminação com eficiência.</li><li><strong>Estruturas de solo:</strong> Fixações de chão: suportes (tripés) para caixas de som, racks para áudio e vídeo e pedestais diversos. Alternativa quando não se usa suspensão.</li><li><strong>Suportes de parede:</strong> Para equipamentos leves, como monitores e telas pequenas, comuns em salas de controle e áreas de exibição.</li><li><strong>Trilhos e barras de fixação:</strong> Trilhos ou barras onde os equipamentos são montados ou deslizados para ajustar a posição de forma rápida e flexível.</li><li><strong>Segurança em primeiro lugar:</strong> Toda estrutura de fixação deve ser projetada, instalada e testada por profissionais experientes, seguindo as normas de segurança para eventos ao vivo. É essencial considerar o peso dos equipamentos, a distribuição de carga, a estabilidade e a capacidade de carga das fixações. Cargas suspensas exigem cabos de segurança secundários.</li></ul><p><strong>Na prática:</strong> Ao pendurar um moving light na truss do grid, o técnico não confia só na garra (clamp). Ele passa também um cabo de aço de segurança (safety) ligando o equipamento à estrutura. Se a garra falhar, o safety segura o refletor e evita uma queda perigosa sobre o público ou a equipe. Nunca um equipamento suspenso fica sem essa redundância.</p><h4>Resumo</h4><ul><li>Estruturas suspensas (grid/truss, bambolinas, sistemas de fly) e de chão (torres, racks, tripés) sustentam os equipamentos do palco.</li><li>Pontos de ancoragem são testados quanto à resistência e definem onde se pode suspender carga com segurança.</li><li>Segurança é prioridade: respeitar capacidade de carga, usar cabos de segurança e contar com profissionais habilitados.</li></ul>',24,6,true,false);
insert into public.quizzes (id,lesson_id,titulo) values ('736ab864-8b78-4efd-ab73-3bb9146a372d','a4234fea-de7d-4e22-afa7-fee330a48b3d','Quiz — Estruturas de Fixação e Segurança no Palco');
insert into public.quiz_questions (id,quiz_id,texto,explicacao,ordem,pontos) values ('5de3118e-1c7a-4f50-8140-ce2ba3537179','736ab864-8b78-4efd-ab73-3bb9146a372d','O que é o grid em um palco?','O grid (grelha) é a estrutura de trusses suspensa no alto do palco onde se fixam iluminação, alto-falantes, telões e outros elementos.',1,1);
insert into public.quiz_options (question_id,texto,correta,ordem) values ('5de3118e-1c7a-4f50-8140-ce2ba3537179','Um tipo de microfone sem fio',false,1);
insert into public.quiz_options (question_id,texto,correta,ordem) values ('5de3118e-1c7a-4f50-8140-ce2ba3537179','Uma estrutura de trusses suspensa para fixar iluminação, som e telões',true,2);
insert into public.quiz_options (question_id,texto,correta,ordem) values ('5de3118e-1c7a-4f50-8140-ce2ba3537179','Um conector de energia',false,3);
insert into public.quiz_options (question_id,texto,correta,ordem) values ('5de3118e-1c7a-4f50-8140-ce2ba3537179','Um cabo de vídeo digital',false,4);
insert into public.quiz_questions (id,quiz_id,texto,explicacao,ordem,pontos) values ('ebf85e29-9440-4cc2-b4c3-f96af7c1a7b2','736ab864-8b78-4efd-ab73-3bb9146a372d','Por que se usa um cabo de segurança (safety) em equipamentos suspensos?','O cabo de segurança é uma redundância: se a garra/fixação principal falhar, ele segura o equipamento e evita a queda.',2,1);
insert into public.quiz_options (question_id,texto,correta,ordem) values ('ebf85e29-9440-4cc2-b4c3-f96af7c1a7b2','Para transmitir o sinal de áudio',false,1);
insert into public.quiz_options (question_id,texto,correta,ordem) values ('ebf85e29-9440-4cc2-b4c3-f96af7c1a7b2','Para servir de redundância e evitar a queda caso a fixação principal falhe',true,2);
insert into public.quiz_options (question_id,texto,correta,ordem) values ('ebf85e29-9440-4cc2-b4c3-f96af7c1a7b2','Para alimentar o equipamento com energia',false,3);
insert into public.quiz_options (question_id,texto,correta,ordem) values ('ebf85e29-9440-4cc2-b4c3-f96af7c1a7b2','Para controlar a iluminação',false,4);
insert into public.quiz_questions (id,quiz_id,texto,explicacao,ordem,pontos) values ('05dbb1f9-7ea6-46a7-804a-7618c2b2c7ef','736ab864-8b78-4efd-ab73-3bb9146a372d','Os pontos de ancoragem se caracterizam por:','Pontos de ancoragem são projetados e testados quanto à resistência, definindo onde se pode fixar cargas suspensas de forma segura.',3,1);
insert into public.quiz_options (question_id,texto,correta,ordem) values ('05dbb1f9-7ea6-46a7-804a-7618c2b2c7ef','Serem usados apenas para cabos de áudio',false,1);
insert into public.quiz_options (question_id,texto,correta,ordem) values ('05dbb1f9-7ea6-46a7-804a-7618c2b2c7ef','Serem testados quanto à resistência para suportar cargas suspensas com segurança',true,2);
insert into public.quiz_options (question_id,texto,correta,ordem) values ('05dbb1f9-7ea6-46a7-804a-7618c2b2c7ef','Distribuírem energia elétrica pelo palco',false,3);
insert into public.quiz_options (question_id,texto,correta,ordem) values ('05dbb1f9-7ea6-46a7-804a-7618c2b2c7ef','Substituírem o no-break',false,4);
insert into public.quiz_questions (id,quiz_id,texto,explicacao,ordem,pontos) values ('518ab3b1-84d2-44c8-92fb-16f51cfb89bb','736ab864-8b78-4efd-ab73-3bb9146a372d','Qual é uma estrutura de fixação de solo (não suspensa)?','A torre de iluminação é uma estrutura autônoma de chão. Bambolinas, sistemas de fly e grid são suspensos.',4,1);
insert into public.quiz_options (question_id,texto,correta,ordem) values ('518ab3b1-84d2-44c8-92fb-16f51cfb89bb','Bambolinas',false,1);
insert into public.quiz_options (question_id,texto,correta,ordem) values ('518ab3b1-84d2-44c8-92fb-16f51cfb89bb','Sistema de fly',false,2);
insert into public.quiz_options (question_id,texto,correta,ordem) values ('518ab3b1-84d2-44c8-92fb-16f51cfb89bb','Torre de iluminação',true,3);
insert into public.quiz_options (question_id,texto,correta,ordem) values ('518ab3b1-84d2-44c8-92fb-16f51cfb89bb','Grid',false,4);
insert into public.modules (id,course_id,titulo,ordem) values ('bd2fd591-2a6a-42c5-8f91-d28998e0d63a','1320b04f-ec96-47e3-905c-46a6f7bce71e','Luz I',4);
insert into public.lessons (id,module_id,titulo,tipo,conteudo_rico,duracao_min,ordem,tem_quiz,preview_gratis) values ('7891f0c9-ac8c-44e2-a00b-2ccb3c854da8','bd2fd591-2a6a-42c5-8f91-d28998e0d63a','Fundamentos da iluminação: o que a luz faz num evento','texto','<p><strong>Para começar:</strong> Iluminar não é só clarear o ambiente. É criar atmosfera, destacar o que importa e transmitir emoção. Nesta aula você vai entender os conceitos básicos que estão por trás de qualquer projeto de luz.</p><p>Antes de mexer em qualquer equipamento, o técnico precisa dominar o vocabulário da luz. São poucos conceitos, mas eles aparecem o tempo todo no dia a dia de um evento.</p><ul><li><strong>O que é iluminação:</strong> Uso controlado da luz para criar efeitos visuais desejados em palcos, eventos, espaços arquitetônicos e estúdios. Vai além de fornecer claridade: cria atmosfera, destaca elementos e transmite emoções.</li><li><strong>Fonte de luz:</strong> É a fonte física que emite a luz (lâmpada incandescente, LED, fluorescente, etc.). A escolha da fonte afeta a temperatura de cor, a intensidade e outras características da iluminação.</li><li><strong>Intensidade luminosa:</strong> Refere-se ao brilho ou quantidade de luz emitida. É medida em lúmens (lm). Quanto maior a intensidade, mais iluminado o ambiente ou objeto aparece. No controle de palco, a intensidade de cada aparelho costuma ser ajustada em porcentagem (0 a 100%).</li><li><strong>Direção da luz:</strong> De onde a luz incide sobre o objeto ou cena. É decisiva para criar sombras e realçar características. A luz pode vir de cima, de baixo, lateralmente (luz de lateral/sidelight) ou de ângulos específicos para alcançar o efeito desejado.</li><li><strong>Ângulo de feixe:</strong> Abertura do feixe emitido pela fonte. Feixes estreitos (spot) concentram a luz em uma área menor; feixes amplos (flood) espalham a luz por uma área maior.</li><li><strong>Difusão e foco:</strong> A luz pode ser direcionada e moldada com refletores, lentes e acessórios. A difusão suaviza a luz (deixa mais espalhada e sem bordas duras); o foco direciona a luz para um ponto específico.</li><li><strong>Segurança como base:</strong> Em eventos ao vivo, iluminação adequada é essencial para a segurança de artistas e equipe: todos precisam enxergar para se mover e trabalhar sem riscos. Acessos, escadas e bastidores nunca devem ficar no escuro total.</li></ul><p><strong>Na prática:</strong> Num show em uma casa de eventos média, o lighting designer pede uma ''luz de boas-vindas'' enquanto o público entra: luz ampla, suave e quente cobrindo o palco. Ao começar o show, ele troca para feixes estreitos e direcionados sobre o vocalista. Mesma sala, mesmos aparelhos, dois efeitos completamente diferentes só mudando direção, ângulo de feixe e difusão.</p><h4>Resumo</h4><ul><li>Iluminar é controlar a luz para criar atmosfera, destacar e emocionar, não apenas clarear</li><li>Os conceitos-base são: fonte, intensidade (lúmens), direção, ângulo de feixe e difusão/foco</li><li>Segurança vem primeiro: ninguém trabalha ou se desloca no escuro total</li></ul>',25,1,true,false);
insert into public.quizzes (id,lesson_id,titulo) values ('52efaf97-3b72-49f0-ab25-70b0ad77bfea','7891f0c9-ac8c-44e2-a00b-2ccb3c854da8','Quiz — Fundamentos da iluminação: o que a luz faz num evento');
insert into public.quiz_questions (id,quiz_id,texto,explicacao,ordem,pontos) values ('df5dcbe3-91d4-4a91-9104-4dc9c9ef3492','52efaf97-3b72-49f0-ab25-70b0ad77bfea','Em que unidade se mede a intensidade luminosa (quantidade de luz emitida)?','A intensidade luminosa é medida em lúmens (lm). Kelvin mede temperatura de cor e watts medem consumo de energia, não a quantidade de luz.',1,1);
insert into public.quiz_options (question_id,texto,correta,ordem) values ('df5dcbe3-91d4-4a91-9104-4dc9c9ef3492','Kelvin (K)',false,1);
insert into public.quiz_options (question_id,texto,correta,ordem) values ('df5dcbe3-91d4-4a91-9104-4dc9c9ef3492','Lúmens (lm)',true,2);
insert into public.quiz_options (question_id,texto,correta,ordem) values ('df5dcbe3-91d4-4a91-9104-4dc9c9ef3492','Watts (W)',false,3);
insert into public.quiz_options (question_id,texto,correta,ordem) values ('df5dcbe3-91d4-4a91-9104-4dc9c9ef3492','Graus (°)',false,4);
insert into public.quiz_questions (id,quiz_id,texto,explicacao,ordem,pontos) values ('9dbbe135-7bfd-4c92-85fc-1bc9e88166dc','52efaf97-3b72-49f0-ab25-70b0ad77bfea','Qual a principal diferença entre um feixe estreito e um feixe amplo?','Feixes estreitos (spot) concentram a luz numa área pequena; feixes amplos (flood) espalham a luz por uma área maior. É o ângulo de feixe que define isso.',2,1);
insert into public.quiz_options (question_id,texto,correta,ordem) values ('9dbbe135-7bfd-4c92-85fc-1bc9e88166dc','O estreito é sempre mais quente',false,1);
insert into public.quiz_options (question_id,texto,correta,ordem) values ('9dbbe135-7bfd-4c92-85fc-1bc9e88166dc','O estreito concentra a luz numa área menor; o amplo espalha por área maior',true,2);
insert into public.quiz_options (question_id,texto,correta,ordem) values ('9dbbe135-7bfd-4c92-85fc-1bc9e88166dc','O amplo só existe em LED',false,3);
insert into public.quiz_options (question_id,texto,correta,ordem) values ('9dbbe135-7bfd-4c92-85fc-1bc9e88166dc','Não há diferença prática',false,4);
insert into public.quiz_questions (id,quiz_id,texto,explicacao,ordem,pontos) values ('18d15ca2-e83e-46d9-b84a-23e18bfc48b3','52efaf97-3b72-49f0-ab25-70b0ad77bfea','Por que a iluminação de segurança é considerada essencial num evento ao vivo?','Em eventos ao vivo a luz adequada garante que artistas e equipe técnica se movam e executem tarefas com clareza e sem riscos. Acessos e bastidores não podem ficar no escuro total.',3,1);
insert into public.quiz_options (question_id,texto,correta,ordem) values ('18d15ca2-e83e-46d9-b84a-23e18bfc48b3','Para economizar energia',false,1);
insert into public.quiz_options (question_id,texto,correta,ordem) values ('18d15ca2-e83e-46d9-b84a-23e18bfc48b3','Para que artistas e equipe enxerguem e se movam sem riscos',true,2);
insert into public.quiz_options (question_id,texto,correta,ordem) values ('18d15ca2-e83e-46d9-b84a-23e18bfc48b3','Apenas por exigência estética',false,3);
insert into public.quiz_options (question_id,texto,correta,ordem) values ('18d15ca2-e83e-46d9-b84a-23e18bfc48b3','Para deixar o palco mais escuro',false,4);
insert into public.lessons (id,module_id,titulo,tipo,conteudo_rico,duracao_min,ordem,tem_quiz,preview_gratis) values ('25e6d5e3-1696-48fb-ba10-dd5fdf3461c1','bd2fd591-2a6a-42c5-8f91-d28998e0d63a','Temperatura de cor e o uso das cores na luz','texto','<p><strong>Para começar:</strong> A mesma cena pode parecer aconchegante ou fria dependendo da cor da luz. Nesta aula você vai entender temperatura de cor em Kelvin e como as cores comunicam emoções no palco.</p><p>Cor é uma das ferramentas mais poderosas do iluminador. Ela define o clima da cena antes mesmo de o público perceber. Vamos separar dois assuntos: a temperatura de cor da fonte e o significado das cores aplicadas.</p><ul><li><strong>Temperatura de cor:</strong> Medida da aparência da cor da luz branca emitida por uma fonte, expressa em Kelvin (K). Atenção ao que parece contraintuitivo: fontes mais quentes (amareladas) têm temperatura de cor mais BAIXA, e fontes mais frias (azuladas) têm temperatura de cor mais ALTA.</li><li><strong>Referências práticas de Kelvin:</strong> Como guia padrão do mercado: luz quente/amarelada fica em torno de 2700–3200 K (clima intimista, aconchegante); luz neutra em torno de 4000 K; luz fria/branca-azulada a partir de 5600–6500 K (clima moderno, clínico, de dia claro). Misturar fontes de Kelvin muito diferentes na mesma cena costuma deixar a luz ''suja''.</li><li><strong>Cor por filtros e por LED:</strong> As fontes podem emitir cores diferentes. Em aparelhos convencionais usa-se gelatina (filtro de cor) na frente da lente; em aparelhos de LED a cor é gerada eletronicamente pela mistura dos diodos (RGB / RGBW / RGBA). A combinação de cores cria efeitos dramáticos e atmosferas específicas.</li><li><strong>Cores quentes e seus significados:</strong> Vermelho: paixão, energia, amor, ação, atenção, perigo. Laranja: entusiasmo, vitalidade, determinação, calor, simpatia. Amarelo: alegria, felicidade, criatividade, clareza, otimismo, energia positiva. Rosa: ternura, romance, suavidade, compaixão.</li><li><strong>Cores frias e neutras e seus significados:</strong> Azul: calma, serenidade, confiança, estabilidade, profundidade. Verde: natureza, renovação, crescimento, saúde, equilíbrio. Roxo: realeza, espiritualidade, mistério, luxo, criatividade. Branco: pureza, paz, simplicidade, limpeza. Preto/ausência de luz: mistério, elegância, formalidade.</li><li><strong>Cor é cultural e subjetiva:</strong> Essas associações não são universais: variam conforme cultura, contexto e experiência pessoal. O preto, por exemplo, significa luto em algumas culturas e elegância em outras. Use as cores como ferramenta de comunicação, mas considere o público e o tema do evento.</li></ul><p><strong>Na prática:</strong> Numa formatura, a entrada dos formandos pede luz quente em ~3000 K com âmbar e dourado para um clima solene e acolhedor. Na hora da festa, o técnico vira tudo para azul e magenta saturados com a luz fria por trás, e a mesma sala vira balada. A escolha de Kelvin e de cor mudou completamente a leitura emocional do momento.</p><h4>Resumo</h4><ul><li>Temperatura de cor é medida em Kelvin: quente é Kelvin baixo, frio é Kelvin alto</li><li>Cor pode vir de gelatina (convencional) ou da mistura de LEDs (RGB/RGBW)</li><li>O significado das cores comunica emoção, mas é cultural e subjetivo</li></ul>',25,2,true,false);
insert into public.quizzes (id,lesson_id,titulo) values ('5555715f-ce50-4198-990c-bb645619bc0a','25e6d5e3-1696-48fb-ba10-dd5fdf3461c1','Quiz — Temperatura de cor e o uso das cores na luz');
insert into public.quiz_questions (id,quiz_id,texto,explicacao,ordem,pontos) values ('50197026-a9c8-4d26-b0f6-faa5b061a7be','5555715f-ce50-4198-990c-bb645619bc0a','Uma luz bem amarelada e aconchegante corresponde a qual faixa de temperatura de cor?','Luz quente/amarelada tem temperatura de cor BAIXA (cerca de 2700–3200 K). Kelvin alto (5600–6500 K) corresponde à luz fria e azulada.',1,1);
insert into public.quiz_options (question_id,texto,correta,ordem) values ('50197026-a9c8-4d26-b0f6-faa5b061a7be','Kelvin alto, em torno de 6500 K',false,1);
insert into public.quiz_options (question_id,texto,correta,ordem) values ('50197026-a9c8-4d26-b0f6-faa5b061a7be','Kelvin baixo, em torno de 2700–3200 K',true,2);
insert into public.quiz_options (question_id,texto,correta,ordem) values ('50197026-a9c8-4d26-b0f6-faa5b061a7be','Não tem relação com Kelvin',false,3);
insert into public.quiz_options (question_id,texto,correta,ordem) values ('50197026-a9c8-4d26-b0f6-faa5b061a7be','Sempre exatamente 4000 K',false,4);
insert into public.quiz_questions (id,quiz_id,texto,explicacao,ordem,pontos) values ('b83d5d63-1a0e-4c0e-b5be-f5f7a652aefa','5555715f-ce50-4198-990c-bb645619bc0a','Num refletor de LED, como a cor é normalmente produzida?','No LED a cor é gerada eletronicamente pela mistura dos diodos coloridos (RGB, RGBW, RGBA). Já nos convencionais usa-se gelatina (filtro de cor) na frente da lente.',2,1);
insert into public.quiz_options (question_id,texto,correta,ordem) values ('b83d5d63-1a0e-4c0e-b5be-f5f7a652aefa','Trocando a lâmpada por uma colorida',false,1);
insert into public.quiz_options (question_id,texto,correta,ordem) values ('b83d5d63-1a0e-4c0e-b5be-f5f7a652aefa','Misturando eletronicamente os diodos (RGB/RGBW)',true,2);
insert into public.quiz_options (question_id,texto,correta,ordem) values ('b83d5d63-1a0e-4c0e-b5be-f5f7a652aefa','Pintando a lente',false,3);
insert into public.quiz_options (question_id,texto,correta,ordem) values ('b83d5d63-1a0e-4c0e-b5be-f5f7a652aefa','Aumentando os watts',false,4);
insert into public.quiz_questions (id,quiz_id,texto,explicacao,ordem,pontos) values ('a1e8a640-6e8b-4ece-bf42-c808eaf46adb','5555715f-ce50-4198-990c-bb645619bc0a','O que é correto afirmar sobre o significado das cores na iluminação?','As associações de cor não são universais: dependem de cultura, contexto e individualidade. O técnico deve considerar o público e o tema ao escolher as cores.',3,1);
insert into public.quiz_options (question_id,texto,correta,ordem) values ('a1e8a640-6e8b-4ece-bf42-c808eaf46adb','É universal e igual para todos',false,1);
insert into public.quiz_options (question_id,texto,correta,ordem) values ('a1e8a640-6e8b-4ece-bf42-c808eaf46adb','Varia conforme cultura, contexto e experiência pessoal',true,2);
insert into public.quiz_options (question_id,texto,correta,ordem) values ('a1e8a640-6e8b-4ece-bf42-c808eaf46adb','Só importa em teatro',false,3);
insert into public.quiz_options (question_id,texto,correta,ordem) values ('a1e8a640-6e8b-4ece-bf42-c808eaf46adb','Nunca muda o clima da cena',false,4);
insert into public.quiz_questions (id,quiz_id,texto,explicacao,ordem,pontos) values ('9ff3635c-3e90-4f51-bd6a-816b7c2fec17','5555715f-ce50-4198-990c-bb645619bc0a','Por que geralmente se evita misturar fontes de Kelvin muito diferentes na mesma cena de luz branca?','Misturar temperaturas de cor muito diferentes no branco deixa a luz visualmente inconsistente e ''suja''. O ideal é manter coerência de Kelvin dentro da mesma cena.',4,1);
insert into public.quiz_options (question_id,texto,correta,ordem) values ('9ff3635c-3e90-4f51-bd6a-816b7c2fec17','Porque gasta mais energia',false,1);
insert into public.quiz_options (question_id,texto,correta,ordem) values ('9ff3635c-3e90-4f51-bd6a-816b7c2fec17','Porque a luz tende a ficar ''suja'' e inconsistente',true,2);
insert into public.quiz_options (question_id,texto,correta,ordem) values ('9ff3635c-3e90-4f51-bd6a-816b7c2fec17','Porque queima os aparelhos',false,3);
insert into public.quiz_options (question_id,texto,correta,ordem) values ('9ff3635c-3e90-4f51-bd6a-816b7c2fec17','Porque é proibido por norma',false,4);
insert into public.lessons (id,module_id,titulo,tipo,conteudo_rico,duracao_min,ordem,tem_quiz,preview_gratis) values ('7ff793e3-ec3c-49bb-952a-0bca4dfe2ce8','bd2fd591-2a6a-42c5-8f91-d28998e0d63a','O papel do técnico de iluminação','texto','<p><strong>Para começar:</strong> Por trás de cada cena bem iluminada existe um técnico que montou, configurou, operou e resolveu problemas em tempo real. Nesta aula você vai entender exatamente o que se espera dessa função.</p><p>O técnico de iluminação atua em eventos, teatro, TV, cinema e produções afins. Suas responsabilidades variam conforme o porte do evento, mas há um núcleo de funções que se repete sempre.</p><ul><li><strong>Instalação e configuração:</strong> Montar e configurar todos os equipamentos de iluminação necessários: luzes, cabos, suportes (treliças/clamps), consoles e periféricos. É a base de tudo e onde a maioria dos erros é prevenida.</li><li><strong>Operação dos equipamentos:</strong> Durante o evento, operar os aparelhos conforme as necessidades do diretor, do designer de iluminação ou da equipe, seguindo o roteiro de cenas.</li><li><strong>Programação de luzes:</strong> Programar as luzes conforme os requisitos do evento, criando diferentes cenários (cenas/memórias) e efeitos sob demanda. Em muitos casos isso é feito antecipadamente na passagem de som/luz.</li><li><strong>Manutenção e reparo:</strong> Fazer a manutenção regular dos equipamentos para garantir que tudo funcione, e executar reparos quando necessário. Aparelho que não acende na hora do show quase sempre é falha que poderia ter sido pega na manutenção.</li><li><strong>Colaboração com a equipe:</strong> Trabalhar em estreita colaboração com diretores, designers de iluminação, técnicos de som e demais membros da produção, para que a luz atenda às necessidades do evento.</li><li><strong>Segurança elétrica e estrutural:</strong> Garantir que instalações elétricas e equipamentos estejam em conformidade com os padrões de segurança. Inclui carga elétrica adequada, aterramento, fixação correta dos aparelhos em altura e travas de segurança (safety).</li><li><strong>Resolução de problemas ao vivo:</strong> Em evento ao vivo surgem imprevistos. O técnico precisa identificar e resolver rapidamente para minimizar o impacto: cabo solto, aparelho que apagou, canal travado. Calma e método valem mais que pressa.</li></ul><p><strong>Na prática:</strong> Faltam dez minutos para abrir a casa e um refletor frontal não acende. Em vez de entrar em pânico, o técnico segue o método: confere se o aparelho está endereçado, testa o cabo de energia, testa o cabo DMX, e descobre que um conector DMX se soltou na treliça. Reconecta, testa a cena, e o show abre no horário. Resolução de problemas é rotina, não exceção.</p><h4>Resumo</h4><ul><li>O técnico instala, configura, opera, programa e mantém os equipamentos de luz</li><li>Segurança elétrica e estrutural é responsabilidade central da função</li><li>Resolver problemas ao vivo com método e rapidez faz parte da rotina</li></ul>',20,3,true,false);
insert into public.quizzes (id,lesson_id,titulo) values ('5ef76b7e-00af-429c-b154-3e59b5284fee','7ff793e3-ec3c-49bb-952a-0bca4dfe2ce8','Quiz — O papel do técnico de iluminação');
insert into public.quiz_questions (id,quiz_id,texto,explicacao,ordem,pontos) values ('eaebc3c9-d26c-4e9b-bd5d-d4a1e0f8d02b','5ef76b7e-00af-429c-b154-3e59b5284fee','Qual destas é uma responsabilidade central do técnico de iluminação?','O técnico é responsável por instalar, configurar, operar, programar e manter os equipamentos de iluminação, sempre em colaboração com a equipe de produção.',1,1);
insert into public.quiz_options (question_id,texto,correta,ordem) values ('eaebc3c9-d26c-4e9b-bd5d-d4a1e0f8d02b','Escrever o roteiro artístico do show',false,1);
insert into public.quiz_options (question_id,texto,correta,ordem) values ('eaebc3c9-d26c-4e9b-bd5d-d4a1e0f8d02b','Instalar, configurar e operar os equipamentos de luz',true,2);
insert into public.quiz_options (question_id,texto,correta,ordem) values ('eaebc3c9-d26c-4e9b-bd5d-d4a1e0f8d02b','Definir o cachê dos artistas',false,3);
insert into public.quiz_options (question_id,texto,correta,ordem) values ('eaebc3c9-d26c-4e9b-bd5d-d4a1e0f8d02b','Cuidar apenas do áudio',false,4);
insert into public.quiz_questions (id,quiz_id,texto,explicacao,ordem,pontos) values ('85b0a7bb-d4d9-4967-a870-df05db4cba61','5ef76b7e-00af-429c-b154-3e59b5284fee','Durante o evento ao vivo um refletor apaga. Qual é a melhor postura?','O técnico precisa identificar e resolver imprevistos rapidamente para minimizar o impacto. Um diagnóstico metódico (energia, DMX, endereço) é o caminho.',2,1);
insert into public.quiz_options (question_id,texto,correta,ordem) values ('85b0a7bb-d4d9-4967-a870-df05db4cba61','Ignorar e seguir o show',false,1);
insert into public.quiz_options (question_id,texto,correta,ordem) values ('85b0a7bb-d4d9-4967-a870-df05db4cba61','Diagnosticar com método: energia, cabo DMX, endereçamento',true,2);
insert into public.quiz_options (question_id,texto,correta,ordem) values ('85b0a7bb-d4d9-4967-a870-df05db4cba61','Desligar todo o sistema',false,3);
insert into public.quiz_options (question_id,texto,correta,ordem) values ('85b0a7bb-d4d9-4967-a870-df05db4cba61','Esperar acabar o evento para olhar',false,4);
insert into public.quiz_questions (id,quiz_id,texto,explicacao,ordem,pontos) values ('18b97b7f-41d3-46f4-ae47-b1ed53b2576f','5ef76b7e-00af-429c-b154-3e59b5284fee','A segurança elétrica e estrutural no trabalho do técnico inclui principalmente:','Garantir conformidade com padrões de segurança envolve carga elétrica correta, aterramento e fixação segura dos aparelhos em altura, com cabos de segurança (safety).',3,1);
insert into public.quiz_options (question_id,texto,correta,ordem) values ('18b97b7f-41d3-46f4-ae47-b1ed53b2576f','Apenas escolher cores bonitas',false,1);
insert into public.quiz_options (question_id,texto,correta,ordem) values ('18b97b7f-41d3-46f4-ae47-b1ed53b2576f','Carga elétrica adequada, aterramento e fixação/travas dos aparelhos em altura',true,2);
insert into public.quiz_options (question_id,texto,correta,ordem) values ('18b97b7f-41d3-46f4-ae47-b1ed53b2576f','Somente a marca do console',false,3);
insert into public.quiz_options (question_id,texto,correta,ordem) values ('18b97b7f-41d3-46f4-ae47-b1ed53b2576f','Reduzir o número de cenas',false,4);
insert into public.lessons (id,module_id,titulo,tipo,conteudo_rico,duracao_min,ordem,tem_quiz,preview_gratis) values ('55da8aec-531e-4f44-b366-f6b0a8a85983','bd2fd591-2a6a-42c5-8f91-d28998e0d63a','Equipamentos de iluminação: tipos de refletor e aparelhos de palco','texto','<p><strong>Para começar:</strong> PAR, Fresnel, elipsoidal, LED, moving head... cada aparelho tem um feixe e um propósito. Nesta aula você vai aprender a reconhecer os principais equipamentos e saber quando usar cada um.</p><p>Escolher o aparelho certo é metade do trabalho. Cada tipo de refletor entrega um tipo de feixe; cada aparelho de efeito cumpre uma função. Vamos do convencional ao automatizado.</p><ul><li><strong>PAR / Par Can:</strong> Aparelho robusto e versátil que emite um feixe intenso e concentrado, sem foco ajustável (o feixe é definido pela lâmpada/lente). Ótimo para banhar áreas e dar cor em grande quantidade. Hoje é muito comum o PAR de LED, que troca cor eletronicamente e consome menos energia.</li><li><strong>Fresnel:</strong> Projetor com lente Fresnel (de anéis), que permite ajustar o foco de spot (feixe fechado) a flood (feixe aberto). Gera luz suave, de bordas difusas, boa para cobrir áreas amplas com transição macia.</li><li><strong>PC (Plano-Convexo):</strong> Projetor com lente plano-convexa. Entrega um feixe mais definido e com borda um pouco mais dura que o Fresnel, também com foco ajustável. Útil para destacar áreas e objetos com mais recorte. Observação técnica: a lente do PC é plano-convexa; quem usa lentes que permitem recorte preciso com facas e gobos é o elipsoidal, descrito a seguir.</li><li><strong>Elipsoidal (recorte):</strong> Refletor de feixe preciso e definido, com facas (shutters) para recortar o formato da luz e suporte para gobos (máscaras que projetam padrões). É a ferramenta padrão para iluminar um objeto ou pessoa específica com bordas limpas. (No material-base esse recurso de feixe preciso aparece associado ao ''PC''; o aparelho de recorte propriamente dito é o elipsoidal.)</li><li><strong>Moving Head (cabeça móvel):</strong> Luminária motorizada controlada remotamente: ajusta direção (pan/tilt), cor, foco e efeitos de movimento. Existem versões spot (feixe definido, com gobo), wash (feixe aberto e suave) e beam (feixe muito fechado e potente). É o ''canivete'' do show moderno.</li><li><strong>Wash:</strong> Aparelho que emite luz ampla e uniforme, cobrindo grandes áreas com cor e intensidade homogêneas. Usado para preencher o palco ou o cenário com cor.</li><li><strong>LED:</strong> Aparelhos que usam diodos emissores de luz para gerar várias cores e efeitos com baixo consumo de energia e pouco calor. Presentes em PARs, washes, barras, painéis e moving heads.</li><li><strong>Aparelhos convencionais:</strong> Refletores tradicionais: lâmpadas PAR, refletores de tungstênio e similares. Continuam amplamente usados, em geral com luz quente e controle de intensidade por dimmer.</li></ul><p><strong>Na prática:</strong> Num show de banda, o desenho combina aparelhos: PARs de LED dão a cor de fundo do palco (wash geral), elipsoidais recortam um facho limpo sobre o vocalista no solo, e moving heads beam cortam o ar com fumaça para os refrões. Cada aparelho foi escolhido pelo tipo de feixe que entrega.</p><h4>Resumo</h4><ul><li>PAR banha e dá cor; Fresnel e PC ajustam foco; elipsoidal recorta com precisão e gobo</li><li>Moving head é motorizado (pan/tilt, cor, foco) e vem em versões spot, wash e beam</li><li>LED entrega cor variada com baixo consumo e pouco calor, em vários formatos</li></ul>',30,4,true,false);
insert into public.quizzes (id,lesson_id,titulo) values ('4326627f-f043-4d08-bcb8-28e72776ca9a','55da8aec-531e-4f44-b366-f6b0a8a85983','Quiz — Equipamentos de iluminação: tipos de refletor e aparelhos de');
insert into public.quiz_questions (id,quiz_id,texto,explicacao,ordem,pontos) values ('14b3388e-a3b5-4043-bd85-431e90de8711','4326627f-f043-4d08-bcb8-28e72776ca9a','Qual aparelho é o indicado para projetar um feixe recortado e limpo sobre uma pessoa, com possibilidade de gobo?','O elipsoidal tem feixe preciso, facas (shutters) para recorte e suporte para gobos, sendo a ferramenta padrão para destacar uma pessoa ou objeto com bordas limpas.',1,1);
insert into public.quiz_options (question_id,texto,correta,ordem) values ('14b3388e-a3b5-4043-bd85-431e90de8711','Par Can',false,1);
insert into public.quiz_options (question_id,texto,correta,ordem) values ('14b3388e-a3b5-4043-bd85-431e90de8711','Wash',false,2);
insert into public.quiz_options (question_id,texto,correta,ordem) values ('14b3388e-a3b5-4043-bd85-431e90de8711','Elipsoidal',true,3);
insert into public.quiz_options (question_id,texto,correta,ordem) values ('14b3388e-a3b5-4043-bd85-431e90de8711','Fresnel',false,4);
insert into public.quiz_questions (id,quiz_id,texto,explicacao,ordem,pontos) values ('14904f70-09bd-480f-9c0c-df936ada8542','4326627f-f043-4d08-bcb8-28e72776ca9a','O que caracteriza o feixe de um PAR (Par Can)?','O PAR emite um feixe intenso e concentrado e não tem foco ajustável (o feixe depende da lâmpada/lente). É ótimo para banhar áreas e dar cor.',2,1);
insert into public.quiz_options (question_id,texto,correta,ordem) values ('14904f70-09bd-480f-9c0c-df936ada8542','Feixe com foco totalmente ajustável',false,1);
insert into public.quiz_options (question_id,texto,correta,ordem) values ('14904f70-09bd-480f-9c0c-df936ada8542','Feixe intenso e concentrado, sem foco ajustável',true,2);
insert into public.quiz_options (question_id,texto,correta,ordem) values ('14904f70-09bd-480f-9c0c-df936ada8542','Sempre um feixe difuso e fraco',false,3);
insert into public.quiz_options (question_id,texto,correta,ordem) values ('14904f70-09bd-480f-9c0c-df936ada8542','Só funciona em movimento',false,4);
insert into public.quiz_questions (id,quiz_id,texto,explicacao,ordem,pontos) values ('e894c2fa-673e-4623-b9b3-7362fe11155b','4326627f-f043-4d08-bcb8-28e72776ca9a','Um moving head se diferencia de um refletor convencional principalmente por:','O moving head é uma luminária motorizada controlada remotamente, que ajusta direção (pan/tilt), cor, foco e efeitos de movimento, ao contrário dos refletores fixos.',3,1);
insert into public.quiz_options (question_id,texto,correta,ordem) values ('e894c2fa-673e-4623-b9b3-7362fe11155b','Ser sempre mais barato',false,1);
insert into public.quiz_options (question_id,texto,correta,ordem) values ('e894c2fa-673e-4623-b9b3-7362fe11155b','Ser motorizado, ajustando direção, cor, foco e movimento por controle remoto',true,2);
insert into public.quiz_options (question_id,texto,correta,ordem) values ('e894c2fa-673e-4623-b9b3-7362fe11155b','Não usar eletricidade',false,3);
insert into public.quiz_options (question_id,texto,correta,ordem) values ('e894c2fa-673e-4623-b9b3-7362fe11155b','Não poder mudar de cor',false,4);
insert into public.quiz_questions (id,quiz_id,texto,explicacao,ordem,pontos) values ('e262f502-471e-4d72-b38f-d78274cc531f','4326627f-f043-4d08-bcb8-28e72776ca9a','Qual vantagem principal dos aparelhos de LED frente aos convencionais de tungstênio?','Os LEDs geram diversas cores e efeitos eletronicamente, com baixo consumo de energia e pouca geração de calor, dispensando a gelatina usada nos convencionais.',4,1);
insert into public.quiz_options (question_id,texto,correta,ordem) values ('e262f502-471e-4d72-b38f-d78274cc531f','Esquentam muito mais',false,1);
insert into public.quiz_options (question_id,texto,correta,ordem) values ('e262f502-471e-4d72-b38f-d78274cc531f','Produzem várias cores com baixo consumo de energia e pouco calor',true,2);
insert into public.quiz_options (question_id,texto,correta,ordem) values ('e262f502-471e-4d72-b38f-d78274cc531f','Não conseguem mudar de cor',false,3);
insert into public.quiz_options (question_id,texto,correta,ordem) values ('e262f502-471e-4d72-b38f-d78274cc531f','Precisam sempre de gelatina',false,4);
insert into public.lessons (id,module_id,titulo,tipo,conteudo_rico,duracao_min,ordem,tem_quiz,preview_gratis) values ('055146a4-f5dd-4bae-8256-a95dd268b84c','bd2fd591-2a6a-42c5-8f91-d28998e0d63a','Efeitos especiais e controle DMX','texto','<p><strong>Para começar:</strong> Fumaça cortada por um feixe, um strobe no refrão, dezenas de aparelhos mudando de cor ao mesmo tempo. Tudo isso depende de efeitos especiais bem usados e de um protocolo de controle: o DMX.</p><p>Esta aula fecha o módulo juntando os aparelhos de efeito ao sistema que comanda todos eles de forma sincronizada. Entender o básico de DMX é o que separa apertar botão de operar um show.</p><ul><li><strong>Estroboscópio (strobe):</strong> Produz flashes de luz intermitentes. Conforme a taxa de flash, cria efeito de congelamento do movimento ou de movimento em câmera lenta. Usar com responsabilidade: strobe intenso pode causar desconforto e há restrições para pessoas fotossensíveis.</li><li><strong>Máquinas de atmosfera:</strong> Máquinas de fumaça, de neblina (hazer) e de bolhas. Elas não são luz, mas dão corpo ao ar para que os feixes fiquem visíveis. Sem fumaça/haze, um beam no ar quase não aparece.</li><li><strong>Laser:</strong> Gera feixes concentrados e coloridos que criam padrões e efeitos visuais complexos. Exige cuidado especial de segurança e, frequentemente, regras quanto à projeção em direção ao público.</li><li><strong>Luz UV (luz negra):</strong> Emite luz ultravioleta que faz substâncias fluorescentes brilharem, criando efeitos visuais marcantes em cenários, figurinos e tinta especial.</li><li><strong>Outros recursos visuais:</strong> Projetores de imagem (exibem imagens, vídeos e padrões em superfícies), fibra óptica (pontos de luz e céu de estrelas) e luzes inteligentes programáveis sincronizadas com a música ou as ações do palco.</li><li><strong>O que é DMX:</strong> DMX (DMX512) é o protocolo padrão de controle de iluminação. Permite ajustar intensidade, cor e padrões de muitos aparelhos de forma precisa e sincronizada a partir de um console. Substitui a ideia de ''um interruptor por luz'' por um único cabo de dados controlando tudo.</li><li><strong>Endereço e canais DMX:</strong> Cada aparelho recebe um endereço DMX e ocupa um número de canais (por exemplo, um par de LED pode usar canais separados para vermelho, verde, azul e intensidade). Um universo DMX tem 512 canais. Endereçar certo é o que faz cada aparelho ''entender'' o comando dirigido a ele.</li><li><strong>Ligação e cuidados básicos:</strong> Os aparelhos DMX são ligados em cadeia (daisy chain) com cabo apropriado, geralmente saindo do console e passando de aparelho em aparelho. Boas práticas: usar cabo de boa qualidade e, em linhas longas, um terminador no último aparelho para evitar ruído no sinal.</li></ul><p><strong>Na prática:</strong> Antes da virada do ano, o técnico endereça cada moving head em um universo DMX, liga tudo em daisy chain a partir do console e coloca um terminador no último aparelho. Na contagem regressiva, uma única cena dispara: hazer enche o ar, todos os beams sobem juntos em azul e o strobe entra na batida. Dezenas de aparelhos, um comando, graças ao DMX.</p><h4>Resumo</h4><ul><li>Efeitos como strobe, fumaça/haze, laser e UV dão impacto, mas exigem cuidado de segurança</li><li>DMX512 é o protocolo padrão que controla muitos aparelhos de forma precisa e sincronizada</li><li>Cada aparelho tem endereço e ocupa canais; um universo DMX tem 512 canais</li></ul>',25,5,true,false);
insert into public.quizzes (id,lesson_id,titulo) values ('ffda5fda-d2a6-4f11-babc-792c5b70cdda','055146a4-f5dd-4bae-8256-a95dd268b84c','Quiz — Efeitos especiais e controle DMX');
insert into public.quiz_questions (id,quiz_id,texto,explicacao,ordem,pontos) values ('3ce90a6b-0ac8-48ce-92e1-c59f617f5893','ffda5fda-d2a6-4f11-babc-792c5b70cdda','Para que serve o DMX (DMX512) na iluminação de eventos?','O DMX512 é o protocolo padrão que permite ajustar intensidade, cor e padrões de vários aparelhos de maneira precisa e sincronizada a partir do console.',1,1);
insert into public.quiz_options (question_id,texto,correta,ordem) values ('3ce90a6b-0ac8-48ce-92e1-c59f617f5893','Apenas para ligar máquinas de fumaça',false,1);
insert into public.quiz_options (question_id,texto,correta,ordem) values ('3ce90a6b-0ac8-48ce-92e1-c59f617f5893','Controlar intensidade, cor e padrões de muitos aparelhos de forma sincronizada',true,2);
insert into public.quiz_options (question_id,texto,correta,ordem) values ('3ce90a6b-0ac8-48ce-92e1-c59f617f5893','Medir a temperatura de cor',false,3);
insert into public.quiz_options (question_id,texto,correta,ordem) values ('3ce90a6b-0ac8-48ce-92e1-c59f617f5893','Substituir os cabos de energia',false,4);
insert into public.quiz_questions (id,quiz_id,texto,explicacao,ordem,pontos) values ('f13fdcdb-9e46-4786-9b1d-21859eaff261','ffda5fda-d2a6-4f11-babc-792c5b70cdda','Quantos canais existem em um universo DMX?','Um universo DMX possui 512 canais. Cada aparelho recebe um endereço e ocupa um número de canais dentro desse universo.',2,1);
insert into public.quiz_options (question_id,texto,correta,ordem) values ('f13fdcdb-9e46-4786-9b1d-21859eaff261','128',false,1);
insert into public.quiz_options (question_id,texto,correta,ordem) values ('f13fdcdb-9e46-4786-9b1d-21859eaff261','256',false,2);
insert into public.quiz_options (question_id,texto,correta,ordem) values ('f13fdcdb-9e46-4786-9b1d-21859eaff261','512',true,3);
insert into public.quiz_options (question_id,texto,correta,ordem) values ('f13fdcdb-9e46-4786-9b1d-21859eaff261','1024',false,4);
insert into public.quiz_questions (id,quiz_id,texto,explicacao,ordem,pontos) values ('b1df0ea1-cd0e-410b-823f-1ae9373e479b','ffda5fda-d2a6-4f11-babc-792c5b70cdda','Por que costuma-se usar fumaça ou haze junto com feixes como o beam?','A fumaça e o haze dão corpo ao ar, tornando os feixes de luz visíveis. Sem eles, um beam projetado no ar quase não aparece.',3,1);
insert into public.quiz_options (question_id,texto,correta,ordem) values ('b1df0ea1-cd0e-410b-823f-1ae9373e479b','Para resfriar os aparelhos',false,1);
insert into public.quiz_options (question_id,texto,correta,ordem) values ('b1df0ea1-cd0e-410b-823f-1ae9373e479b','Para dar corpo ao ar e tornar os feixes visíveis',true,2);
insert into public.quiz_options (question_id,texto,correta,ordem) values ('b1df0ea1-cd0e-410b-823f-1ae9373e479b','Para aumentar a temperatura de cor',false,3);
insert into public.quiz_options (question_id,texto,correta,ordem) values ('b1df0ea1-cd0e-410b-823f-1ae9373e479b','Porque o DMX exige fumaça',false,4);
insert into public.quiz_questions (id,quiz_id,texto,explicacao,ordem,pontos) values ('f73cead3-170b-4e9f-ae97-dde18fd225e0','ffda5fda-d2a6-4f11-babc-792c5b70cdda','Qual cuidado é importante ao usar luz estroboscópica (strobe)?','O strobe deve ser usado com responsabilidade: flashes intensos podem causar desconforto e há restrições para pessoas fotossensíveis. O mesmo cuidado de segurança vale para laser.',4,1);
insert into public.quiz_options (question_id,texto,correta,ordem) values ('f73cead3-170b-4e9f-ae97-dde18fd225e0','Nenhum, pode usar à vontade',false,1);
insert into public.quiz_options (question_id,texto,correta,ordem) values ('f73cead3-170b-4e9f-ae97-dde18fd225e0','Usar com responsabilidade, pois pode causar desconforto e afetar pessoas fotossensíveis',true,2);
insert into public.quiz_options (question_id,texto,correta,ordem) values ('f73cead3-170b-4e9f-ae97-dde18fd225e0','Só funciona com laser',false,3);
insert into public.quiz_options (question_id,texto,correta,ordem) values ('f73cead3-170b-4e9f-ae97-dde18fd225e0','Desliga o DMX automaticamente',false,4);
insert into public.modules (id,course_id,titulo,ordem) values ('952a9de6-e32a-413d-92b5-6b306bc3c37c','1320b04f-ec96-47e3-905c-46a6f7bce71e','Vídeo I',5);
insert into public.lessons (id,module_id,titulo,tipo,conteudo_rico,duracao_min,ordem,tem_quiz,preview_gratis) values ('341e82f6-b38e-4692-873a-c73bb39f59bf','952a9de6-e32a-413d-92b5-6b306bc3c37c','A profissão de vídeo em eventos: o que faz o técnico e o VJ','texto','<p><strong>Para começar:</strong> Trabalhar com vídeo em eventos é transformar ideias em imagens em movimento que informam, entretêm e emocionam o público. Antes de tocar em qualquer equipamento, você precisa entender o papel do profissional de vídeo e onde ele atua. Nesta aula você vai conhecer a profissão, a função do VJ e por que o vídeo virou peça central de qualquer evento moderno.</p><p>O profissional de vídeo (videomaker) cria, produz e edita imagens. Dentro do evento ao vivo, uma especialização ganha destaque: o VJ (Video Jockey), que manipula visuais em tempo real durante a apresentação.</p><ul><li><strong>O que é o profissional de vídeo:</strong> É quem cria, produz e edita vídeos que informam, entretêm e inspiram. Combina criatividade, conhecimento técnico e comunicação para entregar conteúdo audiovisual de qualidade em plataformas online, TV, cinema e, principalmente para nós, eventos ao vivo.</li><li><strong>O que é um VJ (Video Jockey):</strong> É o profissional que cria e manipula conteúdo visual em tempo real durante apresentações ao vivo: shows musicais, festas, eventos culturais e performances artísticas. Assim como o DJ trabalha o som, o VJ trabalha a imagem, sincronizando-a com a música e a atmosfera do evento.</li><li><strong>Por que o vídeo importa no evento:</strong> A demanda por conteúdo audiovisual cresce em todas as frentes. No evento, a imagem amplifica a atmosfera, reforça a mensagem do palco e cria uma experiência sensorial que envolve o público. Telões e painéis viraram parte essencial da cenografia.</li><li><strong>Storytelling visual:</strong> O profissional de vídeo conta histórias com imagens. No evento, isso significa escolher e organizar o conteúdo visual de forma que a sequência de imagens faça sentido com a música, o tema e o momento da apresentação.</li><li><strong>Diferença entre produção e operação:</strong> Na produção (pré-evento) você cria e organiza o conteúdo: vídeos, loops, animações e imagens. Na operação (durante o evento) você exibe, mixa e ajusta esse conteúdo ao vivo. O técnico júnior geralmente começa apoiando a operação.</li></ul><p><strong>Na prática:</strong> Em um show de música eletrônica, enquanto o DJ toca, o VJ projeta loops de animação sincronizados com a batida nos telões atrás do palco. Quando a música muda de ritmo, ele troca o visual para acompanhar o clima — escuro e lento nas partes calmas, colorido e rápido nos drops.</p><h4>Resumo</h4><ul><li>O profissional de vídeo cria e edita imagens; o VJ as manipula ao vivo no evento.</li><li>O vídeo ao vivo serve para amplificar a atmosfera e envolver o público.</li><li>A produção acontece antes; a operação acontece durante o evento.</li></ul>',12,1,true,false);
insert into public.quizzes (id,lesson_id,titulo) values ('d0dfe31e-136d-4c57-b3cc-3c854bd51fe0','341e82f6-b38e-4692-873a-c73bb39f59bf','Quiz — A profissão de vídeo em eventos: o que faz o técnico e o VJ');
insert into public.quiz_questions (id,quiz_id,texto,explicacao,ordem,pontos) values ('759a02fa-5768-48f5-be0b-3b7ef7863068','d0dfe31e-136d-4c57-b3cc-3c854bd51fe0','Qual a principal característica que diferencia o trabalho do VJ?','O VJ se distingue por criar e manipular visuais ao vivo, em tempo real, sincronizando com a música e a atmosfera do evento.',1,1);
insert into public.quiz_options (question_id,texto,correta,ordem) values ('759a02fa-5768-48f5-be0b-3b7ef7863068','Editar vídeos longos para o YouTube',false,1);
insert into public.quiz_options (question_id,texto,correta,ordem) values ('759a02fa-5768-48f5-be0b-3b7ef7863068','Manipular conteúdo visual em tempo real durante a apresentação ao vivo',true,2);
insert into public.quiz_options (question_id,texto,correta,ordem) values ('759a02fa-5768-48f5-be0b-3b7ef7863068','Gravar entrevistas em estúdio',false,3);
insert into public.quiz_options (question_id,texto,correta,ordem) values ('759a02fa-5768-48f5-be0b-3b7ef7863068','Imprimir banners para o evento',false,4);
insert into public.quiz_questions (id,quiz_id,texto,explicacao,ordem,pontos) values ('3cad2b75-d65c-43d1-ac2f-01d34f713c33','d0dfe31e-136d-4c57-b3cc-3c854bd51fe0','O VJ é frequentemente comparado a qual outro profissional do evento?','Assim como o DJ trabalha o som ao vivo, o VJ trabalha a imagem ao vivo, sincronizada com a música.',2,1);
insert into public.quiz_options (question_id,texto,correta,ordem) values ('3cad2b75-d65c-43d1-ac2f-01d34f713c33','Ao segurança',false,1);
insert into public.quiz_options (question_id,texto,correta,ordem) values ('3cad2b75-d65c-43d1-ac2f-01d34f713c33','Ao DJ',true,2);
insert into public.quiz_options (question_id,texto,correta,ordem) values ('3cad2b75-d65c-43d1-ac2f-01d34f713c33','Ao garçom',false,3);
insert into public.quiz_options (question_id,texto,correta,ordem) values ('3cad2b75-d65c-43d1-ac2f-01d34f713c33','Ao eletricista',false,4);
insert into public.quiz_questions (id,quiz_id,texto,explicacao,ordem,pontos) values ('58b5ff64-ca7e-4619-aeba-c308834e761f','d0dfe31e-136d-4c57-b3cc-3c854bd51fe0','Qual é o objetivo principal do vídeo ao vivo em um evento?','O objetivo é criar uma experiência visual envolvente e sincronizada que amplifica a atmosfera e envolve o público.',3,1);
insert into public.quiz_options (question_id,texto,correta,ordem) values ('58b5ff64-ca7e-4619-aeba-c308834e761f','Substituir a banda',false,1);
insert into public.quiz_options (question_id,texto,correta,ordem) values ('58b5ff64-ca7e-4619-aeba-c308834e761f','Amplificar a atmosfera e envolver o público',true,2);
insert into public.quiz_options (question_id,texto,correta,ordem) values ('58b5ff64-ca7e-4619-aeba-c308834e761f','Reduzir o consumo de energia',false,3);
insert into public.quiz_options (question_id,texto,correta,ordem) values ('58b5ff64-ca7e-4619-aeba-c308834e761f','Gravar o público sem autorização',false,4);
insert into public.quiz_questions (id,quiz_id,texto,explicacao,ordem,pontos) values ('af2aff72-6142-4d5b-b7b8-e55e013aab60','d0dfe31e-136d-4c57-b3cc-3c854bd51fe0','Em que fase o técnico organiza vídeos, loops e imagens que serão usados?','A organização e criação do conteúdo (vídeos, loops, animações, imagens) acontece na produção, antes do evento.',4,1);
insert into public.quiz_options (question_id,texto,correta,ordem) values ('af2aff72-6142-4d5b-b7b8-e55e013aab60','Na operação ao vivo',false,1);
insert into public.quiz_options (question_id,texto,correta,ordem) values ('af2aff72-6142-4d5b-b7b8-e55e013aab60','Na desmontagem',false,2);
insert into public.quiz_options (question_id,texto,correta,ordem) values ('af2aff72-6142-4d5b-b7b8-e55e013aab60','Na produção (pré-evento)',true,3);
insert into public.quiz_options (question_id,texto,correta,ordem) values ('af2aff72-6142-4d5b-b7b8-e55e013aab60','No pós-evento de faturamento',false,4);
insert into public.lessons (id,module_id,titulo,tipo,conteudo_rico,duracao_min,ordem,tem_quiz,preview_gratis) values ('836dd430-7b58-4daa-906f-6c68d34f6c7c','952a9de6-e32a-413d-92b5-6b306bc3c37c','Equipamentos específicos do VJ: o kit básico de vídeo no evento','texto','<p><strong>Para começar:</strong> Um bom resultado visual depende do equipamento certo, bem conectado e protegido. Nesta aula você vai conhecer o kit básico que sustenta qualquer operação de VJ — do computador que é o coração do sistema até os cabos de backup que salvam a apresentação. Conhecer cada peça evita pânico na hora do show.</p><p>A seleção de equipamentos varia com o estilo do show, o tamanho do público e as preferências do VJ. Mas existe um conjunto básico que quase sempre aparece. Vamos percorrer peça por peça.</p><ul><li><strong>Computador:</strong> É o núcleo do equipamento do VJ. Precisa ser potente para executar o software de VJing e processar vídeo em tempo real sem travar. Placa de vídeo dedicada, memória RAM suficiente e armazenamento rápido (SSD) fazem diferença direta no desempenho.</li><li><strong>Software de VJing:</strong> Programas especializados para mixar e manipular vídeos, imagens e efeitos ao vivo. Os mais citados são Resolume, VDMX e Modul8. É neles que o conteúdo é organizado em camadas e disparado durante a apresentação.</li><li><strong>Controlador MIDI ou controlador de VJ:</strong> Interface física com botões, sliders (controles deslizantes) e pads. Cada controle é mapeado para um parâmetro do software — disparar um clipe, mudar a velocidade, aplicar um efeito —, permitindo operar com as mãos em vez de só pelo mouse.</li><li><strong>Projetor ou telas (LED x projeção):</strong> Os visuais são exibidos em telas ou superfícies. Há dois caminhos principais: telas LED, que são painéis que emitem a própria luz (mais brilho, bom para ambientes claros), e projeção, em que um projetor lança a imagem sobre uma superfície (mais barato em áreas grandes, mas perde nitidez com luz ambiente).</li><li><strong>Cabos e adaptadores de vídeo:</strong> Conectam o computador ao projetor ou às telas. Os mais comuns são HDMI, DisplayPort e VGA. O VGA é analógico e antigo; HDMI e DisplayPort são digitais e preferíveis. Adaptadores resolvem incompatibilidades entre conectores.</li><li><strong>Interface de captura de vídeo:</strong> Equipamento que leva um sinal externo — por exemplo, de uma câmera ao vivo — para dentro do software de VJing. Assim o VJ consegue incorporar imagem ao vivo do palco ou da plateia à mixagem visual.</li><li><strong>Conteúdo visual (bancos de mídia):</strong> São os vídeos, loops, imagens e animações usados para montar os visuais. O VJ pode criar o próprio conteúdo ou usar bibliotecas de mídia existentes, sempre organizadas e nomeadas para achar rápido durante o show.</li><li><strong>Controlador de iluminação DMX:</strong> Alguns VJs também comandam a luz do palco em sincronia com os visuais. O padrão de controle de iluminação em eventos é o DMX, que liga a mesa/controlador aos refletores e moving heads.</li><li><strong>Ferramentas de mapeamento de projeção:</strong> Quando se projeta em superfícies não convencionais (prédios, objetos, cenários irregulares), usam-se ferramentas de mapeamento para ajustar a imagem ao formato da superfície. É o video mapping em sua forma básica.</li><li><strong>Hub USB / hub de energia:</strong> Controladores MIDI, interfaces de captura e outros dispositivos conectam por USB. Um hub fornece portas extras e, quando alimentado, energia suficiente para todos os periféricos funcionarem juntos.</li><li><strong>Acessórios e equipamentos de proteção:</strong> Cabos extras, adaptadores e fixações garantem uma montagem estável. Estabilizadores de energia, adaptadores de voltagem e cabos de backup evitam que um problema elétrico ou um cabo solto derrube a apresentação.</li></ul><p><strong>Na prática:</strong> Na montagem de uma festa, o técnico conecta o notebook ao painel de LED por cabo HDMI, liga o controlador MIDI por USB num hub alimentado e deixa um segundo cabo HDMI já testado guardado na bag como backup. Antes do público entrar, passa o sinal de uma câmera pela interface de captura para conferir que a imagem ao vivo aparece no software.</p><h4>Resumo</h4><ul><li>O computador com software de VJing (Resolume, VDMX, Modul8) é o coração do sistema.</li><li>Exibição é por telas LED (emitem luz) ou projeção; conexão por HDMI, DisplayPort ou VGA.</li><li>Hubs, estabilizadores e cabos de backup garantem uma operação estável e sem sustos.</li></ul>',15,2,true,false);
insert into public.quizzes (id,lesson_id,titulo) values ('cc3bee03-1994-4ff8-8cb6-63269605fec2','836dd430-7b58-4daa-906f-6c68d34f6c7c','Quiz — Equipamentos específicos do VJ: o kit básico de vídeo no eve');
insert into public.quiz_questions (id,quiz_id,texto,explicacao,ordem,pontos) values ('75d7cc11-da62-4d9f-9e02-e8a8a7a19f4f','cc3bee03-1994-4ff8-8cb6-63269605fec2','Qual equipamento é considerado o núcleo do sistema do VJ?','O computador é o núcleo: ele executa o software de VJing e processa o vídeo em tempo real. Por isso precisa ser potente.',1,1);
insert into public.quiz_options (question_id,texto,correta,ordem) values ('75d7cc11-da62-4d9f-9e02-e8a8a7a19f4f','O controlador MIDI',false,1);
insert into public.quiz_options (question_id,texto,correta,ordem) values ('75d7cc11-da62-4d9f-9e02-e8a8a7a19f4f','O projetor',false,2);
insert into public.quiz_options (question_id,texto,correta,ordem) values ('75d7cc11-da62-4d9f-9e02-e8a8a7a19f4f','O computador',true,3);
insert into public.quiz_options (question_id,texto,correta,ordem) values ('75d7cc11-da62-4d9f-9e02-e8a8a7a19f4f','O hub USB',false,4);
insert into public.quiz_questions (id,quiz_id,texto,explicacao,ordem,pontos) values ('8b780aef-6c32-42a2-91bd-e5c89a069512','cc3bee03-1994-4ff8-8cb6-63269605fec2','Qual é a diferença básica entre tela LED e projeção?','Painéis de LED emitem luz própria (mais brilho, bons com luz ambiente); a projeção depende de um projetor lançando a imagem numa superfície e perde nitidez com luz forte.',2,1);
insert into public.quiz_options (question_id,texto,correta,ordem) values ('8b780aef-6c32-42a2-91bd-e5c89a069512','LED só funciona no escuro',false,1);
insert into public.quiz_options (question_id,texto,correta,ordem) values ('8b780aef-6c32-42a2-91bd-e5c89a069512','A tela LED emite a própria luz; a projeção lança a imagem sobre uma superfície',true,2);
insert into public.quiz_options (question_id,texto,correta,ordem) values ('8b780aef-6c32-42a2-91bd-e5c89a069512','Projeção tem mais brilho que o LED',false,3);
insert into public.quiz_options (question_id,texto,correta,ordem) values ('8b780aef-6c32-42a2-91bd-e5c89a069512','Não há diferença prática',false,4);
insert into public.quiz_questions (id,quiz_id,texto,explicacao,ordem,pontos) values ('ef207e52-ec18-4a10-a82c-f0c91d5a537f','cc3bee03-1994-4ff8-8cb6-63269605fec2','Para que serve a interface de captura de vídeo?','A interface de captura incorpora sinais externos (ex.: câmera) ao software de VJing, permitindo usar imagem ao vivo na mixagem.',3,1);
insert into public.quiz_options (question_id,texto,correta,ordem) values ('ef207e52-ec18-4a10-a82c-f0c91d5a537f','Aumentar o volume do som',false,1);
insert into public.quiz_options (question_id,texto,correta,ordem) values ('ef207e52-ec18-4a10-a82c-f0c91d5a537f','Levar um sinal externo, como o de uma câmera ao vivo, para dentro do software',true,2);
insert into public.quiz_options (question_id,texto,correta,ordem) values ('ef207e52-ec18-4a10-a82c-f0c91d5a537f','Imprimir o conteúdo visual',false,3);
insert into public.quiz_options (question_id,texto,correta,ordem) values ('ef207e52-ec18-4a10-a82c-f0c91d5a537f','Carregar a bateria do controlador',false,4);
insert into public.quiz_questions (id,quiz_id,texto,explicacao,ordem,pontos) values ('f42948f8-b1fc-4add-8dc5-ed63d0f3ba1d','cc3bee03-1994-4ff8-8cb6-63269605fec2','Por que se recomenda levar cabos de backup e estabilizador de energia?','Equipamentos de proteção e cabos de backup evitam que falhas elétricas ou um cabo solto interrompam o show.',4,1);
insert into public.quiz_options (question_id,texto,correta,ordem) values ('f42948f8-b1fc-4add-8dc5-ed63d0f3ba1d','Para deixar a bag mais pesada',false,1);
insert into public.quiz_options (question_id,texto,correta,ordem) values ('f42948f8-b1fc-4add-8dc5-ed63d0f3ba1d','Por exigência da prefeitura',false,2);
insert into public.quiz_options (question_id,texto,correta,ordem) values ('f42948f8-b1fc-4add-8dc5-ed63d0f3ba1d','Para evitar que um problema técnico ou elétrico derrube a apresentação',true,3);
insert into public.quiz_options (question_id,texto,correta,ordem) values ('f42948f8-b1fc-4add-8dc5-ed63d0f3ba1d','Para revender no final do evento',false,4);
insert into public.lessons (id,module_id,titulo,tipo,conteudo_rico,duracao_min,ordem,tem_quiz,preview_gratis) values ('3885e7fc-1c88-44f5-a39e-469a4b36c088','952a9de6-e32a-413d-92b5-6b306bc3c37c','Fundamentos técnicos de sinal de vídeo: resolução, conexões e switcher','texto','<p><strong>Para começar:</strong> Saber ligar um cabo é o começo; entender o sinal que passa por ele é o que separa o técnico amador do profissional. Nesta aula você vai dominar os conceitos que sustentam toda operação de vídeo em evento: resolução, os sinais HDMI e SDI, e a mesa de corte (switcher) que escolhe o que vai para o telão.</p><p>Este é o conteúdo de enriquecimento técnico, padrão do mercado de vídeo para eventos, que complementa os equipamentos vistos antes. Conhecer estes fundamentos evita imagem cortada, sem sinal ou na resolução errada.</p><ul><li><strong>Resolução:</strong> É a quantidade de pixels que formam a imagem. As mais comuns em eventos são Full HD (1920x1080) e 4K (3840x2160). A regra prática: a resolução que sai do computador deve combinar com a do telão. Mandar uma resolução que a tela não suporta resulta em imagem cortada, esticada ou sem sinal.</li><li><strong>Sinal HDMI:</strong> Conexão digital que leva imagem e áudio no mesmo cabo. É o padrão mais comum em notebooks, projetores e telas. Tem limite de distância: cabos longos de HDMI (acima de ~10-15 m) podem perder o sinal sem um amplificador ou extensor.</li><li><strong>Sinal SDI:</strong> Conexão profissional (conector BNC, que rosqueia) usada em estruturas maiores. A grande vantagem sobre o HDMI é a distância: o SDI percorre dezenas de metros por cabo coaxial sem perder qualidade, ideal para ligar câmeras e palcos distantes da régia.</li><li><strong>DisplayPort e VGA:</strong> DisplayPort é digital, comum em placas de vídeo de computador, e suporta altas resoluções. VGA é analógico e antigo — ainda aparece em projetores antigos, mas só transmite vídeo (sem áudio) e perde qualidade. Sempre que possível, prefira conexões digitais.</li><li><strong>Mesa de corte / switcher:</strong> É o equipamento (ou software) que recebe várias fontes de vídeo — câmeras, notebook do VJ, slides — e decide qual delas aparece no telão a cada momento. Permite cortar de uma fonte para outra com transições limpas, sendo o centro da operação em eventos com múltiplas entradas.</li><li><strong>Conceito de fonte e saída:</strong> Fonte (input) é de onde o vídeo vem (câmera, computador, player). Saída (output) é para onde ele vai (telão, projetor, gravação, transmissão). Toda operação consiste em rotear fontes para saídas; entender esse fluxo evita ligar o cabo no lugar errado.</li><li><strong>Taxa de quadros (frame rate):</strong> É quantas imagens por segundo o vídeo exibe, medida em fps (ex.: 30 ou 60 fps). Manter a mesma taxa entre fonte, switcher e tela evita travamentos e imagem ''pulando''. É um ajuste que costuma passar despercebido até dar problema.</li><li><strong>Mapping básico:</strong> Mapping (mapeamento de projeção) é ajustar a imagem para encaixar exatamente no formato da superfície projetada, mesmo que ela seja irregular. Na forma básica, é alinhar os cantos da projeção (keystone/quatro pontos) para que a imagem fique reta e do tamanho certo na tela ou no cenário.</li></ul><p><strong>Na prática:</strong> Numa conferência, três câmeras chegam à régia por cabo SDI (porque o palco fica longe) e o notebook dos slides chega por HDMI. Tudo entra na mesa de corte, e o técnico configura a saída em Full HD 1080p a 30 fps para combinar com o telão de LED. Durante o evento, ele corta entre as câmeras e os slides usando o switcher, sempre conferindo que a resolução de saída bate com a do painel.</p><h4>Resumo</h4><ul><li>Resolução de saída deve combinar com a da tela; senão a imagem corta, estica ou some.</li><li>HDMI é digital e curto; SDI é profissional e cobre longas distâncias por cabo coaxial.</li><li>A mesa de corte (switcher) recebe várias fontes e escolhe qual vai para a saída.</li></ul>',16,3,true,false);
insert into public.quizzes (id,lesson_id,titulo) values ('a45ca299-c413-4ba0-9906-56734c12356e','3885e7fc-1c88-44f5-a39e-469a4b36c088','Quiz — Fundamentos técnicos de sinal de vídeo: resolução, conexões ');
insert into public.quiz_questions (id,quiz_id,texto,explicacao,ordem,pontos) values ('751dd774-4538-4681-b4e2-275bc9cef165','a45ca299-c413-4ba0-9906-56734c12356e','O que acontece se a resolução que sai do computador não combinar com a do telão?','Resolução incompatível gera imagem cortada, esticada ou ausência de sinal. A saída deve sempre combinar com a resolução da tela.',1,1);
insert into public.quiz_options (question_id,texto,correta,ordem) values ('751dd774-4538-4681-b4e2-275bc9cef165','A imagem fica sempre perfeita',false,1);
insert into public.quiz_options (question_id,texto,correta,ordem) values ('751dd774-4538-4681-b4e2-275bc9cef165','A imagem pode aparecer cortada, esticada ou sem sinal',true,2);
insert into public.quiz_options (question_id,texto,correta,ordem) values ('751dd774-4538-4681-b4e2-275bc9cef165','O áudio aumenta',false,3);
insert into public.quiz_options (question_id,texto,correta,ordem) values ('751dd774-4538-4681-b4e2-275bc9cef165','O telão desliga sozinho permanentemente',false,4);
insert into public.quiz_questions (id,quiz_id,texto,explicacao,ordem,pontos) values ('f668cff5-b415-4635-8deb-67989998aefd','a45ca299-c413-4ba0-9906-56734c12356e','Qual a principal vantagem do sinal SDI sobre o HDMI?','O SDI (cabo coaxial, conector BNC) cobre dezenas de metros sem perda, ideal para câmeras e palcos distantes da régia; o HDMI tem alcance curto.',2,1);
insert into public.quiz_options (question_id,texto,correta,ordem) values ('f668cff5-b415-4635-8deb-67989998aefd','É mais barato e fino',false,1);
insert into public.quiz_options (question_id,texto,correta,ordem) values ('f668cff5-b415-4635-8deb-67989998aefd','Transmite por longas distâncias sem perder qualidade',true,2);
insert into public.quiz_options (question_id,texto,correta,ordem) values ('f668cff5-b415-4635-8deb-67989998aefd','Só funciona com VGA',false,3);
insert into public.quiz_options (question_id,texto,correta,ordem) values ('f668cff5-b415-4635-8deb-67989998aefd','Carrega energia para a câmera',false,4);
insert into public.quiz_questions (id,quiz_id,texto,explicacao,ordem,pontos) values ('1b21ec1e-6712-4ff1-ac5b-92a4ff57711c','a45ca299-c413-4ba0-9906-56734c12356e','Para que serve a mesa de corte (switcher) em um evento?','O switcher recebe várias fontes (câmeras, notebook, slides) e decide, com transições limpas, qual delas é exibida na saída a cada momento.',3,1);
insert into public.quiz_options (question_id,texto,correta,ordem) values ('1b21ec1e-6712-4ff1-ac5b-92a4ff57711c','Cortar os cabos com segurança',false,1);
insert into public.quiz_options (question_id,texto,correta,ordem) values ('1b21ec1e-6712-4ff1-ac5b-92a4ff57711c','Receber várias fontes de vídeo e escolher qual vai para o telão',true,2);
insert into public.quiz_options (question_id,texto,correta,ordem) values ('1b21ec1e-6712-4ff1-ac5b-92a4ff57711c','Aumentar a resolução automaticamente',false,3);
insert into public.quiz_options (question_id,texto,correta,ordem) values ('1b21ec1e-6712-4ff1-ac5b-92a4ff57711c','Substituir o computador do VJ',false,4);
insert into public.quiz_questions (id,quiz_id,texto,explicacao,ordem,pontos) values ('f9880265-f85f-4812-91e3-f72ab2241b6f','a45ca299-c413-4ba0-9906-56734c12356e','O que é o mapping básico em projeção?','Mapping básico é ajustar/alinhar os cantos da projeção (quatro pontos / keystone) para encaixar a imagem corretamente na superfície.',4,1);
insert into public.quiz_options (question_id,texto,correta,ordem) values ('f9880265-f85f-4812-91e3-f72ab2241b6f','Apagar o conteúdo do telão',false,1);
insert into public.quiz_options (question_id,texto,correta,ordem) values ('f9880265-f85f-4812-91e3-f72ab2241b6f','Alinhar os cantos da imagem para que ela fique reta e no tamanho certo na superfície',true,2);
insert into public.quiz_options (question_id,texto,correta,ordem) values ('f9880265-f85f-4812-91e3-f72ab2241b6f','Aumentar o volume da trilha',false,3);
insert into public.quiz_options (question_id,texto,correta,ordem) values ('f9880265-f85f-4812-91e3-f72ab2241b6f','Trocar o projetor por uma tela LED',false,4);
insert into public.lessons (id,module_id,titulo,tipo,conteudo_rico,duracao_min,ordem,tem_quiz,preview_gratis) values ('31d41a99-6b32-42e4-9ed3-a67e53cbc5a8','952a9de6-e32a-413d-92b5-6b306bc3c37c','Atividades do VJ na prática: mixar, sincronizar e improvisar ao vivo','texto','<p><strong>Para começar:</strong> Com equipamento montado e sinal entendido, chega a hora do que o público realmente vê: a operação ao vivo. Nesta aula você vai percorrer as atividades do dia a dia do VJ — da criação do conteúdo à improvisação no calor do show — e entender que técnica e leitura de plateia andam juntas.</p><p>As atividades variam com o tipo de evento, o estilo musical e as tecnologias disponíveis. Mas o objetivo é sempre o mesmo: criar uma experiência visual envolvente e sincronizada com a música ao vivo.</p><ul><li><strong>Criação de conteúdo visual:</strong> Antes do evento, o VJ produz vídeos, animações, efeitos e imagens usando softwares de edição, animação e design. Esse material vira o banco de mídia que será disparado durante a apresentação.</li><li><strong>Mixagem de vídeos:</strong> Ao vivo, o VJ combina diferentes vídeos e visuais em camadas, criando um fluxo contínuo de imagens que se sincroniza com a música e o tema do evento. É o equivalente visual de mixar faixas de som.</li><li><strong>Manipulação em tempo real:</strong> Durante a apresentação, ajusta cores, transições, efeitos e filtros na hora, adaptando-se à atmosfera e ao ritmo. Nada é totalmente pré-gravado: a operação responde ao momento.</li><li><strong>Sincronização com a música:</strong> O VJ trabalha junto dos artistas musicais para casar os visuais com a música. Softwares permitem ajustar velocidade e ritmo dos elementos visuais conforme a trilha sonora, criando uma experiência sensorial coesa.</li><li><strong>Projeção e mapeamento:</strong> Em eventos especiais, aplica técnicas de mapeamento para que os visuais se adaptem a superfícies irregulares — edifícios, objetos tridimensionais, cenários — gerando efeitos de maior impacto.</li><li><strong>Seleção e remix de conteúdo existente:</strong> Além do material próprio, o VJ seleciona e remixa conteúdo pré-existente (videoclipes, trechos de filmes, animações) para encaixar na narrativa visual da apresentação.</li><li><strong>Interatividade:</strong> Alguns VJs incorporam elementos interativos, deixando o público influenciar os visuais por meio de sensores de movimento ou aplicativos móveis, tornando a experiência participativa.</li><li><strong>Colaboração com artistas:</strong> O VJ atua junto a DJs, músicos e artistas de palco para entregar uma experiência multimídia coesa, em que som, luz e imagem conversam entre si.</li><li><strong>Gerenciamento técnico:</strong> Além de criar, o VJ configura e opera os equipamentos de projeção, iluminação e controle necessários — montagem, testes e ajustes fazem parte do trabalho.</li><li><strong>Improvisação criativa:</strong> Marca registrada do VJing: improvisar e adaptar os visuais conforme o feedback da plateia e as mudanças do ambiente. A capacidade de reagir ao inesperado é tão importante quanto o conteúdo preparado.</li><li><strong>Acompanhar tendências:</strong> Um bom VJ se mantém atento a novas tecnologias, efeitos e estilos visuais emergentes para manter as apresentações atualizadas e envolventes.</li></ul><p><strong>Na prática:</strong> Em uma festa, o VJ percebe que a pista esfriou. Em tempo real, ele troca os loops escuros por imagens mais coloridas e acelera as transições para acompanhar uma música mais agitada que o DJ acabou de soltar. Não estava no roteiro — é pura improvisação criativa lendo a reação do público.</p><h4>Resumo</h4><ul><li>O VJ cria o conteúdo antes e o mixa, ajusta e sincroniza ao vivo durante o evento.</li><li>Sincronizar a imagem com a música e colaborar com os artistas é essencial.</li><li>A improvisação criativa — reagir à plateia em tempo real — é a marca do VJing.</li></ul>',14,4,true,false);
insert into public.quizzes (id,lesson_id,titulo) values ('e9da3cd4-44f9-49e2-9541-c3f71a355ba3','31d41a99-6b32-42e4-9ed3-a67e53cbc5a8','Quiz — Atividades do VJ na prática: mixar, sincronizar e improvisar');
insert into public.quiz_questions (id,quiz_id,texto,explicacao,ordem,pontos) values ('2faa5930-41b7-454e-9242-02b9d99f0a04','e9da3cd4-44f9-49e2-9541-c3f71a355ba3','O que significa ''mixagem de vídeos'' na operação do VJ?','Mixar vídeos é combinar visuais em camadas, criando um fluxo contínuo de imagens sincronizado com a música e o tema do evento.',1,1);
insert into public.quiz_options (question_id,texto,correta,ordem) values ('2faa5930-41b7-454e-9242-02b9d99f0a04','Apagar todos os vídeos',false,1);
insert into public.quiz_options (question_id,texto,correta,ordem) values ('2faa5930-41b7-454e-9242-02b9d99f0a04','Combinar diferentes vídeos e visuais em um fluxo contínuo sincronizado com a música',true,2);
insert into public.quiz_options (question_id,texto,correta,ordem) values ('2faa5930-41b7-454e-9242-02b9d99f0a04','Gravar o evento para depois',false,3);
insert into public.quiz_options (question_id,texto,correta,ordem) values ('2faa5930-41b7-454e-9242-02b9d99f0a04','Transmitir só o áudio',false,4);
insert into public.quiz_questions (id,quiz_id,texto,explicacao,ordem,pontos) values ('508a1bf8-e4c4-45e1-88f3-33919d6a9456','e9da3cd4-44f9-49e2-9541-c3f71a355ba3','Qual atividade é descrita como a marca registrada do VJing?','A capacidade de improvisar e adaptar os visuais com base no feedback da plateia e nas mudanças do ambiente é uma característica distintiva do VJing.',2,1);
insert into public.quiz_options (question_id,texto,correta,ordem) values ('508a1bf8-e4c4-45e1-88f3-33919d6a9456','Imprimir o roteiro',false,1);
insert into public.quiz_options (question_id,texto,correta,ordem) values ('508a1bf8-e4c4-45e1-88f3-33919d6a9456','A improvisação criativa, adaptando os visuais conforme a plateia e o ambiente',true,2);
insert into public.quiz_options (question_id,texto,correta,ordem) values ('508a1bf8-e4c4-45e1-88f3-33919d6a9456','Cobrar o cachê',false,3);
insert into public.quiz_options (question_id,texto,correta,ordem) values ('508a1bf8-e4c4-45e1-88f3-33919d6a9456','Desmontar os equipamentos',false,4);
insert into public.quiz_questions (id,quiz_id,texto,explicacao,ordem,pontos) values ('b57a864c-27cd-45a6-9261-c281110f0744','e9da3cd4-44f9-49e2-9541-c3f71a355ba3','Por que a colaboração com os artistas é importante para o VJ?','O VJ trabalha junto de DJs, músicos e artistas para sincronizar os visuais com a apresentação e criar uma experiência multimídia coesa.',3,1);
insert into public.quiz_options (question_id,texto,correta,ordem) values ('b57a864c-27cd-45a6-9261-c281110f0744','Para dividir o pagamento',false,1);
insert into public.quiz_options (question_id,texto,correta,ordem) values ('b57a864c-27cd-45a6-9261-c281110f0744','Para entregar uma experiência multimídia coesa, com som, luz e imagem alinhados',true,2);
insert into public.quiz_options (question_id,texto,correta,ordem) values ('b57a864c-27cd-45a6-9261-c281110f0744','Para escolher o cardápio',false,3);
insert into public.quiz_options (question_id,texto,correta,ordem) values ('b57a864c-27cd-45a6-9261-c281110f0744','Para reduzir a resolução',false,4);
insert into public.quiz_questions (id,quiz_id,texto,explicacao,ordem,pontos) values ('34bb4035-a593-4e9b-9e50-b0004b23b0bf','e9da3cd4-44f9-49e2-9541-c3f71a355ba3','O que o VJ faz na ''manipulação em tempo real''?','Na manipulação em tempo real, o VJ ajusta parâmetros como cores, transições, efeitos e filtros ao vivo, adaptando-se à atmosfera e ao ritmo.',4,1);
insert into public.quiz_options (question_id,texto,correta,ordem) values ('34bb4035-a593-4e9b-9e50-b0004b23b0bf','Deixa tudo pré-gravado sem mexer',false,1);
insert into public.quiz_options (question_id,texto,correta,ordem) values ('34bb4035-a593-4e9b-9e50-b0004b23b0bf','Ajusta cores, transições, efeitos e filtros ao vivo, adaptando-se ao ritmo',true,2);
insert into public.quiz_options (question_id,texto,correta,ordem) values ('34bb4035-a593-4e9b-9e50-b0004b23b0bf','Desliga o telão nas pausas',false,3);
insert into public.quiz_options (question_id,texto,correta,ordem) values ('34bb4035-a593-4e9b-9e50-b0004b23b0bf','Grava o público em segredo',false,4);
insert into public.lessons (id,module_id,titulo,tipo,conteudo_rico,duracao_min,ordem,tem_quiz,preview_gratis) values ('be197888-e601-498f-a6bc-c318107d0e00','952a9de6-e32a-413d-92b5-6b306bc3c37c','Introdução à informática para eventos: software, mídia e transmissão','texto','<p><strong>Para começar:</strong> Por trás de cada imagem no telão há informática: software de performance, bancos de mídia organizados e, cada vez mais, transmissão online. Nesta aula você vai entender como a tecnologia da informação se entrelaça com o vídeo ao vivo e quais boas práticas mantêm tudo funcionando sem travar.</p><p>A informática é ferramenta fundamental para o VJ: permite criar, manipular e projetar visuais em tempo real. Vamos ver os pontos-chave dessa integração entre tecnologia e performance.</p><ul><li><strong>Software de performance visual:</strong> Programas específicos para criar e manipular conteúdo visual em tempo real, combinando vídeos, imagens, animações e efeitos em sincronia com a música. São a base digital de toda a operação do VJ.</li><li><strong>Bancos de mídia:</strong> Coleções organizadas de clipes de vídeo, loops de animação, imagens e efeitos. Organizar e nomear bem essa biblioteca é o que permite encontrar e disparar a mídia certa rapidamente durante a apresentação.</li><li><strong>Controladores MIDI e hardware especializado:</strong> Dão manipulação mais intuitiva: em vez de depender só do mouse, o VJ ajusta velocidade de reprodução, transições e efeitos por botões e sliders físicos mapeados no software.</li><li><strong>Mapeamento de vídeo (video mapping):</strong> Técnica em que projeções são ajustadas para encaixar em superfícies não convencionais — prédios, objetos tridimensionais — criando efeitos visuais impressionantes que parecem fazer parte da própria estrutura.</li><li><strong>Interação com público e performers:</strong> A informática permite ao VJ reagir à multidão e interagir com outros artistas em tempo real, tornando a experiência visual única e adaptável a cada momento do evento.</li><li><strong>Sincronização com a música:</strong> Recurso essencial: o software permite ajustar a velocidade e o ritmo dos elementos visuais de acordo com a trilha sonora, mantendo imagem e som casados.</li><li><strong>Streaming e transmissão online:</strong> Com a popularização das transmissões ao vivo, o VJ pode usar a informática para levar sua performance a um público global. Na prática, exige boa conexão de internet, encoder/software de transmissão e atenção à estabilidade do sinal.</li><li><strong>Boas práticas de informática no evento:</strong> Organizar arquivos por pastas e nomes claros, manter o computador atualizado e livre de processos desnecessários, fazer backup do conteúdo e testar tudo antes do público chegar. Pequenas falhas de organização viram grandes problemas ao vivo.</li><li><strong>Hardware e desempenho:</strong> Vídeo em tempo real é pesado: o computador precisa de boa placa de vídeo, memória suficiente e armazenamento rápido. Fechar programas que não serão usados libera recursos e reduz o risco de travamento durante o show.</li></ul><p><strong>Na prática:</strong> Antes de uma transmissão ao vivo de um show, o técnico organiza o banco de mídia em pastas por bloco do evento, fecha todos os programas que não serão usados para liberar a placa de vídeo, testa o software de streaming com a internet do local e confere se o controlador MIDI dispara os clipes certos. Só depois libera o início.</p><h4>Resumo</h4><ul><li>O software de performance e os bancos de mídia organizados são a base da operação.</li><li>Controladores MIDI tornam o controle mais intuitivo; o video mapping encaixa imagem em superfícies.</li><li>Streaming exige internet estável e desempenho; organização e backup evitam falhas ao vivo.</li></ul>',13,5,true,false);
insert into public.quizzes (id,lesson_id,titulo) values ('113fc2ae-7bce-47f1-9741-663c72747cfa','be197888-e601-498f-a6bc-c318107d0e00','Quiz — Introdução à informática para eventos: software, mídia e tra');
insert into public.quiz_questions (id,quiz_id,texto,explicacao,ordem,pontos) values ('a3069842-340f-4707-9455-3a985236630f','113fc2ae-7bce-47f1-9741-663c72747cfa','Por que organizar e nomear bem o banco de mídia é importante?','Bancos de mídia organizados permitem localizar e disparar rapidamente o conteúdo certo ao vivo, evitando atrasos e erros na operação.',1,1);
insert into public.quiz_options (question_id,texto,correta,ordem) values ('a3069842-340f-4707-9455-3a985236630f','Para deixar o computador mais bonito',false,1);
insert into public.quiz_options (question_id,texto,correta,ordem) values ('a3069842-340f-4707-9455-3a985236630f','Para encontrar e disparar a mídia certa rapidamente durante a apresentação',true,2);
insert into public.quiz_options (question_id,texto,correta,ordem) values ('a3069842-340f-4707-9455-3a985236630f','Porque a lei exige',false,3);
insert into public.quiz_options (question_id,texto,correta,ordem) values ('a3069842-340f-4707-9455-3a985236630f','Para aumentar a resolução do telão',false,4);
insert into public.quiz_questions (id,quiz_id,texto,explicacao,ordem,pontos) values ('0be42dc1-3fcc-4f61-9155-8a96d4d045a8','113fc2ae-7bce-47f1-9741-663c72747cfa','O que é o video mapping (mapeamento de vídeo)?','Video mapping é a técnica de ajustar projeções para se encaixarem em superfícies irregulares (prédios, objetos 3D), criando efeitos impressionantes.',2,1);
insert into public.quiz_options (question_id,texto,correta,ordem) values ('0be42dc1-3fcc-4f61-9155-8a96d4d045a8','Aumentar o volume da música',false,1);
insert into public.quiz_options (question_id,texto,correta,ordem) values ('0be42dc1-3fcc-4f61-9155-8a96d4d045a8','Ajustar projeções para encaixar em superfícies não convencionais, como prédios e objetos',true,2);
insert into public.quiz_options (question_id,texto,correta,ordem) values ('0be42dc1-3fcc-4f61-9155-8a96d4d045a8','Apagar o conteúdo visual',false,3);
insert into public.quiz_options (question_id,texto,correta,ordem) values ('0be42dc1-3fcc-4f61-9155-8a96d4d045a8','Gravar o público',false,4);
insert into public.quiz_questions (id,quiz_id,texto,explicacao,ordem,pontos) values ('c4e861bd-72f0-46f5-896c-85747abaa6a9','113fc2ae-7bce-47f1-9741-663c72747cfa','Qual cuidado de informática reduz o risco de travamento durante o show?','Vídeo em tempo real é pesado; fechar programas não usados libera placa de vídeo e memória, reduzindo o risco de travar ao vivo.',3,1);
insert into public.quiz_options (question_id,texto,correta,ordem) values ('c4e861bd-72f0-46f5-896c-85747abaa6a9','Abrir o máximo de programas possível',false,1);
insert into public.quiz_options (question_id,texto,correta,ordem) values ('c4e861bd-72f0-46f5-896c-85747abaa6a9','Fechar programas desnecessários para liberar recursos do computador',true,2);
insert into public.quiz_options (question_id,texto,correta,ordem) values ('c4e861bd-72f0-46f5-896c-85747abaa6a9','Desligar a placa de vídeo',false,3);
insert into public.quiz_options (question_id,texto,correta,ordem) values ('c4e861bd-72f0-46f5-896c-85747abaa6a9','Diminuir a memória RAM',false,4);
insert into public.quiz_questions (id,quiz_id,texto,explicacao,ordem,pontos) values ('67ea7823-7079-4292-b759-25279437fb22','113fc2ae-7bce-47f1-9741-663c72747cfa','O que o streaming exige na prática para o VJ?','Transmissão online requer internet estável, software de transmissão (encoder) e cuidado com a estabilidade do sinal para alcançar o público global sem quedas.',4,1);
insert into public.quiz_options (question_id,texto,correta,ordem) values ('67ea7823-7079-4292-b759-25279437fb22','Apenas um cabo VGA',false,1);
insert into public.quiz_options (question_id,texto,correta,ordem) values ('67ea7823-7079-4292-b759-25279437fb22','Boa conexão de internet, software/encoder de transmissão e atenção à estabilidade do sinal',true,2);
insert into public.quiz_options (question_id,texto,correta,ordem) values ('67ea7823-7079-4292-b759-25279437fb22','Desligar o som',false,3);
insert into public.quiz_options (question_id,texto,correta,ordem) values ('67ea7823-7079-4292-b759-25279437fb22','Nenhum preparo especial',false,4);
insert into public.modules (id,course_id,titulo,ordem) values ('667b6c17-474d-4270-a95a-bdf74d7b843d','1320b04f-ec96-47e3-905c-46a6f7bce71e','Produção I',6);
insert into public.lessons (id,module_id,titulo,tipo,conteudo_rico,duracao_min,ordem,tem_quiz,preview_gratis) values ('0b7b1976-3fba-4d45-be82-32fae98f5a5e','667b6c17-474d-4270-a95a-bdf74d7b843d','Fluxo de um Projeto de Evento: do Briefing ao Pós-Evento','texto','<p><strong>Para começar:</strong> Todo evento, por menor que seja, percorre um caminho com começo, meio e fim. Entender esse fluxo é o primeiro passo para sair do improviso e trabalhar com método. Nesta aula você vai conhecer as fases que estruturam qualquer produção.</p><p>Em produção de eventos, o trabalho do técnico não começa no dia do show: ele se encaixa dentro de um fluxo que já vem rolando há semanas. Quem enxerga esse fluxo entende por que cada documento existe e em que momento cada tarefa precisa estar pronta.</p><ul><li><strong>O que é o fluxo de projeto:</strong> É o conjunto de etapas sequenciais que um projeto percorre do início até a conclusão. Ele garante uma gestão eficiente, facilita a colaboração entre as equipes e assegura que os objetivos sejam alcançados. O conceito é o mesmo em qualquer setor, mas aplicado a eventos ele organiza tudo o que acontece antes, durante e depois do espetáculo.</li><li><strong>Concepção e Planejamento:</strong> Fase inicial em que o escopo é definido, os objetivos são estabelecidos e o plano do projeto é elaborado. Inclui identificação dos recursos necessários, definição de prazos, alocação de orçamento e avaliação de riscos. Em eventos, é aqui que nasce o briefing, a data, o local e a primeira noção de tamanho da produção.</li><li><strong>Análise e Design:</strong> Momento em que se faz a análise detalhada dos requisitos e se elabora o design, especificando como o produto final será construído ou o serviço prestado. Em eventos, equivale a projetar palco, layout do local, planta técnica e a arquitetura geral da produção, muitas vezes com plantas e protótipos.</li><li><strong>Implementação ou Produção:</strong> Fase em que as ideias viram realidade. Na produção de eventos corresponde à montagem da estrutura, instalação de som, luz, palco e à realização do evento em si. É o equivalente, em outras áreas, à fabricação do produto ou à gravação na produção audiovisual.</li><li><strong>Testes e Controle de Qualidade:</strong> Após a implementação, os resultados são testados e avaliados para garantir que atendam aos requisitos e padrões. Em eventos é a passagem de som, o teste de luz, a checagem de estruturas e a conferência de segurança. Correções e melhorias são feitas antes de abrir os portões.</li><li><strong>Implantação ou Distribuição (realização):</strong> Fase de entrega ao usuário final. No evento é o momento em que o público entra e o espetáculo acontece, com a operação rodando conforme o planejado.</li><li><strong>Manutenção e Suporte:</strong> Mesmo após a entrega, muitos projetos exigem suporte contínuo. Em eventos de vários dias ou turnês, equivale a manter equipamentos funcionando, repor insumos e dar suporte operacional ao longo de toda a temporada.</li><li><strong>Avaliação e Melhoria Contínua:</strong> Depois da conclusão, faz-se uma avaliação pós-evento: analisa-se o desempenho frente aos objetivos, identificam-se lições aprendidas e áreas de melhoria. Essa retroalimentação serve para aprimorar os próximos projetos. É a base do relatório pós-evento.</li><li><strong>Pré, durante e pós-produção:</strong> Na prática, essas fases se agrupam em três grandes momentos: pré-produção (planejamento, documentos, contratação, montagem), durante o evento (operação e realização) e pós-produção (desmontagem, prestação de contas e avaliação). É esse vocabulário que você vai ouvir no dia a dia.</li></ul><p><strong>Na prática:</strong> Um show de médio porte é confirmado para daqui a 6 semanas. Nas duas primeiras a produção planeja e fecha orçamento (concepção). Nas duas seguintes desenha palco e layout e recebe os riders (análise e design). Na semana do evento monta a estrutura (produção) e faz passagem de som (controle de qualidade). No dia, o público entra (realização). Na manhã seguinte vem a desmontagem e, dias depois, o relatório com o que deu certo e o que melhorar (avaliação).</p><h4>Resumo</h4><ul><li>O fluxo de projeto são etapas sequenciais do início à conclusão, que organizam toda a produção do evento.</li><li>As fases vão de concepção e planejamento até avaliação e melhoria contínua, passando por produção e controle de qualidade.</li><li>Na prática esse fluxo se agrupa em pré-produção, durante o evento e pós-produção.</li></ul>',20,1,true,false);
insert into public.quizzes (id,lesson_id,titulo) values ('d3e79e3a-c851-4372-b287-e5c0b148fd99','0b7b1976-3fba-4d45-be82-32fae98f5a5e','Quiz — Fluxo de um Projeto de Evento: do Briefing ao Pós-Evento');
insert into public.quiz_questions (id,quiz_id,texto,explicacao,ordem,pontos) values ('9e94cc57-4456-40e9-a9af-a42602704edc','d3e79e3a-c851-4372-b287-e5c0b148fd99','Qual é a primeira fase do fluxo de um projeto de evento?','A concepção e planejamento abre o fluxo: é quando se define escopo, objetivos, prazos, orçamento e recursos.',1,1);
insert into public.quiz_options (question_id,texto,correta,ordem) values ('9e94cc57-4456-40e9-a9af-a42602704edc','Implementação ou produção',false,1);
insert into public.quiz_options (question_id,texto,correta,ordem) values ('9e94cc57-4456-40e9-a9af-a42602704edc','Concepção e planejamento',true,2);
insert into public.quiz_options (question_id,texto,correta,ordem) values ('9e94cc57-4456-40e9-a9af-a42602704edc','Testes e controle de qualidade',false,3);
insert into public.quiz_options (question_id,texto,correta,ordem) values ('9e94cc57-4456-40e9-a9af-a42602704edc','Avaliação e melhoria contínua',false,4);
insert into public.quiz_questions (id,quiz_id,texto,explicacao,ordem,pontos) values ('44c25ab0-4070-4a0d-b0bd-c863e065631b','d3e79e3a-c851-4372-b287-e5c0b148fd99','A passagem de som e o teste de luz antes de abrir os portões correspondem a qual fase?','Testar e avaliar os resultados para garantir que atendam aos padrões é exatamente a fase de testes e controle de qualidade.',2,1);
insert into public.quiz_options (question_id,texto,correta,ordem) values ('44c25ab0-4070-4a0d-b0bd-c863e065631b','Concepção e planejamento',false,1);
insert into public.quiz_options (question_id,texto,correta,ordem) values ('44c25ab0-4070-4a0d-b0bd-c863e065631b','Análise e design',false,2);
insert into public.quiz_options (question_id,texto,correta,ordem) values ('44c25ab0-4070-4a0d-b0bd-c863e065631b','Testes e controle de qualidade',true,3);
insert into public.quiz_options (question_id,texto,correta,ordem) values ('44c25ab0-4070-4a0d-b0bd-c863e065631b','Manutenção e suporte',false,4);
insert into public.quiz_questions (id,quiz_id,texto,explicacao,ordem,pontos) values ('546e714c-b199-4537-bf62-964eb8cbf34c','d3e79e3a-c851-4372-b287-e5c0b148fd99','O relatório pós-evento com lições aprendidas faz parte de qual etapa?','A avaliação e melhoria contínua analisa o desempenho frente aos objetivos e gera a retroalimentação para projetos futuros.',3,1);
insert into public.quiz_options (question_id,texto,correta,ordem) values ('546e714c-b199-4537-bf62-964eb8cbf34c','Avaliação e melhoria contínua',true,1);
insert into public.quiz_options (question_id,texto,correta,ordem) values ('546e714c-b199-4537-bf62-964eb8cbf34c','Implantação',false,2);
insert into public.quiz_options (question_id,texto,correta,ordem) values ('546e714c-b199-4537-bf62-964eb8cbf34c','Design',false,3);
insert into public.quiz_options (question_id,texto,correta,ordem) values ('546e714c-b199-4537-bf62-964eb8cbf34c','Produção',false,4);
insert into public.quiz_questions (id,quiz_id,texto,explicacao,ordem,pontos) values ('b439d530-8493-4636-9034-7b20fd43e898','d3e79e3a-c851-4372-b287-e5c0b148fd99','Na prática, as fases do fluxo costumam ser agrupadas em quais três grandes momentos?','O vocabulário do dia a dia agrupa o fluxo em pré-produção, durante o evento e pós-produção.',4,1);
insert into public.quiz_options (question_id,texto,correta,ordem) values ('b439d530-8493-4636-9034-7b20fd43e898','Som, luz e palco',false,1);
insert into public.quiz_options (question_id,texto,correta,ordem) values ('b439d530-8493-4636-9034-7b20fd43e898','Pré-produção, durante o evento e pós-produção',true,2);
insert into public.quiz_options (question_id,texto,correta,ordem) values ('b439d530-8493-4636-9034-7b20fd43e898','Orçamento, contrato e pagamento',false,3);
insert into public.quiz_options (question_id,texto,correta,ordem) values ('b439d530-8493-4636-9034-7b20fd43e898','Carga, montagem e descarga',false,4);
insert into public.lessons (id,module_id,titulo,tipo,conteudo_rico,duracao_min,ordem,tem_quiz,preview_gratis) values ('59e72d36-f793-4dfe-8ae6-153f2dd76bea','667b6c17-474d-4270-a95a-bdf74d7b843d','Rider Técnico e Documentos de Palco','texto','<p><strong>Para começar:</strong> Antes de o artista chegar, a equipe técnica já precisa saber exatamente o que preparar. Esse conhecimento vem do rider. Nesta aula você vai aprender a ler e interpretar esse documento, que é o mapa das necessidades de uma apresentação.</p><p>O rider é um dos documentos mais importantes da pré-produção. Ele traduz, em uma lista de exigências, tudo o que o artista precisa para subir ao palco. Saber interpretá-lo separa o técnico que improvisa do técnico que chega pronto.</p><ul><li><strong>O que é um Rider:</strong> É um documento enviado pela equipe do artista ou da produção contendo todas as especificações necessárias para a realização da apresentação. Descreve as condições para que o artista possa se apresentar de forma adequada e serve de base para planejar equipamentos, estrutura de palco, som, iluminação, backstage, camarim e condições operacionais. Faz parte da pré-produção e é analisado com cuidado pela equipe técnica.</li><li><strong>Rider Técnico:</strong> Descreve todas as necessidades técnicas da apresentação. Pode incluir: sistema de som (PA), equipamentos de palco, microfones e direct boxes, iluminação, vídeo ou projeção, backline (instrumentos e amplificadores), quantidade de canais de áudio e o posicionamento dos equipamentos no palco. É o rider que mais diz respeito ao trabalho do técnico de eventos.</li><li><strong>Stage Plot (Mapa de Palco):</strong> Desenho que mostra a posição dos músicos, instrumentos, microfones e equipamentos no palco. Acompanha o rider técnico e permite montar o palco antes da chegada do artista, sem adivinhação.</li><li><strong>Input List (Lista de Canais):</strong> Lista detalhada com todos os canais de áudio necessários. Exemplo: 1. Bumbo – Microfone; 2. Caixa – Microfone; 3. Guitarra – Direct Box; 4. Vocal – Microfone. É fundamental para a equipe de som preparar a mesa e o sistema corretamente.</li><li><strong>Rider de Camarim:</strong> Descreve as necessidades de conforto e alimentação do artista e da equipe durante o evento: bebidas, alimentação específica, frutas e snacks, toalhas, espelhos, sofás ou cadeiras, ar-condicionado e quantidade de camarins. Pode parecer detalhe, mas garante o bem-estar de quem se apresenta.</li><li><strong>Rider de Hospitalidade (Hospitality Rider):</strong> Relacionado à experiência e ao atendimento do artista e da equipe. Pode incluir hotel e tipo de acomodação, transporte local, horários de deslocamento, alimentação antes ou depois do show e quantidade de pessoas na equipe. Muito comum em turnês e eventos de maior porte.</li><li><strong>Rider de Segurança:</strong> Em casos de artistas de grande público, especifica condições de segurança: controle de acesso ao backstage, segurança no palco, rotas de acesso e saída, área restrita para a equipe e segurança pessoal do artista.</li><li><strong>Importância do Rider:</strong> Permite planejamento técnico adequado, comunicação clara entre produção e equipe técnica, preparação antecipada dos equipamentos, redução de problemas durante o evento e melhor integração entre as equipes. Sem ele, a produção teria dificuldade em entender o que o artista precisa para se apresentar.</li><li><strong>Análise e Rider Negotiation:</strong> Nem sempre o evento atende 100% das exigências. A produção faz uma análise técnica verificando equipamentos disponíveis, estrutura do local e orçamento. Quando algo não pode ser atendido, ocorre o rider negotiation: produtor e equipe do artista discutem adaptações possíveis.</li></ul><p><strong>Na prática:</strong> Chega o rider técnico de uma banda de quatro integrantes. No stage plot você vê bateria ao centro, baixo à direita, guitarra à esquerda e vocal à frente. A input list pede 16 canais. Comparando com o local, há PA suficiente, mas faltam dois direct boxes. A produção entra em rider negotiation com a equipe da banda e combina o uso de DIs equivalentes disponíveis na casa. Resultado: nada vira surpresa no dia do show.</p><h4>Resumo</h4><ul><li>O rider é o documento enviado pelo artista com todas as exigências para a apresentação e faz parte da pré-produção.</li><li>O rider técnico vem com stage plot (mapa de palco) e input list (lista de canais), essenciais para montar palco e som.</li><li>Quando o evento não atende tudo, ocorre o rider negotiation para combinar adaptações.</li></ul>',22,2,true,false);
insert into public.quizzes (id,lesson_id,titulo) values ('660aab3a-23ed-49e2-a47b-f82d8c29be16','59e72d36-f793-4dfe-8ae6-153f2dd76bea','Quiz — Rider Técnico e Documentos de Palco');
insert into public.quiz_questions (id,quiz_id,texto,explicacao,ordem,pontos) values ('ae81a850-68f5-4ed4-91ae-1a12f764b933','660aab3a-23ed-49e2-a47b-f82d8c29be16','O que é o rider técnico?','O rider técnico descreve som, palco, microfones, iluminação, backline e canais de áudio necessários para a apresentação.',1,1);
insert into public.quiz_options (question_id,texto,correta,ordem) values ('ae81a850-68f5-4ed4-91ae-1a12f764b933','Um contrato de pagamento do artista',false,1);
insert into public.quiz_options (question_id,texto,correta,ordem) values ('ae81a850-68f5-4ed4-91ae-1a12f764b933','O documento que descreve as necessidades técnicas da apresentação',true,2);
insert into public.quiz_options (question_id,texto,correta,ordem) values ('ae81a850-68f5-4ed4-91ae-1a12f764b933','A lista de convidados do evento',false,3);
insert into public.quiz_options (question_id,texto,correta,ordem) values ('ae81a850-68f5-4ed4-91ae-1a12f764b933','O alvará de funcionamento do evento',false,4);
insert into public.quiz_questions (id,quiz_id,texto,explicacao,ordem,pontos) values ('b830cc29-c15c-435b-8548-212dc880ca1b','660aab3a-23ed-49e2-a47b-f82d8c29be16','Qual documento mostra a posição dos músicos e equipamentos no palco?','O stage plot, ou mapa de palco, é o desenho que mostra onde ficam músicos, instrumentos e microfones.',2,1);
insert into public.quiz_options (question_id,texto,correta,ordem) values ('b830cc29-c15c-435b-8548-212dc880ca1b','Input list',false,1);
insert into public.quiz_options (question_id,texto,correta,ordem) values ('b830cc29-c15c-435b-8548-212dc880ca1b','Stage plot',true,2);
insert into public.quiz_options (question_id,texto,correta,ordem) values ('b830cc29-c15c-435b-8548-212dc880ca1b','Ordem de serviço',false,3);
insert into public.quiz_options (question_id,texto,correta,ordem) values ('b830cc29-c15c-435b-8548-212dc880ca1b','Rider de camarim',false,4);
insert into public.quiz_questions (id,quiz_id,texto,explicacao,ordem,pontos) values ('a17633c1-0b82-4eb2-93ad-ba699f6a558a','660aab3a-23ed-49e2-a47b-f82d8c29be16','Para que serve a input list?','A input list detalha cada canal de áudio (ex.: bumbo, caixa, vocal) para a equipe de som preparar o sistema.',3,1);
insert into public.quiz_options (question_id,texto,correta,ordem) values ('a17633c1-0b82-4eb2-93ad-ba699f6a558a','Listar as bebidas do camarim',false,1);
insert into public.quiz_options (question_id,texto,correta,ordem) values ('a17633c1-0b82-4eb2-93ad-ba699f6a558a','Listar todos os canais de áudio necessários',true,2);
insert into public.quiz_options (question_id,texto,correta,ordem) values ('a17633c1-0b82-4eb2-93ad-ba699f6a558a','Listar os contatos de emergência da equipe',false,3);
insert into public.quiz_options (question_id,texto,correta,ordem) values ('a17633c1-0b82-4eb2-93ad-ba699f6a558a','Listar os alvarás do evento',false,4);
insert into public.quiz_questions (id,quiz_id,texto,explicacao,ordem,pontos) values ('044bf8d5-a7dd-4de4-9b12-a10f4aaa7a97','660aab3a-23ed-49e2-a47b-f82d8c29be16','O que acontece quando o evento não consegue atender 100% das exigências do rider?','No rider negotiation, produtor e equipe do artista discutem adaptações possíveis dentro da estrutura e do orçamento.',4,1);
insert into public.quiz_options (question_id,texto,correta,ordem) values ('044bf8d5-a7dd-4de4-9b12-a10f4aaa7a97','O show é cancelado automaticamente',false,1);
insert into public.quiz_options (question_id,texto,correta,ordem) values ('044bf8d5-a7dd-4de4-9b12-a10f4aaa7a97','Ocorre o rider negotiation entre produtor e equipe do artista',true,2);
insert into public.quiz_options (question_id,texto,correta,ordem) values ('044bf8d5-a7dd-4de4-9b12-a10f4aaa7a97','O artista monta o palco sozinho',false,3);
insert into public.quiz_options (question_id,texto,correta,ordem) values ('044bf8d5-a7dd-4de4-9b12-a10f4aaa7a97','Ignora-se o rider',false,4);
insert into public.lessons (id,module_id,titulo,tipo,conteudo_rico,duracao_min,ordem,tem_quiz,preview_gratis) values ('f08b0fa2-b5d8-4aee-9a9f-27dc56234414','667b6c17-474d-4270-a95a-bdf74d7b843d','Ordem de Serviço, Carga e Descarga','texto','<p><strong>Para começar:</strong> Equipamento de evento não chega por mágica: ele entra, é descarregado, armazenado, montado e, no fim, sai. Coordenar essa logística é o que a Ordem de Serviço de carga e descarga organiza. Nesta aula você vai entender esse documento e o fluxo logístico que ele controla.</p><p>A movimentação de cargas é um dos momentos mais críticos e perigosos de um evento. Caminhões, empilhadeiras, equipes e horários precisam se encaixar sem colisões. A Ordem de Serviço (OS) é a ferramenta que coloca todos na mesma página.</p><ul><li><strong>O que é a Ordem de Serviço (OS):</strong> É o documento que estabelece as diretrizes e responsabilidades para uma operação específica, neste caso a gestão de carga e descarga durante o evento. Identifica nome do evento, data e local, e determina que todas as partes envolvidas (produção, fornecedores e prestadores) devem seguir as instruções nele contidas.</li><li><strong>Coordenação prévia:</strong> Os horários de carga e descarga são previamente acordados e devem ser rigorosamente seguidos. As áreas designadas para essa operação ficam destacadas no mapa do local, anexo à OS. Esse acerto antecipado evita filas de caminhões e conflitos de horário.</li><li><strong>Equipe responsável:</strong> A operação é liderada por um responsável nomeado e conta com operadores de empilhadeiras, carregadores e pessoal de segurança. Definir quem lidera e quem executa cada função evita que ninguém fique sem comando na hora da movimentação.</li><li><strong>Procedimento de descarga:</strong> Os fornecedores devem chegar no horário agendado. A descarga segue uma sequência lógica para facilitar a movimentação e o armazenamento temporário, ou seja, o que vai ser montado primeiro entra primeiro, evitando ter que mexer em material já posicionado.</li><li><strong>Armazenamento temporário:</strong> Há áreas identificadas no mapa para guardar equipamentos e materiais antes da montagem. A equipe garante a organização e a segurança dessas áreas, evitando perdas, danos e obstrução de rotas.</li><li><strong>Coordenação durante o evento:</strong> Mantém-se monitoramento contínuo para coordenar a reposição de suprimentos e a retirada de equipamentos não utilizados. A equipe também auxilia na saída de participantes e na retirada de mercadorias após o evento.</li><li><strong>Coordenação com expositores:</strong> Em feiras e eventos com expositores, eles são informados sobre os horários de desmontagem e devem seguir as diretrizes estabelecidas, evitando que cada um desmonte na hora que quiser e gere confusão.</li><li><strong>Reciclagem e descarte:</strong> Áreas para reciclagem e descarte adequado são disponibilizadas e identificadas, garantindo que o material descartado durante a operação tenha destino correto.</li><li><strong>Avaliação de desempenho:</strong> Após o evento, realiza-se uma avaliação de desempenho para identificar áreas de melhoria, e elabora-se um relatório destacando o sucesso e os desafios enfrentados. A OS é parte integrante do plano de produção e seu cumprimento é essencial para o sucesso global.</li><li><strong>Cronograma de montagem e desmontagem:</strong> Boa prática de produção: a OS funciona dentro de um cronograma que define a ordem das tarefas no tempo. A montagem segue uma sequência (estrutura, palco, som, luz) e a desmontagem geralmente ocorre na ordem inversa, normalmente em horários apertados, exigindo coordenação ainda maior.</li></ul><p><strong>Na prática:</strong> Para uma feira, a OS de carga e descarga define que os fornecedores de estrutura chegam às 7h, os de som às 10h e os de mobiliário às 13h, todos pela doca lateral marcada no mapa anexo. Um operador de empilhadeira e dois carregadores recebem cada caminhão na sequência. O material fica em uma área de armazenamento temporário identificada até a hora da montagem. Na desmontagem, os expositores são avisados que só podem retirar mercadoria após as 22h, na ordem inversa.</p><h4>Resumo</h4><ul><li>A Ordem de Serviço de carga e descarga define diretrizes, responsabilidades, horários e áreas para a movimentação de materiais.</li><li>Coordenação prévia, equipe definida, sequência lógica de descarga e armazenamento temporário organizado são os pilares da operação.</li><li>Ao final, faz-se avaliação de desempenho e relatório; a OS integra o plano de produção e a montagem/desmontagem segue um cronograma.</li></ul>',20,3,true,false);
insert into public.quizzes (id,lesson_id,titulo) values ('01fa9b3b-b34e-4c00-88fc-7a3707012c98','f08b0fa2-b5d8-4aee-9a9f-27dc56234414','Quiz — Ordem de Serviço, Carga e Descarga');
insert into public.quiz_questions (id,quiz_id,texto,explicacao,ordem,pontos) values ('d8dfd0fb-ff6f-4ade-b652-df7029bfa907','01fa9b3b-b34e-4c00-88fc-7a3707012c98','Qual é a principal função de uma Ordem de Serviço de carga e descarga?','A OS estabelece diretrizes, responsabilidades, horários e áreas para a gestão de carga e descarga, e todos os envolvidos devem segui-la.',1,1);
insert into public.quiz_options (question_id,texto,correta,ordem) values ('d8dfd0fb-ff6f-4ade-b652-df7029bfa907','Listar os canais de áudio do show',false,1);
insert into public.quiz_options (question_id,texto,correta,ordem) values ('d8dfd0fb-ff6f-4ade-b652-df7029bfa907','Estabelecer diretrizes e responsabilidades para a movimentação de materiais',true,2);
insert into public.quiz_options (question_id,texto,correta,ordem) values ('d8dfd0fb-ff6f-4ade-b652-df7029bfa907','Definir o cachê do artista',false,3);
insert into public.quiz_options (question_id,texto,correta,ordem) values ('d8dfd0fb-ff6f-4ade-b652-df7029bfa907','Substituir o alvará dos bombeiros',false,4);
insert into public.quiz_questions (id,quiz_id,texto,explicacao,ordem,pontos) values ('97743f9e-b204-46ed-8353-83f716ae0d49','01fa9b3b-b34e-4c00-88fc-7a3707012c98','Por que a descarga deve seguir uma sequência lógica?','A sequência lógica facilita a movimentação e o armazenamento temporário: o que será montado primeiro entra primeiro.',2,1);
insert into public.quiz_options (question_id,texto,correta,ordem) values ('97743f9e-b204-46ed-8353-83f716ae0d49','Para o caminhão sair mais rápido',false,1);
insert into public.quiz_options (question_id,texto,correta,ordem) values ('97743f9e-b204-46ed-8353-83f716ae0d49','Para facilitar a movimentação e o armazenamento temporário, evitando remexer material já posicionado',true,2);
insert into public.quiz_options (question_id,texto,correta,ordem) values ('97743f9e-b204-46ed-8353-83f716ae0d49','Para reduzir o cachê',false,3);
insert into public.quiz_options (question_id,texto,correta,ordem) values ('97743f9e-b204-46ed-8353-83f716ae0d49','Porque a lei obriga',false,4);
insert into public.quiz_questions (id,quiz_id,texto,explicacao,ordem,pontos) values ('60f261eb-2de6-4a25-8ef7-952658456313','01fa9b3b-b34e-4c00-88fc-7a3707012c98','Onde ficam indicadas as áreas de carga, descarga e armazenamento?','As áreas designadas ficam destacadas no mapa do local, que é anexo à Ordem de Serviço.',3,1);
insert into public.quiz_options (question_id,texto,correta,ordem) values ('60f261eb-2de6-4a25-8ef7-952658456313','No rider de camarim',false,1);
insert into public.quiz_options (question_id,texto,correta,ordem) values ('60f261eb-2de6-4a25-8ef7-952658456313','No mapa do local, anexo à Ordem de Serviço',true,2);
insert into public.quiz_options (question_id,texto,correta,ordem) values ('60f261eb-2de6-4a25-8ef7-952658456313','Na input list',false,3);
insert into public.quiz_options (question_id,texto,correta,ordem) values ('60f261eb-2de6-4a25-8ef7-952658456313','Na carteira de trabalho da equipe',false,4);
insert into public.quiz_questions (id,quiz_id,texto,explicacao,ordem,pontos) values ('5f8d3894-7803-43d9-9ba7-f8920fa27891','01fa9b3b-b34e-4c00-88fc-7a3707012c98','A desmontagem de um evento geralmente segue qual lógica em relação à montagem?','Como boa prática de cronograma, a desmontagem costuma ocorrer na ordem inversa da montagem e em horários apertados.',4,1);
insert into public.quiz_options (question_id,texto,correta,ordem) values ('5f8d3894-7803-43d9-9ba7-f8920fa27891','A mesma ordem da montagem',false,1);
insert into public.quiz_options (question_id,texto,correta,ordem) values ('5f8d3894-7803-43d9-9ba7-f8920fa27891','A ordem inversa da montagem',true,2);
insert into public.quiz_options (question_id,texto,correta,ordem) values ('5f8d3894-7803-43d9-9ba7-f8920fa27891','Ordem aleatória',false,3);
insert into public.quiz_options (question_id,texto,correta,ordem) values ('5f8d3894-7803-43d9-9ba7-f8920fa27891','Só de madrugada, sem ordem definida',false,4);
insert into public.lessons (id,module_id,titulo,tipo,conteudo_rico,duracao_min,ordem,tem_quiz,preview_gratis) values ('0c888c3a-6c6f-4d01-8c7b-e4be09bb0ef3','667b6c17-474d-4270-a95a-bdf74d7b843d','Documentação da Equipe e do Evento','texto','<p><strong>Para começar:</strong> Uma produção bem organizada conhece quem está na sua equipe e tem os papéis do evento em ordem. Documentação não é burocracia: é segurança, controle e agilidade quando algo dá errado. Nesta aula você vai mapear o que se cadastra das pessoas e quais autorizações o evento precisa.</p><p>A organização documental garante segurança, controle administrativo e agilidade operacional. Saber quais dados a produção reúne ajuda você a entender por que tantos documentos são pedidos e como eles facilitam contratação, acesso, viagens, pagamentos e emergências.</p><ul><li><strong>Por que documentar:</strong> Ter os dados e documentos básicos de todos os integrantes facilita contratação, acesso a áreas restritas, viagens, pagamentos e atendimento em emergências. Produções profissionais mantêm um cadastro completo dos profissionais envolvidos, reunindo informações pessoais, documentos de identificação, dados profissionais e de segurança.</li><li><strong>Documentos de identificação:</strong> Usados para cadastro, controle de acesso e validação de identidade. RG (identidade civil); CPF (registros administrativos, contratos e pagamentos); CNH, importante para quem atua com veículos da produção, transporte de equipamentos ou logística; Passaporte, necessário em produções internacionais ou eventos com viagens ao exterior.</li><li><strong>Dados de contato:</strong> Permitem comunicação direta com a equipe: endereço completo com CEP (registros administrativos e contratuais), e-mail (envio de documentos, contratos e comunicação formal) e telefone com operadora (contato rápido e organização de grupos de comunicação).</li><li><strong>Documentação profissional:</strong> Carteira de Trabalho (contratação formal ou registro profissional); DRT, registro profissional exigido para algumas funções artísticas e técnicas do setor cultural, dependendo da legislação; PIS (registros trabalhistas e benefícios); Certificados de NR (Normas Regulamentadoras), cursos de segurança exigidos em atividades técnicas como montagem de estrutura, trabalho em altura ou eletricidade.</li><li><strong>Informações pessoais importantes:</strong> Data de aniversário (cadastros administrativos); tipo sanguíneo (relevante em emergência médica); carteira de vacinação (pode ser exigida em viagens ou eventos com requisitos sanitários); plano de saúde (operadora e hospitais aceitos, facilitando atendimento).</li><li><strong>Informações médicas:</strong> Em equipes grandes ou turnês, registram-se informações médicas básicas: restrições médicas (alergias, limitações físicas, cuidados especiais) e medicamentos necessários (uso contínuo ou atenção específica). Servem para a produção agir corretamente numa emergência.</li><li><strong>Informações de veículos:</strong> Documento do veículo usado na produção, que pode ser carro, moto, barco ou outro meio. Ajuda na organização do transporte e no acesso a áreas específicas do evento.</li><li><strong>Contatos de emergência e dados bancários:</strong> A produção pode manter contatos de pessoas próximas (familiares ou amigos) a serem acionadas em emergência, informação facultativa, porém importante em situações críticas. Os dados bancários são usados para pagamentos seguros e organizados de equipe, artistas e fornecedores.</li><li><strong>Documentação do evento (Alvarás):</strong> Além da equipe, a produção lida com documentos legais do evento: alvarás e autorizações oficiais emitidos por órgãos públicos. Podem cobrir funcionamento do evento, segurança e corpo de bombeiros, uso do espaço público ou privado, controle de público, estrutura temporária e licenças de som e horário. São fundamentais para manter o evento dentro das normas legais e de segurança, evitando problemas com fiscalização ou interrupção da atividade.</li></ul><p><strong>Na prática:</strong> Antes de uma turnê, a produção monta a ficha de cada técnico: RG, CPF, CNH (para os que dirigem a van de equipamentos), telefone com operadora, PIS e certificados de NR de quem trabalha em altura. Registra tipo sanguíneo, restrições médicas e um contato de emergência. Em paralelo, providencia o alvará dos bombeiros e a licença de som para cada cidade. No dia, quando um montador passa mal, a equipe já sabe seu tipo sanguíneo e quem avisar.</p><h4>Resumo</h4><ul><li>A documentação da equipe (identificação, contato, profissional, médica e bancária) dá segurança, controle e agilidade à produção.</li><li>Certificados de NR são exigidos em atividades técnicas como montagem, trabalho em altura e eletricidade.</li><li>O evento também precisa de alvarás e licenças oficiais (bombeiros, som, estrutura) para estar dentro das normas legais.</li></ul>',22,4,true,false);
insert into public.quizzes (id,lesson_id,titulo) values ('3a9bbdd6-b797-4805-83c6-a61d7b4fc14a','0c888c3a-6c6f-4d01-8c7b-e4be09bb0ef3','Quiz — Documentação da Equipe e do Evento');
insert into public.quiz_questions (id,quiz_id,texto,explicacao,ordem,pontos) values ('d2c0cf19-b076-473b-a641-63c76e153d44','3a9bbdd6-b797-4805-83c6-a61d7b4fc14a','Qual documento é especialmente importante para quem dirige veículos da produção ou faz logística de equipamentos?','A CNH é o documento importante para profissionais que atuam com veículos da produção, transporte de equipamentos ou logística.',1,1);
insert into public.quiz_options (question_id,texto,correta,ordem) values ('d2c0cf19-b076-473b-a641-63c76e153d44','Passaporte',false,1);
insert into public.quiz_options (question_id,texto,correta,ordem) values ('d2c0cf19-b076-473b-a641-63c76e153d44','CNH',true,2);
insert into public.quiz_options (question_id,texto,correta,ordem) values ('d2c0cf19-b076-473b-a641-63c76e153d44','DRT',false,3);
insert into public.quiz_options (question_id,texto,correta,ordem) values ('d2c0cf19-b076-473b-a641-63c76e153d44','PIS',false,4);
insert into public.quiz_questions (id,quiz_id,texto,explicacao,ordem,pontos) values ('e2aa5cb9-77c4-4d8b-8037-e77078b23790','3a9bbdd6-b797-4805-83c6-a61d7b4fc14a','Os certificados de NR são exigidos principalmente em quais situações?','Os certificados de Normas Regulamentadoras são exigidos em atividades técnicas como montagem, trabalho em altura ou eletricidade.',2,1);
insert into public.quiz_options (question_id,texto,correta,ordem) values ('e2aa5cb9-77c4-4d8b-8037-e77078b23790','Apenas para artistas internacionais',false,1);
insert into public.quiz_options (question_id,texto,correta,ordem) values ('e2aa5cb9-77c4-4d8b-8037-e77078b23790','Em atividades técnicas como montagem de estrutura, trabalho em altura ou eletricidade',true,2);
insert into public.quiz_options (question_id,texto,correta,ordem) values ('e2aa5cb9-77c4-4d8b-8037-e77078b23790','Somente para o setor de camarim',false,3);
insert into public.quiz_options (question_id,texto,correta,ordem) values ('e2aa5cb9-77c4-4d8b-8037-e77078b23790','Para liberar pagamentos bancários',false,4);
insert into public.quiz_questions (id,quiz_id,texto,explicacao,ordem,pontos) values ('db69d47a-16c7-4d50-b74a-0dd064b1f3ea','3a9bbdd6-b797-4805-83c6-a61d7b4fc14a','Por que registrar tipo sanguíneo e restrições médicas da equipe?','Tipo sanguíneo e restrições médicas são informações relevantes para emergências médicas com a equipe.',3,1);
insert into public.quiz_options (question_id,texto,correta,ordem) values ('db69d47a-16c7-4d50-b74a-0dd064b1f3ea','Para definir o cachê',false,1);
insert into public.quiz_options (question_id,texto,correta,ordem) values ('db69d47a-16c7-4d50-b74a-0dd064b1f3ea','Por exigência do rider técnico',false,2);
insert into public.quiz_options (question_id,texto,correta,ordem) values ('db69d47a-16c7-4d50-b74a-0dd064b1f3ea','Para agir corretamente em situações de emergência médica',true,3);
insert into public.quiz_options (question_id,texto,correta,ordem) values ('db69d47a-16c7-4d50-b74a-0dd064b1f3ea','Para liberar acesso ao backstage',false,4);
insert into public.quiz_questions (id,quiz_id,texto,explicacao,ordem,pontos) values ('0766db5f-8494-43cf-b4be-a2049cd2db07','3a9bbdd6-b797-4805-83c6-a61d7b4fc14a','Alvarás e autorizações oficiais do evento servem para quê?','Os alvarás e licenças (bombeiros, som, estrutura, uso do espaço) mantêm o evento dentro das normas legais e de segurança, evitando fiscalização ou interrupção.',4,1);
insert into public.quiz_options (question_id,texto,correta,ordem) values ('0766db5f-8494-43cf-b4be-a2049cd2db07','Pagar a equipe',false,1);
insert into public.quiz_options (question_id,texto,correta,ordem) values ('0766db5f-8494-43cf-b4be-a2049cd2db07','Garantir que o evento esteja dentro das normas legais e de segurança',true,2);
insert into public.quiz_options (question_id,texto,correta,ordem) values ('0766db5f-8494-43cf-b4be-a2049cd2db07','Organizar o stage plot',false,3);
insert into public.quiz_options (question_id,texto,correta,ordem) values ('0766db5f-8494-43cf-b4be-a2049cd2db07','Substituir a carteira de trabalho',false,4);
insert into public.lessons (id,module_id,titulo,tipo,conteudo_rico,duracao_min,ordem,tem_quiz,preview_gratis) values ('bf89fbd8-44b2-4a79-a215-09550492e5b9','667b6c17-474d-4270-a95a-bdf74d7b843d','Gestão de Equipe na Produção de Eventos','texto','<p><strong>Para começar:</strong> Um evento é feito por muitas mãos: som, luz, palco, montagem, segurança. Fazer essas pessoas trabalharem juntas, com clareza de funções e boa comunicação, é o que chamamos de gestão de equipe. Nesta aula você vai conhecer os princípios que tornam uma equipe coesa e eficaz.</p><p>Em produções de eventos, diferentes especialistas precisam atuar em sincronia sob pressão de tempo. Mesmo o técnico júnior se beneficia de entender esses princípios: eles explicam por que comunicação, papéis claros e flexibilidade fazem tanta diferença no resultado final.</p><ul><li><strong>Comunicação clara e aberta:</strong> Estabeleça canais de comunicação claros e abertos entre os membros da equipe. Garanta que todos compreendam suas funções, responsabilidades e metas. Em evento, é o que evita o clássico ninguém me avisou.</li><li><strong>Definição de papéis e responsabilidades:</strong> Atribua funções específicas a cada membro com base em suas habilidades e conhecimentos, e assegure que todos saibam exatamente o que se espera deles. Cada pessoa sabendo seu posto evita sobreposição e tarefas esquecidas.</li><li><strong>Liderança efetiva:</strong> Lidere pelo exemplo, demonstrando comprometimento, responsabilidade e profissionalismo. Esteja disponível para orientar e apoiar quando necessário. A equipe espelha a postura de quem comanda.</li><li><strong>Motivação e engajamento:</strong> Mantenha a equipe motivada reconhecendo e recompensando os esforços. Incentive a colaboração e o compartilhamento de ideias. Gente reconhecida rende mais nas longas jornadas de evento.</li><li><strong>Gerenciamento de conflitos:</strong> Esteja preparado para lidar com conflitos entre membros. Resolva-os de maneira construtiva, buscando soluções que beneficiem a todos. Sob pressão e cansaço, atritos surgem e precisam ser tratados rápido.</li><li><strong>Planejamento e organização:</strong> Desenvolva um plano detalhado da produção, identificando tarefas e prazos. Distribua as tarefas de forma equilibrada e assegure que todos entendam a programação. É o cronograma da equipe.</li><li><strong>Acompanhamento e avaliação:</strong> Monitore regularmente o progresso das tarefas e verifique se tudo ocorre conforme o planejado. Forneça feedback construtivo para aprimorar o desempenho da equipe.</li><li><strong>Flexibilidade e adaptação:</strong> Esteja preparado para mudanças de última hora e imprevistos. Tome decisões rápidas e eficazes para contornar desafios. Em evento ao vivo, o plano sempre encontra surpresas.</li><li><strong>Valorização, desenvolvimento e inclusão:</strong> Reconheça e aproveite as habilidades individuais, permitindo que cada um contribua com suas ideias. Ofereça oportunidades de aprendizado e atualização. Crie um ambiente respeitoso e inclusivo, valorizando a diversidade e evitando qualquer discriminação.</li><li><strong>Celebração do sucesso:</strong> Celebre as conquistas e o sucesso da equipe, reconhecendo o esforço coletivo. Isso fortalece o senso de realização e a união, importante antes do próximo evento.</li></ul><p><strong>Na prática:</strong> Antes da montagem, o coordenador reúne a equipe por cinco minutos: define quem cuida de som, quem cuida de luz e quem fica na estrutura (papéis claros), passa o cronograma de tarefas e horários (planejamento) e combina o canal de rádio para avisos (comunicação). Quando um caminhão atrasa, ele remaneja duas pessoas para adiantar outra frente (flexibilidade). No fim da montagem, agradece o time pelo ritmo (celebração e motivação).</p><h4>Resumo</h4><ul><li>Gestão de equipe coordena diferentes especialistas rumo a objetivos comuns, algo crucial em eventos.</li><li>Os pilares incluem comunicação clara, papéis definidos, liderança pelo exemplo, planejamento e flexibilidade.</li><li>Reconhecer habilidades, manter ambiente inclusivo e celebrar conquistas mantêm a equipe coesa e motivada.</li></ul>',20,5,true,false);
insert into public.quizzes (id,lesson_id,titulo) values ('cf8366ed-1c3a-4e90-be25-b8f8a64a60a9','bf89fbd8-44b2-4a79-a215-09550492e5b9','Quiz — Gestão de Equipe na Produção de Eventos');
insert into public.quiz_questions (id,quiz_id,texto,explicacao,ordem,pontos) values ('e56a7aba-0450-4420-8673-a0d1e075c813','cf8366ed-1c3a-4e90-be25-b8f8a64a60a9','Por que a definição de papéis e responsabilidades é importante na equipe?','Atribuir funções claras com base nas habilidades garante que cada um saiba o que se espera dele, evitando sobreposição e falhas.',1,1);
insert into public.quiz_options (question_id,texto,correta,ordem) values ('e56a7aba-0450-4420-8673-a0d1e075c813','Para reduzir o número de pessoas',false,1);
insert into public.quiz_options (question_id,texto,correta,ordem) values ('e56a7aba-0450-4420-8673-a0d1e075c813','Para que todos saibam exatamente o que se espera deles, evitando tarefas esquecidas ou sobrepostas',true,2);
insert into public.quiz_options (question_id,texto,correta,ordem) values ('e56a7aba-0450-4420-8673-a0d1e075c813','Para dispensar a comunicação',false,3);
insert into public.quiz_options (question_id,texto,correta,ordem) values ('e56a7aba-0450-4420-8673-a0d1e075c813','Para aumentar o cachê',false,4);
insert into public.quiz_questions (id,quiz_id,texto,explicacao,ordem,pontos) values ('7b9e23ef-3738-4d3e-b4ee-5cca04c09956','cf8366ed-1c3a-4e90-be25-b8f8a64a60a9','O que caracteriza uma liderança efetiva segundo as diretrizes apresentadas?','Liderança efetiva é liderar pelo exemplo, demonstrando comprometimento e profissionalismo, e estar disponível para orientar e apoiar.',2,1);
insert into public.quiz_options (question_id,texto,correta,ordem) values ('7b9e23ef-3738-4d3e-b4ee-5cca04c09956','Cobrar sem participar',false,1);
insert into public.quiz_options (question_id,texto,correta,ordem) values ('7b9e23ef-3738-4d3e-b4ee-5cca04c09956','Liderar pelo exemplo, com comprometimento e disponibilidade para orientar',true,2);
insert into public.quiz_options (question_id,texto,correta,ordem) values ('7b9e23ef-3738-4d3e-b4ee-5cca04c09956','Decidir tudo sozinho sem ouvir ninguém',false,3);
insert into public.quiz_options (question_id,texto,correta,ordem) values ('7b9e23ef-3738-4d3e-b4ee-5cca04c09956','Evitar contato com a equipe',false,4);
insert into public.quiz_questions (id,quiz_id,texto,explicacao,ordem,pontos) values ('fac6dc8b-39c8-425f-9303-abef3f44e0a5','cf8366ed-1c3a-4e90-be25-b8f8a64a60a9','Por que flexibilidade e adaptação são essenciais em eventos?','Em eventos surgem imprevistos e mudanças de última hora; é preciso decidir rápido e com eficácia para contornar os desafios.',3,1);
insert into public.quiz_options (question_id,texto,correta,ordem) values ('fac6dc8b-39c8-425f-9303-abef3f44e0a5','Porque o evento nunca muda',false,1);
insert into public.quiz_options (question_id,texto,correta,ordem) values ('fac6dc8b-39c8-425f-9303-abef3f44e0a5','Para lidar com mudanças de última hora e imprevistos, tomando decisões rápidas',true,2);
insert into public.quiz_options (question_id,texto,correta,ordem) values ('fac6dc8b-39c8-425f-9303-abef3f44e0a5','Para evitar planejar',false,3);
insert into public.quiz_options (question_id,texto,correta,ordem) values ('fac6dc8b-39c8-425f-9303-abef3f44e0a5','Porque a equipe é pequena',false,4);
insert into public.quiz_questions (id,quiz_id,texto,explicacao,ordem,pontos) values ('0114ba9e-ef49-41ff-a37b-7e520edabb5c','cf8366ed-1c3a-4e90-be25-b8f8a64a60a9','Qual prática fortalece o senso de realização e a união da equipe?','Celebrar o sucesso e reconhecer o esforço coletivo fortalece o senso de realização e a união da equipe.',4,1);
insert into public.quiz_options (question_id,texto,correta,ordem) values ('0114ba9e-ef49-41ff-a37b-7e520edabb5c','Ignorar os resultados',false,1);
insert into public.quiz_options (question_id,texto,correta,ordem) values ('0114ba9e-ef49-41ff-a37b-7e520edabb5c','Celebrar as conquistas e reconhecer o esforço coletivo',true,2);
insert into public.quiz_options (question_id,texto,correta,ordem) values ('0114ba9e-ef49-41ff-a37b-7e520edabb5c','Apontar apenas os erros',false,3);
insert into public.quiz_options (question_id,texto,correta,ordem) values ('0114ba9e-ef49-41ff-a37b-7e520edabb5c','Trocar a equipe a cada evento',false,4);
insert into public.modules (id,course_id,titulo,ordem) values ('a8d57a07-f986-4337-967e-1f765e6764f9','1320b04f-ec96-47e3-905c-46a6f7bce71e','Som I',7);
insert into public.lessons (id,module_id,titulo,tipo,conteudo_rico,duracao_min,ordem,tem_quiz,preview_gratis) values ('924b5f6a-bd59-45c7-bc89-06f05d1d756b','a8d57a07-f986-4337-967e-1f765e6764f9','O que é som: a onda que você vai trabalhar a vida toda','texto','<p><strong>Para começar:</strong> Antes de mexer em qualquer botão da mesa, você precisa entender o que está acontecendo no ar. Som é energia em forma de vibração, e tudo que um técnico faz é capturar, moldar e devolver essa vibração para o público. Esta aula é a base de todo o resto do módulo.</p><p>O som é uma forma de energia percebida pelo sistema auditivo e interpretada pelo cérebro. Ele nasce de vibrações de partículas em um meio (geralmente o ar) que se propagam como ondas de pressão.</p><ul><li><strong>O que é som:</strong> Som é energia mecânica criada por vibrações ou oscilações de partículas no ar (ou em outros meios). Essas vibrações se propagam como ondas sonoras até chegarem ao ouvido, que as converte em sinais elétricos para o cérebro interpretar.</li><li><strong>Compressão e rarefação:</strong> A onda sonora alterna regiões de compressão (partículas mais próximas umas das outras, alta pressão) e rarefação (partículas mais afastadas, baixa pressão). É essa variação de pressão que viaja pelo ar, não as partículas em si, que apenas vibram em torno da posição de equilíbrio.</li><li><strong>Como o som é produzido:</strong> O som pode ser gerado de muitas formas: falando, tocando instrumentos, ou por fenômenos naturais como o trovão. Qualquer fonte de energia que perturbe o meio e faça as partículas vibrarem gera som.</li><li><strong>Meios de propagação:</strong> O som viaja pelo ar, mas também pela água e por sólidos. Ele precisa de um meio material para se propagar; no vácuo (ausência de meio) não há som.</li><li><strong>As quatro características do som:</strong> Todo som pode ser descrito por: Frequência (altura, grave/agudo), Amplitude (intensidade/volume), Timbre (a ''cor'' que distingue um violino de uma guitarra) e Duração (quanto tempo o som persiste).</li><li><strong>Timbre:</strong> É a qualidade que permite distinguir dois sons de mesma frequência e amplitude vindos de fontes diferentes. É por causa do timbre que reconhecemos a diferença entre um violino e uma guitarra tocando a mesma nota no mesmo volume.</li><li><strong>Por que isso importa em eventos:</strong> No evento, o som é controlado, amplificado e processado para entregar uma experiência auditiva de qualidade ao público. Entender a onda é entender o que cada equipamento faz com ela.</li></ul><p><strong>Na prática:</strong> Bata palma uma vez numa sala. Você criou uma onda de pressão: o ar comprimiu e rarefez rapidamente, a onda se espalhou em todas as direções e chegou aos ouvidos das pessoas em volta. Se houver eco, você está ouvindo essa mesma onda voltar depois de bater nas paredes. Tudo o que a mesa de som faz é trabalhar com essa onda em forma de sinal elétrico.</p><h4>Resumo</h4><ul><li>Som é energia mecânica que se propaga como onda de pressão, alternando compressão e rarefação.</li><li>As quatro características fundamentais são frequência, amplitude, timbre e duração.</li><li>Som precisa de um meio material para viajar; não existe som no vácuo.</li></ul>',25,1,true,false);
insert into public.quizzes (id,lesson_id,titulo) values ('37ea335a-72e0-424f-a884-9b4f95489116','924b5f6a-bd59-45c7-bc89-06f05d1d756b','Quiz — O que é som: a onda que você vai trabalhar a vida toda');
insert into public.quiz_questions (id,quiz_id,texto,explicacao,ordem,pontos) values ('34097ba3-b2ed-4935-89d8-5e491de37946','37ea335a-72e0-424f-a884-9b4f95489116','O que se propaga quando um som viaja pelo ar?','As partículas de ar apenas vibram em torno da posição de equilíbrio; o que viaja é a variação de pressão (a onda).',1,1);
insert into public.quiz_options (question_id,texto,correta,ordem) values ('34097ba3-b2ed-4935-89d8-5e491de37946','As partículas de ar, que viajam da fonte até o ouvido',false,1);
insert into public.quiz_options (question_id,texto,correta,ordem) values ('34097ba3-b2ed-4935-89d8-5e491de37946','Uma onda de pressão (compressão e rarefação), enquanto as partículas só vibram no lugar',true,2);
insert into public.quiz_options (question_id,texto,correta,ordem) values ('34097ba3-b2ed-4935-89d8-5e491de37946','Uma corrente elétrica pelo ar',false,3);
insert into public.quiz_options (question_id,texto,correta,ordem) values ('34097ba3-b2ed-4935-89d8-5e491de37946','Apenas calor',false,4);
insert into public.quiz_questions (id,quiz_id,texto,explicacao,ordem,pontos) values ('d5f5878e-448a-4c2e-a5df-12c280769dfb','37ea335a-72e0-424f-a884-9b4f95489116','Qual característica do som permite diferenciar um violino de uma guitarra tocando a mesma nota no mesmo volume?','O timbre é a qualidade que distingue sons de mesma frequência e amplitude vindos de fontes diferentes.',2,1);
insert into public.quiz_options (question_id,texto,correta,ordem) values ('d5f5878e-448a-4c2e-a5df-12c280769dfb','Frequência',false,1);
insert into public.quiz_options (question_id,texto,correta,ordem) values ('d5f5878e-448a-4c2e-a5df-12c280769dfb','Amplitude',false,2);
insert into public.quiz_options (question_id,texto,correta,ordem) values ('d5f5878e-448a-4c2e-a5df-12c280769dfb','Timbre',true,3);
insert into public.quiz_options (question_id,texto,correta,ordem) values ('d5f5878e-448a-4c2e-a5df-12c280769dfb','Duração',false,4);
insert into public.quiz_questions (id,quiz_id,texto,explicacao,ordem,pontos) values ('edd56f2d-3ffb-43a4-b024-f946d50db511','37ea335a-72e0-424f-a884-9b4f95489116','O som pode se propagar no vácuo?','O som é uma onda mecânica e precisa de um meio (ar, água, sólido). Sem meio, não há propagação.',3,1);
insert into public.quiz_options (question_id,texto,correta,ordem) values ('edd56f2d-3ffb-43a4-b024-f946d50db511','Sim, viaja mais rápido lá',false,1);
insert into public.quiz_options (question_id,texto,correta,ordem) values ('edd56f2d-3ffb-43a4-b024-f946d50db511','Não, porque precisa de um meio material para se propagar',true,2);
insert into public.quiz_options (question_id,texto,correta,ordem) values ('edd56f2d-3ffb-43a4-b024-f946d50db511','Sim, mas só sons graves',false,3);
insert into public.quiz_options (question_id,texto,correta,ordem) values ('edd56f2d-3ffb-43a4-b024-f946d50db511','Apenas se for amplificado',false,4);
insert into public.quiz_questions (id,quiz_id,texto,explicacao,ordem,pontos) values ('20f18115-1bd3-4973-8fcb-06e42c240d66','37ea335a-72e0-424f-a884-9b4f95489116','Compressão em uma onda sonora corresponde a:','Compressão é a região onde as partículas estão mais próximas umas das outras, formando alta pressão; rarefação é o contrário.',4,1);
insert into public.quiz_options (question_id,texto,correta,ordem) values ('20f18115-1bd3-4973-8fcb-06e42c240d66','Região de baixa pressão, partículas afastadas',false,1);
insert into public.quiz_options (question_id,texto,correta,ordem) values ('20f18115-1bd3-4973-8fcb-06e42c240d66','Região de alta pressão, partículas mais próximas',true,2);
insert into public.quiz_options (question_id,texto,correta,ordem) values ('20f18115-1bd3-4973-8fcb-06e42c240d66','Ausência de vibração',false,3);
insert into public.quiz_options (question_id,texto,correta,ordem) values ('20f18115-1bd3-4973-8fcb-06e42c240d66','Aumento da frequência',false,4);
insert into public.lessons (id,module_id,titulo,tipo,conteudo_rico,duracao_min,ordem,tem_quiz,preview_gratis) values ('632344eb-594e-496b-9a2a-d9cf1ce6ff77','a8d57a07-f986-4337-967e-1f765e6764f9','Frequência e amplitude: altura e volume do som','texto','<p><strong>Para começar:</strong> Frequência e amplitude são os dois parâmetros que você mais vai ajustar na mesa. Um define se o som é grave ou agudo; o outro define se é alto ou baixo. Confundir esses dois conceitos é o erro mais comum de quem está começando.</p><p>Frequência e amplitude são propriedades distintas da onda. A frequência governa a altura (grave/agudo) e a amplitude governa a intensidade (volume). São coisas independentes.</p><ul><li><strong>Frequência (Hz):</strong> Frequência é a quantidade de ciclos completos que a onda realiza por segundo, medida em Hertz (Hz). 1 Hz = 1 ciclo por segundo. Ela determina a altura do som: quanto maior a frequência, mais agudo; quanto menor, mais grave.</li><li><strong>Faixa audível:</strong> O ouvido humano percebe, em média, frequências entre 20 Hz e 20.000 Hz (20 kHz). Essa capacidade varia de pessoa para pessoa e diminui com a idade, especialmente nos agudos.</li><li><strong>Graves, médios e agudos:</strong> Graves são as frequências baixas (impacto do bumbo, contrabaixo), médios são a região da voz e da maioria dos instrumentos, e agudos são as altas frequências (pratos, brilho, sibilância). Equalizar é ajustar o equilíbrio entre essas faixas.</li><li><strong>Amplitude e volume:</strong> Amplitude é a medida da intensidade da onda, ligada à energia que ela transporta. Quanto maior a amplitude, mais alto o som percebido. Ao mover um fader de volume, você está alterando a amplitude do sinal.</li><li><strong>Decibel (dB):</strong> Na prática profissional, a intensidade do som e os níveis de sinal são medidos em decibéis (dB). O dB é uma escala logarítmica: pequenos números representam grandes variações de energia. Por isso pequenos ajustes de fader já mudam muito a percepção de volume.</li><li><strong>Amplitude na forma de onda:</strong> Em um osciloscópio ou na tela da mesa, a amplitude aparece na vertical: cristas (valores positivos) e vales (valores negativos) indicam as oscilações de pressão. Uma onda mais ''alta'' na tela é um som mais intenso.</li><li><strong>Frequência ≠ amplitude:</strong> São independentes: um som grave pode ser alto ou baixo, e um som agudo também. Mudar o volume (amplitude) não muda se o som é grave ou agudo (frequência).</li></ul><p><strong>Na prática:</strong> Na passagem de som, o vocalista reclama que está ''abafado''. Isso é frequência: faltam agudos/médios, e você ajusta a equalização. Se ele reclama que está ''baixo demais'', isso é amplitude: você sobe o fader. São dois controles diferentes para dois problemas diferentes. Misturar os dois é o erro clássico de iniciante.</p><h4>Resumo</h4><ul><li>Frequência mede-se em Hertz (Hz) e define a altura: mais Hz = mais agudo, menos Hz = mais grave.</li><li>Amplitude define o volume/intensidade e, na prática, mede-se em decibéis (dB).</li><li>Frequência e amplitude são independentes: o fader muda a amplitude, a equalização muda as frequências.</li></ul>',25,2,true,false);
insert into public.quizzes (id,lesson_id,titulo) values ('bdfe0313-1260-46b3-8366-9eb7f09605d8','632344eb-594e-496b-9a2a-d9cf1ce6ff77','Quiz — Frequência e amplitude: altura e volume do som');
insert into public.quiz_questions (id,quiz_id,texto,explicacao,ordem,pontos) values ('ba9ad156-f0d1-41be-b8bc-0ffe96383f12','bdfe0313-1260-46b3-8366-9eb7f09605d8','A frequência de uma onda sonora determina principalmente:','Frequência (em Hz) define a altura percebida: mais frequência = mais agudo, menos frequência = mais grave.',1,1);
insert into public.quiz_options (question_id,texto,correta,ordem) values ('ba9ad156-f0d1-41be-b8bc-0ffe96383f12','O volume do som',false,1);
insert into public.quiz_options (question_id,texto,correta,ordem) values ('ba9ad156-f0d1-41be-b8bc-0ffe96383f12','Se o som é grave ou agudo',true,2);
insert into public.quiz_options (question_id,texto,correta,ordem) values ('ba9ad156-f0d1-41be-b8bc-0ffe96383f12','O timbre do instrumento',false,3);
insert into public.quiz_options (question_id,texto,correta,ordem) values ('ba9ad156-f0d1-41be-b8bc-0ffe96383f12','A duração do som',false,4);
insert into public.quiz_questions (id,quiz_id,texto,explicacao,ordem,pontos) values ('f72da789-01f1-47eb-b340-025f61642e75','bdfe0313-1260-46b3-8366-9eb7f09605d8','Qual é a faixa de frequência audível média do ouvido humano?','A faixa audível típica vai de 20 Hz a 20 kHz, variando com a pessoa e a idade.',2,1);
insert into public.quiz_options (question_id,texto,correta,ordem) values ('f72da789-01f1-47eb-b340-025f61642e75','0 Hz a 100 Hz',false,1);
insert into public.quiz_options (question_id,texto,correta,ordem) values ('f72da789-01f1-47eb-b340-025f61642e75','20 Hz a 20.000 Hz',true,2);
insert into public.quiz_options (question_id,texto,correta,ordem) values ('f72da789-01f1-47eb-b340-025f61642e75','1.000 Hz a 50.000 Hz',false,3);
insert into public.quiz_options (question_id,texto,correta,ordem) values ('f72da789-01f1-47eb-b340-025f61642e75','100 Hz a 1.000 Hz',false,4);
insert into public.quiz_questions (id,quiz_id,texto,explicacao,ordem,pontos) values ('c50c31e0-67e7-478a-8dff-2b20df4f720e','bdfe0313-1260-46b3-8366-9eb7f09605d8','Ao subir o fader de volume de um canal, qual propriedade da onda você está alterando?','O volume está ligado à amplitude da onda. Subir o fader aumenta a amplitude do sinal.',3,1);
insert into public.quiz_options (question_id,texto,correta,ordem) values ('c50c31e0-67e7-478a-8dff-2b20df4f720e','A frequência',false,1);
insert into public.quiz_options (question_id,texto,correta,ordem) values ('c50c31e0-67e7-478a-8dff-2b20df4f720e','A amplitude',true,2);
insert into public.quiz_options (question_id,texto,correta,ordem) values ('c50c31e0-67e7-478a-8dff-2b20df4f720e','O timbre',false,3);
insert into public.quiz_options (question_id,texto,correta,ordem) values ('c50c31e0-67e7-478a-8dff-2b20df4f720e','A fase',false,4);
insert into public.quiz_questions (id,quiz_id,texto,explicacao,ordem,pontos) values ('2d06dfc2-70ab-4670-be09-67e1f5ea986b','bdfe0313-1260-46b3-8366-9eb7f09605d8','Em que unidade se medem normalmente os níveis de intensidade e volume no áudio profissional?','A intensidade e os níveis de sinal são medidos em decibéis (dB), uma escala logarítmica.',4,1);
insert into public.quiz_options (question_id,texto,correta,ordem) values ('2d06dfc2-70ab-4670-be09-67e1f5ea986b','Hertz (Hz)',false,1);
insert into public.quiz_options (question_id,texto,correta,ordem) values ('2d06dfc2-70ab-4670-be09-67e1f5ea986b','Decibéis (dB)',true,2);
insert into public.quiz_options (question_id,texto,correta,ordem) values ('2d06dfc2-70ab-4670-be09-67e1f5ea986b','Watts por segundo',false,3);
insert into public.quiz_options (question_id,texto,correta,ordem) values ('2d06dfc2-70ab-4670-be09-67e1f5ea986b','Graus',false,4);
insert into public.lessons (id,module_id,titulo,tipo,conteudo_rico,duracao_min,ordem,tem_quiz,preview_gratis) values ('7100eac5-ad39-4ab2-bb0a-120562459a46','a8d57a07-f986-4337-967e-1f765e6764f9','Fase e cancelamento: o inimigo invisível do som','texto','<p><strong>Para começar:</strong> Fase é um conceito que não se vê e não se mede de ouvido fácil, mas que pode destruir o seu som sem você perceber a causa. Quando o grave ''some'' ou o som fica fino e sem corpo, muitas vezes o culpado é a fase. Entender isso separa o técnico amador do profissional.</p><p>A fase descreve a posição temporal de uma onda em relação a outra de mesma frequência. Quando duas ondas iguais se combinam fora de tempo, podem se reforçar ou se cancelar.</p><ul><li><strong>O que é fase:</strong> Fase é a posição relativa de uma onda no seu ciclo, em relação a um ponto de referência. É medida em graus (um ciclo completo = 360°) ou radianos (2π). Pense na fase como uma ''coordenada de tempo'' dentro de um ciclo da onda.</li><li><strong>Interferência construtiva:</strong> Quando duas ondas de mesma frequência estão em fase (cristas com cristas, vales com vales), elas se reforçam mutuamente e a amplitude aumenta. É o reforço do som.</li><li><strong>Interferência destrutiva:</strong> Quando duas ondas estão em oposição de fase (a 180°, crista de uma coincidindo com o vale da outra), elas se cancelam parcial ou totalmente, reduzindo a amplitude. No caso extremo, o som somido.</li><li><strong>Cancelamento na prática:</strong> É por isso que dois microfones captando a mesma fonte, ou um sinal somado fora de fase, podem deixar o som fino, sem grave ou ''oco''. O alinhamento de fase entre microfones e caixas é essencial para evitar isso.</li><li><strong>O botão de inversão de fase (Ø):</strong> Mesas e pré-amplificadores têm um botão de inversão de fase (símbolo Ø ou ''phase/polarity''). Ele inverte a polaridade do sinal em 180°, e é usado para corrigir cancelamentos, por exemplo entre o microfone de cima e o de baixo da caixa, ou entre microfone e captador (DI).</li><li><strong>Fase e efeitos:</strong> A fase também é usada de propósito em efeitos: panorâmica estéreo, sensação de espaço e modulação de fase (phaser, flanger) dependem de relações de fase entre canais.</li></ul><p><strong>Na prática:</strong> Você microfona um bumbo de bateria com um microfone por fora e um por dentro. Ao subir os dois juntos, o grave some e o som fica fraco: as duas captações estão fora de fase e se cancelando. Você aperta o botão de inversão de fase (Ø) em um dos canais e o grave volta com corpo. Esse é o uso mais comum de fase em uma passagem de som real.</p><h4>Resumo</h4><ul><li>Fase é a posição da onda no seu ciclo, medida em graus (360° = um ciclo completo).</li><li>Ondas em fase se reforçam (construtiva); em oposição de fase (180°) se cancelam (destrutiva).</li><li>O botão de inversão de fase (Ø) corrige cancelamentos entre microfones ou entre mic e DI.</li></ul>',20,3,true,false);
insert into public.quizzes (id,lesson_id,titulo) values ('0c92a318-b41c-4849-8c84-b28006c7d316','7100eac5-ad39-4ab2-bb0a-120562459a46','Quiz — Fase e cancelamento: o inimigo invisível do som');
insert into public.quiz_questions (id,quiz_id,texto,explicacao,ordem,pontos) values ('91d14a09-28c2-4460-aa3b-c554757d07bc','0c92a318-b41c-4849-8c84-b28006c7d316','Quando duas ondas de mesma frequência estão em oposição de fase (180°), o que acontece?','Em oposição de fase, a crista de uma coincide com o vale da outra, causando interferência destrutiva (cancelamento).',1,1);
insert into public.quiz_options (question_id,texto,correta,ordem) values ('91d14a09-28c2-4460-aa3b-c554757d07bc','Elas se reforçam e o som fica mais alto',false,1);
insert into public.quiz_options (question_id,texto,correta,ordem) values ('91d14a09-28c2-4460-aa3b-c554757d07bc','Elas se cancelam parcial ou totalmente, reduzindo a amplitude',true,2);
insert into public.quiz_options (question_id,texto,correta,ordem) values ('91d14a09-28c2-4460-aa3b-c554757d07bc','A frequência dobra',false,3);
insert into public.quiz_options (question_id,texto,correta,ordem) values ('91d14a09-28c2-4460-aa3b-c554757d07bc','Nada muda',false,4);
insert into public.quiz_questions (id,quiz_id,texto,explicacao,ordem,pontos) values ('bf536fc7-0cc9-4129-a3f4-18a455ffb44c','0c92a318-b41c-4849-8c84-b28006c7d316','Um ciclo completo de uma onda corresponde a:','Uma onda completa equivale a 360° (ou 2π radianos).',2,1);
insert into public.quiz_options (question_id,texto,correta,ordem) values ('bf536fc7-0cc9-4129-a3f4-18a455ffb44c','90 graus',false,1);
insert into public.quiz_options (question_id,texto,correta,ordem) values ('bf536fc7-0cc9-4129-a3f4-18a455ffb44c','180 graus',false,2);
insert into public.quiz_options (question_id,texto,correta,ordem) values ('bf536fc7-0cc9-4129-a3f4-18a455ffb44c','360 graus',true,3);
insert into public.quiz_options (question_id,texto,correta,ordem) values ('bf536fc7-0cc9-4129-a3f4-18a455ffb44c','720 graus',false,4);
insert into public.quiz_questions (id,quiz_id,texto,explicacao,ordem,pontos) values ('17dcae3a-5db9-47c6-9108-f0661e7a38fa','0c92a318-b41c-4849-8c84-b28006c7d316','O botão de inversão de fase (Ø) na mesa serve para:','Ele inverte a polaridade em 180°, útil para corrigir cancelamentos entre microfones ou entre mic e DI.',3,1);
insert into public.quiz_options (question_id,texto,correta,ordem) values ('17dcae3a-5db9-47c6-9108-f0661e7a38fa','Aumentar o volume do canal',false,1);
insert into public.quiz_options (question_id,texto,correta,ordem) values ('17dcae3a-5db9-47c6-9108-f0661e7a38fa','Inverter a polaridade do sinal em 180° para corrigir cancelamentos',true,2);
insert into public.quiz_options (question_id,texto,correta,ordem) values ('17dcae3a-5db9-47c6-9108-f0661e7a38fa','Mudar a frequência do som',false,3);
insert into public.quiz_options (question_id,texto,correta,ordem) values ('17dcae3a-5db9-47c6-9108-f0661e7a38fa','Ligar o efeito de reverb',false,4);
insert into public.quiz_questions (id,quiz_id,texto,explicacao,ordem,pontos) values ('ff932d7a-b4f3-415c-9684-b90a3012fe94','0c92a318-b41c-4849-8c84-b28006c7d316','O som de um bumbo fica fino e sem grave ao subir o mic de fora e o de dentro juntos. A causa mais provável é:','Duas captações da mesma fonte fora de fase se cancelam, tirando o corpo/grave. A correção é inverter a fase de um canal.',4,1);
insert into public.quiz_options (question_id,texto,correta,ordem) values ('ff932d7a-b4f3-415c-9684-b90a3012fe94','Volume baixo demais',false,1);
insert into public.quiz_options (question_id,texto,correta,ordem) values ('ff932d7a-b4f3-415c-9684-b90a3012fe94','Problema de fase entre as duas captações',true,2);
insert into public.quiz_options (question_id,texto,correta,ordem) values ('ff932d7a-b4f3-415c-9684-b90a3012fe94','Microfone quebrado',false,3);
insert into public.quiz_options (question_id,texto,correta,ordem) values ('ff932d7a-b4f3-415c-9684-b90a3012fe94','Frequência alta demais',false,4);
insert into public.lessons (id,module_id,titulo,tipo,conteudo_rico,duracao_min,ordem,tem_quiz,preview_gratis) values ('1c1b44db-f925-4d40-8088-465a0479bd79','a8d57a07-f986-4337-967e-1f765e6764f9','Analógico x digital: dois caminhos para o mesmo som','texto','<p><strong>Para começar:</strong> Toda a indústria de som vive entre dois mundos: o analógico, contínuo e orgânico, e o digital, numérico e preciso. Você vai trabalhar com equipamentos dos dois tipos, e entender a diferença ajuda a saber o que cada um faz bem e onde cada um falha.</p><p>O sinal de áudio pode ser representado de forma contínua (analógico) ou numérica (digital). Cada abordagem tem vantagens e limitações que afetam o trabalho do técnico.</p><ul><li><strong>Som analógico:</strong> É a forma tradicional: representa a onda sonora de maneira contínua, como variações contínuas de tensão elétrica. O microfone converte a pressão do ar em corrente elétrica, e essa corrente é amplificada, processada e transmitida por cabos e circuitos.</li><li><strong>Vantagens e limites do analógico:</strong> É valorizado pela qualidade tonal e natureza orgânica. Mesas e amplificadores analógicos ainda são muito usados. Porém, é mais suscetível a ruídos e à degradação de qualidade ao longo de cabos e distâncias maiores.</li><li><strong>Som digital:</strong> É a representação numérica da onda: as variações de pressão viram sequências de números (valores discretos). Isso traz precisão, facilidade de manipulação, armazenamento e transmissão eficientes.</li><li><strong>Amostragem (sampling):</strong> Primeira etapa da conversão analógico→digital: a onda contínua é medida em intervalos regulares de tempo, e a amplitude é registrada em cada ponto. Quanto mais amostras por segundo (medido em Hz), maior a precisão. Ex.: CD usa 44.100 amostras por segundo (44,1 kHz).</li><li><strong>Quantização e profundidade de bits:</strong> Segunda etapa: cada amostra é arredondada para o valor mais próximo de uma escala finita. A profundidade de bits define quantos valores existem; 16 bits permitem 65.536 valores diferentes. Mais bits = mais detalhe e menos ruído de quantização.</li><li><strong>Vantagens do digital:</strong> Evita a degradação gradual típica do analógico e permite processamento (EQ, compressão, efeitos) sem perda significativa. Facilita compartilhar, transmitir pela internet e armazenar (CD, WAV, MP3).</li><li><strong>Limites do digital:</strong> Pode haver ruído de quantização, e o sinal precisa ser convertido de volta para analógico (D/A) para sair pelos alto-falantes ou fones, pois o ouvido só escuta vibração física, analógica.</li></ul><p><strong>Na prática:</strong> Numa mesa digital, ao plugar o microfone, o sinal analógico do mic é convertido para digital (A/D) logo na entrada, processado internamente como números, e só volta a ser analógico (D/A) na saída para os amplificadores e caixas. Numa mesa analógica clássica, o sinal permanece elétrico e contínuo do início ao fim. Saber em qual mundo você está ajuda a entender por que a mesa digital salva ''cenas'' e a analógica não.</p><h4>Resumo</h4><ul><li>Analógico = sinal elétrico contínuo, orgânico, porém mais sujeito a ruído e degradação por distância.</li><li>Digital = representação numérica via amostragem e quantização; preciso, processável e fácil de armazenar.</li><li>O som sempre termina em analógico: é preciso converter de volta (D/A) para o ouvido escutar.</li></ul>',25,4,true,false);
insert into public.quizzes (id,lesson_id,titulo) values ('ef96a990-71ee-4f44-acc2-541461be1123','1c1b44db-f925-4d40-8088-465a0479bd79','Quiz — Analógico x digital: dois caminhos para o mesmo som');
insert into public.quiz_questions (id,quiz_id,texto,explicacao,ordem,pontos) values ('90f77ffa-89c5-4a18-a5dc-3184b3be5a66','ef96a990-71ee-4f44-acc2-541461be1123','Qual é a principal diferença entre som analógico e digital?','O analógico é um sinal contínuo (tensão elétrica); o digital transforma a onda em sequências de números.',1,1);
insert into public.quiz_options (question_id,texto,correta,ordem) values ('90f77ffa-89c5-4a18-a5dc-3184b3be5a66','Analógico é mais alto e digital mais baixo',false,1);
insert into public.quiz_options (question_id,texto,correta,ordem) values ('90f77ffa-89c5-4a18-a5dc-3184b3be5a66','Analógico representa a onda de forma contínua; digital representa em valores numéricos discretos',true,2);
insert into public.quiz_options (question_id,texto,correta,ordem) values ('90f77ffa-89c5-4a18-a5dc-3184b3be5a66','Digital não usa microfones',false,3);
insert into public.quiz_options (question_id,texto,correta,ordem) values ('90f77ffa-89c5-4a18-a5dc-3184b3be5a66','Analógico só funciona em estúdio',false,4);
insert into public.quiz_questions (id,quiz_id,texto,explicacao,ordem,pontos) values ('b3bab798-ab60-445e-bc4d-f8168abe2d46','ef96a990-71ee-4f44-acc2-541461be1123','Quais são as duas etapas principais da conversão analógico→digital?','A conversão A/D envolve amostragem (medir a amplitude em intervalos) e quantização (arredondar para valores discretos).',2,1);
insert into public.quiz_options (question_id,texto,correta,ordem) values ('b3bab798-ab60-445e-bc4d-f8168abe2d46','Equalização e compressão',false,1);
insert into public.quiz_options (question_id,texto,correta,ordem) values ('b3bab798-ab60-445e-bc4d-f8168abe2d46','Amostragem e quantização',true,2);
insert into public.quiz_options (question_id,texto,correta,ordem) values ('b3bab798-ab60-445e-bc4d-f8168abe2d46','Gravação e reprodução',false,3);
insert into public.quiz_options (question_id,texto,correta,ordem) values ('b3bab798-ab60-445e-bc4d-f8168abe2d46','Captura e amplificação',false,4);
insert into public.quiz_questions (id,quiz_id,texto,explicacao,ordem,pontos) values ('d2faccf0-f6cd-45ff-b746-c1b9dbb57d5e','ef96a990-71ee-4f44-acc2-541461be1123','Uma profundidade de 16 bits permite quantos valores diferentes por amostra?','16 bits permitem 2 elevado a 16 = 65.536 valores possíveis.',3,1);
insert into public.quiz_options (question_id,texto,correta,ordem) values ('d2faccf0-f6cd-45ff-b746-c1b9dbb57d5e','256',false,1);
insert into public.quiz_options (question_id,texto,correta,ordem) values ('d2faccf0-f6cd-45ff-b746-c1b9dbb57d5e','1.024',false,2);
insert into public.quiz_options (question_id,texto,correta,ordem) values ('d2faccf0-f6cd-45ff-b746-c1b9dbb57d5e','65.536',true,3);
insert into public.quiz_options (question_id,texto,correta,ordem) values ('d2faccf0-f6cd-45ff-b746-c1b9dbb57d5e','Infinitos',false,4);
insert into public.quiz_questions (id,quiz_id,texto,explicacao,ordem,pontos) values ('2e5d4146-a7f0-48c4-839a-a9ce41a0353e','ef96a990-71ee-4f44-acc2-541461be1123','Por que um sinal digital precisa ser convertido de volta para analógico antes de ser ouvido?','O ouvido escuta vibração física do ar; é preciso a conversão D/A para o alto-falante gerar essa vibração.',4,1);
insert into public.quiz_options (question_id,texto,correta,ordem) values ('2e5d4146-a7f0-48c4-839a-a9ce41a0353e','Porque o digital é silencioso',false,1);
insert into public.quiz_options (question_id,texto,correta,ordem) values ('2e5d4146-a7f0-48c4-839a-a9ce41a0353e','Porque o ouvido só percebe vibração física (analógica) vinda dos alto-falantes',true,2);
insert into public.quiz_options (question_id,texto,correta,ordem) values ('2e5d4146-a7f0-48c4-839a-a9ce41a0353e','Porque o cabo não aceita sinal digital',false,3);
insert into public.quiz_options (question_id,texto,correta,ordem) values ('2e5d4146-a7f0-48c4-839a-a9ce41a0353e','Porque o digital tem menos qualidade',false,4);
insert into public.lessons (id,module_id,titulo,tipo,conteudo_rico,duracao_min,ordem,tem_quiz,preview_gratis) values ('f795fd13-275d-4cf2-9ddf-5050da4ffbd2','a8d57a07-f986-4337-967e-1f765e6764f9','Captura de som: microfones e seus tipos','texto','<p><strong>Para começar:</strong> O microfone é o ponto de entrada de todo o sistema: é onde o som do mundo real vira sinal elétrico. Escolher o microfone certo e posicioná-lo bem é metade do trabalho de uma boa captação. Esta aula é o coração do dia a dia do técnico.</p><p>Microfones convertem variações de pressão do ar em sinais elétricos (transdução). Tipos de transdutor e padrões de captação definem qual microfone usar em cada situação.</p><ul><li><strong>Princípio de transdução:</strong> O microfone é um transdutor: converte um tipo de energia em outro. Ele transforma as variações de pressão do ar (som) em sinal elétrico, que depois é processado, gravado, amplificado e reproduzido.</li><li><strong>Microfone dinâmico:</strong> Usa uma bobina móvel dentro de um campo magnético para gerar o sinal. É robusto, aguenta alto volume e é a escolha clássica para voz ao vivo, caixa de bateria, amplificadores de guitarra. Não precisa de alimentação externa (phantom power).</li><li><strong>Microfone condensador:</strong> Usa um diafragma sensível às variações de pressão. Tem resposta de frequência mais ampla e maior sensibilidade, captando detalhes e agudos. Ideal para estúdio, vocais, pratos e instrumentos acústicos. Geralmente exige alimentação phantom power (+48V).</li><li><strong>Padrão cardioide:</strong> Capta o som principalmente pela frente e rejeita os lados e a traseira. É o padrão mais usado ao vivo porque reduz vazamento e ajuda a evitar microfonia (feedback).</li><li><strong>Padrão omnidirecional:</strong> Capta o som igualmente de todas as direções. Útil para captar ambiente ou quando se quer um som natural, mas vaza mais e é mais propenso a feedback ao vivo.</li><li><strong>Padrão bidirecional (figura-8):</strong> Capta pela frente e pela traseira, rejeitando os lados. Usado em técnicas específicas de captação e entrevistas frente a frente.</li><li><strong>Pré-amplificação:</strong> O microfone gera sinal de baixa amplitude, por isso é conectado a um pré-amplificador (na mesa ou externo) que eleva o sinal a um nível adequado para processamento e gravação. O ajuste de ganho do pré é o primeiro controle da cadeia.</li><li><strong>Posicionamento e isolamento:</strong> Distância, ângulo e direção em relação à fonte mudam totalmente o som captado. Posicionar bem o microfone e isolar de ruídos de fundo é essencial para boa qualidade.</li><li><strong>Microfones específicos:</strong> Existem modelos para cada finalidade: lapela (discreto, voz), shotgun (direcional, vídeo/teatro), sem fio (mobilidade no palco), entre outros.</li></ul><p><strong>Na prática:</strong> Numa passagem de som de banda: o vocalista recebe um dinâmico cardioide (robusto, rejeita o que vem dos monitores e evita feedback). O microfone do bumbo é um dinâmico que aguenta o impacto. Os pratos da bateria recebem condensadores (captam o brilho e os agudos), e você liga o phantom power +48V para eles. Ao apontar o cardioide do vocal para longe do monitor de palco, você reduz a chance de microfonia.</p><h4>Resumo</h4><ul><li>Microfone dinâmico: robusto, aguenta volume alto, não precisa de phantom; ideal ao vivo.</li><li>Microfone condensador: sensível e detalhado, geralmente precisa de phantom power +48V; ideal para agudos e estúdio.</li><li>O padrão cardioide é o mais usado ao vivo porque rejeita laterais/traseira e reduz feedback.</li></ul>',30,5,true,false);
insert into public.quizzes (id,lesson_id,titulo) values ('4b968158-a66b-468e-b67a-d6d5c52becf7','f795fd13-275d-4cf2-9ddf-5050da4ffbd2','Quiz — Captura de som: microfones e seus tipos');
insert into public.quiz_questions (id,quiz_id,texto,explicacao,ordem,pontos) values ('e08ee52f-b369-44dc-ba32-adff5e29a3e6','4b968158-a66b-468e-b67a-d6d5c52becf7','Qual tipo de microfone é mais robusto e indicado para situações de alto volume ao vivo?','O microfone dinâmico usa bobina móvel, é robusto e aguenta alto volume, sendo o padrão para voz ao vivo e fontes intensas.',1,1);
insert into public.quiz_options (question_id,texto,correta,ordem) values ('e08ee52f-b369-44dc-ba32-adff5e29a3e6','Condensador',false,1);
insert into public.quiz_options (question_id,texto,correta,ordem) values ('e08ee52f-b369-44dc-ba32-adff5e29a3e6','Dinâmico',true,2);
insert into public.quiz_options (question_id,texto,correta,ordem) values ('e08ee52f-b369-44dc-ba32-adff5e29a3e6','Bidirecional',false,3);
insert into public.quiz_options (question_id,texto,correta,ordem) values ('e08ee52f-b369-44dc-ba32-adff5e29a3e6','De fita',false,4);
insert into public.quiz_questions (id,quiz_id,texto,explicacao,ordem,pontos) values ('e31a0d2d-eca3-44b4-bb8e-ed6de80e33d6','4b968158-a66b-468e-b67a-d6d5c52becf7','O padrão de captação cardioide capta o som principalmente:','O cardioide capta pela frente e minimiza lados e traseira, ajudando a evitar feedback ao vivo.',2,1);
insert into public.quiz_options (question_id,texto,correta,ordem) values ('e31a0d2d-eca3-44b4-bb8e-ed6de80e33d6','De todas as direções igualmente',false,1);
insert into public.quiz_options (question_id,texto,correta,ordem) values ('e31a0d2d-eca3-44b4-bb8e-ed6de80e33d6','Pela frente, rejeitando lados e traseira',true,2);
insert into public.quiz_options (question_id,texto,correta,ordem) values ('e31a0d2d-eca3-44b4-bb8e-ed6de80e33d6','Só pela traseira',false,3);
insert into public.quiz_options (question_id,texto,correta,ordem) values ('e31a0d2d-eca3-44b4-bb8e-ed6de80e33d6','Pelos lados',false,4);
insert into public.quiz_questions (id,quiz_id,texto,explicacao,ordem,pontos) values ('ba233883-4440-40d0-a6b5-19ec4a754367','4b968158-a66b-468e-b67a-d6d5c52becf7','Qual recurso a maioria dos microfones condensadores precisa para funcionar?','Condensadores geralmente exigem alimentação phantom power, tipicamente +48V, fornecida pela mesa ou pré.',3,1);
insert into public.quiz_options (question_id,texto,correta,ordem) values ('ba233883-4440-40d0-a6b5-19ec4a754367','Inversão de fase',false,1);
insert into public.quiz_options (question_id,texto,correta,ordem) values ('ba233883-4440-40d0-a6b5-19ec4a754367','Alimentação phantom power (+48V)',true,2);
insert into public.quiz_options (question_id,texto,correta,ordem) values ('ba233883-4440-40d0-a6b5-19ec4a754367','Um subwoofer',false,3);
insert into public.quiz_options (question_id,texto,correta,ordem) values ('ba233883-4440-40d0-a6b5-19ec4a754367','Cabo HDMI',false,4);
insert into public.quiz_questions (id,quiz_id,texto,explicacao,ordem,pontos) values ('f1fe9775-3dee-471d-8e1a-b3fe59d2826a','4b968158-a66b-468e-b67a-d6d5c52becf7','Por que o sinal do microfone passa por um pré-amplificador?','Microfones geram sinal fraco; o pré-amplificador (ganho) eleva o nível para o processamento e a gravação.',4,1);
insert into public.quiz_options (question_id,texto,correta,ordem) values ('f1fe9775-3dee-471d-8e1a-b3fe59d2826a','Para gravar em digital',false,1);
insert into public.quiz_options (question_id,texto,correta,ordem) values ('f1fe9775-3dee-471d-8e1a-b3fe59d2826a','Porque o sinal do mic é de baixa amplitude e precisa ser elevado a um nível adequado',true,2);
insert into public.quiz_options (question_id,texto,correta,ordem) values ('f1fe9775-3dee-471d-8e1a-b3fe59d2826a','Para inverter a fase',false,3);
insert into public.quiz_options (question_id,texto,correta,ordem) values ('f1fe9775-3dee-471d-8e1a-b3fe59d2826a','Para criar reverb',false,4);
insert into public.lessons (id,module_id,titulo,tipo,conteudo_rico,duracao_min,ordem,tem_quiz,preview_gratis) values ('03a24a4c-930c-4253-8a22-15ec76cefd88','a8d57a07-f986-4337-967e-1f765e6764f9','Captura de instrumentos e reprodução do som','texto','<p><strong>Para começar:</strong> Cada instrumento soa de um jeito e pede uma abordagem própria de captação. Depois de capturar, o som precisa percorrer o caminho inverso até chegar aos ouvidos do público. Esta aula liga a entrada (instrumentos) à saída (reprodução) do sistema.</p><p>Capturar instrumentos exige escolher o microfone certo, posicioná-lo bem e, às vezes, usar saída direta (DI). A reprodução é o processo oposto: transformar o sinal de volta em som audível.</p><ul><li><strong>Microfone certo para cada instrumento:</strong> Não existe um microfone universal. Condensadores de diafragma grande captam bem fontes com detalhe; dinâmicos lidam com fontes de alto volume. A escolha muda o resultado tonal.</li><li><strong>Posicionamento e direcionalidade:</strong> A posição do microfone afeta a qualidade tonal e o equilíbrio. Para um instrumento isolado, costuma-se usar cardioide; para grupos, técnicas mais amplas. Experimentar a posição é parte do trabalho.</li><li><strong>Cordas e sopros:</strong> Em cordas (violão, violino, contrabaixo), aproximar o microfone capta o detalhe das cordas e a ressonância da caixa. Em sopros (sax, trompete, flauta), posicionar perto da abertura capta o som direto; lapelas captam o som das chaves.</li><li><strong>Percussão e bateria:</strong> Instrumentos de percussão exigem vários microfones para captar elementos separados: cada tambor, pratos e demais peças têm seu microfone, permitindo controlar cada um na mesa.</li><li><strong>Piano:</strong> Pela ampla gama tonal, costuma-se usar microfones condensadores dentro e fora do piano, captando tanto o som direto das cordas quanto a ressonância da caixa.</li><li><strong>Instrumentos elétricos e DI:</strong> Guitarras e baixos elétricos podem ser captados diretamente por uma DI (Direct Injection / caixa direta), que mantém o sinal limpo e sem interferência, sem precisar microfonar o amplificador.</li><li><strong>Isolamento ao vivo:</strong> Para evitar vazamento de um instrumento no microfone do outro, usa-se posicionamento cuidadoso, isolamento acústico e telas de isolamento.</li><li><strong>Reprodução: o caminho inverso:</strong> Reprodução é transformar o sinal de áudio de volta em ondas sonoras audíveis. A fonte (arquivo, CD, streaming, instrumento) passa por processamento, é amplificada e chega aos alto-falantes ou fones.</li><li><strong>Componentes da reprodução:</strong> Fonte de áudio → processamento (EQ, efeitos, volume) → amplificação (potência) → alto-falantes ou fones. O espaço acústico (reverberação, absorção) afeta como o público ouve.</li><li><strong>Estéreo e surround:</strong> Estéreo usa dois canais para dar sensação de profundidade e direção; surround usa vários alto-falantes para uma experiência imersiva.</li></ul><p><strong>Na prática:</strong> Numa banda: o baixo entra direto pela DI (sinal limpo, sem microfonar o amplificador), o violão recebe um condensador apontado próximo às cordas, e a bateria recebe vários microfones (um por peça). Tudo isso entra na mesa, é equalizado e somado, amplificado e devolvido ao público pelas caixas de PA. O caminho do som vai do instrumento até o ouvido, passando por toda a cadeia.</p><h4>Resumo</h4><ul><li>A captação de instrumentos depende do microfone certo, do posicionamento e às vezes da DI.</li><li>Bateria e percussão usam múltiplos microfones; elétricos podem ir direto via DI.</li><li>Reprodução é o processo inverso: o sinal é processado, amplificado e vira som nas caixas/fones, influenciado pelo espaço acústico.</li></ul>',28,6,true,false);
insert into public.quizzes (id,lesson_id,titulo) values ('3993388e-316d-4124-8777-14a3a22157c8','03a24a4c-930c-4253-8a22-15ec76cefd88','Quiz — Captura de instrumentos e reprodução do som');
insert into public.quiz_questions (id,quiz_id,texto,explicacao,ordem,pontos) values ('33ed9812-5c28-4bcf-acdb-693865d5466b','3993388e-316d-4124-8777-14a3a22157c8','Para captar um baixo elétrico com sinal limpo e sem interferência, costuma-se usar:','A DI capta o instrumento elétrico diretamente, mantendo o sinal limpo sem precisar microfonar o amplificador.',1,1);
insert into public.quiz_options (question_id,texto,correta,ordem) values ('33ed9812-5c28-4bcf-acdb-693865d5466b','Um microfone omnidirecional distante',false,1);
insert into public.quiz_options (question_id,texto,correta,ordem) values ('33ed9812-5c28-4bcf-acdb-693865d5466b','Uma DI (Direct Injection / caixa direta)',true,2);
insert into public.quiz_options (question_id,texto,correta,ordem) values ('33ed9812-5c28-4bcf-acdb-693865d5466b','Um subwoofer',false,3);
insert into public.quiz_options (question_id,texto,correta,ordem) values ('33ed9812-5c28-4bcf-acdb-693865d5466b','Inversão de fase',false,4);
insert into public.quiz_questions (id,quiz_id,texto,explicacao,ordem,pontos) values ('bb854a88-23e0-4759-91bc-a600ce9f0e50','3993388e-316d-4124-8777-14a3a22157c8','Por que a bateria normalmente usa vários microfones?','Cada peça da bateria tem características próprias; microfones separados permitem captar e controlar cada elemento individualmente.',2,1);
insert into public.quiz_options (question_id,texto,correta,ordem) values ('bb854a88-23e0-4759-91bc-a600ce9f0e50','Para aumentar o volume geral',false,1);
insert into public.quiz_options (question_id,texto,correta,ordem) values ('bb854a88-23e0-4759-91bc-a600ce9f0e50','Para captar separadamente cada elemento (bumbo, caixa, pratos) e controlar na mesa',true,2);
insert into public.quiz_options (question_id,texto,correta,ordem) values ('bb854a88-23e0-4759-91bc-a600ce9f0e50','Porque é exigência de norma',false,3);
insert into public.quiz_options (question_id,texto,correta,ordem) values ('bb854a88-23e0-4759-91bc-a600ce9f0e50','Para inverter a fase',false,4);
insert into public.quiz_questions (id,quiz_id,texto,explicacao,ordem,pontos) values ('3813309b-7c74-4d00-9922-fc0eb4c5351e','3993388e-316d-4124-8777-14a3a22157c8','A reprodução de som é, em relação à captura:','Reprodução é o oposto da captura: converte o sinal de áudio de volta em vibração sonora audível.',3,1);
insert into public.quiz_options (question_id,texto,correta,ordem) values ('3813309b-7c74-4d00-9922-fc0eb4c5351e','O mesmo processo',false,1);
insert into public.quiz_options (question_id,texto,correta,ordem) values ('3813309b-7c74-4d00-9922-fc0eb4c5351e','O processo inverso: transformar o sinal de volta em ondas sonoras audíveis',true,2);
insert into public.quiz_options (question_id,texto,correta,ordem) values ('3813309b-7c74-4d00-9922-fc0eb4c5351e','Um processo apenas digital',false,3);
insert into public.quiz_options (question_id,texto,correta,ordem) values ('3813309b-7c74-4d00-9922-fc0eb4c5351e','Um processo que dispensa amplificação',false,4);
insert into public.quiz_questions (id,quiz_id,texto,explicacao,ordem,pontos) values ('5b913bbc-e456-48d4-9225-e964e5f3a9ea','3993388e-316d-4124-8777-14a3a22157c8','O que afeta como o público ouve o som reproduzido em um ambiente?','O espaço acústico (reverberação, absorção e outras propriedades) influencia diretamente como o som é percebido.',4,1);
insert into public.quiz_options (question_id,texto,correta,ordem) values ('5b913bbc-e456-48d4-9225-e964e5f3a9ea','Apenas o volume',false,1);
insert into public.quiz_options (question_id,texto,correta,ordem) values ('5b913bbc-e456-48d4-9225-e964e5f3a9ea','As características acústicas do espaço, como reverberação e absorção',true,2);
insert into public.quiz_options (question_id,texto,correta,ordem) values ('5b913bbc-e456-48d4-9225-e964e5f3a9ea','Apenas a marca da caixa',false,3);
insert into public.quiz_options (question_id,texto,correta,ordem) values ('5b913bbc-e456-48d4-9225-e964e5f3a9ea','Apenas o microfone usado',false,4);
insert into public.lessons (id,module_id,titulo,tipo,conteudo_rico,duracao_min,ordem,tem_quiz,preview_gratis) values ('642be1fd-03e3-4a28-aa96-9ebf92e57f00','a8d57a07-f986-4337-967e-1f765e6764f9','O sistema de áudio do evento: equipamentos e a cadeia do som','texto','<p><strong>Para começar:</strong> No evento, nenhum equipamento trabalha sozinho. Mesa, microfones, amplificadores e caixas formam uma corrente onde o sinal passa de um ponto ao outro. Conhecer cada elo dessa cadeia é o que permite montar, operar e resolver problemas no sistema.</p><p>Um sistema de áudio profissional é um conjunto de equipamentos que captam, processam, amplificam e reproduzem o som. Cada peça tem uma função específica na cadeia do sinal.</p><ul><li><strong>A cadeia do som:</strong> O sinal segue um caminho: captação (microfone/DI) → mesa de mixagem → processamento → amplificação → caixas acústicas. Entender essa ordem é entender como o áudio chega ao público.</li><li><strong>Mesa de mixagem (FOH e Monitor):</strong> É o centro de controle: ajusta volumes, equalização e efeitos de cada fonte. A mesa FOH (Front of House) cuida do som que o público escuta, posicionada na plateia. A mesa de Monitor cuida do som que os músicos escutam no palco.</li><li><strong>PA x Monitor:</strong> O PA (sistema de público, ligado ao FOH) aponta para a plateia e entrega o som que o público ouve. Os monitores de palco apontam para os músicos e entregam o que eles precisam ouvir de si e dos colegas. São duas misturas diferentes para dois públicos diferentes.</li><li><strong>Microfones:</strong> Captam o som e o transformam em sinal elétrico. Há modelos para voz, instrumentos, bateria e sem fio, cada um adequado a uma aplicação.</li><li><strong>Caixas acústicas e subwoofers:</strong> As caixas (alto-falantes) transformam o sinal elétrico de volta em som audível para o público. Os subwoofers são caixas especializadas em frequências graves, responsáveis pela sensação de impacto.</li><li><strong>Amplificadores:</strong> Aumentam a potência do sinal antes de enviá-lo às caixas, garantindo energia suficiente para o som alcançar todo o público em espaços grandes.</li><li><strong>Processadores de sinal:</strong> Equipamentos que ajustam e melhoram o som: equalização, compressão, reverb, delay e controle de frequência. Ajudam a deixar o som equilibrado e agradável.</li><li><strong>Sistemas sem fio:</strong> Permitem que microfones e instrumentos funcionem sem cabos, dando mobilidade aos artistas no palco.</li><li><strong>Cabos, conectores e racks:</strong> Os cabos transportam o sinal entre todos os equipamentos; cabos de qualidade evitam ruído e interferência. Os racks organizam e protegem amplificadores, processadores e sistemas sem fio, facilitando transporte e montagem.</li><li><strong>Energia e proteção:</strong> Todo o sistema depende de alimentação elétrica segura: distribuidores de energia, estabilizadores e proteção elétrica garantem o funcionamento correto e protegem os equipamentos.</li><li><strong>Escolha conforme o evento:</strong> A seleção dos equipamentos depende do tamanho do evento, tipo de apresentação, local e necessidades técnicas dos artistas.</li></ul><p><strong>Na prática:</strong> Imagine o caminho de uma voz no show: o vocalista canta no microfone (captação), o sinal vai pela mala de cabos até a mesa FOH (mixagem), passa pelos processadores (EQ, compressão), entra nos amplificadores (potência) e sai pelas caixas de PA para o público. Em paralelo, a mesa de Monitor manda uma mistura própria para o monitor de palco do vocalista. Mesmo sinal de origem, dois destinos: PA para o público, monitor para o artista.</p><h4>Resumo</h4><ul><li>O sistema de áudio é uma cadeia: captação → mesa de mixagem → processamento → amplificação → caixas.</li><li>FOH/PA entrega o som ao público; a mesa de Monitor entrega aos músicos no palco (duas misturas distintas).</li><li>Amplificadores dão potência, processadores moldam o som, e cabos/racks/energia sustentam todo o sistema.</li></ul>',30,7,true,false);
insert into public.quizzes (id,lesson_id,titulo) values ('15436562-0ff6-4ea3-aef6-4554c33b3874','642be1fd-03e3-4a28-aa96-9ebf92e57f00','Quiz — O sistema de áudio do evento: equipamentos e a cadeia do som');
insert into public.quiz_questions (id,quiz_id,texto,explicacao,ordem,pontos) values ('8b11b635-eee3-4529-9102-9586679621c9','15436562-0ff6-4ea3-aef6-4554c33b3874','Qual é a função da mesa FOH (Front of House)?','A mesa FOH cuida da mistura que o público escuta e fica posicionada na área da plateia.',1,1);
insert into public.quiz_options (question_id,texto,correta,ordem) values ('8b11b635-eee3-4529-9102-9586679621c9','Controlar o som que os músicos ouvem no palco',false,1);
insert into public.quiz_options (question_id,texto,correta,ordem) values ('8b11b635-eee3-4529-9102-9586679621c9','Controlar o som que o público escuta',true,2);
insert into public.quiz_options (question_id,texto,correta,ordem) values ('8b11b635-eee3-4529-9102-9586679621c9','Apenas gravar o show',false,3);
insert into public.quiz_options (question_id,texto,correta,ordem) values ('8b11b635-eee3-4529-9102-9586679621c9','Distribuir energia elétrica',false,4);
insert into public.quiz_questions (id,quiz_id,texto,explicacao,ordem,pontos) values ('651fc611-240a-4cc0-b781-ce9c922b9506','15436562-0ff6-4ea3-aef6-4554c33b3874','Qual a diferença entre o PA e os monitores de palco?','PA é a mistura para o público; monitores são a mistura para os músicos ouvirem a si mesmos e aos colegas.',2,1);
insert into public.quiz_options (question_id,texto,correta,ordem) values ('651fc611-240a-4cc0-b781-ce9c922b9506','Não há diferença',false,1);
insert into public.quiz_options (question_id,texto,correta,ordem) values ('651fc611-240a-4cc0-b781-ce9c922b9506','O PA entrega o som para o público; os monitores entregam o som para os músicos no palco',true,2);
insert into public.quiz_options (question_id,texto,correta,ordem) values ('651fc611-240a-4cc0-b781-ce9c922b9506','O PA é só para graves e o monitor só para agudos',false,3);
insert into public.quiz_options (question_id,texto,correta,ordem) values ('651fc611-240a-4cc0-b781-ce9c922b9506','O PA é digital e o monitor analógico',false,4);
insert into public.quiz_questions (id,quiz_id,texto,explicacao,ordem,pontos) values ('985833de-e196-4ec2-ad0d-ee62a866f18f','15436562-0ff6-4ea3-aef6-4554c33b3874','Qual equipamento é especializado em reproduzir as frequências graves e dar sensação de impacto?','O subwoofer é a caixa especializada em frequências graves, responsável pela sensação de impacto.',3,1);
insert into public.quiz_options (question_id,texto,correta,ordem) values ('985833de-e196-4ec2-ad0d-ee62a866f18f','O microfone condensador',false,1);
insert into public.quiz_options (question_id,texto,correta,ordem) values ('985833de-e196-4ec2-ad0d-ee62a866f18f','O subwoofer',true,2);
insert into public.quiz_options (question_id,texto,correta,ordem) values ('985833de-e196-4ec2-ad0d-ee62a866f18f','O processador de delay',false,3);
insert into public.quiz_options (question_id,texto,correta,ordem) values ('985833de-e196-4ec2-ad0d-ee62a866f18f','O rack',false,4);
insert into public.quiz_questions (id,quiz_id,texto,explicacao,ordem,pontos) values ('cc834ce7-c95d-4b46-b4e0-810356c44937','15436562-0ff6-4ea3-aef6-4554c33b3874','Qual a função do amplificador na cadeia do som?','O amplificador eleva a potência do sinal para que tenha energia suficiente para alcançar todo o público nas caixas.',4,1);
insert into public.quiz_options (question_id,texto,correta,ordem) values ('cc834ce7-c95d-4b46-b4e0-810356c44937','Captar o som do ambiente',false,1);
insert into public.quiz_options (question_id,texto,correta,ordem) values ('cc834ce7-c95d-4b46-b4e0-810356c44937','Aumentar a potência do sinal antes de enviá-lo às caixas',true,2);
insert into public.quiz_options (question_id,texto,correta,ordem) values ('cc834ce7-c95d-4b46-b4e0-810356c44937','Inverter a fase',false,3);
insert into public.quiz_options (question_id,texto,correta,ordem) values ('cc834ce7-c95d-4b46-b4e0-810356c44937','Organizar os cabos',false,4);
insert into public.lessons (id,module_id,titulo,tipo,conteudo_rico,duracao_min,ordem,tem_quiz,preview_gratis) values ('fe0ad2d7-0d64-43d8-9c1b-c686203284cd','a8d57a07-f986-4337-967e-1f765e6764f9','O técnico de som em ação: atividades, postura e responsabilidade','texto','<p><strong>Para começar:</strong> Conhecer a teoria e os equipamentos é só o começo. O que define o profissional é a rotina: montar, testar, mixar, resolver problemas na hora e desmontar com cuidado. Esta aula fecha o módulo mostrando o que se espera de você em um evento real.</p><p>O técnico de som garante a qualidade do áudio do início ao fim do evento. Suas atividades vão da montagem à desmontagem, passando pela mixagem ao vivo e pela solução rápida de problemas.</p><ul><li><strong>Montagem e preparação:</strong> Configurar e testar todo o equipamento: microfones, mesas, caixas, monitores, amplificadores e processadores. Organizar os cabos de forma limpa e conectar os equipamentos às fontes e instrumentos.</li><li><strong>Balanceamento de som (passagem de som):</strong> Ajustar os níveis de volume de cada instrumento e microfone para um equilíbrio sonoro adequado, equalizar para destacar o tom desejado e minimizar feedback e ruído. É a famosa passagem de som.</li><li><strong>Monitoramento de palco:</strong> Configurar e mixar os monitores para que os músicos ouçam com clareza, atendendo às solicitações de cada um sobre o que precisam ouvir no monitor.</li><li><strong>Mixagem ao vivo:</strong> Fazer a mixagem em tempo real durante o show, ajustando equalização, volumes e efeitos conforme as músicas e os momentos mudam, mantendo a qualidade constante.</li><li><strong>Solução de problemas:</strong> Identificar e resolver falhas rapidamente: equipamento que parou, cabo solto, interferência. Agir rápido contra feedback (microfonia) e ruído indesejado é parte essencial do trabalho.</li><li><strong>Microfonia (feedback):</strong> É o apito/zumbido que surge quando o som da caixa volta para o microfone e realimenta o sistema. Combate-se reposicionando microfones e monitores, baixando ganho e usando equalização (cortando a frequência que está apitando).</li><li><strong>Coordenação com a equipe:</strong> Trabalhar junto com técnicos de luz, engenheiro de monitor e a produção, e comunicar-se com os músicos para entender suas necessidades sonoras.</li><li><strong>Sincronização áudio e vídeo:</strong> Garantir que o áudio esteja sincronizado com qualquer conteúdo visual, como telões e vídeos exibidos durante o show.</li><li><strong>Desmontagem, armazenamento e manutenção:</strong> Desmontar com cuidado, guardar os equipamentos protegidos e fazer manutenção preventiva para que estejam sempre prontos para o próximo show.</li><li><strong>Segurança e proteção auditiva:</strong> Manter cabos organizados e fixos no piso, usar proteção elétrica adequada e protetores auditivos para a equipe técnica, que fica exposta a níveis altos por muito tempo.</li><li><strong>Postura profissional:</strong> Independentemente da área, toda função tem seus bônus e ônus. O resultado do espetáculo é coletivo: se um da equipe erra, o trabalho geral fica comprometido. Seja cordial e objetivo.</li></ul><p><strong>Na prática:</strong> Durante o show, no meio de uma música, surge um apito agudo: é microfonia. Você identifica que veio do microfone do vocal apontando para o monitor. Rapidamente baixa um pouco o ganho, corta com a equalização a frequência que está apitando e, no intervalo, reposiciona o monitor. O público mal percebe, e o show segue. Esse é o tipo de problema que você precisa resolver em segundos, com calma e método.</p><h4>Resumo</h4><ul><li>A rotina do técnico vai da montagem e passagem de som à mixagem ao vivo e à desmontagem cuidadosa.</li><li>Resolver feedback (microfonia) e falhas rapidamente, com método, é parte essencial do trabalho.</li><li>Segurança (cabos, energia, proteção auditiva) e trabalho em equipe sustentam um bom resultado, que é sempre coletivo.</li></ul>',25,8,true,false);
insert into public.quizzes (id,lesson_id,titulo) values ('ca62f274-a24c-4c4e-bfb5-5f37da38e927','fe0ad2d7-0d64-43d8-9c1b-c686203284cd','Quiz — O técnico de som em ação: atividades, postura e responsabili');
insert into public.quiz_questions (id,quiz_id,texto,explicacao,ordem,pontos) values ('1861996e-66e5-4393-9c0e-fe87c6b9827b','ca62f274-a24c-4c4e-bfb5-5f37da38e927','O que é a microfonia (feedback) em um evento?','Feedback ocorre quando o som amplificado volta ao microfone e se realimenta, gerando o apito característico.',1,1);
insert into public.quiz_options (question_id,texto,correta,ordem) values ('1861996e-66e5-4393-9c0e-fe87c6b9827b','Um efeito proposital de reverb',false,1);
insert into public.quiz_options (question_id,texto,correta,ordem) values ('1861996e-66e5-4393-9c0e-fe87c6b9827b','O apito/zumbido quando o som da caixa volta ao microfone e realimenta o sistema',true,2);
insert into public.quiz_options (question_id,texto,correta,ordem) values ('1861996e-66e5-4393-9c0e-fe87c6b9827b','Um tipo de microfone sem fio',false,3);
insert into public.quiz_options (question_id,texto,correta,ordem) values ('1861996e-66e5-4393-9c0e-fe87c6b9827b','A inversão de fase do sinal',false,4);
insert into public.quiz_questions (id,quiz_id,texto,explicacao,ordem,pontos) values ('ec3c2ca3-e47c-4057-8f4f-45eef9172be0','ca62f274-a24c-4c4e-bfb5-5f37da38e927','Qual destas NÃO é uma forma comum de combater a microfonia?','Aumentar o volume piora a realimentação. As soluções corretas envolvem reposicionar, baixar ganho e equalizar para cortar a frequência problemática.',2,1);
insert into public.quiz_options (question_id,texto,correta,ordem) values ('ec3c2ca3-e47c-4057-8f4f-45eef9172be0','Reposicionar microfones e monitores',false,1);
insert into public.quiz_options (question_id,texto,correta,ordem) values ('ec3c2ca3-e47c-4057-8f4f-45eef9172be0','Cortar a frequência que está apitando com a equalização',false,2);
insert into public.quiz_options (question_id,texto,correta,ordem) values ('ec3c2ca3-e47c-4057-8f4f-45eef9172be0','Reduzir o ganho do canal',false,3);
insert into public.quiz_options (question_id,texto,correta,ordem) values ('ec3c2ca3-e47c-4057-8f4f-45eef9172be0','Aumentar o volume geral do sistema',true,4);
insert into public.quiz_questions (id,quiz_id,texto,explicacao,ordem,pontos) values ('9519f794-8c70-467f-979f-02bfbcb4a806','ca62f274-a24c-4c4e-bfb5-5f37da38e927','A ''passagem de som'' corresponde principalmente a qual atividade?','Na passagem de som ajustam-se volumes, equalização e monitores para deixar o som equilibrado antes da apresentação.',3,1);
insert into public.quiz_options (question_id,texto,correta,ordem) values ('9519f794-8c70-467f-979f-02bfbcb4a806','Desmontar os equipamentos',false,1);
insert into public.quiz_options (question_id,texto,correta,ordem) values ('9519f794-8c70-467f-979f-02bfbcb4a806','Balancear níveis e equalizar antes do show para obter equilíbrio sonoro',true,2);
insert into public.quiz_options (question_id,texto,correta,ordem) values ('9519f794-8c70-467f-979f-02bfbcb4a806','Gravar o show em vídeo',false,3);
insert into public.quiz_options (question_id,texto,correta,ordem) values ('9519f794-8c70-467f-979f-02bfbcb4a806','Distribuir energia elétrica',false,4);
insert into public.quiz_questions (id,quiz_id,texto,explicacao,ordem,pontos) values ('556ed1ee-f684-4e18-97ab-6399386a4fec','ca62f274-a24c-4c4e-bfb5-5f37da38e927','Sobre o resultado de um evento, qual postura o material reforça?','O material destaca que o trabalho é 100% coletivo e que se deve ser cordial e objetivo, com atenção à equipe e à segurança.',4,1);
insert into public.quiz_options (question_id,texto,correta,ordem) values ('556ed1ee-f684-4e18-97ab-6399386a4fec','Cada um cuida só da sua parte, sem se preocupar com os outros',false,1);
insert into public.quiz_options (question_id,texto,correta,ordem) values ('556ed1ee-f684-4e18-97ab-6399386a4fec','O resultado é coletivo: o erro de um membro compromete o trabalho geral, e deve-se ser cordial e objetivo',true,2);
insert into public.quiz_options (question_id,texto,correta,ordem) values ('556ed1ee-f684-4e18-97ab-6399386a4fec','O técnico de som trabalha isolado da equipe',false,3);
insert into public.quiz_options (question_id,texto,correta,ordem) values ('556ed1ee-f684-4e18-97ab-6399386a4fec','A proteção auditiva é dispensável',false,4);
insert into public.modules (id,course_id,titulo,ordem) values ('277c995e-db24-4038-9cc1-9b5649be7536','1320b04f-ec96-47e3-905c-46a6f7bce71e','Efeito',8);
insert into public.lessons (id,module_id,titulo,tipo,conteudo_rico,duracao_min,ordem,tem_quiz,preview_gratis) values ('2686d638-a7cb-4bc5-bb69-f80f9bf09020','277c995e-db24-4038-9cc1-9b5649be7536','Introdução ao Ramo de Efeitos em Eventos','texto','<p><strong>Para começar:</strong> Quando o show atinge seu ponto alto e uma coluna de fumaça branca dispara para o céu, é o setor de efeitos que está em ação. Nesta aula você vai entender o que são efeitos especiais em eventos, por que eles existem e como se encaixam na produção técnica.</p><p>Os efeitos não substituem som e luz: eles entram para marcar momentos, criar atmosfera e aumentar a imersão. Entender esse papel é o primeiro passo para operar com critério.</p><ul><li><strong>O que é o ramo de efeitos:</strong> É a área da produção técnica responsável por criar impacto visual, sensorial e emocional no público. Enquanto som e iluminação constroem a base do espetáculo, os efeitos marcam momentos específicos: transições, clímax musicais, entradas de artistas e finais de apresentação.</li><li><strong>Formatos de efeitos:</strong> Os efeitos podem aparecer como fumaça, névoa (haze), jatos de CO₂, explosões de papel (confete e serpentina), faíscas frias, fogo cenográfico, neve artificial, bolhas, lasers e pirotecnia. Cada um é escolhido de forma estratégica conforme a música, a narrativa do show e a identidade do evento.</li><li><strong>Os três objetivos do setor:</strong> Criar impacto visual; aumentar a imersão do público; e valorizar os momentos importantes do show. Todo efeito acionado deve servir a pelo menos um desses objetivos — efeito sem propósito vira ruído visual.</li><li><strong>Trabalho em sincronia:</strong> O técnico de efeitos nunca trabalha sozinho. Ele se coordena com iluminação (muitos efeitos só aparecem se houver luz sobre eles), som (efeitos disparados em pontos exatos da música), direção artística (define quando e como) e segurança (essencial em fogo, pressão e pirotecnia).</li><li><strong>Roteiro técnico (cue sheet):</strong> Em evento profissional, nada é disparado ao acaso. Existe um roteiro técnico que determina exatamente em qual momento cada efeito é acionado, garantindo ritmo, impacto e — principalmente — segurança. Esse roteiro é ensaiado antes do show ao vivo.</li><li><strong>Responsabilidade técnica:</strong> Vários equipamentos usam gás comprimido, substâncias químicas ou sistemas elétricos de alta potência. Por isso o setor exige treinamento adequado, planejamento prévio e respeito às normas de segurança. Criatividade e responsabilidade andam juntas.</li></ul><p><strong>Na prática:</strong> Num show de música eletrônica, a direção artística pede um ''momento de explosão'' no refrão final. O técnico de efeitos anota no roteiro: no compasso X, disparar dois canhões de CO₂ junto com o confete, enquanto a iluminação fecha em strobe branco. Tudo é ensaiado na passagem de som para acertar o tempo exato antes do público chegar.</p><h4>Resumo</h4><ul><li>Efeitos especiais criam impacto visual, imersão e valorizam momentos do show, sempre apoiando som e luz</li><li>O técnico de efeitos trabalha em sincronia com iluminação, som, direção artística e segurança</li><li>Nada é disparado ao acaso: existe um roteiro técnico ensaiado, e a segurança é central</li></ul>',20,1,true,false);
insert into public.quizzes (id,lesson_id,titulo) values ('0e0a8c76-d571-4bd8-8de2-85dd9c7b52d5','2686d638-a7cb-4bc5-bb69-f80f9bf09020','Quiz — Introdução ao Ramo de Efeitos em Eventos');
insert into public.quiz_questions (id,quiz_id,texto,explicacao,ordem,pontos) values ('4b590500-24c2-4320-9457-0d1be340f15b','0e0a8c76-d571-4bd8-8de2-85dd9c7b52d5','Qual é o papel dos efeitos especiais dentro da produção técnica de um evento?','Os efeitos não substituem som e luz; eles entram para marcar momentos (transições, clímax, entradas) e aumentar a imersão do público.',1,1);
insert into public.quiz_options (question_id,texto,correta,ordem) values ('4b590500-24c2-4320-9457-0d1be340f15b','Substituir som e iluminação',false,1);
insert into public.quiz_options (question_id,texto,correta,ordem) values ('4b590500-24c2-4320-9457-0d1be340f15b','Marcar momentos específicos e aumentar a imersão, apoiando som e luz',true,2);
insert into public.quiz_options (question_id,texto,correta,ordem) values ('4b590500-24c2-4320-9457-0d1be340f15b','Servir apenas para decorar o palco antes do show',false,3);
insert into public.quiz_options (question_id,texto,correta,ordem) values ('4b590500-24c2-4320-9457-0d1be340f15b','Controlar o volume da música',false,4);
insert into public.quiz_questions (id,quiz_id,texto,explicacao,ordem,pontos) values ('0b37d759-e424-4e50-aaf5-aedf767bf6ea','0e0a8c76-d571-4bd8-8de2-85dd9c7b52d5','O que é o roteiro técnico (cue sheet) de efeitos?','O roteiro técnico determina o momento exato de cada disparo, garantindo ritmo, impacto e segurança. Ele é ensaiado antes do show ao vivo.',2,1);
insert into public.quiz_options (question_id,texto,correta,ordem) values ('0b37d759-e424-4e50-aaf5-aedf767bf6ea','Uma lista de equipamentos para comprar',false,1);
insert into public.quiz_options (question_id,texto,correta,ordem) values ('0b37d759-e424-4e50-aaf5-aedf767bf6ea','Um documento que define exatamente em que momento cada efeito é acionado',true,2);
insert into public.quiz_options (question_id,texto,correta,ordem) values ('0b37d759-e424-4e50-aaf5-aedf767bf6ea','O manual de fábrica da máquina de fumaça',false,3);
insert into public.quiz_options (question_id,texto,correta,ordem) values ('0b37d759-e424-4e50-aaf5-aedf767bf6ea','A planilha de pagamento da equipe',false,4);
insert into public.quiz_questions (id,quiz_id,texto,explicacao,ordem,pontos) values ('c636ee93-3565-40c2-8d9d-077f1eecbcfa','0e0a8c76-d571-4bd8-8de2-85dd9c7b52d5','Com qual área a sincronia é especialmente crítica em efeitos que envolvem fogo, pressão ou pirotecnia?','Efeitos com gás comprimido, calor ou material pirotécnico exigem coordenação direta com a segurança, além de treinamento e planejamento.',3,1);
insert into public.quiz_options (question_id,texto,correta,ordem) values ('c636ee93-3565-40c2-8d9d-077f1eecbcfa','Marketing',false,1);
insert into public.quiz_options (question_id,texto,correta,ordem) values ('c636ee93-3565-40c2-8d9d-077f1eecbcfa','Bilheteria',false,2);
insert into public.quiz_options (question_id,texto,correta,ordem) values ('c636ee93-3565-40c2-8d9d-077f1eecbcfa','Segurança',true,3);
insert into public.quiz_options (question_id,texto,correta,ordem) values ('c636ee93-3565-40c2-8d9d-077f1eecbcfa','Catering',false,4);
insert into public.lessons (id,module_id,titulo,tipo,conteudo_rico,duracao_min,ordem,tem_quiz,preview_gratis) values ('5584c1fd-eada-48b5-973b-7562e1f79d2d','277c995e-db24-4038-9cc1-9b5649be7536','Equipamentos de Atmosfera: Fumaça, Haze, Bolhas e Neve','texto','<p><strong>Para começar:</strong> Antes de qualquer efeito explosivo, existe um trabalho silencioso de criar a atmosfera do palco. Nesta aula você vai conhecer os equipamentos que enchem o ar de fumaça, névoa, bolhas e neve — e como cada um é usado.</p><p>Esses equipamentos parecem simples, mas envolvem fluidos, aquecimento e ventilação. Saber a diferença entre fumaça e haze, por exemplo, muda completamente o resultado visual e a escolha para cada tipo de evento.</p><ul><li><strong>Máquina de fumaça:</strong> Um dos equipamentos mais comuns. Aquece um fluido de fumaça específico que, ao vaporizar, cria uma nuvem artificial que se espalha pelo ambiente. Tem duas funções principais: destacar os feixes de luz (lasers, moving lights) e criar atmosfera no palco. Sem fumaça, muitos efeitos de luz quase não aparecem no ar.</li><li><strong>Máquina de haze (névoa):</strong> Semelhante à de fumaça, mas produz uma névoa muito mais fina e uniforme, quase imperceptível para o público. Não forma grandes nuvens, fica suspensa por mais tempo no ambiente e valoriza os feixes de luz de forma discreta e sofisticada. Muito usada em shows profissionais, teatros e eventos corporativos.</li><li><strong>Fluido correto e ventilação:</strong> Use sempre o fluido especificado pelo fabricante da máquina (à base de água/glicol para a maioria). Fluido errado pode danificar o equipamento e gerar resíduo. Em ambiente fechado, garanta ventilação adequada e atenção a detectores de fumaça do local, que podem disparar o alarme de incêndio sem aviso.</li><li><strong>Máquina de bolhas:</strong> Produz grande quantidade de bolhas de sabão lançadas por um sistema de ventilação. Cria um efeito leve e lúdico, muito usado em shows infantis, casamentos, festas temáticas e eventos ao ar livre. Atenção ao piso: o líquido das bolhas deixa o chão escorregadio.</li><li><strong>Máquina de neve artificial:</strong> Produz uma espuma leve que simula flocos de neve caindo. Muito usada em eventos natalinos, shows temáticos, parques e festivais. Não é neve real: é espuma que desaparece com o tempo, mas, assim como as bolhas, pode molhar e deixar o piso e equipamentos escorregadios ou úmidos.</li><li><strong>Onde posicionar:</strong> Equipamentos de atmosfera costumam ficar nas laterais ou no fundo do palco, direcionados para onde a luz vai trabalhar. Evite apontar fumaça/haze diretamente para músicos ou para sensores de fumaça, e mantenha cabos e máquinas longe de áreas de passagem do público.</li></ul><p><strong>Na prática:</strong> Num evento corporativo de premiação, a produção quer feixes de luz visíveis no ar, mas sem ''fumaça aparecendo'' nas fotos. O técnico escolhe a máquina de haze em vez da de fumaça: a névoa fina deixa os feixes lindos sem formar nuvens, e o ambiente continua com aparência limpa para a transmissão.</p><h4>Resumo</h4><ul><li>Máquina de fumaça cria nuvens; máquina de haze cria névoa fina e discreta para valorizar a luz</li><li>Sempre use o fluido correto do fabricante e cuide da ventilação e dos detectores de fumaça</li><li>Bolhas e neve são lúdicas, mas deixam o piso escorregadio: sinalize o risco</li></ul>',25,2,true,false);
insert into public.quizzes (id,lesson_id,titulo) values ('6d141126-bc12-4ebf-901e-ff6abbb8bc6c','5584c1fd-eada-48b5-973b-7562e1f79d2d','Quiz — Equipamentos de Atmosfera: Fumaça, Haze, Bolhas e Neve');
insert into public.quiz_questions (id,quiz_id,texto,explicacao,ordem,pontos) values ('68ef38d1-0e6d-468f-8d36-3ce7e4c8aace','6d141126-bc12-4ebf-901e-ff6abbb8bc6c','Qual a principal diferença entre máquina de fumaça e máquina de haze?','O haze gera uma névoa fina e uniforme, quase imperceptível, ideal para valorizar feixes de luz sem formar grandes nuvens como a fumaça comum.',1,1);
insert into public.quiz_options (question_id,texto,correta,ordem) values ('68ef38d1-0e6d-468f-8d36-3ce7e4c8aace','A de haze usa fogo de verdade',false,1);
insert into public.quiz_options (question_id,texto,correta,ordem) values ('68ef38d1-0e6d-468f-8d36-3ce7e4c8aace','A de haze produz névoa muito fina e discreta, enquanto a de fumaça forma nuvens densas',true,2);
insert into public.quiz_options (question_id,texto,correta,ordem) values ('68ef38d1-0e6d-468f-8d36-3ce7e4c8aace','Não há diferença, são o mesmo equipamento',false,3);
insert into public.quiz_options (question_id,texto,correta,ordem) values ('68ef38d1-0e6d-468f-8d36-3ce7e4c8aace','A de fumaça só funciona ao ar livre',false,4);
insert into public.quiz_questions (id,quiz_id,texto,explicacao,ordem,pontos) values ('341f0465-ad46-43f6-90cf-1273c621dbdf','6d141126-bc12-4ebf-901e-ff6abbb8bc6c','Por que é importante avisar a produção e o local ao usar máquina de fumaça em ambiente fechado?','Detectores de fumaça do ambiente podem interpretar a fumaça artificial como incêndio e disparar o alarme. Avisar e planejar evita transtornos.',2,1);
insert into public.quiz_options (question_id,texto,correta,ordem) values ('341f0465-ad46-43f6-90cf-1273c621dbdf','Para economizar fluido',false,1);
insert into public.quiz_options (question_id,texto,correta,ordem) values ('341f0465-ad46-43f6-90cf-1273c621dbdf','Porque a fumaça pode disparar os detectores e o alarme de incêndio do local',true,2);
insert into public.quiz_options (question_id,texto,correta,ordem) values ('341f0465-ad46-43f6-90cf-1273c621dbdf','Porque a máquina faz muito barulho',false,3);
insert into public.quiz_options (question_id,texto,correta,ordem) values ('341f0465-ad46-43f6-90cf-1273c621dbdf','Para liberar mais ingressos',false,4);
insert into public.quiz_questions (id,quiz_id,texto,explicacao,ordem,pontos) values ('475db19b-f9e6-43fe-b44e-942736733188','6d141126-bc12-4ebf-901e-ff6abbb8bc6c','Qual cuidado de segurança é específico ao usar máquinas de bolhas e de neve artificial?','Tanto o líquido de bolhas quanto a espuma de neve deixam o piso escorregadio e úmido. É preciso sinalizar e, se necessário, secar a área de circulação.',3,1);
insert into public.quiz_options (question_id,texto,correta,ordem) values ('475db19b-f9e6-43fe-b44e-942736733188','Risco de explosão',false,1);
insert into public.quiz_options (question_id,texto,correta,ordem) values ('475db19b-f9e6-43fe-b44e-942736733188','O piso pode ficar escorregadio com o líquido/espuma',true,2);
insert into public.quiz_options (question_id,texto,correta,ordem) values ('475db19b-f9e6-43fe-b44e-942736733188','O som fica muito alto',false,3);
insert into public.quiz_options (question_id,texto,correta,ordem) values ('475db19b-f9e6-43fe-b44e-942736733188','Risco de choque elétrico no público',false,4);
insert into public.quiz_questions (id,quiz_id,texto,explicacao,ordem,pontos) values ('4a933f8f-aa6a-4329-9abf-235cc74c0aad','6d141126-bc12-4ebf-901e-ff6abbb8bc6c','Qual fluido deve ser usado na máquina de fumaça?','Usar o fluido indicado pelo fabricante evita danos ao equipamento e resíduos. Líquidos improvisados podem estragar a máquina e gerar risco.',4,1);
insert into public.quiz_options (question_id,texto,correta,ordem) values ('4a933f8f-aa6a-4329-9abf-235cc74c0aad','Qualquer líquido perfumado',false,1);
insert into public.quiz_options (question_id,texto,correta,ordem) values ('4a933f8f-aa6a-4329-9abf-235cc74c0aad','Água pura da torneira',false,2);
insert into public.quiz_options (question_id,texto,correta,ordem) values ('4a933f8f-aa6a-4329-9abf-235cc74c0aad','O fluido especificado pelo fabricante do equipamento',true,3);
insert into public.quiz_options (question_id,texto,correta,ordem) values ('4a933f8f-aa6a-4329-9abf-235cc74c0aad','Álcool combustível',false,4);
insert into public.lessons (id,module_id,titulo,tipo,conteudo_rico,duracao_min,ordem,tem_quiz,preview_gratis) values ('1d264ebd-e814-488c-849b-3c92c9af3ae6','277c995e-db24-4038-9cc1-9b5649be7536','Efeitos de Impacto: CO₂, Confete e Faíscas Frias','texto','<p><strong>Para começar:</strong> Estes são os efeitos que arrancam reação imediata do público: a coluna branca do CO₂, a chuva de confete e a cascata de faíscas na entrada do artista. Nesta aula você vai entender como cada um funciona e os cuidados que eles exigem.</p><p>Esses equipamentos trabalham com gás sob alta pressão, sistemas elétricos ou produtos que lançam material no ar. São de grande impacto, mas pedem distância segura, instalação correta e operação treinada.</p><ul><li><strong>Canhão de CO₂:</strong> Dispara jatos de dióxido de carbono em alta pressão, formando colunas de fumaça branca que sobem rapidamente. Comum em shows eletrônicos, festivais, casas noturnas e grandes palcos. Quando direcionado à plateia, gera sensação de vento gelado. Funciona com cilindros de gás CO₂ e exige atenção e treinamento.</li><li><strong>Cuidados com o CO₂:</strong> O gás está sob alta pressão: cilindros devem estar bem fixados e em pé, com mangueiras e conexões certificadas e em bom estado. CO₂ desloca o oxigênio, então evite acúmulo em ambientes fechados e mal ventilados. O jato é muito frio (pode causar queimadura por frio): nunca aponte para curta distância da pele das pessoas e mantenha distância segura do público.</li><li><strong>Lança/canhão de confete:</strong> Dispara papéis coloridos ou metalizados no ar, criando uma explosão visual para momentos de clímax. Pode funcionar por pressão de ar, CO₂ ou sistema elétrico. O confete cai lentamente sobre o público, marcando finais de apresentação. Existe também a lança serpentina, que dispara longas fitas coloridas.</li><li><strong>Cuidados com confete e serpentina:</strong> Prefira confete antichama (retardante de fogo), especialmente perto de luzes quentes e efeitos com calor. Use confete biodegradável quando possível e planeje a limpeza pós-evento. Direcione o disparo para cima e longe de rostos; o metalizado pode conduzir eletricidade — mantenha-o longe de partes elétricas expostas.</li><li><strong>Máquina de faísca fria (spark machine):</strong> Produz faíscas verticais que sobem vários metros, com efeito parecido com fogos de artifício, porém com faíscas frias — não são chamas abertas como a pirotecnia tradicional. Isso torna o uso mais viável em ambientes internos. Muito usada em entradas de artistas, casamentos, shows e eventos corporativos.</li><li><strong>Faísca fria não é ''sem risco'':</strong> Mesmo sendo mais segura que pirotecnia, a faísca fria ainda gera calor pontual e deve seguir normas de segurança: respeitar a distância mínima até pessoas e materiais inflamáveis indicada pelo fabricante, manter cortinas, tecidos e cenário afastados, usar o consumível correto e ter extintor por perto. Trate-a com o mesmo respeito de qualquer efeito quente.</li></ul><p><strong>Na prática:</strong> Na entrada do artista principal, a produção quer duas cascatas de faíscas frias na frente do palco. O técnico mede a distância mínima indicada pelo fabricante, confirma que não há cortinas nem tecidos no raio de alcance, posiciona um extintor próximo e só então programa o disparo no controlador para o momento exato da entrada.</p><h4>Resumo</h4><ul><li>CO₂ trabalha sob alta pressão e é muito frio: fixe os cilindros, ventile e mantenha distância do público</li><li>Confete e serpentina pedem material antichama/biodegradável, disparo para cima e limpeza planejada</li><li>Faísca fria é mais segura que pirotecnia, mas ainda gera calor: distância, área limpa e extintor são obrigatórios</li></ul>',25,3,true,false);
insert into public.quizzes (id,lesson_id,titulo) values ('748beee2-37e6-4a93-904c-8adce7fd3d93','1d264ebd-e814-488c-849b-3c92c9af3ae6','Quiz — Efeitos de Impacto: CO₂, Confete e Faíscas Frias');
insert into public.quiz_questions (id,quiz_id,texto,explicacao,ordem,pontos) values ('16d492f8-892b-4c17-b13a-d768b9b1a534','748beee2-37e6-4a93-904c-8adce7fd3d93','Por que o jato de um canhão de CO₂ exige distância segura do público?','O CO₂ sai gelado e sob alta pressão. A curta distância pode causar queimadura por frio, além de o gás deslocar oxigênio em ambientes fechados.',1,1);
insert into public.quiz_options (question_id,texto,correta,ordem) values ('16d492f8-892b-4c17-b13a-d768b9b1a534','Porque faz muito barulho',false,1);
insert into public.quiz_options (question_id,texto,correta,ordem) values ('16d492f8-892b-4c17-b13a-d768b9b1a534','Porque o gás é muito frio e está sob alta pressão, podendo causar lesão por frio',true,2);
insert into public.quiz_options (question_id,texto,correta,ordem) values ('16d492f8-892b-4c17-b13a-d768b9b1a534','Porque mancha a roupa',false,3);
insert into public.quiz_options (question_id,texto,correta,ordem) values ('16d492f8-892b-4c17-b13a-d768b9b1a534','Porque atrai insetos',false,4);
insert into public.quiz_questions (id,quiz_id,texto,explicacao,ordem,pontos) values ('e55771d8-2f57-49a7-8f2c-18b2c3e4f4be','748beee2-37e6-4a93-904c-8adce7fd3d93','Qual tipo de confete é mais indicado perto de luzes quentes e efeitos com calor?','Próximo a fontes de calor deve-se usar confete antichama. O metalizado, além disso, pode conduzir eletricidade e deve ficar longe de partes elétricas.',2,1);
insert into public.quiz_options (question_id,texto,correta,ordem) values ('e55771d8-2f57-49a7-8f2c-18b2c3e4f4be','Confete metalizado comum',false,1);
insert into public.quiz_options (question_id,texto,correta,ordem) values ('e55771d8-2f57-49a7-8f2c-18b2c3e4f4be','Qualquer papel disponível',false,2);
insert into public.quiz_options (question_id,texto,correta,ordem) values ('e55771d8-2f57-49a7-8f2c-18b2c3e4f4be','Confete antichama (retardante de fogo)',true,3);
insert into public.quiz_options (question_id,texto,correta,ordem) values ('e55771d8-2f57-49a7-8f2c-18b2c3e4f4be','Confete molhado',false,4);
insert into public.quiz_questions (id,quiz_id,texto,explicacao,ordem,pontos) values ('ff389a6a-7d67-4c7d-b1c9-75feb37d362d','748beee2-37e6-4a93-904c-8adce7fd3d93','A faísca fria é totalmente isenta de risco?','A faísca fria é mais segura que a pirotecnia por não ter chama aberta, mas gera calor pontual. Distância mínima, área sem inflamáveis e extintor continuam obrigatórios.',3,1);
insert into public.quiz_options (question_id,texto,correta,ordem) values ('ff389a6a-7d67-4c7d-b1c9-75feb37d362d','Sim, pode ser usada sem nenhum cuidado',false,1);
insert into public.quiz_options (question_id,texto,correta,ordem) values ('ff389a6a-7d67-4c7d-b1c9-75feb37d362d','Não: ainda gera calor pontual e exige distância, área limpa de inflamáveis e extintor',true,2);
insert into public.quiz_options (question_id,texto,correta,ordem) values ('ff389a6a-7d67-4c7d-b1c9-75feb37d362d','Sim, desde que indoor',false,3);
insert into public.quiz_options (question_id,texto,correta,ordem) values ('ff389a6a-7d67-4c7d-b1c9-75feb37d362d','Não, ela é igual a fogos de artifício tradicionais',false,4);
insert into public.quiz_questions (id,quiz_id,texto,explicacao,ordem,pontos) values ('10c652e1-7931-4d6b-ae79-dbdb38a6e6ca','748beee2-37e6-4a93-904c-8adce7fd3d93','Qual é a forma correta de armazenar e usar cilindros de CO₂ durante o evento?','Cilindros de gás sob pressão devem ficar fixados e em pé, com conexões certificadas. Evita-se ambiente fechado pelo deslocamento de oxigênio.',4,1);
insert into public.quiz_options (question_id,texto,correta,ordem) values ('10c652e1-7931-4d6b-ae79-dbdb38a6e6ca','Deitados e soltos perto do palco',false,1);
insert into public.quiz_options (question_id,texto,correta,ordem) values ('10c652e1-7931-4d6b-ae79-dbdb38a6e6ca','Bem fixados, em pé, com mangueiras e conexões certificadas e em bom estado',true,2);
insert into public.quiz_options (question_id,texto,correta,ordem) values ('10c652e1-7931-4d6b-ae79-dbdb38a6e6ca','Dentro de uma caixa fechada sem ventilação',false,3);
insert into public.quiz_options (question_id,texto,correta,ordem) values ('10c652e1-7931-4d6b-ae79-dbdb38a6e6ca','Encostados em fontes de calor',false,4);
insert into public.lessons (id,module_id,titulo,tipo,conteudo_rico,duracao_min,ordem,tem_quiz,preview_gratis) values ('616c3575-d499-4539-a430-8a16557edc4e','277c995e-db24-4038-9cc1-9b5649be7536','Pirotecnia, Controladores e Operação Segura','texto','<p><strong>Para começar:</strong> Chegamos aos efeitos de maior risco e ao cérebro que comanda tudo. Nesta aula você vai entender o que é pirotecnia profissional, como funcionam os controladores de efeitos e quais são os princípios de operação segura que valem para todo o setor.</p><p>Pirotecnia não é tarefa de iniciante: exige profissional certificado e autorizações. Já os controladores são o que garante que cada efeito aconteça no instante exato. Saber onde está o seu limite de atuação é parte do profissionalismo.</p><ul><li><strong>Equipamentos pirotécnicos:</strong> Usam materiais explosivos controlados para criar explosões visuais, fogos de artifício, chamas cenográficas, cometas e explosões de palco. Por envolver risco real e materiais inflamáveis, exigem licenças especiais, profissionais certificados (blaster/pirotécnico) e autorização dos órgãos responsáveis. São mais comuns em grandes shows e festivais.</li><li><strong>Limite de atuação do técnico junior:</strong> Pirotecnia profissional deve ser planejada e disparada por profissional certificado e habilitado, não pelo técnico junior. Seu papel é apoiar com segurança: isolar a área, ajudar no que for autorizado e nunca manipular ou disparar carga pirotécnica por conta própria. Reconhecer esse limite é uma competência, não uma fraqueza.</li><li><strong>Controladores de efeitos:</strong> Para que tudo aconteça no momento certo, usam-se controladores eletrônicos que programam e disparam os equipamentos com precisão. Podem ser painéis manuais, sistemas DMX (integrados à iluminação), disparo remoto ou programação sincronizada com a música. Garantem que o efeito ocorra exatamente no ponto planejado do show.</li><li><strong>DMX e disparo remoto:</strong> O DMX é o mesmo protocolo usado pela iluminação, o que permite que efeitos e luz sejam controlados em conjunto pela mesma mesa. O disparo remoto (por rádio ou cabo) separa o operador do equipamento perigoso. Sempre confirme o endereçamento (canal/endereço) de cada máquina antes do show para não disparar o efeito errado.</li><li><strong>Princípios gerais de segurança:</strong> Valem para todo o setor: distância segura do público; instalação correta e firme dos equipamentos; profissionais treinados; equipamentos certificados e em bom estado; e autorização/licença quando necessário. Calor, pressão, eletricidade e produtos químicos estão presentes — nenhum efeito justifica pular esses cuidados.</li><li><strong>Teste, ensaio e plano de emergência:</strong> Teste os disparos na passagem de som, nunca pela primeira vez com o público presente. Tenha extintores acessíveis, saídas desobstruídas e um plano de parada de emergência (como abortar um disparo). Mantenha comunicação por rádio com a direção e a segurança durante todo o show.</li></ul><p><strong>Na prática:</strong> Num festival, o roteiro prevê chamas cenográficas no palco. O técnico junior não toca na pirotecnia: ela fica com o pirotécnico certificado, que tem a licença. O junior fica responsável por isolar a zona de exclusão, conferir que os extintores estão no lugar e operar, pelo controlador DMX, apenas os canhões de CO₂ e o confete que lhe foram designados — tudo testado antes na passagem.</p><h4>Resumo</h4><ul><li>Pirotecnia exige licença, profissional certificado e autorização; o técnico junior apoia a segurança, mas não dispara</li><li>Controladores (painel, DMX, rádio) garantem o disparo no momento exato; confirme sempre o endereçamento</li><li>Segurança é regra geral: distância, instalação correta, equipamentos certificados, teste na passagem e plano de emergência</li></ul>',25,4,true,false);
insert into public.quizzes (id,lesson_id,titulo) values ('85a17740-8751-40c5-98dc-3741afa54db4','616c3575-d499-4539-a430-8a16557edc4e','Quiz — Pirotecnia, Controladores e Operação Segura');
insert into public.quiz_questions (id,quiz_id,texto,explicacao,ordem,pontos) values ('8ef845de-5f79-45ce-adb5-bb02d22abb9b','85a17740-8751-40c5-98dc-3741afa54db4','Quem deve planejar e disparar efeitos pirotécnicos profissionais?','Pirotecnia envolve materiais explosivos e exige licença, profissional certificado e autorização. O técnico junior apoia a segurança, mas não manipula nem dispara a carga.',1,1);
insert into public.quiz_options (question_id,texto,correta,ordem) values ('8ef845de-5f79-45ce-adb5-bb02d22abb9b','Qualquer técnico da equipe',false,1);
insert into public.quiz_options (question_id,texto,correta,ordem) values ('8ef845de-5f79-45ce-adb5-bb02d22abb9b','O técnico junior, sozinho',false,2);
insert into public.quiz_options (question_id,texto,correta,ordem) values ('8ef845de-5f79-45ce-adb5-bb02d22abb9b','Profissional certificado/habilitado, com licença e autorização dos órgãos responsáveis',true,3);
insert into public.quiz_options (question_id,texto,correta,ordem) values ('8ef845de-5f79-45ce-adb5-bb02d22abb9b','O segurança do evento',false,4);
insert into public.quiz_questions (id,quiz_id,texto,explicacao,ordem,pontos) values ('31fc4ea2-9582-49e0-b1c3-4d888f62a4e3','85a17740-8751-40c5-98dc-3741afa54db4','Para que serve um controlador de efeitos (painel, DMX ou disparo remoto)?','Os controladores permitem programar e disparar os efeitos com precisão no ponto planejado, inclusive sincronizados com luz (DMX) e música.',2,1);
insert into public.quiz_options (question_id,texto,correta,ordem) values ('31fc4ea2-9582-49e0-b1c3-4d888f62a4e3','Aumentar o volume do som',false,1);
insert into public.quiz_options (question_id,texto,correta,ordem) values ('31fc4ea2-9582-49e0-b1c3-4d888f62a4e3','Programar e disparar os equipamentos no momento exato do show',true,2);
insert into public.quiz_options (question_id,texto,correta,ordem) values ('31fc4ea2-9582-49e0-b1c3-4d888f62a4e3','Substituir o roteiro técnico',false,3);
insert into public.quiz_options (question_id,texto,correta,ordem) values ('31fc4ea2-9582-49e0-b1c3-4d888f62a4e3','Recarregar os cilindros de CO₂',false,4);
insert into public.quiz_questions (id,quiz_id,texto,explicacao,ordem,pontos) values ('5a004f11-a1e9-46d4-8682-6dba2f555e2f','85a17740-8751-40c5-98dc-3741afa54db4','Quando os disparos de efeitos devem ser testados?','Os disparos são testados na passagem, antes do público chegar. Isso ajusta o tempo do roteiro e evita falhas e riscos durante o show ao vivo.',3,1);
insert into public.quiz_options (question_id,texto,correta,ordem) values ('5a004f11-a1e9-46d4-8682-6dba2f555e2f','Pela primeira vez com o público presente, para causar surpresa',false,1);
insert into public.quiz_options (question_id,texto,correta,ordem) values ('5a004f11-a1e9-46d4-8682-6dba2f555e2f','Na passagem de som, antes da chegada do público',true,2);
insert into public.quiz_options (question_id,texto,correta,ordem) values ('5a004f11-a1e9-46d4-8682-6dba2f555e2f','Nunca, para economizar material',false,3);
insert into public.quiz_options (question_id,texto,correta,ordem) values ('5a004f11-a1e9-46d4-8682-6dba2f555e2f','Só depois do show',false,4);
insert into public.quiz_questions (id,quiz_id,texto,explicacao,ordem,pontos) values ('a2bf8461-ce12-467d-924c-4d5a328f9835','85a17740-8751-40c5-98dc-3741afa54db4','Qual conjunto de cuidados é princípio geral de segurança para todo o setor de efeitos?','Esses são os cuidados essenciais: distância do público, instalação correta, equipamentos certificados, profissionais treinados e licença/autorização quando exigida.',4,1);
insert into public.quiz_options (question_id,texto,correta,ordem) values ('a2bf8461-ce12-467d-924c-4d5a328f9835','Volume alto, luzes fortes e improviso',false,1);
insert into public.quiz_options (question_id,texto,correta,ordem) values ('a2bf8461-ce12-467d-924c-4d5a328f9835','Distância segura, instalação correta, equipamentos certificados, treinamento e autorização quando necessário',true,2);
insert into public.quiz_options (question_id,texto,correta,ordem) values ('a2bf8461-ce12-467d-924c-4d5a328f9835','Apenas usar equipamentos caros',false,3);
insert into public.quiz_options (question_id,texto,correta,ordem) values ('a2bf8461-ce12-467d-924c-4d5a328f9835','Disparar tudo ao mesmo tempo',false,4);

-- CURSO: DJ
insert into public.courses (id,titulo,slug,descricao_curta,nivel,categoria,categorias,tipo,carga_horaria,total_aulas,ativo,destaque,ordem) values
  ('8febe92b-ca5e-48ce-ab73-0e672fadd3c0','DJ','dj','Curso DJ — SMU PRO','junior','dj','{}','free',258,19,false,false,3);
insert into public.modules (id,course_id,titulo,ordem) values ('7839b457-26e0-421a-a982-c82e62e153c8','8febe92b-ca5e-48ce-ab73-0e672fadd3c0','Fundamentos do DJ',1);
insert into public.lessons (id,module_id,titulo,tipo,conteudo_rico,duracao_min,ordem,tem_quiz,preview_gratis) values ('cdd9351f-fd84-480b-92d3-f53af1782e14','7839b457-26e0-421a-a982-c82e62e153c8','Introdução: o que é ser DJ','texto','<p><strong>Para começar:</strong> Antes de tocar no primeiro botão, você precisa entender o que realmente significa ser DJ. Esta aula apresenta a missão do DJ e o caminho que você vai percorrer no curso.</p><p>Ser DJ vai muito além de apenas tocar músicas. O DJ é o condutor da pista de dança, o narrador de emoções através do som. Um bom DJ entende seu público, cria atmosferas únicas e domina as ferramentas que transformam simples faixas em momentos mágicos. Neste curso você começa do zero, respeitando seu ritmo e sua evolução.</p><ul><li><strong>O que é ser DJ:</strong> É ser o condutor da pista: você lê o público, cria atmosferas e transforma faixas em momentos inesquecíveis. Não é só apertar play, é contar uma história sonora.</li><li><strong>Para quem é este curso:</strong> Para quem sonha em tocar em festas, clubes e eventos; para quem quer carreira na música eletrônica; para amantes da música que querem se expressar; e para quem busca uma nova habilidade e diversão.</li><li><strong>O que você vai aprender:</strong> História e evolução do DJing; equipamentos essenciais; noções de música (BPM, estrutura, gêneros); técnicas de mixagem, transição e equalização; uso de softwares e controladoras; e como montar seu setup e fazer suas primeiras apresentações.</li><li><strong>O objetivo do curso:</strong> Dar a base para você ter segurança na operação dos equipamentos, compreender a dinâmica da pista e, acima de tudo, desenvolver seu próprio estilo como DJ.</li><li><strong>Comece do zero, sem pressa:</strong> Não importa se você nunca encostou em uma controladora ou se já brincou de mixar em casa. O aprendizado é progressivo: técnica e prática constante valem mais que talento de primeira hora.</li></ul><p><strong>Na prática:</strong> Imagine sua primeira noite tocando: a pista está morna no começo, enche no meio e explode no pico. Seu papel é guiar essa jornada de energia. Antes de aprender botões, observe DJs em vídeos e perceba como eles controlam o clima da festa, não apenas a música.</p><h4>Resumo</h4><ul><li>O DJ é o condutor da pista e narrador de emoções, não apenas quem aperta play</li><li>O curso vai do zero: história, equipamentos, música, técnicas, performance e profissionalização</li><li>O objetivo final é segurança técnica, leitura de pista e estilo próprio</li></ul>',10,1,true,true);
insert into public.quizzes (id,lesson_id,titulo) values ('dfa4a5c5-47e2-4494-8397-0aed6a5aeb28','cdd9351f-fd84-480b-92d3-f53af1782e14','Quiz — Introdução: o que é ser DJ');
insert into public.quiz_questions (id,quiz_id,texto,explicacao,ordem,pontos) values ('b6124bbb-0149-4949-81ee-6323b117a24c','dfa4a5c5-47e2-4494-8397-0aed6a5aeb28','O que melhor define o papel de um DJ?','O DJ é o condutor da pista de dança e o narrador de emoções através do som.',1,1);
insert into public.quiz_options (question_id,texto,correta,ordem) values ('b6124bbb-0149-4949-81ee-6323b117a24c','Apenas apertar play nas músicas',false,1);
insert into public.quiz_options (question_id,texto,correta,ordem) values ('b6124bbb-0149-4949-81ee-6323b117a24c','Conduzir a pista e criar atmosferas com o som',true,2);
insert into public.quiz_options (question_id,texto,correta,ordem) values ('b6124bbb-0149-4949-81ee-6323b117a24c','Produzir vídeos para redes sociais',false,3);
insert into public.quiz_options (question_id,texto,correta,ordem) values ('b6124bbb-0149-4949-81ee-6323b117a24c','Vender bebidas na festa',false,4);
insert into public.quiz_questions (id,quiz_id,texto,explicacao,ordem,pontos) values ('a4dda4a8-2de9-43cd-892d-79222690dac0','dfa4a5c5-47e2-4494-8397-0aed6a5aeb28','Este curso é indicado para quem?','O curso foi feito para iniciantes, amantes da música, hobbistas e futuros profissionais.',2,1);
insert into public.quiz_options (question_id,texto,correta,ordem) values ('a4dda4a8-2de9-43cd-892d-79222690dac0','Somente para quem já é DJ profissional',false,1);
insert into public.quiz_options (question_id,texto,correta,ordem) values ('a4dda4a8-2de9-43cd-892d-79222690dac0','Somente para quem toca vinil',false,2);
insert into public.quiz_options (question_id,texto,correta,ordem) values ('a4dda4a8-2de9-43cd-892d-79222690dac0','Iniciantes, hobbistas e quem quer carreira na música',true,3);
insert into public.quiz_options (question_id,texto,correta,ordem) values ('a4dda4a8-2de9-43cd-892d-79222690dac0','Apenas produtores de música eletrônica',false,4);
insert into public.quiz_questions (id,quiz_id,texto,explicacao,ordem,pontos) values ('d31a5136-a77a-44bf-8d9d-32fc9e3d6ff7','dfa4a5c5-47e2-4494-8397-0aed6a5aeb28','Qual é o objetivo central do curso?','O objetivo é segurança na operação, compreensão da dinâmica da pista e desenvolvimento do estilo próprio.',3,1);
insert into public.quiz_options (question_id,texto,correta,ordem) values ('d31a5136-a77a-44bf-8d9d-32fc9e3d6ff7','Vender equipamentos caros',false,1);
insert into public.quiz_options (question_id,texto,correta,ordem) values ('d31a5136-a77a-44bf-8d9d-32fc9e3d6ff7','Dar base técnica, leitura de pista e estilo próprio',true,2);
insert into public.quiz_options (question_id,texto,correta,ordem) values ('d31a5136-a77a-44bf-8d9d-32fc9e3d6ff7','Ensinar a tocar um único gênero',false,3);
insert into public.quiz_options (question_id,texto,correta,ordem) values ('d31a5136-a77a-44bf-8d9d-32fc9e3d6ff7','Formar produtores de estúdio',false,4);
insert into public.lessons (id,module_id,titulo,tipo,conteudo_rico,duracao_min,ordem,tem_quiz,preview_gratis) values ('be0ebfd5-b382-4e88-bcec-fb1be7a930d5','7839b457-26e0-421a-a982-c82e62e153c8','História do DJ: dos anos 70 até hoje','texto','<p><strong>Para começar:</strong> A profissão de DJ tem pouco mais de 50 anos e nasceu nas ruas do Bronx. Conhecer essa evolução ajuda você a entender de onde vêm as técnicas e equipamentos que vai usar.</p><p>Na década de 1970, nos bairros do Bronx, em Nova York, jovens começaram a organizar festas nas ruas e nos prédios. Como contratar bandas era caro, a solução foi usar toca-discos e vinis para manter a festa animada. Dali nasceu toda uma cultura que mudou a música mundial.</p><ul><li><strong>Anos 1970 — o nascimento:</strong> No Bronx, festas de rua usavam toca-discos e vinis. DJ Kool Herc, o "pai do hip-hop", percebeu que o público dançava mais nas partes instrumentais (os "breaks") e usou dois toca-discos para estender esses trechos, criando a base perfeita para dança.</li><li><strong>A cultura Hip-Hop:</strong> O DJing logo se uniu ao rap, ao breakdance e ao graffiti. Tudo começou no Bronx e se espalhou pelo mundo.</li><li><strong>Anos 1980 — o turntablism:</strong> DJs como Grandmaster Flash criaram técnicas avançadas como o scratching (arranhar o disco para criar sons rítmicos). O DJ deixou de só "tocar música" e passou a criar expressão sonora ao vivo. Surgem mixers melhores, toca-discos mais precisos e os primeiros samplers.</li><li><strong>Anos 1990 — a revolução eletrônica:</strong> House, techno, drum and bass e outros estilos explodiram em clubes e raves. Surge o "DJ superstar" (Carl Cox, Paul Oakenfold, Sasha). CDJs começam a substituir toca-discos e aparecem os primeiros softwares de DJ, como o Traktor.</li><li><strong>Anos 2000 até hoje — a era digital:</strong> Laptops, controladoras MIDI e pendrives entram em cena. Serato e Rekordbox permitem sincronizar músicas. Muitos DJs viram produtores. David Guetta, Calvin Harris e Martin Garrix alcançam o estrelato com músicas e redes sociais.</li><li><strong>O futuro:</strong> Realidade virtual, inteligência artificial e live sets devem mudar como os DJs criam e apresentam. E o DJing fica cada vez mais acessível para todas as idades, gêneros e culturas.</li></ul><p><strong>Na prática:</strong> Pesquise e ouça um trecho de um set de DJ Kool Herc (anos 70, vinil e breaks) e um set moderno de Carl Cox. Note como a técnica saiu da manipulação manual de discos para mixagens longas e precisas com tecnologia digital. Essa comparação mostra na prática a evolução de meio século.</p><h4>Resumo</h4><ul><li>O DJing nasceu no Bronx nos anos 70 com Kool Herc e os "breaks"</li><li>Cada década trouxe avanços: scratching (80), música eletrônica (90), digital (2000)</li><li>Hoje o DJ é também produtor e o acesso à profissão está cada vez mais democrático</li></ul>',15,2,true,false);
insert into public.quizzes (id,lesson_id,titulo) values ('b44e1e44-1fd8-49cd-a3fe-5808b1266a25','be0ebfd5-b382-4e88-bcec-fb1be7a930d5','Quiz — História do DJ: dos anos 70 até hoje');
insert into public.quiz_questions (id,quiz_id,texto,explicacao,ordem,pontos) values ('8d504b98-a4c7-4ad2-a9f5-252b3c81a823','b44e1e44-1fd8-49cd-a3fe-5808b1266a25','Quem é considerado o "pai do hip-hop" e um dos primeiros DJs?','DJ Kool Herc iniciou o hip-hop ao estender os "breaks" com dois toca-discos no Bronx.',1,1);
insert into public.quiz_options (question_id,texto,correta,ordem) values ('8d504b98-a4c7-4ad2-a9f5-252b3c81a823','Carl Cox',false,1);
insert into public.quiz_options (question_id,texto,correta,ordem) values ('8d504b98-a4c7-4ad2-a9f5-252b3c81a823','DJ Kool Herc',true,2);
insert into public.quiz_options (question_id,texto,correta,ordem) values ('8d504b98-a4c7-4ad2-a9f5-252b3c81a823','David Guetta',false,3);
insert into public.quiz_options (question_id,texto,correta,ordem) values ('8d504b98-a4c7-4ad2-a9f5-252b3c81a823','Frankie Knuckles',false,4);
insert into public.quiz_questions (id,quiz_id,texto,explicacao,ordem,pontos) values ('7cf138f7-0360-40dd-be65-74534c3b7dc7','b44e1e44-1fd8-49cd-a3fe-5808b1266a25','Qual técnica surgiu com força nos anos 1980?','Nos anos 80, Grandmaster Flash popularizou o scratching, transformando o DJ em artista de performance.',2,1);
insert into public.quiz_options (question_id,texto,correta,ordem) values ('7cf138f7-0360-40dd-be65-74534c3b7dc7','Sincronização automática por software',false,1);
insert into public.quiz_options (question_id,texto,correta,ordem) values ('7cf138f7-0360-40dd-be65-74534c3b7dc7','O scratching',true,2);
insert into public.quiz_options (question_id,texto,correta,ordem) values ('7cf138f7-0360-40dd-be65-74534c3b7dc7','O streaming de música',false,3);
insert into public.quiz_options (question_id,texto,correta,ordem) values ('7cf138f7-0360-40dd-be65-74534c3b7dc7','O automix',false,4);
insert into public.quiz_questions (id,quiz_id,texto,explicacao,ordem,pontos) values ('30b50531-b2e3-4901-9d3b-d3423a384585','b44e1e44-1fd8-49cd-a3fe-5808b1266a25','O que marcou a era digital dos anos 2000?','A era digital trouxe laptops, controladoras MIDI, pendrives e softwares de sincronização.',3,1);
insert into public.quiz_options (question_id,texto,correta,ordem) values ('30b50531-b2e3-4901-9d3b-d3423a384585','O fim dos clubes',false,1);
insert into public.quiz_options (question_id,texto,correta,ordem) values ('30b50531-b2e3-4901-9d3b-d3423a384585','Laptops, controladoras e softwares como Serato e Rekordbox',true,2);
insert into public.quiz_options (question_id,texto,correta,ordem) values ('30b50531-b2e3-4901-9d3b-d3423a384585','O retorno exclusivo ao vinil',false,3);
insert into public.quiz_options (question_id,texto,correta,ordem) values ('30b50531-b2e3-4901-9d3b-d3423a384585','A proibição de samplers',false,4);
insert into public.quiz_questions (id,quiz_id,texto,explicacao,ordem,pontos) values ('1ea92da7-2de4-4953-b958-dd8f02c8834e','b44e1e44-1fd8-49cd-a3fe-5808b1266a25','O que aconteceu na década de 1990 no DJing?','Nos anos 90, house, techno e drum and bass explodiram e nomes como Carl Cox e Sasha viraram superstars.',4,1);
insert into public.quiz_options (question_id,texto,correta,ordem) values ('1ea92da7-2de4-4953-b958-dd8f02c8834e','Nasceu o hip-hop',false,1);
insert into public.quiz_options (question_id,texto,correta,ordem) values ('1ea92da7-2de4-4953-b958-dd8f02c8834e','Explodiu a música eletrônica e surgiram os DJs superstars',true,2);
insert into public.quiz_options (question_id,texto,correta,ordem) values ('1ea92da7-2de4-4953-b958-dd8f02c8834e','O DJ deixou de existir',false,3);
insert into public.quiz_options (question_id,texto,correta,ordem) values ('1ea92da7-2de4-4953-b958-dd8f02c8834e','Surgiu o primeiro toca-discos',false,4);
insert into public.lessons (id,module_id,titulo,tipo,conteudo_rico,duracao_min,ordem,tem_quiz,preview_gratis) values ('93e4e535-b60a-4967-a138-cf0c4b1e3229','7839b457-26e0-421a-a982-c82e62e153c8','Pioneiros do DJing','texto','<p><strong>Para começar:</strong> A profissão de DJ existe graças a visionários que desafiaram os limites da música e da tecnologia. Conhecer esses pioneiros conecta você às raízes das técnicas que vai aprender.</p><p>Nas décadas de 1970 e 1980, alguns nomes mudaram para sempre a forma de tocar música. Cada um trouxe uma inovação que ainda hoje está presente em todo set de DJ.</p><ul><li><strong>DJ Kool Herc (Clive Campbell):</strong> Do Bronx, criou o breakbeat: isolava e repetia os trechos mais dançantes das músicas usando dois toca-discos. É considerado o pai do hip-hop. Percebeu que o público vibrava nos "breaks" de funk e soul e criou festas focadas neles.</li><li><strong>Grandmaster Flash (Joseph Saddler):</strong> Do Bronx, desenvolveu a Quick Mix Theory (mistura rápida de partes), o scratching (movimentar o vinil sob a agulha) e o backspin (girar o disco para repetir trechos). Elevou o DJ a artista de performance. Dica: assista "The Adventures of Grandmaster Flash on the Wheels of Steel".</li><li><strong>Larry Levan:</strong> De Nova York (Paradise Garage), fazia mixagens longas, emocionais e perfeitas, e foi pioneiro no uso criativo de reverbs e delays na pista. Criou a cultura dos clubes focados na música. O som do Paradise Garage gerou o termo "Garage House".</li><li><strong>Afrika Bambaataa:</strong> Do Bronx, misturava funk, soul e rock criando novos estilos, e foi um dos fundadores do hip-hop. Usou a música para unir comunidades e reduzir a violência de gangues. Frase famosa: "O hip-hop salvou muitas vidas. Era sobre paz, amor, união e diversão."</li><li><strong>Frankie Knuckles:</strong> De Chicago, é o "Pai da House Music": pegava soul e disco e adicionava batidas eletrônicas para sets mais energéticos. O clube onde tocava, "The Warehouse", deu origem ao nome House Music.</li></ul><p><strong>Na prática:</strong> Escolha um desses pioneiros e procure uma música ou set famoso dele. Ao ouvir, tente identificar a técnica marcante: uma transição longa e emocional (Levan), um scratch (Flash), uma batida house pulsante (Knuckles) ou um break estendido (Herc). Reconhecer essas assinaturas treina seu ouvido para o resto do curso.</p><h4>Resumo</h4><ul><li>Kool Herc criou os breakbeats; Grandmaster Flash, o scratching e a performance</li><li>Larry Levan moldou a cultura de club; Frankie Knuckles criou a House Music</li><li>Afrika Bambaataa usou a música para unir comunidades e expandir o hip-hop</li></ul>',12,3,true,false);
insert into public.quizzes (id,lesson_id,titulo) values ('e33f7e4e-69f6-4c64-812a-3e6fde91d08c','93e4e535-b60a-4967-a138-cf0c4b1e3229','Quiz — Pioneiros do DJing');
insert into public.quiz_questions (id,quiz_id,texto,explicacao,ordem,pontos) values ('0e539eea-9d4c-41ff-9929-b20b0d036919','e33f7e4e-69f6-4c64-812a-3e6fde91d08c','Quem é conhecido como o "Pai da House Music"?','Frankie Knuckles, de Chicago, criou a House Music no clube The Warehouse.',1,1);
insert into public.quiz_options (question_id,texto,correta,ordem) values ('0e539eea-9d4c-41ff-9929-b20b0d036919','Larry Levan',false,1);
insert into public.quiz_options (question_id,texto,correta,ordem) values ('0e539eea-9d4c-41ff-9929-b20b0d036919','Frankie Knuckles',true,2);
insert into public.quiz_options (question_id,texto,correta,ordem) values ('0e539eea-9d4c-41ff-9929-b20b0d036919','Afrika Bambaataa',false,3);
insert into public.quiz_options (question_id,texto,correta,ordem) values ('0e539eea-9d4c-41ff-9929-b20b0d036919','DJ Qbert',false,4);
insert into public.quiz_questions (id,quiz_id,texto,explicacao,ordem,pontos) values ('d815df83-505a-4a22-992d-1bd13ce3fcfa','e33f7e4e-69f6-4c64-812a-3e6fde91d08c','Qual técnica NÃO é atribuída a Grandmaster Flash?','Flash desenvolveu Quick Mix Theory, scratching e backspin; vídeo mixing é um recurso moderno de software.',2,1);
insert into public.quiz_options (question_id,texto,correta,ordem) values ('d815df83-505a-4a22-992d-1bd13ce3fcfa','Quick Mix Theory',false,1);
insert into public.quiz_options (question_id,texto,correta,ordem) values ('d815df83-505a-4a22-992d-1bd13ce3fcfa','Scratching',false,2);
insert into public.quiz_options (question_id,texto,correta,ordem) values ('d815df83-505a-4a22-992d-1bd13ce3fcfa','Backspin',false,3);
insert into public.quiz_options (question_id,texto,correta,ordem) values ('d815df83-505a-4a22-992d-1bd13ce3fcfa','Vídeo mixing',true,4);
insert into public.quiz_questions (id,quiz_id,texto,explicacao,ordem,pontos) values ('b3b0c0e5-38e4-49e9-b5a6-d3d7363ee2ad','e33f7e4e-69f6-4c64-812a-3e6fde91d08c','O termo "Garage House" vem do clube de qual pioneiro?','O som lendário do Paradise Garage, onde Larry Levan tocava, gerou o subgênero Garage House.',3,1);
insert into public.quiz_options (question_id,texto,correta,ordem) values ('b3b0c0e5-38e4-49e9-b5a6-d3d7363ee2ad','Paradise Garage, de Larry Levan',true,1);
insert into public.quiz_options (question_id,texto,correta,ordem) values ('b3b0c0e5-38e4-49e9-b5a6-d3d7363ee2ad','The Warehouse, de Frankie Knuckles',false,2);
insert into public.quiz_options (question_id,texto,correta,ordem) values ('b3b0c0e5-38e4-49e9-b5a6-d3d7363ee2ad','De Afrika Bambaataa',false,3);
insert into public.quiz_options (question_id,texto,correta,ordem) values ('b3b0c0e5-38e4-49e9-b5a6-d3d7363ee2ad','De DJ Kool Herc',false,4);
insert into public.lessons (id,module_id,titulo,tipo,conteudo_rico,duracao_min,ordem,tem_quiz,preview_gratis) values ('930082f0-9643-48f6-8028-d49da3009134','7839b457-26e0-421a-a982-c82e62e153c8','Tipos de DJs','texto','<p><strong>Para começar:</strong> Existem várias formas de ser DJ, e cada uma exige habilidades e estilos diferentes. Saber qual perfil combina com você ajuda a direcionar seus estudos e sua carreira.</p><p>O mundo do DJing é maior do que parece. Conhecer os tipos de DJ ajuda você a escolher seu caminho e a entender que habilidades priorizar.</p><ul><li><strong>Club DJ:</strong> Trabalha em clubes, casas noturnas e festas. Mantém a energia da pista constante, lê o público e faz transições suaves criando uma "viagem sonora". Habilidade principal: criar a vibe certa para cada momento. Exemplo: Carl Cox.</li><li><strong>Turntablist (DJ de performance):</strong> Trabalha em competições, shows de hip-hop e batalhas. Usa o toca-discos como instrumento: scratches, beat juggling e body tricks. Habilidade principal: manipulação avançada do vinil. Exemplo: DJ Qbert.</li><li><strong>Mobile DJ (DJ de eventos):</strong> Trabalha em casamentos, aniversários, formaturas e eventos corporativos. Monta som e iluminação, toca estilos variados e interage com o público. Habilidade principal: versatilidade musical e comunicação.</li><li><strong>DJ Produtor:</strong> Trabalha em estúdios, shows próprios e festivais. Cria suas próprias músicas e remixes e mistura performance ao vivo com suas composições. Habilidade principal: produção musical e performance. Exemplos: David Guetta, Calvin Harris, Alok.</li><li><strong>Radio DJ:</strong> Trabalha em rádios, podcasts e programas online. Toca músicas, apresenta, dá notícias, entrevista artistas e às vezes cria sets exclusivos. Habilidade principal: comunicação e curadoria. Exemplo: Annie Mac (BBC Radio 1).</li><li><strong>Bedroom DJ (DJ de hobby/casa):</strong> Trabalha em casa com setups pessoais. Treina mixagem e grava sets para SoundCloud e Mixcloud. Muitos DJs famosos começaram assim. Habilidade principal: dedicação e prática constante.</li></ul><p><strong>Na prática:</strong> Pense em uma festa real: um Mobile DJ num casamento precisa agradar do avô à criança alternando estilos, enquanto um Club DJ num after de techno mantém um único clima por horas. Escolha agora com qual desses perfis você mais se identifica e pesquise um profissional dessa área para se inspirar.</p><h4>Resumo</h4><ul><li>Há vários perfis: Club, Turntablist, Mobile, Produtor, Radio e Bedroom DJ</li><li>Cada tipo exige habilidades distintas, da técnica de vinil à comunicação</li><li>Quase todo DJ começa como Bedroom DJ, praticando em casa</li></ul>',12,4,true,false);
insert into public.quizzes (id,lesson_id,titulo) values ('52a58561-b009-4eaa-9fe9-a77715d4dde0','930082f0-9643-48f6-8028-d49da3009134','Quiz — Tipos de DJs');
insert into public.quiz_questions (id,quiz_id,texto,explicacao,ordem,pontos) values ('785a760d-6b22-4853-bc99-42450246412d','52a58561-b009-4eaa-9fe9-a77715d4dde0','Qual tipo de DJ usa o toca-discos como instrumento, com scratches e beat juggling?','O Turntablist faz performance com técnicas avançadas de manipulação do vinil.',1,1);
insert into public.quiz_options (question_id,texto,correta,ordem) values ('785a760d-6b22-4853-bc99-42450246412d','Mobile DJ',false,1);
insert into public.quiz_options (question_id,texto,correta,ordem) values ('785a760d-6b22-4853-bc99-42450246412d','Turntablist',true,2);
insert into public.quiz_options (question_id,texto,correta,ordem) values ('785a760d-6b22-4853-bc99-42450246412d','Radio DJ',false,3);
insert into public.quiz_options (question_id,texto,correta,ordem) values ('785a760d-6b22-4853-bc99-42450246412d','DJ Produtor',false,4);
insert into public.quiz_questions (id,quiz_id,texto,explicacao,ordem,pontos) values ('70fe7931-eb3b-4190-8ba3-72698b7c6bc2','52a58561-b009-4eaa-9fe9-a77715d4dde0','Qual habilidade é central para o Mobile DJ?','O Mobile DJ toca estilos variados e interage com públicos diversos em eventos sociais.',2,1);
insert into public.quiz_options (question_id,texto,correta,ordem) values ('70fe7931-eb3b-4190-8ba3-72698b7c6bc2','Scratching avançado',false,1);
insert into public.quiz_options (question_id,texto,correta,ordem) values ('70fe7931-eb3b-4190-8ba3-72698b7c6bc2','Versatilidade musical e comunicação',true,2);
insert into public.quiz_options (question_id,texto,correta,ordem) values ('70fe7931-eb3b-4190-8ba3-72698b7c6bc2','Produção em estúdio',false,3);
insert into public.quiz_options (question_id,texto,correta,ordem) values ('70fe7931-eb3b-4190-8ba3-72698b7c6bc2','Apenas tocar techno',false,4);
insert into public.quiz_questions (id,quiz_id,texto,explicacao,ordem,pontos) values ('9541d443-40dd-4a8c-a1b6-6aa10260a147','52a58561-b009-4eaa-9fe9-a77715d4dde0','Como muitos DJs famosos começaram a carreira?','O Bedroom DJ pratica em casa e grava sets; muitos profissionais iniciaram assim.',3,1);
insert into public.quiz_options (question_id,texto,correta,ordem) values ('9541d443-40dd-4a8c-a1b6-6aa10260a147','Direto em festivais',false,1);
insert into public.quiz_options (question_id,texto,correta,ordem) values ('9541d443-40dd-4a8c-a1b6-6aa10260a147','Como Bedroom DJs, praticando em casa',true,2);
insert into public.quiz_options (question_id,texto,correta,ordem) values ('9541d443-40dd-4a8c-a1b6-6aa10260a147','Como produtores de estúdio',false,3);
insert into public.quiz_options (question_id,texto,correta,ordem) values ('9541d443-40dd-4a8c-a1b6-6aa10260a147','Apenas no rádio',false,4);
insert into public.modules (id,course_id,titulo,ordem) values ('2008d4d2-aa4c-4004-a773-90cf81ac79a6','8febe92b-ca5e-48ce-ab73-0e672fadd3c0','Equipamentos Essenciais',2);
insert into public.lessons (id,module_id,titulo,tipo,conteudo_rico,duracao_min,ordem,tem_quiz,preview_gratis) values ('5d799cc9-d984-4339-85a6-fd51a9f2f48e','2008d4d2-aa4c-4004-a773-90cf81ac79a6','Controladoras, toca-discos, mixers e CDJs','texto','<p><strong>Para começar:</strong> Todo DJ precisa dominar seu equipamento. Entender as diferenças entre os tipos de setup ajuda você a escolher o que combina com seu estilo e orçamento.</p><p>Cada tipo de equipamento tem características únicas. Nesta aula você conhece os quatro pilares do hardware do DJ e descobre para quem cada um é indicado.</p><ul><li><strong>Controladoras (Controllers):</strong> Conectam ao computador e controlam softwares (Serato, Rekordbox, Traktor, Virtual DJ). Integram mixer e decks num só aparelho, com jog wheels, botões de cue, pads e faders. Dependem de um notebook. Vantagens: mais baratas, portáteis e práticas. Exemplos: Pioneer DDJ-FLX4, Numark Mixtrack Pro, Traktor S2. Ideal para começar com baixo investimento.</li><li><strong>Toca-Discos (Turntables):</strong> Tocam discos de vinil (LPs). Pratos giratórios por motor (direct drive ou belt drive), controle manual total de velocidade e posição, e permitem scratch e beat juggling. Vantagens: sensação clássica e controle absoluto. Desvantagens: mais caros, delicados e os vinis são trabalhosos de transportar. Exemplos: Technics SL-1200 MK2, Pioneer PLX-1000.</li><li><strong>Mixers:</strong> Recebem o áudio de dois ou mais tocadores e permitem misturar os sinais. Têm faders de volume por canal, equalizadores (graves, médios, agudos), crossfader para transição, entrada de microfone e saída para caixas. Modelos modernos têm efeitos (eco, delay, reverb), filtros e interface de áudio. Exemplos: Pioneer DJM-900NXS2, Allen &amp; Heath Xone:92. O mixer é a "ponte" entre as músicas.</li><li><strong>CDJs:</strong> Simulam toca-discos, mas tocam áudio digital de CDs, pendrives ou cartões. Têm jog wheel para manipular a música, pitch control, looping e cue points, e integram com Rekordbox. Vantagens: robustez, confiabilidade, autonomia (sem notebook) e alta qualidade. Exemplos: Pioneer CDJ-2000NXS2 (padrão de clubes), Pioneer XDJ-700. Quem quer tocar em clubes precisa aprender CDJ.</li></ul><p><strong>Na prática:</strong> Vá a uma loja ou peça para testar uma controladora de amigo: sinta o jog wheel girar, mova o crossfader de um lado ao outro e ajuste um equalizador enquanto a música toca. Esse contato físico mostra na prática a diferença entre uma controladora, que depende do notebook, e um CDJ, que toca sozinho com um pendrive.</p><h4>Resumo</h4><ul><li>Controladora integra mixer e decks e depende de um notebook; ótima para iniciar</li><li>Toca-discos é para vinil e turntablism; CDJ é o padrão digital dos clubes</li><li>O mixer é a ponte entre as músicas: faders, EQ, crossfader e efeitos</li></ul>',16,1,true,false);
insert into public.quizzes (id,lesson_id,titulo) values ('d5f26284-86f1-41cd-a777-e6395c78f4f4','5d799cc9-d984-4339-85a6-fd51a9f2f48e','Quiz — Controladoras, toca-discos, mixers e CDJs');
insert into public.quiz_questions (id,quiz_id,texto,explicacao,ordem,pontos) values ('e5d0d5af-b07b-4e5f-bca9-52006b91eaea','d5f26284-86f1-41cd-a777-e6395c78f4f4','Qual equipamento depende de um notebook para funcionar?','A controladora controla um software no computador e precisa do notebook para tocar.',1,1);
insert into public.quiz_options (question_id,texto,correta,ordem) values ('e5d0d5af-b07b-4e5f-bca9-52006b91eaea','CDJ',false,1);
insert into public.quiz_options (question_id,texto,correta,ordem) values ('e5d0d5af-b07b-4e5f-bca9-52006b91eaea','Toca-discos',false,2);
insert into public.quiz_options (question_id,texto,correta,ordem) values ('e5d0d5af-b07b-4e5f-bca9-52006b91eaea','Controladora',true,3);
insert into public.quiz_options (question_id,texto,correta,ordem) values ('e5d0d5af-b07b-4e5f-bca9-52006b91eaea','Mixer analógico',false,4);
insert into public.quiz_questions (id,quiz_id,texto,explicacao,ordem,pontos) values ('f9508df4-189f-4c1b-bcc9-d641ae773e92','d5f26284-86f1-41cd-a777-e6395c78f4f4','Qual é o equipamento padrão dos clubes profissionais?','Os CDJs (como o Pioneer CDJ-2000NXS2) são padrão mundial nas casas noturnas.',2,1);
insert into public.quiz_options (question_id,texto,correta,ordem) values ('f9508df4-189f-4c1b-bcc9-d641ae773e92','Controladora de entrada',false,1);
insert into public.quiz_options (question_id,texto,correta,ordem) values ('f9508df4-189f-4c1b-bcc9-d641ae773e92','CDJ',true,2);
insert into public.quiz_options (question_id,texto,correta,ordem) values ('f9508df4-189f-4c1b-bcc9-d641ae773e92','Toca-discos belt drive',false,3);
insert into public.quiz_options (question_id,texto,correta,ordem) values ('f9508df4-189f-4c1b-bcc9-d641ae773e92','Caixa Bluetooth',false,4);
insert into public.quiz_questions (id,quiz_id,texto,explicacao,ordem,pontos) values ('b319e160-ccc4-490a-bf6b-7bf5b52f3492','d5f26284-86f1-41cd-a777-e6395c78f4f4','Qual parte do mixer é usada para fazer a transição entre duas músicas?','O crossfader desloca o áudio de um canal para o outro, fazendo a transição.',3,1);
insert into public.quiz_options (question_id,texto,correta,ordem) values ('b319e160-ccc4-490a-bf6b-7bf5b52f3492','O equalizador de agudos',false,1);
insert into public.quiz_options (question_id,texto,correta,ordem) values ('b319e160-ccc4-490a-bf6b-7bf5b52f3492','O crossfader',true,2);
insert into public.quiz_options (question_id,texto,correta,ordem) values ('b319e160-ccc4-490a-bf6b-7bf5b52f3492','A entrada de microfone',false,3);
insert into public.quiz_options (question_id,texto,correta,ordem) values ('b319e160-ccc4-490a-bf6b-7bf5b52f3492','O jog wheel',false,4);
insert into public.quiz_questions (id,quiz_id,texto,explicacao,ordem,pontos) values ('77145e0c-52a5-4867-8290-44fa275aa358','d5f26284-86f1-41cd-a777-e6395c78f4f4','Para que serve o jog wheel de um toca-discos ou CDJ?','O jog wheel permite manipular a música, ajustando posição e velocidade como num vinil.',4,1);
insert into public.quiz_options (question_id,texto,correta,ordem) values ('77145e0c-52a5-4867-8290-44fa275aa358','Aumentar o volume geral',false,1);
insert into public.quiz_options (question_id,texto,correta,ordem) values ('77145e0c-52a5-4867-8290-44fa275aa358','Manipular a música (posição e velocidade), como no vinil',true,2);
insert into public.quiz_options (question_id,texto,correta,ordem) values ('77145e0c-52a5-4867-8290-44fa275aa358','Ligar as caixas de som',false,3);
insert into public.quiz_options (question_id,texto,correta,ordem) values ('77145e0c-52a5-4867-8290-44fa275aa358','Gravar o set',false,4);
insert into public.lessons (id,module_id,titulo,tipo,conteudo_rico,duracao_min,ordem,tem_quiz,preview_gratis) values ('7bafed9e-ad10-4345-80ca-f0f30e16c72a','2008d4d2-aa4c-4004-a773-90cf81ac79a6','Softwares populares para DJs','texto','<p><strong>Para começar:</strong> Hoje, dominar o software é tão importante quanto o equipamento físico. Ele organiza músicas, prepara sets e permite mixagens e performances ao vivo.</p><p>Os softwares oferecem ferramentas para organizar, preparar e tocar suas músicas. Conhecer os quatro principais ajuda você a escolher onde focar no início.</p><ul><li><strong>Serato DJ:</strong> Um dos mais famosos e confiáveis. Estável, com baixa latência, interface clara e suporte a controladoras, mixers e toca-discos DVS (vinil digital). Muito usado por DJs de hip-hop, open format e turntablists. Ótimo para scratch e performance. Usuários: DJ Jazzy Jeff, A-Trak.</li><li><strong>Rekordbox DJ:</strong> Criado pela Pioneer para preparar, organizar e tocar músicas, principalmente em CDJs e controladoras. Analisa BPM, tonalidade e waveform; prepara playlists, hot cues e loops; e permite tocar só com pendrive. É padrão em clubes e festivais. Usuários: Charlotte de Witte, Armin van Buuren.</li><li><strong>Traktor Pro:</strong> Da Native Instruments, muito usado por DJs criativos e de eletrônica. Tem Remix Decks para remixagem ao vivo, efeitos criativos e interface personalizável. Perfeito para inovar e construir sets ao vivo. Usuários: Richie Hawtin, Dubfire.</li><li><strong>Virtual DJ:</strong> Um dos mais conhecidos, sobretudo entre iniciantes. Interface intuitiva, compatível com quase todas as controladoras, com vídeo mixing e automix. Ótimo para começar e para eventos sociais com músicas variadas.</li><li><strong>Como escolher:</strong> Foco em performance e scratch: Serato. Sonho de tocar em clubes e festivais: Rekordbox (quase obrigatório). Sets criativos e remix ao vivo: Traktor. Começar rápido e sem complicação: Virtual DJ. A maioria tem versão gratuita para você testar.</li></ul><p><strong>Na prática:</strong> Baixe a versão gratuita de pelo menos um desses softwares e faça o básico: carregue duas músicas, dê play, use o crossfader e tente uma transição simples. Anote o que achou fácil e o que achou difícil. Esse primeiro contato já mostra qual interface combina mais com você.</p><h4>Resumo</h4><ul><li>Serato é forte em performance e scratch; Rekordbox é padrão de clubes e festivais</li><li>Traktor é o mais criativo (remix ao vivo); Virtual DJ é o mais fácil para iniciar</li><li>Quase todos têm versão gratuita: teste antes de escolher seu foco</li></ul>',14,2,true,false);
insert into public.quizzes (id,lesson_id,titulo) values ('4b590e47-a5d9-4d0b-9a93-fc2e478a8d1c','7bafed9e-ad10-4345-80ca-f0f30e16c72a','Quiz — Softwares populares para DJs');
insert into public.quiz_questions (id,quiz_id,texto,explicacao,ordem,pontos) values ('b4a98ba4-6568-4fde-9329-92c015fccddb','4b590e47-a5d9-4d0b-9a93-fc2e478a8d1c','Qual software é padrão em clubes e integra perfeitamente com equipamentos Pioneer?','O Rekordbox, criado pela Pioneer, é padrão em clubes e permite tocar só com pendrive.',1,1);
insert into public.quiz_options (question_id,texto,correta,ordem) values ('b4a98ba4-6568-4fde-9329-92c015fccddb','Virtual DJ',false,1);
insert into public.quiz_options (question_id,texto,correta,ordem) values ('b4a98ba4-6568-4fde-9329-92c015fccddb','Rekordbox',true,2);
insert into public.quiz_options (question_id,texto,correta,ordem) values ('b4a98ba4-6568-4fde-9329-92c015fccddb','Serato',false,3);
insert into public.quiz_options (question_id,texto,correta,ordem) values ('b4a98ba4-6568-4fde-9329-92c015fccddb','Traktor',false,4);
insert into public.quiz_questions (id,quiz_id,texto,explicacao,ordem,pontos) values ('9dc94cf7-1174-4e1b-91aa-b25493dc8d67','4b590e47-a5d9-4d0b-9a93-fc2e478a8d1c','Qual software é mais associado a scratch e turntablism, com suporte DVS?','O Serato é muito usado por turntablists e suporta vinil digital (DVS).',2,1);
insert into public.quiz_options (question_id,texto,correta,ordem) values ('9dc94cf7-1174-4e1b-91aa-b25493dc8d67','Serato',true,1);
insert into public.quiz_options (question_id,texto,correta,ordem) values ('9dc94cf7-1174-4e1b-91aa-b25493dc8d67','Virtual DJ',false,2);
insert into public.quiz_options (question_id,texto,correta,ordem) values ('9dc94cf7-1174-4e1b-91aa-b25493dc8d67','Rekordbox',false,3);
insert into public.quiz_options (question_id,texto,correta,ordem) values ('9dc94cf7-1174-4e1b-91aa-b25493dc8d67','Automix Pro',false,4);
insert into public.quiz_questions (id,quiz_id,texto,explicacao,ordem,pontos) values ('38470b0d-2163-43c3-b9cf-718377d44fdd','4b590e47-a5d9-4d0b-9a93-fc2e478a8d1c','Qual software é mais indicado para quem quer começar de forma simples?','O Virtual DJ tem interface intuitiva e é o ponto de partida mais fácil para iniciantes.',3,1);
insert into public.quiz_options (question_id,texto,correta,ordem) values ('38470b0d-2163-43c3-b9cf-718377d44fdd','Traktor Pro',false,1);
insert into public.quiz_options (question_id,texto,correta,ordem) values ('38470b0d-2163-43c3-b9cf-718377d44fdd','Virtual DJ',true,2);
insert into public.quiz_options (question_id,texto,correta,ordem) values ('38470b0d-2163-43c3-b9cf-718377d44fdd','Rekordbox para CDJ',false,3);
insert into public.quiz_options (question_id,texto,correta,ordem) values ('38470b0d-2163-43c3-b9cf-718377d44fdd','Serato Pro',false,4);
insert into public.lessons (id,module_id,titulo,tipo,conteudo_rico,duracao_min,ordem,tem_quiz,preview_gratis) values ('1f9edd05-0d6b-4368-9c66-d872829a37ba','2008d4d2-aa4c-4004-a773-90cf81ac79a6','Fones, caixas de som e interfaces de áudio','texto','<p><strong>Para começar:</strong> Além do equipamento principal, alguns acessórios são fundamentais para treinar e performar bem. Esta aula mostra como escolher fones, caixas e interfaces.</p><p>Fones, caixas de som e interfaces de áudio completam o seu setup. Cada um tem uma função específica que afeta diretamente a qualidade do seu treino e das suas apresentações.</p><ul><li><strong>Fones de ouvido (Headphones para DJ):</strong> Permitem escutar a próxima música enquanto outra toca para o público, garantindo a transição. Características: isolamento acústico (bloqueia o som da pista), alta fidelidade (graves, médios e agudos claros), conforto para longas horas e hastes que giram para escutar com um ouvido só. Exemplos: Pioneer HDJ-X10, Sennheiser HD 25, Audio-Technica ATH-M50X. Invista em um bom fone logo no começo.</li><li><strong>Caixas de som (Monitores de áudio):</strong> Permitem escutar o que toca para o público (PA) ou simular a pista em casa. Tipos: monitores de estúdio (som neutro e preciso, ideais para treinar/produzir) e caixas de PA (som potente, para festas e eventos). Características: resposta de frequência plana (monitores), alta potência e clareza (PA) e tamanhos variados (5, 6, 8 polegadas). Exemplos: KRK Rokit 5 e Yamaha HS5 (monitores); JBL EON 610 e QSC K12.2 (PA).</li><li><strong>Interfaces de áudio:</strong> Convertem o áudio do computador para caixas externas com alta qualidade. Importantes para quem usa software no notebook e quer melhor som, e para gravar sets em alta definição. Características: baixa latência, entradas e saídas balanceadas (menos ruído) e compatibilidade com Serato, Traktor e Rekordbox. Exemplos: Focusrite Scarlett 2i2, Native Instruments Traktor Audio 2, Reloop Tape 2 (gravação).</li><li><strong>Quando você precisa de cada um:</strong> Fone: indispensável desde o primeiro dia. Monitores de estúdio: para treinar em casa. Caixas de PA: para tocar em eventos. Interface separada: só se sua controladora não tiver uma embutida ou se você quiser gravar/tocar em configurações profissionais.</li></ul><p><strong>Na prática:</strong> Monte um pequeno setup em casa: notebook, controladora, um bom fone de ouvido e um par de caixas (no começo, até caixas Bluetooth servem). Coloque uma música tocando nas caixas e pré-escute a próxima no fone usando uma só haste no ouvido. Esse exercício simula exatamente o que você fará ao vivo.</p><h4>Resumo</h4><ul><li>O fone permite pré-escutar a próxima música; priorize isolamento e conforto</li><li>Monitores de estúdio são para treino; caixas de PA são para eventos</li><li>A interface de áudio melhora a qualidade e permite gravar sets</li></ul>',12,3,true,false);
insert into public.quizzes (id,lesson_id,titulo) values ('31c00ecc-c507-443b-9ffc-4fc5dfd75e11','1f9edd05-0d6b-4368-9c66-d872829a37ba','Quiz — Fones, caixas de som e interfaces de áudio');
insert into public.quiz_questions (id,quiz_id,texto,explicacao,ordem,pontos) values ('dc4c8b02-86e2-401b-997c-5a0441504681','31c00ecc-c507-443b-9ffc-4fc5dfd75e11','Qual a principal função do fone de ouvido do DJ?','O fone permite ouvir e preparar a próxima faixa enquanto outra toca para o público.',1,1);
insert into public.quiz_options (question_id,texto,correta,ordem) values ('dc4c8b02-86e2-401b-997c-5a0441504681','Aumentar o volume da pista',false,1);
insert into public.quiz_options (question_id,texto,correta,ordem) values ('dc4c8b02-86e2-401b-997c-5a0441504681','Pré-escutar a próxima música antes de colocá-la no ar',true,2);
insert into public.quiz_options (question_id,texto,correta,ordem) values ('dc4c8b02-86e2-401b-997c-5a0441504681','Gravar o set',false,3);
insert into public.quiz_options (question_id,texto,correta,ordem) values ('dc4c8b02-86e2-401b-997c-5a0441504681','Substituir as caixas de som',false,4);
insert into public.quiz_questions (id,quiz_id,texto,explicacao,ordem,pontos) values ('13248b6e-2115-4fd9-a1e4-ba1deb16c0ee','31c00ecc-c507-443b-9ffc-4fc5dfd75e11','Para treinar em casa com som neutro e preciso, o ideal é usar:','Monitores de estúdio têm resposta plana e mostram a música de forma fiel, ideal para treino.',2,1);
insert into public.quiz_options (question_id,texto,correta,ordem) values ('13248b6e-2115-4fd9-a1e4-ba1deb16c0ee','Caixas de PA potentes',false,1);
insert into public.quiz_options (question_id,texto,correta,ordem) values ('13248b6e-2115-4fd9-a1e4-ba1deb16c0ee','Monitores de estúdio',true,2);
insert into public.quiz_options (question_id,texto,correta,ordem) values ('13248b6e-2115-4fd9-a1e4-ba1deb16c0ee','Caixas Bluetooth de festa',false,3);
insert into public.quiz_options (question_id,texto,correta,ordem) values ('13248b6e-2115-4fd9-a1e4-ba1deb16c0ee','Apenas o fone',false,4);
insert into public.quiz_questions (id,quiz_id,texto,explicacao,ordem,pontos) values ('bc91f9e0-1b7b-4047-bda6-d7c1dec62280','31c00ecc-c507-443b-9ffc-4fc5dfd75e11','Quando uma interface de áudio externa é mais necessária?','Se a controladora já tem interface embutida, a externa só é útil para gravação ou setups profissionais.',3,1);
insert into public.quiz_options (question_id,texto,correta,ordem) values ('bc91f9e0-1b7b-4047-bda6-d7c1dec62280','Sempre, em qualquer setup',false,1);
insert into public.quiz_options (question_id,texto,correta,ordem) values ('bc91f9e0-1b7b-4047-bda6-d7c1dec62280','Quando a controladora não tem interface embutida ou para gravar sets',true,2);
insert into public.quiz_options (question_id,texto,correta,ordem) values ('bc91f9e0-1b7b-4047-bda6-d7c1dec62280','Apenas para tocar vinil',false,3);
insert into public.quiz_options (question_id,texto,correta,ordem) values ('bc91f9e0-1b7b-4047-bda6-d7c1dec62280','Nunca é necessária',false,4);
insert into public.lessons (id,module_id,titulo,tipo,conteudo_rico,duracao_min,ordem,tem_quiz,preview_gratis) values ('88359470-ce05-47f9-8acd-712cfd32d28a','2008d4d2-aa4c-4004-a773-90cf81ac79a6','Setup completo para iniciantes (por orçamento)','texto','<p><strong>Para começar:</strong> Montar o primeiro setup gera muitas dúvidas de custo. Esta aula mostra três faixas de orçamento para você escolher o que cabe no seu bolso sem perder qualidade.</p><p>Existem caminhos para todos os bolsos. Aqui apresentamos três setups completos, do básico ao avançado, com equipamentos reais e faixas de preço de referência (valores podem variar conforme loja e promoções).</p><ul><li><strong>Setup básico (até ~R$ 2.000):</strong> Para começar sem grandes investimentos. Controladora Pioneer DDJ-200 (~R$ 1.100), fone Audio-Technica ATH-M50X (~R$ 600), caixas Edifier R980T (~R$ 500) e software Rekordbox (grátis para iniciantes). Total estimado em torno de R$ 2.200.</li><li><strong>Setup intermediário (até ~R$ 5.000):</strong> Para quem já tem alguma experiência e quer mais qualidade. Controladora Pioneer DDJ-400 (~R$ 1.800, com jog wheels), fone Sennheiser HD 25 (~R$ 1.000), monitores KRK Rokit 5 (~R$ 2.200 o par), interface Focusrite Scarlett 2i2 (~R$ 1.200) e software Rekordbox ou Serato DJ Lite. Total estimado em torno de R$ 5.200.</li><li><strong>Setup avançado (até ~R$ 10.000):</strong> Para quem quer se profissionalizar. Controladora Pioneer DDJ-1000 (~R$ 5.200), fone Pioneer HDJ-X10 (~R$ 1.500), monitores Yamaha HS8 (~R$ 2.400 o par), interface Native Instruments Traktor Audio 6 (~R$ 1.400) e software Rekordbox DJ ou Serato DJ Pro (versões pagas). Total estimado em torno de R$ 10.500.</li><li><strong>Acessórios que não podem faltar:</strong> Cabos de qualidade (USB e de áudio), controle/fader extra se usar laptop, e um bom suporte para fones e controladora para proteger o equipamento.</li><li><strong>Pesquise e teste antes de comprar:</strong> Procure reviews e testes; o feedback de DJs experientes ajuda a decidir. Comece com o básico, mas pense no futuro: você pode evoluir para o intermediário ou avançado conforme ganha experiência.</li></ul><p><strong>Na prática:</strong> Defina seu orçamento real e escolha um dos três setups. Em seguida, pesquise online cada produto escolhido: leia avaliações em lojas especializadas e veja vídeos de DJs usando o equipamento. Esse passo evita compras por impulso e garante que você invista no que realmente vai usar.</p><h4>Resumo</h4><ul><li>Há três setups completos: básico (~R$ 2.200), intermediário (~R$ 5.200) e avançado (~R$ 10.500)</li><li>O básico já é suficiente para aprender; evolua conforme a experiência crescer</li><li>Não esqueça acessórios e sempre pesquise reviews antes de comprar</li></ul>',14,4,true,false);
insert into public.quizzes (id,lesson_id,titulo) values ('4ff1ae5e-661b-4c02-bcd0-ad29e3e28a6b','88359470-ce05-47f9-8acd-712cfd32d28a','Quiz — Setup completo para iniciantes (por orçamento)');
insert into public.quiz_questions (id,quiz_id,texto,explicacao,ordem,pontos) values ('34073069-b14d-4b8a-98e0-9d2e79f34761','4ff1ae5e-661b-4c02-bcd0-ad29e3e28a6b','Qual controladora é sugerida no setup básico (até ~R$ 2.000)?','O setup básico usa a Pioneer DDJ-200, simples e integrada ao Rekordbox.',1,1);
insert into public.quiz_options (question_id,texto,correta,ordem) values ('34073069-b14d-4b8a-98e0-9d2e79f34761','Pioneer DDJ-1000',false,1);
insert into public.quiz_options (question_id,texto,correta,ordem) values ('34073069-b14d-4b8a-98e0-9d2e79f34761','Pioneer DDJ-200',true,2);
insert into public.quiz_options (question_id,texto,correta,ordem) values ('34073069-b14d-4b8a-98e0-9d2e79f34761','Pioneer DDJ-400',false,3);
insert into public.quiz_options (question_id,texto,correta,ordem) values ('34073069-b14d-4b8a-98e0-9d2e79f34761','Native Instruments Traktor S4',false,4);
insert into public.quiz_questions (id,quiz_id,texto,explicacao,ordem,pontos) values ('2c8b270e-a794-4584-8ad2-4a8338b0c1ac','4ff1ae5e-661b-4c02-bcd0-ad29e3e28a6b','Por que começar com o setup básico pode ser uma boa decisão?','O básico atende ao aprendizado; conforme você cresce, pode migrar para setups maiores.',2,1);
insert into public.quiz_options (question_id,texto,correta,ordem) values ('2c8b270e-a794-4584-8ad2-4a8338b0c1ac','Porque é o único que funciona',false,1);
insert into public.quiz_options (question_id,texto,correta,ordem) values ('2c8b270e-a794-4584-8ad2-4a8338b0c1ac','Porque é suficiente para aprender e você evolui depois',true,2);
insert into public.quiz_options (question_id,texto,correta,ordem) values ('2c8b270e-a794-4584-8ad2-4a8338b0c1ac','Porque dispensa fone de ouvido',false,3);
insert into public.quiz_options (question_id,texto,correta,ordem) values ('2c8b270e-a794-4584-8ad2-4a8338b0c1ac','Porque já vem com tudo profissional',false,4);
insert into public.quiz_questions (id,quiz_id,texto,explicacao,ordem,pontos) values ('b4a2b14b-9e45-4a8a-a5eb-3147a0308db7','4ff1ae5e-661b-4c02-bcd0-ad29e3e28a6b','Qual acessório é citado como importante para qualquer setup?','Cabos de qualidade e um bom suporte protegem e dão confiabilidade ao setup.',3,1);
insert into public.quiz_options (question_id,texto,correta,ordem) values ('b4a2b14b-9e45-4a8a-a5eb-3147a0308db7','Máquina de fumaça',false,1);
insert into public.quiz_options (question_id,texto,correta,ordem) values ('b4a2b14b-9e45-4a8a-a5eb-3147a0308db7','Cabos de qualidade e suporte para o equipamento',true,2);
insert into public.quiz_options (question_id,texto,correta,ordem) values ('b4a2b14b-9e45-4a8a-a5eb-3147a0308db7','Telão de LED',false,3);
insert into public.quiz_options (question_id,texto,correta,ordem) values ('b4a2b14b-9e45-4a8a-a5eb-3147a0308db7','Microfone sem fio profissional',false,4);
insert into public.modules (id,course_id,titulo,ordem) values ('ac8772a7-b927-4957-8188-5cb4df26146a','8febe92b-ca5e-48ce-ab73-0e672fadd3c0','Conhecendo a Música',3);
insert into public.lessons (id,module_id,titulo,tipo,conteudo_rico,duracao_min,ordem,tem_quiz,preview_gratis) values ('17c7b7f4-f63f-4750-8ab4-b198a9a8f613','ac8772a7-b927-4957-8188-5cb4df26146a','BPM e gênero musical','texto','<p><strong>Para começar:</strong> Entender o BPM é essencial para fazer mixagens suaves e controlar a energia do set. É o conceito que conecta uma música à outra de forma harmoniosa.</p><p>BPM é o que permite sincronizar músicas, construir energia e manter a pista em movimento. Nesta aula você aprende o que é, como cada gênero se comporta e como usar o pitch para casar faixas.</p><ul><li><strong>O que é BPM:</strong> BPM significa Batidas Por Minuto: a medida da velocidade da música. Uma faixa de 120 BPM tem 120 batidas por minuto (2 por segundo). 70 BPM é lento (hip hop); 130 BPM é rápido (techno). DJs usam o BPM para sincronizar músicas e fazer transições suaves.</li><li><strong>BPM por gênero:</strong> Cada estilo tem uma faixa típica: Hip Hop 70–100 (ideal para scratch), Reggaeton 80–100, Funk Carioca 120–130, House 120–128, Techno 125–135, Drum and Bass 160–180, Trap 65–75 (double-time até 140), Pop 90–120 e Sertanejo Universitário 95–110. Quando os BPMs são próximos, a mixagem é mais fácil.</li><li><strong>Alterando o BPM (pitch adjustment):</strong> Nos equipamentos você ajusta o BPM com o pitch fader para sincronizar duas músicas. Regra básica: não altere demais; passar de 6% para cima ou para baixo muda o som natural da faixa (vozes e graves ficam estranhos).</li><li><strong>Escolhendo músicas para mixar:</strong> Antes de tocar, observe o BPM original, verifique a tonalidade (key) se possível e prepare faixas próximas em BPM ou que dê para "esticar" sem perder qualidade. Exemplo: para passar de um house de 124 BPM a um techno de 130, suba o house a ~126 e baixe o techno a ~128; a transição fica quase imperceptível.</li><li><strong>Construindo energia com BPM:</strong> Suba o BPM aos poucos para aumentar a energia ou diminua para criar uma quebra. Exemplo de set: começo House 122 (aquecimento), meio Tech House 126 (pista cheia), pico Techno 130 (explosão) e final Melodic Techno 124 (desaceleração).</li></ul><p><strong>Na prática:</strong> Escolha 10 músicas de estilos diferentes e anote o nome, o gênero e o BPM de cada uma. Organize-as em ordem crescente de BPM, do mais lento ao mais rápido. Depois, tente montar uma pequena sequência mixando faixas vizinhas: você vai perceber na prática como BPMs próximos tornam a transição muito mais fácil.</p><h4>Resumo</h4><ul><li>BPM é a velocidade da música em batidas por minuto e guia toda a mixagem</li><li>Cada gênero tem sua faixa de BPM; faixas próximas são mais fáceis de mixar</li><li>O pitch casa BPMs, mas não passe de ~6% para não distorcer o som</li></ul>',15,1,true,false);
insert into public.quizzes (id,lesson_id,titulo) values ('fbf9e931-9ca3-49ec-8bde-33f41e6e52bc','17c7b7f4-f63f-4750-8ab4-b198a9a8f613','Quiz — BPM e gênero musical');
insert into public.quiz_questions (id,quiz_id,texto,explicacao,ordem,pontos) values ('c97b00da-5b4c-41d6-a8ff-d0786848011c','fbf9e931-9ca3-49ec-8bde-33f41e6e52bc','O que significa BPM?','BPM é Batidas Por Minuto, a medida da velocidade da música.',1,1);
insert into public.quiz_options (question_id,texto,correta,ordem) values ('c97b00da-5b4c-41d6-a8ff-d0786848011c','Batidas Por Música',false,1);
insert into public.quiz_options (question_id,texto,correta,ordem) values ('c97b00da-5b4c-41d6-a8ff-d0786848011c','Batidas Por Minuto',true,2);
insert into public.quiz_options (question_id,texto,correta,ordem) values ('c97b00da-5b4c-41d6-a8ff-d0786848011c','Barras Por Mixagem',false,3);
insert into public.quiz_options (question_id,texto,correta,ordem) values ('c97b00da-5b4c-41d6-a8ff-d0786848011c','Bits Por Minuto',false,4);
insert into public.quiz_questions (id,quiz_id,texto,explicacao,ordem,pontos) values ('d8563162-649d-46c2-a5be-844862a99fe0','fbf9e931-9ca3-49ec-8bde-33f41e6e52bc','Qual é a regra básica ao ajustar o pitch para casar BPMs?','Alterar mais de ~6% muda o som natural da música, distorcendo vozes e graves.',2,1);
insert into public.quiz_options (question_id,texto,correta,ordem) values ('d8563162-649d-46c2-a5be-844862a99fe0','Pode alterar o quanto quiser',false,1);
insert into public.quiz_options (question_id,texto,correta,ordem) values ('d8563162-649d-46c2-a5be-844862a99fe0','Não passar de cerca de 6% para cima ou para baixo',true,2);
insert into public.quiz_options (question_id,texto,correta,ordem) values ('d8563162-649d-46c2-a5be-844862a99fe0','Sempre dobrar o BPM',false,3);
insert into public.quiz_options (question_id,texto,correta,ordem) values ('d8563162-649d-46c2-a5be-844862a99fe0','Nunca usar o pitch',false,4);
insert into public.quiz_questions (id,quiz_id,texto,explicacao,ordem,pontos) values ('d8481e2e-2492-4769-88da-0dfc40483c65','fbf9e931-9ca3-49ec-8bde-33f41e6e52bc','Por que a mixagem fica mais fácil quando os BPMs são próximos?','BPMs próximos exigem pouco ajuste para alinhar as batidas, deixando a transição suave.',3,1);
insert into public.quiz_options (question_id,texto,correta,ordem) values ('d8481e2e-2492-4769-88da-0dfc40483c65','Porque as músicas tocam sozinhas',false,1);
insert into public.quiz_options (question_id,texto,correta,ordem) values ('d8481e2e-2492-4769-88da-0dfc40483c65','Porque as batidas se alinham com pouco ajuste de pitch',true,2);
insert into public.quiz_options (question_id,texto,correta,ordem) values ('d8481e2e-2492-4769-88da-0dfc40483c65','Porque o público não percebe',false,3);
insert into public.quiz_options (question_id,texto,correta,ordem) values ('d8481e2e-2492-4769-88da-0dfc40483c65','Porque elimina a necessidade de fone',false,4);
insert into public.quiz_questions (id,quiz_id,texto,explicacao,ordem,pontos) values ('b88bebae-5d6a-4dab-896c-3d8b185bdffa','fbf9e931-9ca3-49ec-8bde-33f41e6e52bc','Numa típica construção de set, o pico costuma ter:','No pico, o BPM mais alto (ex.: Techno 130) leva a pista à explosão de energia.',4,1);
insert into public.quiz_options (question_id,texto,correta,ordem) values ('b88bebae-5d6a-4dab-896c-3d8b185bdffa','O menor BPM da noite',false,1);
insert into public.quiz_options (question_id,texto,correta,ordem) values ('b88bebae-5d6a-4dab-896c-3d8b185bdffa','Um BPM mais alto e enérgico (ex.: techno 130)',true,2);
insert into public.quiz_options (question_id,texto,correta,ordem) values ('b88bebae-5d6a-4dab-896c-3d8b185bdffa','Apenas músicas lentas',false,3);
insert into public.quiz_options (question_id,texto,correta,ordem) values ('b88bebae-5d6a-4dab-896c-3d8b185bdffa','Nenhuma batida',false,4);
insert into public.lessons (id,module_id,titulo,tipo,conteudo_rico,duracao_min,ordem,tem_quiz,preview_gratis) values ('da6e1fb2-dad0-42e6-b44d-770ab6caae8c','ac8772a7-b927-4957-8188-5cb4df26146a','Estrutura de uma música para DJs','texto','<p><strong>Para começar:</strong> Saber onde começam e terminam as partes de uma música é o que permite mixar no momento certo. Esta aula ensina a "ler" a estrutura de uma faixa.</p><p>A maioria das músicas (eletrônicas, pop, hip hop e funk) segue uma estrutura que se repete em partes típicas. Reconhecer cada parte mostra exatamente onde entrar e sair com a próxima música.</p><ul><li><strong>Intro (introdução):</strong> Parte inicial, geralmente instrumental e simples. Ideal para a mixagem de entrada, encaixando a transição da música anterior. Sempre escute a intro para planejar onde colocar a próxima faixa.</li><li><strong>Verso:</strong> Onde entra o vocal ou o tema principal. Energia média, preparando o ouvinte para o build-up. Evite transições em cima de versos, pois podem confundir o público.</li><li><strong>Build-up (construção):</strong> Crescendo gradual de tensão: bateria acelerando, efeitos de subida (risers) e silêncio estratégico antes do drop. O build-up avisa que o drop vem aí; prepare a transição para antes ou logo depois dele.</li><li><strong>Drop:</strong> O ponto alto: refrão principal, batidas pesadas e linhas de baixo fortes. É onde a pista enlouquece. Evite misturar no meio do drop, pois o público quer sentir o impacto inteiro.</li><li><strong>Breakdown (quebra):</strong> Redução de energia, com melodias suaves, vocais isolados e menos bateria. Serve para dar uma "respirada" antes de um novo build-up. Excelente momento para preparar a próxima música, especialmente se quiser mudar de vibe.</li><li><strong>Outro:</strong> Parte final, instrumental ou com poucos elementos. Assim como a intro, facilita a saída de uma música e a entrada de outra sem cortes bruscos.</li><li><strong>Exemplo de estrutura (House):</strong> 00:00 Intro (16 compassos), 00:32 Verso, 01:04 Build-up, 01:20 Drop, 02:00 Verso 2, 02:32 Build-up, 02:48 Drop 2, 03:30 Breakdown, 04:00 Drop final, 04:30 Outro. Cada compasso tem 4 batidas, e cada parte costuma ter múltiplos de 8 ou 16 compassos.</li></ul><p><strong>Na prática:</strong> Pegue uma música eletrônica que você curte e mapeie no papel onde ficam intro, build-up, drop, breakdown e outro, anotando os tempos. Depois, planeje começar a próxima música durante a intro ou o outro, e nunca no meio do drop. Esse mapa é o que vai guiar suas transições no momento exato.</p><h4>Resumo</h4><ul><li>Músicas seguem partes típicas: intro, verso, build-up, drop, breakdown e outro</li><li>Intro e outro são os melhores pontos para entrar e sair com a próxima música</li><li>Nunca mixe no meio do drop; o público quer sentir o impacto inteiro</li></ul>',14,2,true,false);
insert into public.quizzes (id,lesson_id,titulo) values ('2973d6df-8277-458b-8229-73d442c65ef1','da6e1fb2-dad0-42e6-b44d-770ab6caae8c','Quiz — Estrutura de uma música para DJs');
insert into public.quiz_questions (id,quiz_id,texto,explicacao,ordem,pontos) values ('4e0cf52c-b3bd-4e1c-b38f-916a3e4cea5d','2973d6df-8277-458b-8229-73d442c65ef1','Qual parte da música é a mais indicada para iniciar a transição de entrada?','A intro é geralmente instrumental e simples, ideal para encaixar a música anterior.',1,1);
insert into public.quiz_options (question_id,texto,correta,ordem) values ('4e0cf52c-b3bd-4e1c-b38f-916a3e4cea5d','O drop',false,1);
insert into public.quiz_options (question_id,texto,correta,ordem) values ('4e0cf52c-b3bd-4e1c-b38f-916a3e4cea5d','A intro',true,2);
insert into public.quiz_options (question_id,texto,correta,ordem) values ('4e0cf52c-b3bd-4e1c-b38f-916a3e4cea5d','O verso',false,3);
insert into public.quiz_options (question_id,texto,correta,ordem) values ('4e0cf52c-b3bd-4e1c-b38f-916a3e4cea5d','O auge do refrão',false,4);
insert into public.quiz_questions (id,quiz_id,texto,explicacao,ordem,pontos) values ('5ac3395e-58ea-4655-999e-406b8cd9ce04','2973d6df-8277-458b-8229-73d442c65ef1','Por que evitar mixar no meio do drop?','O drop é o ponto alto; cortá-lo no meio tira o impacto que a pista espera.',2,1);
insert into public.quiz_options (question_id,texto,correta,ordem) values ('5ac3395e-58ea-4655-999e-406b8cd9ce04','Porque o software trava',false,1);
insert into public.quiz_options (question_id,texto,correta,ordem) values ('5ac3395e-58ea-4655-999e-406b8cd9ce04','Porque o público quer sentir o impacto completo do drop',true,2);
insert into public.quiz_options (question_id,texto,correta,ordem) values ('5ac3395e-58ea-4655-999e-406b8cd9ce04','Porque o BPM muda sozinho',false,3);
insert into public.quiz_options (question_id,texto,correta,ordem) values ('5ac3395e-58ea-4655-999e-406b8cd9ce04','Porque o drop não tem batida',false,4);
insert into public.quiz_questions (id,quiz_id,texto,explicacao,ordem,pontos) values ('73bfaeac-f502-47ba-bcee-078c29f9e431','2973d6df-8277-458b-8229-73d442c65ef1','O que caracteriza o build-up?','O build-up constrói tensão com risers e silêncios estratégicos, anunciando o drop.',3,1);
insert into public.quiz_options (question_id,texto,correta,ordem) values ('73bfaeac-f502-47ba-bcee-078c29f9e431','Redução total de energia',false,1);
insert into public.quiz_options (question_id,texto,correta,ordem) values ('73bfaeac-f502-47ba-bcee-078c29f9e431','Crescendo de tensão com risers e bateria acelerando antes do drop',true,2);
insert into public.quiz_options (question_id,texto,correta,ordem) values ('73bfaeac-f502-47ba-bcee-078c29f9e431','O fim da música',false,3);
insert into public.quiz_options (question_id,texto,correta,ordem) values ('73bfaeac-f502-47ba-bcee-078c29f9e431','O vocal principal isolado',false,4);
insert into public.quiz_questions (id,quiz_id,texto,explicacao,ordem,pontos) values ('be415aef-ab7a-43ed-af23-8c6dda81500b','2973d6df-8277-458b-8229-73d442c65ef1','Quantas batidas costuma ter cada compasso?','Cada compasso geralmente tem 4 batidas, e as seções vêm em múltiplos de 8 ou 16 compassos.',4,1);
insert into public.quiz_options (question_id,texto,correta,ordem) values ('be415aef-ab7a-43ed-af23-8c6dda81500b','2',false,1);
insert into public.quiz_options (question_id,texto,correta,ordem) values ('be415aef-ab7a-43ed-af23-8c6dda81500b','4',true,2);
insert into public.quiz_options (question_id,texto,correta,ordem) values ('be415aef-ab7a-43ed-af23-8c6dda81500b','8',false,3);
insert into public.quiz_options (question_id,texto,correta,ordem) values ('be415aef-ab7a-43ed-af23-8c6dda81500b','16',false,4);
insert into public.lessons (id,module_id,titulo,tipo,conteudo_rico,duracao_min,ordem,tem_quiz,preview_gratis) values ('b808465e-553b-4f5f-b84d-a2d3008555e1','ac8772a7-b927-4957-8188-5cb4df26146a','Como analisar uma música para mixar melhor','texto','<p><strong>Para começar:</strong> Antes de tocar, o DJ "prepara" cada faixa. Esta aula reúne BPM, tonalidade e estrutura num método prático de análise que melhora todas as suas mixagens.</p><p>Analisar uma música é juntar tudo o que você aprendeu sobre BPM e estrutura para decidir como e quando ela entra no set. Os softwares ajudam, mas o ouvido e a preparação são seus maiores aliados.</p><ul><li><strong>BPM e tonalidade (key):</strong> Comece anotando o BPM e, quando possível, a tonalidade. Faixas em tons compatíveis soam harmônicas juntas; muitos softwares mostram a key e até sugerem combinações (mixagem harmônica). BPMs próximos facilitam o casamento das batidas.</li><li><strong>Mapeando a estrutura:</strong> Identifique intro, build-up, drop, breakdown e outro. Saber onde estão essas partes define os pontos de entrada e saída e evita transições em cima de versos ou drops.</li><li><strong>Pontos de mixagem:</strong> Marque mentalmente (ou com hot cues) onde a faixa entra e onde sai. O ideal é casar o outro/breakdown de uma música com a intro da próxima, mantendo as batidas alinhadas.</li><li><strong>Energia e momento do set:</strong> Avalie a energia da faixa: é de aquecimento, de pico ou de desaceleração? Isso define em que momento da noite ela cabe. Uma música de pico tocada cedo demais pode esvaziar a curva de energia.</li><li><strong>Preparação prévia (prep):</strong> Antes do show, ouça suas faixas inteiras, organize-as por BPM e energia, e deixe hot cues e loops prontos. DJs profissionais preparam a biblioteca com antecedência; improviso bom nasce de boa preparação.</li></ul><p><strong>Na prática:</strong> Pegue 5 músicas que pretende tocar e preencha uma pequena ficha para cada uma: BPM, tonalidade (se o software mostrar), onde estão a intro e o outro, e o nível de energia (baixa, média, alta). Com essas fichas em mãos, monte a ordem de tocar. Você vai notar que sabe exatamente quando começar e quando sair de cada faixa.</p><h4>Resumo</h4><ul><li>Analisar é cruzar BPM, tonalidade e estrutura para decidir entrada e saída</li><li>Tons compatíveis e BPMs próximos deixam a mixagem harmônica e suave</li><li>Preparar a biblioteca com antecedência é o segredo de um set fluido</li></ul>',12,3,true,false);
insert into public.quizzes (id,lesson_id,titulo) values ('4ad9031a-36a5-4855-b41e-f1db439bbcaf','b808465e-553b-4f5f-b84d-a2d3008555e1','Quiz — Como analisar uma música para mixar melhor');
insert into public.quiz_questions (id,quiz_id,texto,explicacao,ordem,pontos) values ('be18ffe9-009d-4298-8ac2-8afb1082616a','4ad9031a-36a5-4855-b41e-f1db439bbcaf','O que torna duas músicas harmônicas quando tocadas juntas?','Faixas em tonalidades compatíveis soam harmônicas; é a base da mixagem harmônica.',1,1);
insert into public.quiz_options (question_id,texto,correta,ordem) values ('be18ffe9-009d-4298-8ac2-8afb1082616a','Terem o mesmo nome',false,1);
insert into public.quiz_options (question_id,texto,correta,ordem) values ('be18ffe9-009d-4298-8ac2-8afb1082616a','Tons (keys) compatíveis',true,2);
insert into public.quiz_options (question_id,texto,correta,ordem) values ('be18ffe9-009d-4298-8ac2-8afb1082616a','Terem o mesmo título de álbum',false,3);
insert into public.quiz_options (question_id,texto,correta,ordem) values ('be18ffe9-009d-4298-8ac2-8afb1082616a','Serem do mesmo ano',false,4);
insert into public.quiz_questions (id,quiz_id,texto,explicacao,ordem,pontos) values ('90dee6b9-b35a-4d74-9845-3485b39363bd','4ad9031a-36a5-4855-b41e-f1db439bbcaf','Qual é o melhor casamento de seções entre duas faixas?','Casar o outro ou breakdown de uma faixa com a intro da próxima cria transições limpas.',2,1);
insert into public.quiz_options (question_id,texto,correta,ordem) values ('90dee6b9-b35a-4d74-9845-3485b39363bd','Drop com drop',false,1);
insert into public.quiz_options (question_id,texto,correta,ordem) values ('90dee6b9-b35a-4d74-9845-3485b39363bd','Verso com verso',false,2);
insert into public.quiz_options (question_id,texto,correta,ordem) values ('90dee6b9-b35a-4d74-9845-3485b39363bd','Outro/breakdown de uma com a intro da próxima',true,3);
insert into public.quiz_options (question_id,texto,correta,ordem) values ('90dee6b9-b35a-4d74-9845-3485b39363bd','Build-up com build-up',false,4);
insert into public.quiz_questions (id,quiz_id,texto,explicacao,ordem,pontos) values ('28ec4b28-7f35-4940-b401-2d2d94572275','4ad9031a-36a5-4855-b41e-f1db439bbcaf','Por que preparar a biblioteca antes do show é importante?','Organizar BPM, energia, hot cues e loops com antecedência dá fluidez e liberdade ao tocar.',3,1);
insert into public.quiz_options (question_id,texto,correta,ordem) values ('28ec4b28-7f35-4940-b401-2d2d94572275','Para deixar o set engessado',false,1);
insert into public.quiz_options (question_id,texto,correta,ordem) values ('28ec4b28-7f35-4940-b401-2d2d94572275','Porque um bom improviso nasce de boa preparação',true,2);
insert into public.quiz_options (question_id,texto,correta,ordem) values ('28ec4b28-7f35-4940-b401-2d2d94572275','Para não usar o software',false,3);
insert into public.quiz_options (question_id,texto,correta,ordem) values ('28ec4b28-7f35-4940-b401-2d2d94572275','Porque o público exige isso',false,4);
insert into public.modules (id,course_id,titulo,ordem) values ('14b6dff0-0497-4d6f-afe9-76c63b99708c','8febe92b-ca5e-48ce-ab73-0e672fadd3c0','Técnicas Básicas e Beatmatching',4);
insert into public.lessons (id,module_id,titulo,tipo,conteudo_rico,duracao_min,ordem,tem_quiz,preview_gratis) values ('46cdc703-f813-480f-a9f8-b97c32e4805e','14b6dff0-0497-4d6f-afe9-76c63b99708c','Operação dos equipamentos e configuração do setup','texto','<p><strong>Para começar:</strong> Antes de mixar, você precisa montar e operar o equipamento com segurança. Esta aula cobre a configuração do setup e o uso básico de mixer, decks, pitch e jog wheels.</p><p>Dominar a operação é a base de tudo. Aqui você aprende a conectar e configurar seu setup e a entender o que cada controle do mixer e dos decks faz, incluindo pitch control e jog wheels.</p><ul><li><strong>Configurando seu setup:</strong> Conecte a controladora ao notebook por USB, abra o software e confira se ele reconhece o equipamento. Ligue a saída de áudio nas caixas e o fone na saída de monitoração. Ajuste o gain de entrada para o som não distorcer. Teste tudo antes de qualquer apresentação.</li><li><strong>Decks (tocadores):</strong> Cada deck toca uma música. Você dá play/pause, navega na faixa e ajusta a velocidade. Em geral o DJ trabalha com dois decks: enquanto um toca para o público, o outro é preparado no fone.</li><li><strong>Noções de mixer:</strong> O mixer tem um canal para cada deck. Use o fader (line fader) para o volume de cada canal, o crossfader para passar de um deck ao outro e o EQ de 3 bandas (graves, médios, agudos) para equilibrar as músicas. O botão de cue/PFL envia o canal para o fone sem mandar ao público.</li><li><strong>Pitch control:</strong> O pitch fader ajusta a velocidade (BPM) da música. É com ele que você alinha o BPM de duas faixas para o beatmatching. Lembre da regra de não passar muito de ~6% para não distorcer o som.</li><li><strong>Jog wheels:</strong> O jog wheel é o prato giratório. Use-o para dar nudge (pequenos empurrões para adiantar ou atrasar a batida e alinhar com a outra música) e, em alguns modos, para fazer scratch ou buscar pontos na faixa. É o controle fino do beatmatching manual.</li><li><strong>Gain, headroom e níveis:</strong> Mantenha os medidores de volume na faixa ideal (sem estourar no vermelho). Equilibre o gain dos canais para que as músicas tenham volume parecido na transição, evitando saltos de volume na pista.</li></ul><p><strong>Na prática:</strong> Monte seu setup do zero: conecte a controladora, abra o software, coloque uma música em cada deck e ajuste os ganhos até os medidores ficarem no verde/amarelo, sem estourar. Em seguida, brinque com cada controle isoladamente: mova o crossfader de um lado ao outro, abaixe os graves de um canal pelo EQ e dê um nudge no jog wheel. Conhecer cada botão na ponta dos dedos é o que dá segurança no ao vivo.</p><h4>Resumo</h4><ul><li>Configure e teste todo o setup antes de qualquer apresentação</li><li>O mixer controla volume (faders/crossfader), EQ e monitoração (cue)</li><li>Pitch fader ajusta o BPM e o jog wheel faz o ajuste fino da batida</li></ul>',14,1,true,false);
insert into public.quizzes (id,lesson_id,titulo) values ('40ad25ab-8b5d-444f-ba5e-b28f51d7682c','46cdc703-f813-480f-a9f8-b97c32e4805e','Quiz — Operação dos equipamentos e configuração do setup');
insert into public.quiz_questions (id,quiz_id,texto,explicacao,ordem,pontos) values ('55704198-a4b4-46fa-a640-01632aeacffb','40ad25ab-8b5d-444f-ba5e-b28f51d7682c','Para que serve o botão de cue (PFL) no mixer?','O cue/PFL manda o canal para o fone, permitindo preparar a próxima música em silêncio para a pista.',1,1);
insert into public.quiz_options (question_id,texto,correta,ordem) values ('55704198-a4b4-46fa-a640-01632aeacffb','Aumentar o volume da pista',false,1);
insert into public.quiz_options (question_id,texto,correta,ordem) values ('55704198-a4b4-46fa-a640-01632aeacffb','Enviar o canal só para o fone, sem ir ao público',true,2);
insert into public.quiz_options (question_id,texto,correta,ordem) values ('55704198-a4b4-46fa-a640-01632aeacffb','Gravar o set',false,3);
insert into public.quiz_options (question_id,texto,correta,ordem) values ('55704198-a4b4-46fa-a640-01632aeacffb','Ligar os efeitos',false,4);
insert into public.quiz_questions (id,quiz_id,texto,explicacao,ordem,pontos) values ('a3608fd9-8ea5-4d8e-b1d3-84c74c3ec26b','40ad25ab-8b5d-444f-ba5e-b28f51d7682c','Qual controle ajusta a velocidade (BPM) da música?','O pitch fader altera a velocidade da faixa e é usado para alinhar o BPM de duas músicas.',2,1);
insert into public.quiz_options (question_id,texto,correta,ordem) values ('a3608fd9-8ea5-4d8e-b1d3-84c74c3ec26b','O crossfader',false,1);
insert into public.quiz_options (question_id,texto,correta,ordem) values ('a3608fd9-8ea5-4d8e-b1d3-84c74c3ec26b','O pitch fader',true,2);
insert into public.quiz_options (question_id,texto,correta,ordem) values ('a3608fd9-8ea5-4d8e-b1d3-84c74c3ec26b','O EQ de graves',false,3);
insert into public.quiz_options (question_id,texto,correta,ordem) values ('a3608fd9-8ea5-4d8e-b1d3-84c74c3ec26b','O botão de cue',false,4);
insert into public.quiz_questions (id,quiz_id,texto,explicacao,ordem,pontos) values ('fde0eaf5-710a-4db0-967a-f6cf69cde4ee','40ad25ab-8b5d-444f-ba5e-b28f51d7682c','Para que serve dar um "nudge" no jog wheel?','Pequenos empurrões no jog wheel adiantam ou atrasam a batida no ajuste fino do beatmatching.',3,1);
insert into public.quiz_options (question_id,texto,correta,ordem) values ('fde0eaf5-710a-4db0-967a-f6cf69cde4ee','Aumentar o gain',false,1);
insert into public.quiz_options (question_id,texto,correta,ordem) values ('fde0eaf5-710a-4db0-967a-f6cf69cde4ee','Adiantar ou atrasar levemente a batida para alinhá-la com a outra música',true,2);
insert into public.quiz_options (question_id,texto,correta,ordem) values ('fde0eaf5-710a-4db0-967a-f6cf69cde4ee','Trocar de música',false,3);
insert into public.quiz_options (question_id,texto,correta,ordem) values ('fde0eaf5-710a-4db0-967a-f6cf69cde4ee','Desligar o canal',false,4);
insert into public.quiz_questions (id,quiz_id,texto,explicacao,ordem,pontos) values ('ad9f7049-5d3e-418f-8207-32b3b39a84e8','40ad25ab-8b5d-444f-ba5e-b28f51d7682c','O que indica que o gain está alto demais?','Medidores no vermelho indicam estouro de volume; mantenha-os no verde/amarelo para som limpo.',4,1);
insert into public.quiz_options (question_id,texto,correta,ordem) values ('ad9f7049-5d3e-418f-8207-32b3b39a84e8','Os medidores estouram no vermelho',true,1);
insert into public.quiz_options (question_id,texto,correta,ordem) values ('ad9f7049-5d3e-418f-8207-32b3b39a84e8','O fone para de funcionar',false,2);
insert into public.quiz_options (question_id,texto,correta,ordem) values ('ad9f7049-5d3e-418f-8207-32b3b39a84e8','A música acelera sozinha',false,3);
insert into public.quiz_options (question_id,texto,correta,ordem) values ('ad9f7049-5d3e-418f-8207-32b3b39a84e8','O crossfader trava',false,4);
insert into public.lessons (id,module_id,titulo,tipo,conteudo_rico,duracao_min,ordem,tem_quiz,preview_gratis) values ('79bb3e24-0745-4789-a64b-941307bbc314','14b6dff0-0497-4d6f-afe9-76c63b99708c','Beatmatching: alinhando as batidas','texto','<p><strong>Para começar:</strong> Beatmatching é a habilidade que define o DJ: fazer duas músicas tocarem no mesmo ritmo. Dominar isso é o passaporte para transições profissionais.</p><p>Beatmatching é o ato de sincronizar o BPM e alinhar as batidas de duas músicas para que toquem juntas sem ficar "desencontradas". Pode ser feito manualmente, treinando o ouvido, ou com a ajuda do sync automático. Nesta aula você aprende os dois caminhos.</p><ul><li><strong>O que é beatmatching:</strong> É deixar duas músicas no mesmo BPM e com as batidas alinhadas (kick com kick), de forma que se sobreponham sem conflito rítmico. É a base de toda transição suave entre faixas.</li><li><strong>Passo a passo manual:</strong> 1) Ouça a faixa que vai entrar no fone (cue). 2) Ajuste o pitch fader até o BPM bater com o da música no ar. 3) Use o jog wheel para alinhar o primeiro tempo (downbeat) das duas. 4) Corrija com pequenos nudges se uma adiantar ou atrasar. 5) Quando estiverem travadas, suba o canal no mix.</li><li><strong>Sync automático:</strong> A maioria dos softwares e controladoras tem o botão SYNC, que casa o BPM (e às vezes a fase) automaticamente. É prático e usado por muitos profissionais, mas pode falhar se a grade de batida (beatgrid) estiver mal analisada.</li><li><strong>Manual x automático:</strong> O sync agiliza, mas aprender o beatmatching manual treina seu ouvido, te salva quando o sync erra e dá controle total. A recomendação para iniciantes: pratique o manual para entender o ritmo, e use o sync como ferramenta, não como muleta.</li><li><strong>Treinando o ouvido:</strong> Comece com duas faixas de batida marcada e BPM parecido. Foque em ouvir quando os kicks estão "juntos" (um som só) ou "separados" (eco/duplicado). Reconhecer esse descompasso é a habilidade central do beatmatching.</li><li><strong>Erros comuns:</strong> Ajustar o pitch tarde demais, esquecer de alinhar o downbeat, confiar cegamente no sync com beatgrid errado e exagerar no pitch (acima de ~6%), distorcendo o som.</li></ul><p><strong>Na prática:</strong> Escolha duas músicas com batida bem marcada e BPM próximo. Coloque uma tocando nas caixas e a outra no fone. Ajuste o pitch da segunda até o BPM bater, e use o jog wheel para que os kicks soem como um só. Quando estiverem travadas, deixe as duas tocando juntas por 30 segundos só de batida. Repita até conseguir manter o alinhamento sem que escorregue: esse é o exercício que mais evolui um DJ iniciante.</p><h4>Resumo</h4><ul><li>Beatmatching é alinhar BPM e batidas de duas músicas (kick com kick)</li><li>O passo a passo manual usa pitch para o BPM e jog wheel para a fase</li><li>Sync agiliza, mas dominar o manual treina o ouvido e te salva quando ele falha</li></ul>',16,2,true,false);
insert into public.quizzes (id,lesson_id,titulo) values ('924803b0-a58f-41bf-9f25-75072320734d','79bb3e24-0745-4789-a64b-941307bbc314','Quiz — Beatmatching: alinhando as batidas');
insert into public.quiz_questions (id,quiz_id,texto,explicacao,ordem,pontos) values ('5f3fc2bb-2331-4f69-97e3-d8540ea4ac95','924803b0-a58f-41bf-9f25-75072320734d','O que é beatmatching?','Beatmatching é sincronizar BPM e fase (kick com kick) para uma sobreposição limpa.',1,1);
insert into public.quiz_options (question_id,texto,correta,ordem) values ('5f3fc2bb-2331-4f69-97e3-d8540ea4ac95','Aumentar o volume das duas músicas',false,1);
insert into public.quiz_options (question_id,texto,correta,ordem) values ('5f3fc2bb-2331-4f69-97e3-d8540ea4ac95','Alinhar o BPM e as batidas de duas músicas para tocarem juntas',true,2);
insert into public.quiz_options (question_id,texto,correta,ordem) values ('5f3fc2bb-2331-4f69-97e3-d8540ea4ac95','Trocar a tonalidade da faixa',false,3);
insert into public.quiz_options (question_id,texto,correta,ordem) values ('5f3fc2bb-2331-4f69-97e3-d8540ea4ac95','Adicionar efeitos no drop',false,4);
insert into public.quiz_questions (id,quiz_id,texto,explicacao,ordem,pontos) values ('27f147c7-a7b8-4f23-a887-8f56ebfbff06','924803b0-a58f-41bf-9f25-75072320734d','No beatmatching manual, qual controle alinha o BPM das faixas?','O pitch fader ajusta a velocidade até os BPMs baterem; o jog wheel faz o alinhamento fino.',2,1);
insert into public.quiz_options (question_id,texto,correta,ordem) values ('27f147c7-a7b8-4f23-a887-8f56ebfbff06','O jog wheel',false,1);
insert into public.quiz_options (question_id,texto,correta,ordem) values ('27f147c7-a7b8-4f23-a887-8f56ebfbff06','O pitch fader',true,2);
insert into public.quiz_options (question_id,texto,correta,ordem) values ('27f147c7-a7b8-4f23-a887-8f56ebfbff06','O crossfader',false,3);
insert into public.quiz_options (question_id,texto,correta,ordem) values ('27f147c7-a7b8-4f23-a887-8f56ebfbff06','O botão de cue',false,4);
insert into public.quiz_questions (id,quiz_id,texto,explicacao,ordem,pontos) values ('40ec660a-ba87-428a-9c83-076bb673c9f8','924803b0-a58f-41bf-9f25-75072320734d','Qual é a desvantagem de confiar cegamente no botão SYNC?','O sync depende da grade de batida; se a análise estiver errada, a sincronização falha.',3,1);
insert into public.quiz_options (question_id,texto,correta,ordem) values ('40ec660a-ba87-428a-9c83-076bb673c9f8','Ele aumenta o volume sem avisar',false,1);
insert into public.quiz_options (question_id,texto,correta,ordem) values ('40ec660a-ba87-428a-9c83-076bb673c9f8','Pode falhar se a beatgrid estiver mal analisada',true,2);
insert into public.quiz_options (question_id,texto,correta,ordem) values ('40ec660a-ba87-428a-9c83-076bb673c9f8','Ele apaga as músicas',false,3);
insert into public.quiz_options (question_id,texto,correta,ordem) values ('40ec660a-ba87-428a-9c83-076bb673c9f8','Ele só funciona em vinil',false,4);
insert into public.quiz_questions (id,quiz_id,texto,explicacao,ordem,pontos) values ('894b1fdd-14e4-431b-a8f8-5351ab21416b','924803b0-a58f-41bf-9f25-75072320734d','Como o ouvido percebe que duas batidas estão alinhadas?','Batidas alinhadas soam como um único kick; desalinhadas geram eco ou batida dupla.',4,1);
insert into public.quiz_options (question_id,texto,correta,ordem) values ('894b1fdd-14e4-431b-a8f8-5351ab21416b','Os kicks soam como um som só, não duplicado',true,1);
insert into public.quiz_options (question_id,texto,correta,ordem) values ('894b1fdd-14e4-431b-a8f8-5351ab21416b','A música fica mais alta',false,2);
insert into public.quiz_options (question_id,texto,correta,ordem) values ('894b1fdd-14e4-431b-a8f8-5351ab21416b','O pitch zera sozinho',false,3);
insert into public.quiz_options (question_id,texto,correta,ordem) values ('894b1fdd-14e4-431b-a8f8-5351ab21416b','O fone desliga',false,4);
insert into public.modules (id,course_id,titulo,ordem) values ('cf71062d-3e8a-4524-a1a0-05f91cfa7ad5','8febe92b-ca5e-48ce-ab73-0e672fadd3c0','Mixagem, Performance e Set',5);
insert into public.lessons (id,module_id,titulo,tipo,conteudo_rico,duracao_min,ordem,tem_quiz,preview_gratis) values ('127588cc-7f55-4ba2-9904-7d85eedb7d8a','cf71062d-3e8a-4524-a1a0-05f91cfa7ad5','Mixagem básica: transições suaves','texto','<p><strong>Para começar:</strong> Saber alinhar batidas é metade do caminho; a outra é fazer a troca de músicas soar natural. Esta aula ensina os principais tipos de transição.</p><p>Uma transição é a passagem de uma música para outra. Feita bem, é imperceptível e mantém a pista dançando; feita mal, quebra a energia. Aqui você aprende as técnicas essenciais, do corte seco à equalização cruzada.</p><ul><li><strong>Corte seco (cut):</strong> Troca direta de uma música para outra, geralmente no tempo certo (no início de um compasso). Funciona bem em hip hop, funk e quando você quer um impacto, mas exige timing preciso para não soar abrupto.</li><li><strong>Fade in / fade out:</strong> Subir gradualmente o volume da música que entra enquanto baixa o da que sai, usando os faders. Simples e eficaz, especialmente usando as intros e outros das faixas.</li><li><strong>Equalização cruzada (EQ blending):</strong> A transição mais profissional: com as duas faixas em beatmatch, você "troca" as frequências. Vai baixando os graves da música que sai e subindo os da que entra (dois kicks juntos embolam, então só um deve dominar o grave por vez), fazendo o mesmo com médios e agudos. A troca fica fluida e sem conflito de batidas.</li><li><strong>O papel do crossfader e dos faders:</strong> O crossfader desloca o áudio entre os dois decks; os line faders controlam o volume de cada canal. Em muitas transições por EQ, o crossfader fica no centro e o trabalho é feito pelos EQs e faders.</li><li><strong>Onde fazer a transição:</strong> Use a estrutura: entre durante a intro da nova música e saia pelo outro ou breakdown da atual. Evite trocar em cima de drops ou versos com vocal forte para não confundir o público.</li><li><strong>Comprimento da transição:</strong> Transições curtas (corte) dão impacto; longas (blend de 16 a 32 compassos) criam fluidez. Escolha conforme o gênero e o momento do set.</li></ul><p><strong>Na prática:</strong> Pegue duas faixas já com BPM casado. Comece a próxima ainda na intro com os graves abaixados no EQ. Quando as batidas estiverem travadas, vá tirando os graves da música que sai e subindo os da que entra, terminando com um fade do volume. Ouça como a troca acontece sem que a pista perceba o "corte". Repita variando entre corte seco e blend longo para sentir a diferença.</p><h4>Resumo</h4><ul><li>Tipos de transição: corte seco, fade in/out e equalização cruzada</li><li>No blend por EQ, só um kick deve dominar o grave de cada vez</li><li>Entre pela intro da nova faixa e saia pelo outro/breakdown da atual</li></ul>',15,1,true,false);
insert into public.quizzes (id,lesson_id,titulo) values ('d794d5f3-d4c3-48ce-98a2-e2068b5ffe08','127588cc-7f55-4ba2-9904-7d85eedb7d8a','Quiz — Mixagem básica: transições suaves');
insert into public.quiz_questions (id,quiz_id,texto,explicacao,ordem,pontos) values ('2e9212a5-f1c6-4006-8358-34bc704f6c5b','d794d5f3-d4c3-48ce-98a2-e2068b5ffe08','O que é a equalização cruzada (EQ blending)?','No EQ blending você troca as frequências entre as faixas, criando uma transição fluida.',1,1);
insert into public.quiz_options (question_id,texto,correta,ordem) values ('2e9212a5-f1c6-4006-8358-34bc704f6c5b','Trocar a música no meio do drop',false,1);
insert into public.quiz_options (question_id,texto,correta,ordem) values ('2e9212a5-f1c6-4006-8358-34bc704f6c5b','Ir trocando as frequências (graves, médios, agudos) entre as duas faixas',true,2);
insert into public.quiz_options (question_id,texto,correta,ordem) values ('2e9212a5-f1c6-4006-8358-34bc704f6c5b','Aumentar o volume das duas no máximo',false,3);
insert into public.quiz_options (question_id,texto,correta,ordem) values ('2e9212a5-f1c6-4006-8358-34bc704f6c5b','Desligar o crossfader',false,4);
insert into public.quiz_questions (id,quiz_id,texto,explicacao,ordem,pontos) values ('a2c235a3-a8d8-4fe5-a67d-d06952468984','d794d5f3-d4c3-48ce-98a2-e2068b5ffe08','Por que evitar dois graves (kicks) dominando ao mesmo tempo na transição?','Dois kicks dominando juntos criam conflito; o ideal é que só um grave domine por vez.',2,1);
insert into public.quiz_options (question_id,texto,correta,ordem) values ('a2c235a3-a8d8-4fe5-a67d-d06952468984','Porque estoura o equipamento',false,1);
insert into public.quiz_options (question_id,texto,correta,ordem) values ('a2c235a3-a8d8-4fe5-a67d-d06952468984','Porque os graves embolam e a batida fica suja',true,2);
insert into public.quiz_options (question_id,texto,correta,ordem) values ('a2c235a3-a8d8-4fe5-a67d-d06952468984','Porque o BPM muda',false,3);
insert into public.quiz_options (question_id,texto,correta,ordem) values ('a2c235a3-a8d8-4fe5-a67d-d06952468984','Porque o fone desliga',false,4);
insert into public.quiz_questions (id,quiz_id,texto,explicacao,ordem,pontos) values ('f71eab17-5206-4b94-b51e-0aff70fa62e2','d794d5f3-d4c3-48ce-98a2-e2068b5ffe08','Qual é o melhor ponto para iniciar a próxima música na transição?','A intro costuma ser instrumental e limpa, ideal para encaixar a nova faixa.',3,1);
insert into public.quiz_options (question_id,texto,correta,ordem) values ('f71eab17-5206-4b94-b51e-0aff70fa62e2','No meio do drop',false,1);
insert into public.quiz_options (question_id,texto,correta,ordem) values ('f71eab17-5206-4b94-b51e-0aff70fa62e2','Durante a intro da nova faixa',true,2);
insert into public.quiz_options (question_id,texto,correta,ordem) values ('f71eab17-5206-4b94-b51e-0aff70fa62e2','No verso com vocal',false,3);
insert into public.quiz_options (question_id,texto,correta,ordem) values ('f71eab17-5206-4b94-b51e-0aff70fa62e2','No clímax do refrão',false,4);
insert into public.quiz_questions (id,quiz_id,texto,explicacao,ordem,pontos) values ('ec36452a-dde2-44bd-8dd4-11b4d6d5917b','d794d5f3-d4c3-48ce-98a2-e2068b5ffe08','Quando um corte seco funciona bem?','O corte seco dá impacto, mas exige timing no início do compasso para não soar abrupto.',4,1);
insert into public.quiz_options (question_id,texto,correta,ordem) values ('ec36452a-dde2-44bd-8dd4-11b4d6d5917b','Em transições longas e melódicas',false,1);
insert into public.quiz_options (question_id,texto,correta,ordem) values ('ec36452a-dde2-44bd-8dd4-11b4d6d5917b','Quando se quer impacto, com timing preciso no compasso',true,2);
insert into public.quiz_options (question_id,texto,correta,ordem) values ('ec36452a-dde2-44bd-8dd4-11b4d6d5917b','Sempre, em qualquer gênero',false,3);
insert into public.quiz_options (question_id,texto,correta,ordem) values ('ec36452a-dde2-44bd-8dd4-11b4d6d5917b','Apenas no breakdown',false,4);
insert into public.lessons (id,module_id,titulo,tipo,conteudo_rico,duracao_min,ordem,tem_quiz,preview_gratis) values ('c29e42f1-f1f4-43ac-bbe2-924069713089','cf71062d-3e8a-4524-a1a0-05f91cfa7ad5','Construção de um set','texto','<p><strong>Para começar:</strong> Um set não é uma playlist no aleatório: é uma jornada com começo, meio e fim. Esta aula ensina a escolher músicas e contar uma história sonora.</p><p>Construir um set é organizar suas músicas de forma que a energia da pista suba, se mantenha e desça nos momentos certos. É o que separa quem só toca faixas de quem cria uma experiência.</p><ul><li><strong>Escolha de músicas: energia, tom e harmonia:</strong> Selecione faixas pensando em três fatores: o nível de energia (aquecimento, pico, descanso), a tonalidade (keys compatíveis soam harmônicas) e o BPM (próximos facilitam a mixagem). Combinar esses três cria um fluxo coeso.</li><li><strong>Storytelling musical:</strong> Um bom set conta uma história: tem aquecimento, construção, pico e desfecho. Pense nele como uma "viagem sonora" onde cada música prepara a próxima e leva o público por diferentes emoções, sem altos e baixos aleatórios.</li><li><strong>A curva de energia:</strong> Estruture a energia ao longo do tempo. Exemplo prático já visto: começar com House 122 BPM (aquecimento), ir para Tech House 126 (pista cheia), chegar ao pico com Techno 130 (explosão) e desacelerar com Melodic Techno 124. Suba aos poucos e use quebras para respirar.</li><li><strong>Preparando para diferentes eventos:</strong> Adapte o set ao contexto: um aquecimento (warm-up) pede energia contida; um horário de pico pede as faixas mais fortes; um casamento exige variedade de estilos para todas as idades; um club de techno pede coesão de gênero. Leia o briefing e o público antes de montar.</li><li><strong>Leitura de pista:</strong> Mesmo com o set planejado, observe a pista e ajuste em tempo real: se a pista responde, mantenha a vibe; se esfria, mude a energia. Planejamento dá segurança, mas flexibilidade mantém a pista cheia.</li><li><strong>Abertura e fechamento:</strong> Comece sem queimar suas melhores faixas cedo demais e guarde momentos fortes para o pico. No fim, desacelere para encerrar com elegância, em vez de cortar a energia de repente.</li></ul><p><strong>Na prática:</strong> Monte um set de 5 a 6 músicas com começo, meio e fim. Ordene-as por energia crescente até um pico e depois uma desaceleração, garantindo que BPMs vizinhos sejam próximos e, se possível, tonalidades compatíveis. Toque essa sequência inteira de ponta a ponta, fazendo as transições. Você vai perceber como a ordem certa transforma faixas soltas em uma jornada.</p><h4>Resumo</h4><ul><li>Escolha faixas por energia, tonalidade e BPM para um fluxo coeso</li><li>Um bom set conta uma história com aquecimento, pico e desfecho</li><li>Adapte ao evento e leia a pista para ajustar em tempo real</li></ul>',15,2,true,false);
insert into public.quizzes (id,lesson_id,titulo) values ('74ffe8f8-e0a1-4a0c-8008-defde2e0d8a6','c29e42f1-f1f4-43ac-bbe2-924069713089','Quiz — Construção de um set');
insert into public.quiz_questions (id,quiz_id,texto,explicacao,ordem,pontos) values ('1be05806-b558-4fef-b606-ead9865b25be','74ffe8f8-e0a1-4a0c-8008-defde2e0d8a6','Quais três fatores guiam a escolha de músicas para um set coeso?','Energia, tonalidade (keys compatíveis) e BPM próximos criam um fluxo harmônico.',1,1);
insert into public.quiz_options (question_id,texto,correta,ordem) values ('1be05806-b558-4fef-b606-ead9865b25be','Preço, ano e gravadora',false,1);
insert into public.quiz_options (question_id,texto,correta,ordem) values ('1be05806-b558-4fef-b606-ead9865b25be','Energia, tonalidade e BPM',true,2);
insert into public.quiz_options (question_id,texto,correta,ordem) values ('1be05806-b558-4fef-b606-ead9865b25be','Idioma, capa e duração',false,3);
insert into public.quiz_options (question_id,texto,correta,ordem) values ('1be05806-b558-4fef-b606-ead9865b25be','Volume, marca e formato',false,4);
insert into public.quiz_questions (id,quiz_id,texto,explicacao,ordem,pontos) values ('3e90c0c1-a0f5-469e-b815-6ea9c5c5d850','74ffe8f8-e0a1-4a0c-8008-defde2e0d8a6','O que significa fazer "storytelling musical" num set?','O set é uma viagem sonora: cada faixa prepara a próxima e guia as emoções da pista.',2,1);
insert into public.quiz_options (question_id,texto,correta,ordem) values ('3e90c0c1-a0f5-469e-b815-6ea9c5c5d850','Tocar músicas no aleatório',false,1);
insert into public.quiz_options (question_id,texto,correta,ordem) values ('3e90c0c1-a0f5-469e-b815-6ea9c5c5d850','Conduzir o público por uma jornada com aquecimento, pico e desfecho',true,2);
insert into public.quiz_options (question_id,texto,correta,ordem) values ('3e90c0c1-a0f5-469e-b815-6ea9c5c5d850','Falar ao microfone entre as faixas',false,3);
insert into public.quiz_options (question_id,texto,correta,ordem) values ('3e90c0c1-a0f5-469e-b815-6ea9c5c5d850','Tocar só os maiores sucessos',false,4);
insert into public.quiz_questions (id,quiz_id,texto,explicacao,ordem,pontos) values ('c4ad9906-7ddf-42bd-bd9d-3719b66752e5','74ffe8f8-e0a1-4a0c-8008-defde2e0d8a6','Por que não queimar as melhores faixas no início do set?','Reservar as faixas mais fortes para o pico mantém a construção de energia da noite.',3,1);
insert into public.quiz_options (question_id,texto,correta,ordem) values ('c4ad9906-7ddf-42bd-bd9d-3719b66752e5','Porque elas estragam',false,1);
insert into public.quiz_options (question_id,texto,correta,ordem) values ('c4ad9906-7ddf-42bd-bd9d-3719b66752e5','Para guardar momentos fortes para o pico e manter a curva de energia',true,2);
insert into public.quiz_options (question_id,texto,correta,ordem) values ('c4ad9906-7ddf-42bd-bd9d-3719b66752e5','Porque o público não gosta delas',false,3);
insert into public.quiz_options (question_id,texto,correta,ordem) values ('c4ad9906-7ddf-42bd-bd9d-3719b66752e5','Porque elas têm BPM alto',false,4);
insert into public.quiz_questions (id,quiz_id,texto,explicacao,ordem,pontos) values ('fafa0c8a-a0b7-41f6-88d1-5778e0337fc0','74ffe8f8-e0a1-4a0c-8008-defde2e0d8a6','Mesmo com o set planejado, o que o DJ deve fazer durante a apresentação?','A leitura de pista permite manter ou mudar a vibe conforme a reação do público.',4,1);
insert into public.quiz_options (question_id,texto,correta,ordem) values ('fafa0c8a-a0b7-41f6-88d1-5778e0337fc0','Ignorar o público e seguir a lista',false,1);
insert into public.quiz_options (question_id,texto,correta,ordem) values ('fafa0c8a-a0b7-41f6-88d1-5778e0337fc0','Ler a pista e ajustar a energia em tempo real',true,2);
insert into public.quiz_options (question_id,texto,correta,ordem) values ('fafa0c8a-a0b7-41f6-88d1-5778e0337fc0','Tocar tudo no máximo volume',false,3);
insert into public.quiz_options (question_id,texto,correta,ordem) values ('fafa0c8a-a0b7-41f6-88d1-5778e0337fc0','Parar a música a cada faixa',false,4);
insert into public.lessons (id,module_id,titulo,tipo,conteudo_rico,duracao_min,ordem,tem_quiz,preview_gratis) values ('1e9b1552-eda2-4ac4-b39a-4a220b470d1e','cf71062d-3e8a-4524-a1a0-05f91cfa7ad5','Técnicas de performance: efeitos, loops, hot cues e scratch','texto','<p><strong>Para começar:</strong> Com a mixagem dominada, é hora de adicionar personalidade. Esta aula apresenta os recursos que tornam seu set único: efeitos, loops, hot cues e uma introdução ao scratch.</p><p>Efeitos, loops, hot cues e scratch são ferramentas de expressão. Usadas com bom senso, elevam o set e marcam seu estilo; usadas em excesso, atrapalham. Aqui você aprende o básico de cada uma.</p><ul><li><strong>Efeitos (reverbs, delays, flangers):</strong> Reverb cria sensação de espaço/eco; delay repete o som em ecos rítmicos; flanger dá um efeito "varredura" futurista. São ótimos para transições e para criar tensão (ex.: aplicar um reverb crescente antes de cortar para a próxima faixa). Use com moderação: efeito demais cansa o ouvido.</li><li><strong>Loops:</strong> Um loop repete um trecho da música em ciclo (geralmente 4, 8 ou 16 compassos). Serve para estender uma intro ou um outro e ganhar tempo na transição, ou para criar tensão segurando um build-up. Ajuste o tamanho do loop conforme a necessidade.</li><li><strong>Hot cues:</strong> Hot cues são pontos marcados na faixa que você dispara instantaneamente com um pad. Permitem pular direto para o drop, reiniciar de um ponto exato ou criar pequenos rearranjos ao vivo. Prepare-os na sua biblioteca antes do show.</li><li><strong>Introdução ao scratching:</strong> Scratch é mover a música para frente e para trás no jog wheel (ou vinil) enquanto se manobra o crossfader/fader, criando sons rítmicos. Comece pelo baby scratch: empurra e puxa o som no mesmo ritmo. É a porta de entrada do turntablism; pratique devagar e no tempo da música.</li><li><strong>Bom senso na performance:</strong> Esses recursos servem à música, não o contrário. Um efeito ou scratch bem colocado num momento certo vale mais que muitos truques aleatórios. A base (beatmatch e transição limpa) sempre vem primeiro.</li></ul><p><strong>Na prática:</strong> Numa faixa que você conhece bem, marque um hot cue no início do drop. Depois, ative um loop de 8 compassos na intro da próxima música para ganhar tempo na transição, e finalize aplicando um reverb crescente no instante da troca. Por fim, em outra faixa, treine o baby scratch lentamente, acompanhando a batida. Combinar esses recursos com naturalidade é o que dá assinatura ao seu set.</p><h4>Resumo</h4><ul><li>Efeitos (reverb, delay, flanger) criam espaço e tensão; use com moderação</li><li>Loops estendem trechos e hot cues disparam pontos marcados ao vivo</li><li>O scratch começa pelo baby scratch; truques servem à música, não o contrário</li></ul>',14,3,true,false);
insert into public.quizzes (id,lesson_id,titulo) values ('8c86799d-eeed-4ec7-93a6-df21f0eb4fa2','1e9b1552-eda2-4ac4-b39a-4a220b470d1e','Quiz — Técnicas de performance: efeitos, loops, hot cues e scratch');
insert into public.quiz_questions (id,quiz_id,texto,explicacao,ordem,pontos) values ('39402c9e-71a9-4bf4-97f9-ac8f419ae746','8c86799d-eeed-4ec7-93a6-df21f0eb4fa2','Para que serve um loop durante a mixagem?','O loop repete um trecho (ex.: 8 compassos), útil para esticar intros/outros e criar tensão.',1,1);
insert into public.quiz_options (question_id,texto,correta,ordem) values ('39402c9e-71a9-4bf4-97f9-ac8f419ae746','Apagar parte da música',false,1);
insert into public.quiz_options (question_id,texto,correta,ordem) values ('39402c9e-71a9-4bf4-97f9-ac8f419ae746','Repetir um trecho para estender uma seção e ganhar tempo na transição',true,2);
insert into public.quiz_options (question_id,texto,correta,ordem) values ('39402c9e-71a9-4bf4-97f9-ac8f419ae746','Aumentar o BPM permanentemente',false,3);
insert into public.quiz_options (question_id,texto,correta,ordem) values ('39402c9e-71a9-4bf4-97f9-ac8f419ae746','Trocar a tonalidade',false,4);
insert into public.quiz_questions (id,quiz_id,texto,explicacao,ordem,pontos) values ('ede2dcfb-b76c-41f8-ba66-c097897c2b9a','8c86799d-eeed-4ec7-93a6-df21f0eb4fa2','O que é um hot cue?','Hot cues são pontos salvos na música que você aciona na hora para pular ou reiniciar trechos.',2,1);
insert into public.quiz_options (question_id,texto,correta,ordem) values ('ede2dcfb-b76c-41f8-ba66-c097897c2b9a','Um tipo de efeito de reverb',false,1);
insert into public.quiz_options (question_id,texto,correta,ordem) values ('ede2dcfb-b76c-41f8-ba66-c097897c2b9a','Um ponto marcado na faixa que você dispara instantaneamente',true,2);
insert into public.quiz_options (question_id,texto,correta,ordem) values ('ede2dcfb-b76c-41f8-ba66-c097897c2b9a','Um botão que aumenta o volume',false,3);
insert into public.quiz_options (question_id,texto,correta,ordem) values ('ede2dcfb-b76c-41f8-ba66-c097897c2b9a','Um cabo de áudio',false,4);
insert into public.quiz_questions (id,quiz_id,texto,explicacao,ordem,pontos) values ('c470d286-1426-4151-8715-80652ff7cde7','8c86799d-eeed-4ec7-93a6-df21f0eb4fa2','Qual é um bom primeiro scratch para iniciantes?','O baby scratch, mover o som para frente e para trás no ritmo, é a porta de entrada do scratch.',3,1);
insert into public.quiz_options (question_id,texto,correta,ordem) values ('c470d286-1426-4151-8715-80652ff7cde7','Crab scratch',false,1);
insert into public.quiz_options (question_id,texto,correta,ordem) values ('c470d286-1426-4151-8715-80652ff7cde7','Baby scratch (empurra e puxa no mesmo ritmo)',true,2);
insert into public.quiz_options (question_id,texto,correta,ordem) values ('c470d286-1426-4151-8715-80652ff7cde7','Flare scratch',false,3);
insert into public.quiz_options (question_id,texto,correta,ordem) values ('c470d286-1426-4151-8715-80652ff7cde7','Orbit scratch',false,4);
insert into public.quiz_questions (id,quiz_id,texto,explicacao,ordem,pontos) values ('55e3da4d-67a3-461c-b0b4-2b05f79b6aaf','8c86799d-eeed-4ec7-93a6-df21f0eb4fa2','Qual é a regra de ouro ao usar efeitos e truques?','Efeitos e truques servem à música; a mixagem limpa é a prioridade e o excesso cansa o ouvido.',4,1);
insert into public.quiz_options (question_id,texto,correta,ordem) values ('55e3da4d-67a3-461c-b0b4-2b05f79b6aaf','Usar o máximo possível o tempo todo',false,1);
insert into public.quiz_options (question_id,texto,correta,ordem) values ('55e3da4d-67a3-461c-b0b4-2b05f79b6aaf','Usar com moderação, pois a base (beatmatch e transição) vem primeiro',true,2);
insert into public.quiz_options (question_id,texto,correta,ordem) values ('55e3da4d-67a3-461c-b0b4-2b05f79b6aaf','Nunca usar efeitos',false,3);
insert into public.quiz_options (question_id,texto,correta,ordem) values ('55e3da4d-67a3-461c-b0b4-2b05f79b6aaf','Usar só no começo da noite',false,4);
insert into public.modules (id,course_id,titulo,ordem) values ('4a164dd5-eac7-48a1-9d97-6dea071026ba','8febe92b-ca5e-48ce-ab73-0e672fadd3c0','Profissionalização',6);
insert into public.lessons (id,module_id,titulo,tipo,conteudo_rico,duracao_min,ordem,tem_quiz,preview_gratis) values ('3f38d1ba-8882-4001-b157-2718903479f3','4a164dd5-eac7-48a1-9d97-6dea071026ba','Marketing pessoal e identidade de DJ','texto','<p><strong>Para começar:</strong> Talento sozinho não enche agenda. Esta aula mostra como construir sua identidade de DJ e divulgar seu trabalho para ser encontrado e contratado.</p><p>Sua identidade é como o público e os contratantes te reconhecem. Construir nome, imagem e presença digital é o que transforma um hobbista em um DJ profissional procurado.</p><ul><li><strong>Construindo sua identidade:</strong> Defina seu estilo musical e a vibe que você entrega. Sua identidade nasce da coerência entre o que você toca, sua imagem e a forma como se comunica. Um DJ reconhecível tem uma marca clara, não tenta agradar a todos de forma genérica.</li><li><strong>Nome artístico e logotipo:</strong> Escolha um nome artístico curto, fácil de lembrar, fácil de pesquisar e que não esteja em uso por outro artista. Crie um logotipo simples e legível que funcione em foto de perfil, capa de set e flyer. Consistência visual ajuda as pessoas a te reconhecerem.</li><li><strong>Redes sociais e plataformas:</strong> Use Instagram e TikTok para presença e vídeos curtos de sets; SoundCloud e Mixcloud para hospedar mixes completos. Poste com regularidade, mostre bastidores e divulgue suas apresentações. As plataformas de mix são seu "portfólio sonoro".</li><li><strong>Gravando e divulgando sets:</strong> Grave seus sets em boa qualidade (a interface de áudio ajuda) e publique-os. Um set bem gravado vale mais que mil palavras para um contratante e serve de cartão de visitas. Muitos DJs começaram justamente assim, como bedroom DJs publicando online.</li><li><strong>Consistência e profissionalismo:</strong> Mantenha uma frequência de posts, responda mensagens, cumpra horários e seja confiável. Reputação digital e pontualidade abrem (ou fecham) portas tanto quanto a técnica.</li></ul><p><strong>Na prática:</strong> Reserve uma tarde para definir sua marca: escolha um nome artístico (verifique se está livre nas redes e no SoundCloud), esboce um logotipo simples e crie ou atualize um perfil no Instagram e no SoundCloud/Mixcloud. Depois, grave um mix curto de 15 a 20 minutos e publique-o como seu primeiro "cartão de visitas". Com isso, você já existe profissionalmente no mundo digital.</p><h4>Resumo</h4><ul><li>Identidade é a coerência entre o que você toca, sua imagem e sua comunicação</li><li>Nome curto e logotipo simples e consistente tornam você reconhecível</li><li>SoundCloud/Mixcloud são seu portfólio; poste sets com regularidade</li></ul>',13,1,true,false);
insert into public.quizzes (id,lesson_id,titulo) values ('bb6e053d-24e5-44b8-bdc1-1270e85938dc','3f38d1ba-8882-4001-b157-2718903479f3','Quiz — Marketing pessoal e identidade de DJ');
insert into public.quiz_questions (id,quiz_id,texto,explicacao,ordem,pontos) values ('36d4cc94-8a92-4c2b-a0b8-f2c82c9cc850','bb6e053d-24e5-44b8-bdc1-1270e85938dc','O que torna a identidade de um DJ forte?','Identidade nasce da coerência; um DJ reconhecível tem marca clara, não tenta agradar a todos genericamente.',1,1);
insert into public.quiz_options (question_id,texto,correta,ordem) values ('36d4cc94-8a92-4c2b-a0b8-f2c82c9cc850','Tocar todos os gêneros de forma genérica',false,1);
insert into public.quiz_options (question_id,texto,correta,ordem) values ('36d4cc94-8a92-4c2b-a0b8-f2c82c9cc850','Coerência entre estilo musical, imagem e comunicação',true,2);
insert into public.quiz_options (question_id,texto,correta,ordem) values ('36d4cc94-8a92-4c2b-a0b8-f2c82c9cc850','Ter o equipamento mais caro',false,3);
insert into public.quiz_options (question_id,texto,correta,ordem) values ('36d4cc94-8a92-4c2b-a0b8-f2c82c9cc850','Copiar outro DJ famoso',false,4);
insert into public.quiz_questions (id,quiz_id,texto,explicacao,ordem,pontos) values ('5b4d06cd-f0e0-4a0a-baa7-61d3026a005e','bb6e053d-24e5-44b8-bdc1-1270e85938dc','Quais plataformas são ideais para hospedar mixes completos?','SoundCloud e Mixcloud são feitas para hospedar mixes longos e funcionam como portfólio sonoro.',2,1);
insert into public.quiz_options (question_id,texto,correta,ordem) values ('5b4d06cd-f0e0-4a0a-baa7-61d3026a005e','Apenas o Instagram',false,1);
insert into public.quiz_options (question_id,texto,correta,ordem) values ('5b4d06cd-f0e0-4a0a-baa7-61d3026a005e','SoundCloud e Mixcloud',true,2);
insert into public.quiz_options (question_id,texto,correta,ordem) values ('5b4d06cd-f0e0-4a0a-baa7-61d3026a005e','Somente o WhatsApp',false,3);
insert into public.quiz_options (question_id,texto,correta,ordem) values ('5b4d06cd-f0e0-4a0a-baa7-61d3026a005e','Apenas o e-mail',false,4);
insert into public.quiz_questions (id,quiz_id,texto,explicacao,ordem,pontos) values ('28cef542-cf69-4eb9-b7af-7dedb118d238','bb6e053d-24e5-44b8-bdc1-1270e85938dc','Como deve ser um bom nome artístico?','Um nome curto, memorável, fácil de pesquisar e original facilita ser encontrado e contratado.',3,1);
insert into public.quiz_options (question_id,texto,correta,ordem) values ('28cef542-cf69-4eb9-b7af-7dedb118d238','Longo e complexo',false,1);
insert into public.quiz_options (question_id,texto,correta,ordem) values ('28cef542-cf69-4eb9-b7af-7dedb118d238','Curto, fácil de lembrar, pesquisável e ainda não usado por outro artista',true,2);
insert into public.quiz_options (question_id,texto,correta,ordem) values ('28cef542-cf69-4eb9-b7af-7dedb118d238','Igual ao de um DJ famoso',false,3);
insert into public.quiz_options (question_id,texto,correta,ordem) values ('28cef542-cf69-4eb9-b7af-7dedb118d238','Cheio de símbolos',false,4);
insert into public.lessons (id,module_id,titulo,tipo,conteudo_rico,duracao_min,ordem,tem_quiz,preview_gratis) values ('d0e2c0f9-6a15-4568-ac1d-f729e1490c09','4a164dd5-eac7-48a1-9d97-6dea071026ba','Conseguindo gigs e relacionamento profissional','texto','<p><strong>Para começar:</strong> Saber tocar e ter presença digital abre a porta; conseguir shows depende de network e abordagem certa. Esta aula mostra como conquistar seus primeiros gigs.</p><p>Gig é cada apresentação remunerada. Conseguir os primeiros exige um bom material de divulgação, uma abordagem profissional a casas e produtores, e bons relacionamentos no meio.</p><ul><li><strong>Abordando clubes e produtores:</strong> Pesquise casas e festas que tocam o seu estilo e aborde de forma profissional: apresente-se com clareza, mostre seu trabalho e proponha valor (um set, uma residência, um warm-up). Comece por eventos menores e construa reputação. Evite mensagens genéricas em massa.</li><li><strong>O press kit:</strong> O press kit é seu material de apresentação: uma bio curta, foto profissional, links dos seus melhores sets (SoundCloud/Mixcloud), eventos onde já tocou e contato. Um press kit bem feito facilita a vida do contratante e passa profissionalismo. Mantenha-o atualizado.</li><li><strong>Relacionamento com o público:</strong> Conecte-se com quem ouve seu som: responda comentários, agradeça presenças, lembre nomes. Um público fiel divulga você e lota suas próximas festas. A pista satisfeita é o seu melhor marketing.</li><li><strong>Relacionamento com outros DJs:</strong> Network entre DJs abre portas: indicações, line-ups compartilhados, troca de músicas e dicas. Trate colegas com respeito, valorize quem te dá espaço e retribua. O meio é pequeno e a reputação corre rápido.</li><li><strong>Começando de baixo:</strong> Aceite warm-ups, festas pequenas e oportunidades de visibilidade no início. Cada gig bem executado gera o próximo. Pontualidade, equipamento em ordem e postura profissional fazem você ser chamado de novo.</li></ul><p><strong>Na prática:</strong> Monte seu press kit em uma página: bio curta, melhor foto, dois links de sets e seu contato. Em seguida, liste cinco casas ou festas da sua cidade que tocam seu estilo e escreva uma mensagem personalizada para uma delas, anexando o press kit e propondo um warm-up. Esse é o caminho concreto entre praticar em casa e tocar para um público real.</p><h4>Resumo</h4><ul><li>O press kit (bio, foto, links e contato) é seu cartão profissional</li><li>Aborde casas e produtores de forma personalizada e comece por gigs menores</li><li>Network com público e DJs gera indicações e novas oportunidades</li></ul>',13,2,true,false);
insert into public.quizzes (id,lesson_id,titulo) values ('cefb569c-e208-428f-85ca-64058d73cfca','d0e2c0f9-6a15-4568-ac1d-f729e1490c09','Quiz — Conseguindo gigs e relacionamento profissional');
insert into public.quiz_questions (id,quiz_id,texto,explicacao,ordem,pontos) values ('b70cd783-cf10-4c26-bf63-c6261a7317a0','cefb569c-e208-428f-85ca-64058d73cfca','O que é um press kit?','O press kit reúne bio, foto, links de sets e contato; é o cartão profissional do DJ.',1,1);
insert into public.quiz_options (question_id,texto,correta,ordem) values ('b70cd783-cf10-4c26-bf63-c6261a7317a0','Um efeito de software',false,1);
insert into public.quiz_options (question_id,texto,correta,ordem) values ('b70cd783-cf10-4c26-bf63-c6261a7317a0','O material de apresentação do DJ (bio, foto, links e contato)',true,2);
insert into public.quiz_options (question_id,texto,correta,ordem) values ('b70cd783-cf10-4c26-bf63-c6261a7317a0','Um tipo de controladora',false,3);
insert into public.quiz_options (question_id,texto,correta,ordem) values ('b70cd783-cf10-4c26-bf63-c6261a7317a0','Uma transição de mixagem',false,4);
insert into public.quiz_questions (id,quiz_id,texto,explicacao,ordem,pontos) values ('b4831d67-aa28-4c64-8734-c6da27069aae','cefb569c-e208-428f-85ca-64058d73cfca','Qual é a melhor forma de abordar clubes e produtores?','Mensagens personalizadas e profissionais, começando por eventos menores, constroem reputação.',2,1);
insert into public.quiz_options (question_id,texto,correta,ordem) values ('b4831d67-aa28-4c64-8734-c6da27069aae','Mensagens genéricas em massa',false,1);
insert into public.quiz_options (question_id,texto,correta,ordem) values ('b4831d67-aa28-4c64-8734-c6da27069aae','Abordagem personalizada, mostrando seu trabalho e propondo valor',true,2);
insert into public.quiz_options (question_id,texto,correta,ordem) values ('b4831d67-aa28-4c64-8734-c6da27069aae','Apenas aparecer no local sem avisar',false,3);
insert into public.quiz_options (question_id,texto,correta,ordem) values ('b4831d67-aa28-4c64-8734-c6da27069aae','Exigir cachê alto logo de início',false,4);
insert into public.quiz_questions (id,quiz_id,texto,explicacao,ordem,pontos) values ('d14f7cdb-8f63-4684-8d23-b8fc671c296f','cefb569c-e208-428f-85ca-64058d73cfca','Por que o relacionamento com outros DJs é importante?','O network entre DJs abre portas via indicações e parcerias, e a reputação circula rápido no meio.',3,1);
insert into public.quiz_options (question_id,texto,correta,ordem) values ('d14f7cdb-8f63-4684-8d23-b8fc671c296f','Para copiar seus sets',false,1);
insert into public.quiz_options (question_id,texto,correta,ordem) values ('d14f7cdb-8f63-4684-8d23-b8fc671c296f','Porque gera indicações, line-ups e troca de dicas; o meio é pequeno',true,2);
insert into public.quiz_options (question_id,texto,correta,ordem) values ('d14f7cdb-8f63-4684-8d23-b8fc671c296f','Para disputar o público',false,3);
insert into public.quiz_options (question_id,texto,correta,ordem) values ('d14f7cdb-8f63-4684-8d23-b8fc671c296f','Não tem importância nenhuma',false,4);
insert into public.lessons (id,module_id,titulo,tipo,conteudo_rico,duracao_min,ordem,tem_quiz,preview_gratis) values ('786c471e-c544-4b1d-8dce-ecb26a6396ff','4a164dd5-eac7-48a1-9d97-6dea071026ba','Ética, cuidados e evolução contínua','texto','<p><strong>Para começar:</strong> Ser profissional vai além da técnica: envolve respeito à profissão, à lei e ao equipamento. Esta aula encerra o curso com ética, cuidados e o caminho para continuar evoluindo.</p><p>Reputação se constrói com comportamento. Nesta aula final você vê os princípios éticos do DJing, os cuidados com música e equipamento, e como seguir evoluindo depois do curso.</p><ul><li><strong>Respeito à profissão:</strong> Valorize o trabalho dos colegas, seja pontual, cumpra acordos e mantenha postura profissional em qualquer evento. Crédito aos artistas e respeito ao público e à casa sustentam sua reputação a longo prazo.</li><li><strong>Direitos autorais e uso de músicas:</strong> Toda música tem autor e direitos. Use faixas de forma legal: prefira compras em lojas oficiais (como Beatport, Bandcamp, iTunes) e serviços de pool para DJs, e respeite as regras de cada plataforma e evento. Distribuir ou lucrar com música sem autorização pode gerar problemas legais.</li><li><strong>Cuidados com o equipamento (seu e dos outros):</strong> Trate o equipamento com zelo: não force jog wheels e faders, use cabos de qualidade, transporte com proteção e mantenha tudo limpo. Em casas e eventos, respeite o equipamento alheio como se fosse seu; danificar gear da casa fecha portas.</li><li><strong>Extras úteis:</strong> Aprofunde-se com o glossário de termos técnicos, playlists de prática recomendadas, tabelas de BPM por gênero e checklists para montar seu primeiro evento. Esses recursos aceleram seu aprendizado e organizam sua prática.</li><li><strong>Como continuar evoluindo:</strong> Pratique com constância, grave e analise seus próprios sets, busque feedback, estude DJs que admira e participe de comunidades. Considere cursos avançados (produção musical, técnicas de performance). A evolução é contínua: o futuro da música está nas suas mãos.</li></ul><p><strong>Na prática:</strong> Antes do seu próximo treino, faça uma revisão de boas práticas: confira se suas músicas vêm de fontes legais, monte um checklist de transporte e montagem para proteger seu equipamento, e grave seu set para analisar depois com olhar crítico. Em seguida, escolha uma comunidade de DJs ou um curso avançado para entrar. Encerrar o curso com esses hábitos é o que separa um amador de um profissional em formação.</p><h4>Resumo</h4><ul><li>Ética profissional é pontualidade, respeito aos colegas, à casa e ao público</li><li>Use músicas de forma legal e cuide do equipamento, seu e dos outros</li><li>Evolua sempre: grave, analise, busque feedback e participe de comunidades</li></ul>',12,3,true,false);
insert into public.quizzes (id,lesson_id,titulo) values ('bc6972c2-7178-4945-a75e-c1f53c512d8f','786c471e-c544-4b1d-8dce-ecb26a6396ff','Quiz — Ética, cuidados e evolução contínua');
insert into public.quiz_questions (id,quiz_id,texto,explicacao,ordem,pontos) values ('0b20f0f6-0b77-4037-9229-8d072e9901d1','bc6972c2-7178-4945-a75e-c1f53c512d8f','Qual é a forma correta de obter músicas para tocar?','Respeitar direitos autorais e usar fontes legais (lojas oficiais, pools de DJ) evita problemas e valoriza os artistas.',1,1);
insert into public.quiz_options (question_id,texto,correta,ordem) values ('0b20f0f6-0b77-4037-9229-8d072e9901d1','Baixar de qualquer site pirata',false,1);
insert into public.quiz_options (question_id,texto,correta,ordem) values ('0b20f0f6-0b77-4037-9229-8d072e9901d1','Comprar em lojas oficiais ou usar pools legais para DJs, respeitando direitos',true,2);
insert into public.quiz_options (question_id,texto,correta,ordem) values ('0b20f0f6-0b77-4037-9229-8d072e9901d1','Copiar de colegas sem permissão',false,3);
insert into public.quiz_options (question_id,texto,correta,ordem) values ('0b20f0f6-0b77-4037-9229-8d072e9901d1','Gravar do rádio sem créditos',false,4);
insert into public.quiz_questions (id,quiz_id,texto,explicacao,ordem,pontos) values ('d431f36b-fa13-4fdc-a0c6-d6ea5fc5e64c','bc6972c2-7178-4945-a75e-c1f53c512d8f','Como o DJ deve tratar o equipamento de uma casa ou colega?','Respeitar o equipamento alheio como se fosse seu protege sua reputação e abre portas.',2,1);
insert into public.quiz_options (question_id,texto,correta,ordem) values ('d431f36b-fa13-4fdc-a0c6-d6ea5fc5e64c','Usar sem cuidado, pois não é seu',false,1);
insert into public.quiz_options (question_id,texto,correta,ordem) values ('d431f36b-fa13-4fdc-a0c6-d6ea5fc5e64c','Com o mesmo zelo do próprio, sem forçar controles',true,2);
insert into public.quiz_options (question_id,texto,correta,ordem) values ('d431f36b-fa13-4fdc-a0c6-d6ea5fc5e64c','Apenas se for pago a mais',false,3);
insert into public.quiz_options (question_id,texto,correta,ordem) values ('d431f36b-fa13-4fdc-a0c6-d6ea5fc5e64c','Pode emprestar a qualquer um',false,4);
insert into public.quiz_questions (id,quiz_id,texto,explicacao,ordem,pontos) values ('7173cbdf-eb43-413c-b4e9-439707406a11','bc6972c2-7178-4945-a75e-c1f53c512d8f','Qual atitude faz parte de continuar evoluindo como DJ?','Praticar com constância, analisar sets, buscar feedback e participar de comunidades mantém a evolução.',3,1);
insert into public.quiz_options (question_id,texto,correta,ordem) values ('7173cbdf-eb43-413c-b4e9-439707406a11','Parar de praticar após o curso',false,1);
insert into public.quiz_options (question_id,texto,correta,ordem) values ('7173cbdf-eb43-413c-b4e9-439707406a11','Gravar e analisar os próprios sets e buscar feedback e comunidades',true,2);
insert into public.quiz_options (question_id,texto,correta,ordem) values ('7173cbdf-eb43-413c-b4e9-439707406a11','Ignorar outros DJs',false,3);
insert into public.quiz_options (question_id,texto,correta,ordem) values ('7173cbdf-eb43-413c-b4e9-439707406a11','Tocar sempre as mesmas músicas',false,4);

-- CURSO: Pleno — Som
insert into public.courses (id,titulo,slug,descricao_curta,nivel,categoria,categorias,tipo,carga_horaria,total_aulas,ativo,destaque,ordem) values
  ('8f29f6dd-3dc6-47fe-b4d3-1cd15514a21d','Pleno — Som','pleno-som','Curso Pleno — Som — SMU PRO','pleno','som','{}','free',800,27,false,false,4);
insert into public.modules (id,course_id,titulo,ordem) values ('397d4661-ba18-4bff-b2d8-3792b6f0a9e4','8f29f6dd-3dc6-47fe-b4d3-1cd15514a21d','Módulo 1 — Fundamentos do Som e da Cadeia de Sinal',1);
insert into public.lessons (id,module_id,titulo,tipo,conteudo_rico,duracao_min,ordem,tem_quiz,preview_gratis) values ('d2609ce6-fbb1-4d53-b2fc-a1c6adbff681','397d4661-ba18-4bff-b2d8-3792b6f0a9e4','O Som como Onda: Física Aplicada à Engenharia de Áudio ao Vivo','texto','<p><strong>Para começar:</strong> Antes de tocar em qualquer cabo ou console, o operador profissional precisa entender o que está manipulando: ondas de pressão no ar. Esta aula constrói a base física que sustenta todas as decisões técnicas do curso. Sem ela, EQ, ganho e microfonação viram tentativa e erro.</p><p>Som é variação de pressão que se propaga em um meio elástico (geralmente o ar) e que nosso ouvido interpreta como altura, intensidade e timbre. Dominar frequência, amplitude, comprimento de onda, fase e a relação dB é o que separa o operador que ''mexe até ficar bom'' daquele que sabe o que está fazendo.</p><ul><li><strong>Frequência e altura (pitch):</strong> Frequência é o número de ciclos por segundo, medido em hertz (Hz). O espectro audível humano vai de aproximadamente 20 Hz a 20 kHz, e na prática a inteligibilidade da voz se concentra entre 300 Hz e 3,4 kHz. Graves (20–250 Hz), médios (250 Hz–4 kHz) e agudos (4–20 kHz) são as ''cores'' do som que o equalizador manipula. Conhecer onde mora cada instrumento no espectro (bumbo ~60 Hz, corpo da voz ~200 Hz, presença vocal ~3–5 kHz, brilho de prato ~10 kHz) é pré-requisito para qualquer EQ consciente.</li><li><strong>Amplitude e o decibel (dB):</strong> Amplitude é a ''força'' da onda e percebemos como volume. Como o ouvido responde de forma logarítmica, usamos o decibel. Atenção: o dB é uma razão, não um valor absoluto — só faz sentido com referência. dB SPL (Sound Pressure Level) mede pressão sonora no ar (0 dB SPL = limiar da audição; ~120 dB SPL = limiar da dor; um show de rock pode passar de 100 dB SPL na plateia). dBu e dBV medem tensão elétrica de sinal. dBFS (Full Scale) mede o nível digital, onde 0 dBFS é o teto absoluto — acima dele há clipping irreversível. Confundir essas escalas é erro clássico de iniciante.</li><li><strong>Comprimento de onda e o porquê do grave ser ''difícil'':</strong> Comprimento de onda (λ) = velocidade do som (~343 m/s no ar a 20 °C) dividido pela frequência. Um grave de 40 Hz tem λ ≈ 8,5 m; um agudo de 10 kHz tem λ ≈ 3,4 cm. Isso explica fenômenos práticos: graves contornam obstáculos e ''enchem'' a sala (são difíceis de direcionar e domar), enquanto agudos são direcionais e facilmente absorvidos/bloqueados. É a razão pela qual subgraves não precisam de mira precisa e drivers de agudo precisam apontar para o público.</li><li><strong>Fase e cancelamento:</strong> Fase é a posição da onda no seu ciclo, medida em graus (0–360°). Quando duas cópias do mesmo sinal chegam defasadas em 180°, elas se cancelam (somem graves, som fino e ''oco''). Esse é o inimigo silencioso da microfonação com vários microfones e do uso simultâneo de DI + microfone no mesmo instrumento. A regra prática ''3:1'' (o segundo microfone deve estar pelo menos 3× mais distante da fonte do que o primeiro) nasce do controle de fase.</li><li><strong>Timbre e harmônicos:</strong> Dois instrumentos tocando a mesma nota soam diferentes por causa do timbre, que é o conjunto de harmônicos (múltiplos inteiros da frequência fundamental) e sua envoltória dinâmica (ataque, sustentação, decaimento). Entender harmônicos explica por que cortar a fundamental nem sempre ''mata'' a nota e por que excitadores harmônicos e a saturação analógica ''colorem'' o som.</li></ul><h4>Passo a passo</h4><ol><li><strong>Calcular um comprimento de onda:</strong> Pegue a frequência-alvo, divida 343 por ela. Ex.: para tratar um modo de sala em 80 Hz → 343/80 ≈ 4,3 m. Isso indica que painéis finos não absorvem esse grave; é preciso bass trap espesso.</li><li><strong>Identificar faixas no ouvido:</strong> Use um gerador de tom ou um EQ paramétrico ''varrendo'' (sweep) uma banda estreita com boost de +10 dB sobre uma música conhecida. Mova a frequência e memorize a sensação de cada região: o ''bumbo'' em 60–80 Hz, a ''lama'' em 200–400 Hz, a ''dureza'' em 2–4 kHz, o ''sibilante'' em 6–8 kHz.</li></ol><p><strong>Na prática:</strong> Num casamento em salão de teto alto e paredes de vidro, o operador percebe a voz do celebrante ''sumindo'' e abafada. Em vez de só aumentar o volume (que gera microfonia), ele reconhece que o salão tem reverberação longa por superfícies reflexivas e que a inteligibilidade depende da faixa de 1–4 kHz. Em vez de brigar com a física, posiciona as caixas mais próximas e baixas em direção ao público e realça suavemente a presença vocal — decisão que só faz sentido para quem entende onda, frequência e reflexão.</p><h4>Resumo</h4><ul><li>Som é onda de pressão descrita por frequência (altura), amplitude (volume), fase e timbre.</li><li>O decibel é sempre uma razão — dB SPL, dBu e dBFS medem coisas diferentes e nunca se confundem.</li><li>Comprimento de onda explica por que graves são difíceis de direcionar/absorver e agudos são direcionais.</li></ul>',30,1,true,true);
insert into public.quizzes (id,lesson_id,titulo) values ('1fcc0a51-92db-4482-9b1f-ba83ff4c5b30','d2609ce6-fbb1-4d53-b2fc-a1c6adbff681','Quiz — O Som como Onda: Física Aplicada à Engenharia de Áudio ao Vi');
insert into public.quiz_questions (id,quiz_id,texto,explicacao,ordem,pontos) values ('397f2a8b-15fd-4c60-baf2-a708117bb453','1fcc0a51-92db-4482-9b1f-ba83ff4c5b30','O dBFS, usado em consoles e gravação digital, tem uma característica que o diferencia do dB SPL. Qual?','dBFS é a escala digital cujo máximo é 0; ultrapassá-lo causa distorção digital irreversível (clipping).',1,1);
insert into public.quiz_options (question_id,texto,correta,ordem) values ('397f2a8b-15fd-4c60-baf2-a708117bb453','Não tem limite superior',false,1);
insert into public.quiz_options (question_id,texto,correta,ordem) values ('397f2a8b-15fd-4c60-baf2-a708117bb453','Tem um teto absoluto em 0 dBFS, acima do qual ocorre clipping',true,2);
insert into public.quiz_options (question_id,texto,correta,ordem) values ('397f2a8b-15fd-4c60-baf2-a708117bb453','Mede pressão no ar',false,3);
insert into public.quiz_options (question_id,texto,correta,ordem) values ('397f2a8b-15fd-4c60-baf2-a708117bb453','É sempre negativo no SPL',false,4);
insert into public.quiz_questions (id,quiz_id,texto,explicacao,ordem,pontos) values ('f19ff6bb-4c80-4c4e-acd7-93d733742d61','1fcc0a51-92db-4482-9b1f-ba83ff4c5b30','Por que graves são mais difíceis de direcionar e isolar do que agudos?','O grande comprimento de onda dos graves faz com que contornem barreiras e se espalhem, exigindo bass traps espessos e dificultando direcionamento.',2,1);
insert into public.quiz_options (question_id,texto,correta,ordem) values ('f19ff6bb-4c80-4c4e-acd7-93d733742d61','Porque têm menos energia',false,1);
insert into public.quiz_options (question_id,texto,correta,ordem) values ('f19ff6bb-4c80-4c4e-acd7-93d733742d61','Porque seu comprimento de onda é grande e contornam obstáculos',true,2);
insert into public.quiz_options (question_id,texto,correta,ordem) values ('f19ff6bb-4c80-4c4e-acd7-93d733742d61','Porque o ouvido não os percebe',false,3);
insert into public.quiz_options (question_id,texto,correta,ordem) values ('f19ff6bb-4c80-4c4e-acd7-93d733742d61','Porque são sempre digitais',false,4);
insert into public.quiz_questions (id,quiz_id,texto,explicacao,ordem,pontos) values ('12534cfb-c85a-440a-a88e-52b04d22c305','1fcc0a51-92db-4482-9b1f-ba83ff4c5b30','Dois microfones captam a mesma fonte e o resultado fica ''fino e oco'', com perda de graves. A causa provável é:','Sinais defasados próximos de 180° se cancelam, removendo principalmente graves — daí o som fino. A regra 3:1 ajuda a evitar.',3,1);
insert into public.quiz_options (question_id,texto,correta,ordem) values ('12534cfb-c85a-440a-a88e-52b04d22c305','Excesso de ganho',false,1);
insert into public.quiz_options (question_id,texto,correta,ordem) values ('12534cfb-c85a-440a-a88e-52b04d22c305','Cancelamento de fase',true,2);
insert into public.quiz_options (question_id,texto,correta,ordem) values ('12534cfb-c85a-440a-a88e-52b04d22c305','Phantom power desligado',false,3);
insert into public.quiz_options (question_id,texto,correta,ordem) values ('12534cfb-c85a-440a-a88e-52b04d22c305','Compressão excessiva',false,4);
insert into public.quiz_questions (id,quiz_id,texto,explicacao,ordem,pontos) values ('52281aee-9c29-456c-9d41-1b6417f4f382','1fcc0a51-92db-4482-9b1f-ba83ff4c5b30','A faixa mais crítica para a inteligibilidade da voz humana é aproximadamente:','A energia que define a compreensão da fala se concentra entre cerca de 300 Hz e 3,4 kHz.',4,1);
insert into public.quiz_options (question_id,texto,correta,ordem) values ('52281aee-9c29-456c-9d41-1b6417f4f382','20–60 Hz',false,1);
insert into public.quiz_options (question_id,texto,correta,ordem) values ('52281aee-9c29-456c-9d41-1b6417f4f382','300 Hz–3,4 kHz',true,2);
insert into public.quiz_options (question_id,texto,correta,ordem) values ('52281aee-9c29-456c-9d41-1b6417f4f382','8–12 kHz',false,3);
insert into public.quiz_options (question_id,texto,correta,ordem) values ('52281aee-9c29-456c-9d41-1b6417f4f382','15–20 kHz',false,4);
insert into public.lessons (id,module_id,titulo,tipo,conteudo_rico,duracao_min,ordem,tem_quiz,preview_gratis) values ('0b02cbc9-7618-40b6-970b-df9e6b03a129','397d4661-ba18-4bff-b2d8-3792b6f0a9e4','A Cadeia de Sinal: do Microfone ao Alto-Falante','texto','<p><strong>Para começar:</strong> Todo som ao vivo percorre o mesmo caminho lógico: captação, pré-amplificação, processamento, mixagem, amplificação de potência e transdução de volta em som. Esta aula apresenta o ''mapa mental'' que o operador usa para diagnosticar qualquer problema rapidamente.</p><p>A cadeia de sinal (signal flow) é a espinha dorsal da profissão. Quando algo não sai som, não distorce ou chia, o operador competente não entra em pânico: ele percorre a cadeia ponto a ponto. Entender níveis de sinal (mic, line, instrumento, speaker) e onde cada estágio acontece é o que torna o troubleshooting rápido.</p><ul><li><strong>Os quatro níveis de sinal:</strong> Sinal de microfone (mic level): muito fraco, na ordem de milivolts, exige pré-amplificação. Sinal de instrumento (instrument/Hi-Z): de captadores de guitarra/baixo, alta impedância, também fraco. Sinal de linha (line level): nível de trabalho padrão dentro do console e entre equipamentos (+4 dBu profissional, −10 dBV consumer). Sinal de alto-falante (speaker level): já amplificado em potência, tensões e correntes altas que movem o cone. Conectar níveis errados (ex.: speaker level numa entrada de linha) danifica equipamento.</li><li><strong>O percurso completo:</strong> Fonte (voz, instrumento) → transdutor de entrada (microfone/DI) → cabo → pré-amplificador (gain) → conversor A/D (em consoles digitais) → processamento do canal (EQ, gate, compressor) → roteamento (bus/aux/grupo) → soma na master → conversor D/A → processamento de sistema → amplificador de potência → caixa acústica → som no ar → ouvido do público. Cada seta é um ponto possível de falha.</li><li><strong>Transdução: a essência do áudio:</strong> Transdutor é todo dispositivo que converte energia de um domínio em outro. O microfone converte pressão acústica em tensão elétrica; o alto-falante faz o inverso. Toda a cadeia é, na verdade, a manipulação cuidadosa do sinal elétrico entre esses dois transdutores. Quanto melhor cada conversão, mais fiel o resultado.</li><li><strong>Ganho de estrutura (gain staging) como conceito-chave:</strong> Cada estágio tem uma faixa ideal de operação: sinal alto demais distorce (clipping); baixo demais traz ruído ao ser amplificado depois (relação sinal-ruído ruim). Gain staging é o ajuste do nível correto em cada ponto da cadeia para manter o sinal forte e limpo do início ao fim. Será detalhado no Módulo 3, mas começa a ser entendido aqui.</li><li><strong>Analógico vs. digital no fluxo:</strong> No mundo analógico o sinal permanece como tensão contínua do começo ao fim. No digital, o sinal é convertido para números (A/D) logo após o pré, processado matematicamente e reconvertido (D/A) na saída. Isso muda onde os ajustes acontecem (na tela/DSP em vez de circuitos), mas o mapa lógico da cadeia é o mesmo.</li></ul><h4>Equipamentos / detalhes</h4><ul><li><strong>DI box (caixa de injeção direta) — ex.: BSS AR-133, Radial ProDI/J48, Behringer DI100:</strong> Converte sinal de instrumento de alta impedância (baixo, violão com captador, teclado) em sinal balanceado de baixa impedância para a entrada de microfone do console. Ativas (precisam de phantom/bateria) dão mais headroom para captadores ativos; passivas são robustas e simples. Essencial para baixo e teclados no PA.</li><li><strong>Multicabo / Snake e Stage Box digital:</strong> O multicabo analógico leva dezenas de canais do palco até a mesa num único feixe (ex.: 24 canais + retornos). Em sistemas digitais, a stage box (ex.: Midas DL16/DL32, Behringer S16) fica no palco, faz a conversão A/D ali e transmite tudo por um único cabo de rede (Cat5e/AES50), reduzindo peso, ruído e perdas em longas distâncias.</li></ul><h4>Passo a passo</h4><ol><li><strong>Troubleshooting ''não sai som'' percorrendo a cadeia:</strong> 1) A fonte está produzindo som? 2) Cabo bom e conectado? 3) Phantom power ligado se for condensador? 4) Ganho aberto e canal não mutado? 5) Fader do canal e do bus/master acima de −∞? 6) Roteamento do canal para a master correto? 7) Amplificador ligado e caixa conectada? Testar ponto a ponto evita o pânico de mexer em tudo ao mesmo tempo.</li><li><strong>Identificar o nível de cada conexão antes de plugar:</strong> Antes de conectar, classifique: é mic, instrumento, linha ou speaker? Entrada XLR de canal = mic/line; entrada P10 com botão Hi-Z = instrumento; saída do amplificador para caixa passiva = speaker (nunca entra em mesa). Essa checagem evita danos.</li></ol><p><strong>Na prática:</strong> Em um show de banda, o baixista reclama que o som está ''sumido e abafado'' na frente. O operador percorre a cadeia: descobre que o baixo foi ligado direto numa entrada de linha sem DI, gerando descasamento de impedância e perda de agudos e nível. Ele insere uma DI ativa, o sinal volta a ter corpo e definição, e o ganho fica estável. Sem o mapa mental da cadeia de sinal, ele teria perdido tempo mexendo em EQ sem resolver a causa real.</p><h4>Resumo</h4><ul><li>A cadeia de sinal vai da fonte ao público passando por captação, pré, processamento, mixagem e potência.</li><li>Existem quatro níveis de sinal (mic, instrumento, linha, speaker) que não podem ser misturados sem critério.</li><li>Diagnosticar problemas é percorrer a cadeia ponto a ponto, não mexer em tudo ao acaso.</li></ul>',28,2,true,false);
insert into public.quizzes (id,lesson_id,titulo) values ('cb352580-eda8-4bda-8877-74eb6f7b123e','0b02cbc9-7618-40b6-970b-df9e6b03a129','Quiz — A Cadeia de Sinal: do Microfone ao Alto-Falante');
insert into public.quiz_questions (id,quiz_id,texto,explicacao,ordem,pontos) values ('e1bd821f-40fe-49ea-9a72-ff378c0f517a','cb352580-eda8-4bda-8877-74eb6f7b123e','Qual nível de sinal NUNCA deve entrar numa entrada de linha de uma mesa de som?','O speaker level já está amplificado em potência e pode danificar a entrada; ele vai do amplificador direto à caixa passiva.',1,1);
insert into public.quiz_options (question_id,texto,correta,ordem) values ('e1bd821f-40fe-49ea-9a72-ff378c0f517a','Mic level',false,1);
insert into public.quiz_options (question_id,texto,correta,ordem) values ('e1bd821f-40fe-49ea-9a72-ff378c0f517a','Line level',false,2);
insert into public.quiz_options (question_id,texto,correta,ordem) values ('e1bd821f-40fe-49ea-9a72-ff378c0f517a','Speaker level (saída de amplificador para caixa passiva)',true,3);
insert into public.quiz_options (question_id,texto,correta,ordem) values ('e1bd821f-40fe-49ea-9a72-ff378c0f517a','Instrument level via DI',false,4);
insert into public.quiz_questions (id,quiz_id,texto,explicacao,ordem,pontos) values ('a8a6d36f-cde2-4583-97ed-20aea535b02e','cb352580-eda8-4bda-8877-74eb6f7b123e','A função principal de uma DI box é:','A DI casa impedâncias, balanceia o sinal e permite ligar baixo/violão/teclado na entrada de microfone com qualidade.',2,1);
insert into public.quiz_options (question_id,texto,correta,ordem) values ('a8a6d36f-cde2-4583-97ed-20aea535b02e','Aumentar o volume da banda',false,1);
insert into public.quiz_options (question_id,texto,correta,ordem) values ('a8a6d36f-cde2-4583-97ed-20aea535b02e','Converter sinal de instrumento de alta impedância em balanceado de baixa impedância',true,2);
insert into public.quiz_options (question_id,texto,correta,ordem) values ('a8a6d36f-cde2-4583-97ed-20aea535b02e','Adicionar reverb',false,3);
insert into public.quiz_options (question_id,texto,correta,ordem) values ('a8a6d36f-cde2-4583-97ed-20aea535b02e','Alimentar microfones condensadores',false,4);
insert into public.quiz_questions (id,quiz_id,texto,explicacao,ordem,pontos) values ('f9986e7f-5894-4df7-b4c9-5e966395192a','cb352580-eda8-4bda-8877-74eb6f7b123e','Num console digital, a conversão A/D ocorre tipicamente:','O sinal é amplificado pelo pré (analógico) e logo convertido para digital para que EQ, dinâmica e mix sejam feitos no DSP.',3,1);
insert into public.quiz_options (question_id,texto,correta,ordem) values ('f9986e7f-5894-4df7-b4c9-5e966395192a','Depois do amplificador de potência',false,1);
insert into public.quiz_options (question_id,texto,correta,ordem) values ('f9986e7f-5894-4df7-b4c9-5e966395192a','Logo após o pré-amplificador, antes do processamento de canal',true,2);
insert into public.quiz_options (question_id,texto,correta,ordem) values ('f9986e7f-5894-4df7-b4c9-5e966395192a','Apenas na caixa acústica',false,3);
insert into public.quiz_options (question_id,texto,correta,ordem) values ('f9986e7f-5894-4df7-b4c9-5e966395192a','Nunca ocorre',false,4);
insert into public.quiz_questions (id,quiz_id,texto,explicacao,ordem,pontos) values ('93018f6f-660a-44fc-b8a6-61a428ef30bc','cb352580-eda8-4bda-8877-74eb6f7b123e','Diante de ''não sai som no canal'', a primeira atitude do operador profissional é:','O diagnóstico sistemático pela cadeia (fonte, cabo, phantom, ganho, mute, fader, roteamento, amp) encontra a causa rapidamente.',4,1);
insert into public.quiz_options (question_id,texto,correta,ordem) values ('93018f6f-660a-44fc-b8a6-61a428ef30bc','Trocar o console',false,1);
insert into public.quiz_options (question_id,texto,correta,ordem) values ('93018f6f-660a-44fc-b8a6-61a428ef30bc','Percorrer a cadeia de sinal ponto a ponto',true,2);
insert into public.quiz_options (question_id,texto,correta,ordem) values ('93018f6f-660a-44fc-b8a6-61a428ef30bc','Aumentar a master ao máximo',false,3);
insert into public.quiz_options (question_id,texto,correta,ordem) values ('93018f6f-660a-44fc-b8a6-61a428ef30bc','Desligar tudo e reiniciar',false,4);
insert into public.lessons (id,module_id,titulo,tipo,conteudo_rico,duracao_min,ordem,tem_quiz,preview_gratis) values ('29095f5e-90f3-473a-890e-469cb7d8fa87','397d4661-ba18-4bff-b2d8-3792b6f0a9e4','Cabos, Conectores e Conexões: Balanceado x Desbalanceado','texto','<p><strong>Para começar:</strong> Cabo ruim ou conectado errado é a causa nº 1 de chiados, quedas de sinal e dor de cabeça em eventos. Esta aula transforma o operador em alguém que escolhe, identifica e diagnostica conexões com segurança.</p><p>Em sistemas de som, diferentes cabos transmitem sinais analógicos, digitais, de potência e de alimentação. Entender a diferença entre balanceado e desbalanceado, dominar os conectores do mercado e saber escolher por distância e blindagem é conhecimento operacional diário. Esta aula é fiel ao material-base e o enriquece com a engenharia por trás de cada escolha.</p><ul><li><strong>Por que balanceado vence o ruído:</strong> Cabo desbalanceado (TS, RCA) tem 2 condutores: sinal e malha/terra. Em distâncias longas, capta interferência (zumbido de 60 Hz, RF). Cabo balanceado (XLR, TRS) tem 3 condutores: sinal quente (hot), sinal frio (cold, mesma informação invertida) e malha. No receptor, o circuito subtrai o frio do quente: o sinal soma e dobra, mas o ruído captado igualmente em ambos se cancela (rejeição de modo comum). Por isso microfones e ligações longas usam XLR/TRS balanceado.</li><li><strong>Cabos analógicos do dia a dia:</strong> RCA: estéreo doméstico, players, alguns mixers (branco/vermelho). P2 (3,5 mm/mini-jack): fones, celulares, notebooks; mono ou estéreo. P10 (6,35 mm/¼"): instrumentos, amplificadores, mesas; versões TS (mono/desbalanceado) e TRS (balanceado ou estéreo). XLR (cânon): padrão profissional para microfones e ligações balanceadas, robusto e travável. TS vs. TRS: TS (Tip-Sleeve) é mono/desbalanceado para instrumentos; TRS (Tip-Ring-Sleeve) é balanceado ou estéreo e reduz interferência.</li><li><strong>Cabos digitais:</strong> Óptico Toslink: fibra óptica, áudio digital imune a interferência elétrica. Coaxial digital (S/PDIF): usa conector RCA mas transmite digital por cobre. AES/EBU: digital profissional balanceado, geralmente em XLR. USB: interfaces de áudio, controladores MIDI. HDMI: áudio+vídeo em home theater. MIDI: transmite dados de controle (notas, comandos) entre instrumentos eletrônicos — não é áudio.</li><li><strong>Cabos de potência e alimentação:</strong> Cabo de alto-falante (speaker cable): liga amplificador a caixa passiva; dois condutores grossos de baixa resistência para conduzir alta potência (nunca confundir com cabo de instrumento). Speakon (conector travável da Neutrik): padrão profissional seguro para alta potência, substitui P10 em PA. PowerCON: conector de energia travável para equipamentos de palco. IEC: o cabo de força padrão de amplificadores, mesas e fontes.</li><li><strong>Critérios de escolha:</strong> Distância: prefira balanceado (XLR/TRS) em lances longos. Impedância: combine com o equipamento. Qualidade do condutor: cobre puro (OFC) conduz melhor e dura mais. Blindagem: malha densa rejeita ruído e RF. Conectores: prefira marcas confiáveis (Neutrik) com bom alívio de tração — a maioria das falhas ocorre na solda do conector, não no meio do cabo.</li></ul><h4>Equipamentos / detalhes</h4><ul><li><strong>Conector XLR (Neutrik série X):</strong> 3 pinos (1=terra/malha, 2=hot, 3=cold). Padrão mundial para microfones e linhas balanceadas. Trava de segurança evita desconexão acidental. Use para todo microfone e toda ligação balanceada longa.</li><li><strong>Conector Speakon (Neutrik NL4):</strong> Conector de potência travável para ligar amplificador a caixa passiva. Suporta alta corrente com segurança, sem risco de choque ao manusear. Substitui o P10 em sistemas profissionais; nunca o confunda com sinal de linha.</li><li><strong>Cabo TRS P10 balanceado:</strong> ¼" com 3 contatos (tip, ring, sleeve). Usado para saídas balanceadas de interfaces, inserts e ligações de monitor. Reduz ruído frente ao TS. Atenção: o mesmo conector pode ser estéreo (fone) ou balanceado mono (linha) — saber o contexto evita erro.</li></ul><h4>Passo a passo</h4><ol><li><strong>Testar um cabo suspeito:</strong> Use um testador de cabos (ex.: Behringer CT100) que indica continuidade pino a pino, ou conecte numa entrada conhecida e flexione o cabo perto dos conectores ouvindo chiados/quedas. Identifique se a falha é no plugue (mais comum) e ressolde ou descarte.</li><li><strong>Roteirizar uma instalação por distância:</strong> Mapeie cada lance: microfone no palco até a mesa (XLR balanceado, pode ser longo); saída da mesa para amplificadores (XLR/TRS balanceado); amplificador para caixas (speakon, lance curto e grosso). Evite passar áudio paralelo a cabos de energia; quando cruzar, faça em 90°.</li><li><strong>Organizar e enrolar cabos (técnica over-under):</strong> Enrole alternando uma volta normal e uma volta invertida (over-under) para o cabo não ''memorizar'' torções e durar mais. Identifique cada cabo com fita/etiqueta. Cabo bem cuidado é confiabilidade no próximo evento.</li></ol><p><strong>Na prática:</strong> Em um evento corporativo, o telão começa a inserir um zumbido grave no áudio toda vez que liga. O operador identifica um loop de terra agravado por um cabo desbalanceado longo entre o notebook e a mesa. Ele troca a ligação por uma DI com lift de terra e cabo balanceado XLR; o zumbido desaparece. A solução veio de entender que balanceado rejeita ruído e que loops de terra se resolvem isolando, não aumentando volume.</p><h4>Resumo</h4><ul><li>Cabo balanceado (3 condutores) cancela ruído por rejeição de modo comum; desbalanceado capta interferência em lances longos.</li><li>Cada conector tem função: XLR para mic/linha, Speakon para potência, P10 TS/TRS para instrumento/balanceado, IEC/PowerCON para energia.</li><li>A maioria das falhas está no conector — testar, ressoldar e organizar cabos é manutenção essencial.</li></ul>',32,3,true,false);
insert into public.quizzes (id,lesson_id,titulo) values ('64c82644-13ca-45ed-be87-e1957f42c98c','29095f5e-90f3-473a-890e-469cb7d8fa87','Quiz — Cabos, Conectores e Conexões: Balanceado x Desbalanceado');
insert into public.quiz_questions (id,quiz_id,texto,explicacao,ordem,pontos) values ('c88d31e0-7005-4155-95ed-361a770593b2','64c82644-13ca-45ed-be87-e1957f42c98c','O que permite ao cabo balanceado rejeitar ruído captado ao longo do percurso?','O receptor inverte o frio e soma ao quente: o sinal reforça e o ruído, igual nos dois condutores, cancela.',1,1);
insert into public.quiz_options (question_id,texto,correta,ordem) values ('c88d31e0-7005-4155-95ed-361a770593b2','A espessura do cobre',false,1);
insert into public.quiz_options (question_id,texto,correta,ordem) values ('c88d31e0-7005-4155-95ed-361a770593b2','A subtração entre o sinal quente e o frio (rejeição de modo comum)',true,2);
insert into public.quiz_options (question_id,texto,correta,ordem) values ('c88d31e0-7005-4155-95ed-361a770593b2','O uso de fibra óptica',false,3);
insert into public.quiz_options (question_id,texto,correta,ordem) values ('c88d31e0-7005-4155-95ed-361a770593b2','O conector ser dourado',false,4);
insert into public.quiz_questions (id,quiz_id,texto,explicacao,ordem,pontos) values ('8cb7cc30-41db-4c48-836d-6ab9edeec490','64c82644-13ca-45ed-be87-e1957f42c98c','O conector correto para ligar um amplificador a uma caixa passiva de alta potência é:','Speakon é travável, seguro e dimensionado para a corrente de potência entre amplificador e caixa passiva.',2,1);
insert into public.quiz_options (question_id,texto,correta,ordem) values ('8cb7cc30-41db-4c48-836d-6ab9edeec490','RCA',false,1);
insert into public.quiz_options (question_id,texto,correta,ordem) values ('8cb7cc30-41db-4c48-836d-6ab9edeec490','P2',false,2);
insert into public.quiz_options (question_id,texto,correta,ordem) values ('8cb7cc30-41db-4c48-836d-6ab9edeec490','Speakon',true,3);
insert into public.quiz_options (question_id,texto,correta,ordem) values ('8cb7cc30-41db-4c48-836d-6ab9edeec490','HDMI',false,4);
insert into public.quiz_questions (id,quiz_id,texto,explicacao,ordem,pontos) values ('87ca2dc1-d0c1-419b-8c95-52373ad9bfa3','64c82644-13ca-45ed-be87-e1957f42c98c','A diferença entre um plugue P10 TS e um TRS é:','TS (Tip-Sleeve) é mono/desbalanceado, típico de instrumento; TRS (Tip-Ring-Sleeve) é balanceado ou estéreo.',3,1);
insert into public.quiz_options (question_id,texto,correta,ordem) values ('87ca2dc1-d0c1-419b-8c95-52373ad9bfa3','TS é digital e TRS é analógico',false,1);
insert into public.quiz_options (question_id,texto,correta,ordem) values ('87ca2dc1-d0c1-419b-8c95-52373ad9bfa3','TS tem 2 contatos (mono/desbalanceado) e TRS tem 3 (balanceado ou estéreo)',true,2);
insert into public.quiz_options (question_id,texto,correta,ordem) values ('87ca2dc1-d0c1-419b-8c95-52373ad9bfa3','TS é só para potência',false,3);
insert into public.quiz_options (question_id,texto,correta,ordem) values ('87ca2dc1-d0c1-419b-8c95-52373ad9bfa3','Não há diferença',false,4);
insert into public.quiz_questions (id,quiz_id,texto,explicacao,ordem,pontos) values ('10b20528-9441-41c6-9d13-10fc99001f2c','64c82644-13ca-45ed-be87-e1957f42c98c','Em um lance longo de microfone até a mesa, a melhor escolha é:','XLR balanceado mantém o sinal limpo em longas distâncias graças à rejeição de ruído.',4,1);
insert into public.quiz_options (question_id,texto,correta,ordem) values ('10b20528-9441-41c6-9d13-10fc99001f2c','RCA desbalanceado',false,1);
insert into public.quiz_options (question_id,texto,correta,ordem) values ('10b20528-9441-41c6-9d13-10fc99001f2c','XLR balanceado',true,2);
insert into public.quiz_options (question_id,texto,correta,ordem) values ('10b20528-9441-41c6-9d13-10fc99001f2c','P2 estéreo',false,3);
insert into public.quiz_options (question_id,texto,correta,ordem) values ('10b20528-9441-41c6-9d13-10fc99001f2c','Cabo de alto-falante',false,4);
insert into public.quiz_questions (id,quiz_id,texto,explicacao,ordem,pontos) values ('00cb7598-ddee-479c-9251-b20f622423d7','64c82644-13ca-45ed-be87-e1957f42c98c','O cabo MIDI transmite:','MIDI carrega mensagens de controle entre instrumentos eletrônicos; não transporta áudio.',5,1);
insert into public.quiz_options (question_id,texto,correta,ordem) values ('00cb7598-ddee-479c-9251-b20f622423d7','Áudio analógico',false,1);
insert into public.quiz_options (question_id,texto,correta,ordem) values ('00cb7598-ddee-479c-9251-b20f622423d7','Dados de controle (notas e comandos), não áudio',true,2);
insert into public.quiz_options (question_id,texto,correta,ordem) values ('00cb7598-ddee-479c-9251-b20f622423d7','Potência para caixas',false,3);
insert into public.quiz_options (question_id,texto,correta,ordem) values ('00cb7598-ddee-479c-9251-b20f622423d7','Sinal de vídeo',false,4);
insert into public.modules (id,course_id,titulo,ordem) values ('1edb2365-437b-45bb-98df-6293ede04bd5','8f29f6dd-3dc6-47fe-b4d3-1cd15514a21d','Módulo 2 — Equipamentos: Consoles, Microfones, Caixas e Sistemas',2);
insert into public.lessons (id,module_id,titulo,tipo,conteudo_rico,duracao_min,ordem,tem_quiz,preview_gratis) values ('9c0afa92-a872-4049-a1c2-33bf6d9bc725','1edb2365-437b-45bb-98df-6293ede04bd5','Consoles de Mixagem: Analógico, Digital e Rack','texto','<p><strong>Para começar:</strong> O console é o cérebro da operação. Esta aula apresenta a anatomia universal de uma mesa e compara as três famílias — analógica, digital e digital em rack — com os modelos reais que o operador encontra no mercado brasileiro.</p><p>Mesa de som, console de mixagem ou mixer: o equipamento que combina, processa e roteia todas as fontes. Conhecer a anatomia (canais, pré, EQ, dinâmica, aux/bus, master) é universal; saber as vantagens de cada família e os modelos de referência é o que prepara para o mercado real.</p><ul><li><strong>Anatomia universal do console:</strong> Independente da marca, todo console tem: canais de entrada (com conector XLR/TRS, pré-amplificador e ganho), seção de EQ por canal, faders e pan, sends auxiliares (aux), botões mute/solo, subgrupos, seção master com fader principal e medidores, e seção de saídas (master, monitores, efeitos). No digital tudo isso existe, mas é multiplexado em camadas (layers) e telas — um mesmo fader físico controla canais diferentes conforme a camada selecionada.</li><li><strong>Analógico: vantagens e limites:</strong> Mesas analógicas mantêm o sinal como tensão contínua. Vantagens: fluxo de trabalho imediato (um knob = uma função, sempre visível), latência zero, ''cor'' e saturação agradáveis de bons pré e fitas. Limites: não memorizam cenas, ocupam espaço, exigem outboard (processadores externos) para efeitos e dinâmica. Ainda usadas em pequenos eventos, igrejas e como ferramenta de aprendizado pela transparência do roteamento.</li><li><strong>Digital: por que dominou o mercado ao vivo:</strong> Mesas digitais convertem o sinal e processam tudo em DSP. Vantagens decisivas: memorização e recuperação de cenas/snapshots (fundamental em eventos repetitivos e festivais com troca rápida de bandas), EQ paramétrico, gate e compressor em todos os canais sem outboard, efeitos internos, roteamento flexível, controle remoto por tablet, e portabilidade. É hoje o padrão da maioria dos eventos profissionais.</li><li><strong>Mesa de rack:</strong> Mixer em formato rack (19 polegadas) sem (ou com poucos) controles físicos, operado por software/tablet (ex.: Behringer X32 Rack, Midas M32R/M32C, Allen &amp; Heath SQ em formato compacto). Vantagem: máxima portabilidade e menos peso; ideal para palcos onde a mesa fica no stage e o operador controla por Wi-Fi/tablet, ou para instalações fixas. Mesmo poder de DSP num gabinete menor.</li><li><strong>Camadas, bancos e cenas no digital:</strong> Como há mais canais do que faders físicos, o digital usa layers/banks: a fileira de faders ''rola'' entre grupos de canais (1–16, 17–32, buses, DCAs). Cenas (scenes) ou snapshots salvam o estado completo da mesa (ganhos, EQ, faders, mutes, roteamento) para recuperar instantaneamente. Dominar camadas e cenas é a habilidade central do operador digital moderno.</li></ul><h4>Equipamentos / detalhes</h4><ul><li><strong>Behringer X32 / Midas M32:</strong> Padrão de entrada no mercado profissional brasileiro. 32 canais de entrada, 16 buses mix, 8 DCAs, efeitos internos, pré-amplificadores Midas (no M32, idênticos aos de mesas maiores). Controle por app (X32-Edit / M32-Edit / Mixing Station). Custo-benefício que o tornou onipresente em igrejas, bandas e produtoras. O M32 é a versão Midas com pré e construção premium.</li><li><strong>Yamaha CL5 / QL5:</strong> Linha de consoles digitais de alta confiabilidade muito usada em grandes eventos, teatros e broadcast. Pré-amplificadores remotos via rede Dante, processamento premium (efeitos Rupert Neve via Premium Rack), interface madura e estável. CL5 tem mais faders; QL é mais compacta. Referência de robustez para eventos de grande porte.</li><li><strong>Allen &amp; Heath SQ / dLive:</strong> SQ (SQ-5/SQ-6/SQ-7): linha compacta com processamento de 96 kHz, baixa latência e excelente seção de dinâmica/EQ. dLive é o carro-chefe para grandes produções, com superfície e MixRack separados. Muito apreciada por qualidade sonora e fluxo de trabalho. Comum em igrejas grandes e turnês.</li></ul><h4>Passo a passo</h4><ol><li><strong>Reconhecer a anatomia ao chegar numa mesa nova:</strong> Localize: entradas no painel traseiro/lateral, knob de gain, botão de phantom (+48V), seção de EQ, fader do canal, botões mute/solo, sends de aux/efeito, faders de bus/grupo, fader master e medidores. Mesmo modelos diferentes seguem essa lógica.</li><li><strong>Navegar entre camadas num console digital:</strong> Use os botões de layer/bank para alternar entre canais 1–16, 17–32, buses e DCAs. Selecione um canal (botão Select) para que a tela mostre seu channel strip completo. Pratique até a navegação ficar automática — em show não há tempo para procurar.</li><li><strong>Salvar e recuperar uma cena:</strong> Após montar a mix, salve uma cena (Scene/Snapshot) nomeada (ex.: ''Banda A — show''). Para a próxima banda, recupere outra cena ou um ''template'' limpo. Sempre confira o que a cena recupera (alguns parâmetros podem ser ''safe''/protegidos como ganho de palco).</li><li><strong>Consultar o manual do fabricante para caminhos específicos:</strong> O fluxo padrão (gain, EQ, dinâmica, send, fader, master) é universal, mas o caminho exato de menus varia por modelo. Tenha o manual/quick-start do console em mãos e, quando possível, treine no software offline (X32-Edit, etc.) antes do evento.</li></ol><p><strong>Na prática:</strong> Num festival com cinco bandas e viradas de 15 minutos, o operador usa um X32: para cada banda há uma cena salva no ensaio com ganhos, EQ e roteamento. Na virada, ele apenas recupera a cena correta e ajusta detalhes finos. Sem a memorização de cenas — impossível numa mesa analógica — essas viradas-relâmpago não seriam viáveis. É o exemplo perfeito da vantagem do digital no ao vivo.</p><h4>Resumo</h4><ul><li>Toda mesa compartilha a mesma anatomia; o digital a organiza em camadas, telas e cenas.</li><li>O digital dominou o ao vivo por memorizar cenas e oferecer dinâmica/EQ/efeitos em todos os canais.</li><li>Modelos de referência: Behringer X32/Midas M32 (entrada pro), Yamaha CL/QL (grande porte), A&amp;H SQ/dLive.</li></ul>',35,1,true,false);
insert into public.quizzes (id,lesson_id,titulo) values ('3fd5e135-df54-4ff1-8a92-875897f0375f','9c0afa92-a872-4049-a1c2-33bf6d9bc725','Quiz — Consoles de Mixagem: Analógico, Digital e Rack');
insert into public.quiz_questions (id,quiz_id,texto,explicacao,ordem,pontos) values ('9bfe4304-8d10-40bb-8e88-eda2012b366a','3fd5e135-df54-4ff1-8a92-875897f0375f','A vantagem mais decisiva do console digital sobre o analógico no ao vivo é:','Cenas permitem viradas rápidas e configurações reproduzíveis — algo impossível na mesa analógica.',1,1);
insert into public.quiz_options (question_id,texto,correta,ordem) values ('9bfe4304-8d10-40bb-8e88-eda2012b366a','Ter mais cor analógica',false,1);
insert into public.quiz_options (question_id,texto,correta,ordem) values ('9bfe4304-8d10-40bb-8e88-eda2012b366a','Memorizar e recuperar cenas/snapshots instantaneamente',true,2);
insert into public.quiz_options (question_id,texto,correta,ordem) values ('9bfe4304-8d10-40bb-8e88-eda2012b366a','Não precisar de energia',false,3);
insert into public.quiz_options (question_id,texto,correta,ordem) values ('9bfe4304-8d10-40bb-8e88-eda2012b366a','Ser sempre mais barato',false,4);
insert into public.quiz_questions (id,quiz_id,texto,explicacao,ordem,pontos) values ('4312769b-a82d-4986-b477-0888e0378dec','3fd5e135-df54-4ff1-8a92-875897f0375f','Em um console digital, ''layers'' (camadas) servem para:','Como há mais canais que faders, as camadas rolam entre canais 1–16, 17–32, buses, DCAs, etc.',2,1);
insert into public.quiz_options (question_id,texto,correta,ordem) values ('4312769b-a82d-4986-b477-0888e0378dec','Aumentar o volume',false,1);
insert into public.quiz_options (question_id,texto,correta,ordem) values ('4312769b-a82d-4986-b477-0888e0378dec','Permitir que os mesmos faders físicos controlem grupos diferentes de canais',true,2);
insert into public.quiz_options (question_id,texto,correta,ordem) values ('4312769b-a82d-4986-b477-0888e0378dec','Adicionar reverb',false,3);
insert into public.quiz_options (question_id,texto,correta,ordem) values ('4312769b-a82d-4986-b477-0888e0378dec','Balancear o pan',false,4);
insert into public.quiz_questions (id,quiz_id,texto,explicacao,ordem,pontos) values ('1aa68e70-31f1-4afa-8210-b248a582564c','3fd5e135-df54-4ff1-8a92-875897f0375f','Um mixer formato rack (ex.: X32 Rack) é especialmente útil quando:','O formato rack oferece todo o DSP num gabinete compacto, controlado remotamente — ótimo para palco e instalações.',3,1);
insert into public.quiz_options (question_id,texto,correta,ordem) values ('1aa68e70-31f1-4afa-8210-b248a582564c','Não se quer portabilidade',false,1);
insert into public.quiz_options (question_id,texto,correta,ordem) values ('1aa68e70-31f1-4afa-8210-b248a582564c','Se deseja controlar a mesa por tablet/software com mínimo peso no palco',true,2);
insert into public.quiz_options (question_id,texto,correta,ordem) values ('1aa68e70-31f1-4afa-8210-b248a582564c','Se precisa de mais faders físicos',false,3);
insert into public.quiz_options (question_id,texto,correta,ordem) values ('1aa68e70-31f1-4afa-8210-b248a582564c','Não há energia disponível',false,4);
insert into public.quiz_questions (id,quiz_id,texto,explicacao,ordem,pontos) values ('1771add2-4102-4273-a845-d0d6c1347d63','3fd5e135-df54-4ff1-8a92-875897f0375f','Os pré-amplificadores do Midas M32 são valorizados porque:','O M32 traz pré Midas reconhecidos, um dos motivos de sua popularidade no mercado profissional.',4,1);
insert into public.quiz_options (question_id,texto,correta,ordem) values ('1771add2-4102-4273-a845-d0d6c1347d63','São analógicos puros sem conversão',false,1);
insert into public.quiz_options (question_id,texto,correta,ordem) values ('1771add2-4102-4273-a845-d0d6c1347d63','Herdam a qualidade dos pré Midas de mesas de grande porte',true,2);
insert into public.quiz_options (question_id,texto,correta,ordem) values ('1771add2-4102-4273-a845-d0d6c1347d63','Não precisam de ganho',false,3);
insert into public.quiz_options (question_id,texto,correta,ordem) values ('1771add2-4102-4273-a845-d0d6c1347d63','Dispensam phantom power',false,4);
insert into public.lessons (id,module_id,titulo,tipo,conteudo_rico,duracao_min,ordem,tem_quiz,preview_gratis) values ('7561ee37-b303-474b-bf3d-24f0310e52aa','1edb2365-437b-45bb-98df-6293ede04bd5','Microfones: Tipos, Padrões Polares e Modelos de Referência','texto','<p><strong>Para começar:</strong> O microfone é o primeiro elo da cadeia — e a melhor mixagem não conserta uma captação ruim. Esta aula domina os tipos de transdução, os padrões polares e os modelos reais que o operador escolhe instintivamente em campo.</p><p>Dinâmicos, condensadores e de fita; direcionais e omnidirecionais. Cada microfone é uma ferramenta com aplicação certa. Conhecer o princípio físico, o padrão polar e os modelos de referência (Shure, Sennheiser, AKG) é conhecimento de mercado indispensável.</p><ul><li><strong>Microfones dinâmicos:</strong> Usam bobina móvel num campo magnético: a vibração do diafragma gera corrente. Robustos, suportam altíssima pressão sonora (SPL), não precisam de phantom power, menos sensíveis a detalhes sutis. Ideais para palco: vocais ao vivo, amplificadores de guitarra, caixa e bumbo de bateria. A escolha padrão onde durabilidade e resistência importam.</li><li><strong>Microfones condensadores:</strong> Diafragma fino diante de uma placa carregada; variações de capacitância geram o sinal. Muito sensíveis, resposta de frequência ampla e plana, captam detalhe e brilho. Exigem alimentação externa (phantom power +48V). Menos tolerantes a SPL extremo. Padrão de estúdio para vocais detalhados e instrumentos acústicos; ao vivo aparecem como overheads de bateria, captação de coral e violão.</li><li>[''Microfones de fita (ribbon)'', "Fita metálica suspensa num campo magnético; som suave, natural e ''vintage'', resposta um pouco mais limitada no extremo agudo. Sensíveis e frágeis, exigem manuseio cuidadoso e cuidado com phantom em modelos antigos. Mais comuns em estúdio (sopros, cordas, guitarra suave). Conhecer existe e quando aparece.", ''mantém o operador completo.'']</li><li><strong>Padrões polares:</strong> Definem de onde o microfone capta. Omnidirecional: capta 360°, som natural, ótimo para ambiente e captação equilibrada, mas vaza tudo (ruim em palco barulhento). Cardioide: capta à frente, rejeita atrás — o padrão mais usado em palco para isolar a fonte. Supercardioide/hipercardioide: mais direcionais, rejeição lateral mais estreita, ótimos contra microfonia, mas exigem mira precisa. Figura-8 (bidirecional): capta frente e trás, típico de microfones de fita e técnicas estéreo.</li><li><strong>Efeito de proximidade e off-axis:</strong> Microfones direcionais reforçam graves quando muito próximos da fonte (efeito de proximidade) — o vocalista que ''come'' o microfone fica mais grave/encorpado. Som captado fora do eixo (off-axis) perde agudos e muda de timbre; por isso a mira do microfone importa tanto quanto a escolha do modelo.</li></ul><h4>Equipamentos / detalhes</h4><ul><li><strong>Shure SM58 e SM57:</strong> SM58: dinâmico cardioide, padrão mundial de vocal ao vivo, com globo anti-pop e resposta moldada para a voz; praticamente indestrutível. SM57: mesmo elemento sem o globo, o microfone mais versátil do mundo — caixa de bateria, amplificador de guitarra, sopros, percussão. Dupla obrigatória em qualquer rider.</li><li><strong>Shure Beta 52A e AKG D112 (bumbo):</strong> Dinâmicos específicos para bumbo e graves de alto SPL, com resposta realçada em graves e presença para o ''click'' do batedor. Beta 52A (supercardioide) e D112 são referências para captar bumbo com peso e definição ao vivo.</li><li><strong>Sennheiser e604 / e835 e Shure SM7B / Beta 58A:</strong> Sennheiser e604: dinâmico clipável para toms e caixa, prático na bateria. e835: dinâmico vocal alternativa ao SM58. Shure SM7B: dinâmico de estúdio/broadcast, referência de locução, podcast e vocal encorpado. Beta 58A: supercardioide, versão de maior rejeição e brilho do SM58 para vocais. AKG C414/C451: condensadores de estúdio e overhead.</li></ul><h4>Passo a passo</h4><ol><li><strong>Escolher o microfone pela fonte:</strong> Vocal ao vivo: dinâmico cardioide (SM58/e835/Beta 58A). Amplificador de guitarra: SM57. Bumbo: Beta 52A/D112. Caixa: SM57/e604. Toms: e604. Overheads e violão: condensador pequeno (C451/AT2021). Voz/instrumento delicado em estúdio: condensador de diafragma grande (C414, U87). A regra: dinâmico para SPL alto e palco; condensador para detalhe e estúdio.</li><li><strong>Ligar phantom power com segurança:</strong> Só ligue +48V para condensadores (e DIs ativas que exijam). Antes de ligar/desligar phantom, deixe o canal mutado e o fader abaixado para evitar ''pop'' alto que pode danificar caixas. Microfones dinâmicos toleram phantom, mas microfones de fita antigos podem ser danificados — sempre confira.</li><li><strong>Posicionar respeitando o padrão polar:</strong> Aponte o eixo principal (frente) do microfone para a fonte e a parte ''surda'' (atrás, em cardioide) para os monitores/caixas, reduzindo microfonia. Em supercardioide, lembre que o ponto de rejeição máxima fica nas laterais traseiras, não exatamente atrás.</li></ol><p><strong>Na prática:</strong> Num culto, o coral soa fraco e com microfonia quando captado por dinâmicos vocais. O operador troca por dois condensadores cardioides em pedestal alto, na técnica de captação à distância, com a parte traseira apontada para os monitores. O som ganha naturalidade e brilho e a microfonia some — resultado de casar tipo de transdução (condensador, sensível) e padrão polar (cardioide bem mirado) à situação.</p><h4>Resumo</h4><ul><li>Dinâmico para palco e SPL alto; condensador para detalhe e estúdio; fita para som suave e vintage.</li><li>O padrão polar (omni, cardioide, super/hiper, figura-8) decide o que o microfone capta e rejeita.</li><li>Modelos de referência resolvem a maioria das situações: SM58 (voz), SM57 (tudo), Beta 52A/D112 (bumbo).</li></ul>',35,2,true,false);
insert into public.quizzes (id,lesson_id,titulo) values ('a671b2ff-38dd-4bf0-90fb-ddd78a5345f2','7561ee37-b303-474b-bf3d-24f0310e52aa','Quiz — Microfones: Tipos, Padrões Polares e Modelos de Referência');
insert into public.quiz_questions (id,quiz_id,texto,explicacao,ordem,pontos) values ('c4b550fd-50a0-478e-9e1e-aa78d5a8ce4d','a671b2ff-38dd-4bf0-90fb-ddd78a5345f2','Para vocal em um show ao vivo barulhento, o microfone mais adequado costuma ser:','Dinâmico cardioide é robusto, tolera SPL alto e rejeita o que vem de trás, reduzindo vazamento e microfonia.',1,1);
insert into public.quiz_options (question_id,texto,correta,ordem) values ('c4b550fd-50a0-478e-9e1e-aa78d5a8ce4d','Condensador omnidirecional',false,1);
insert into public.quiz_options (question_id,texto,correta,ordem) values ('c4b550fd-50a0-478e-9e1e-aa78d5a8ce4d','Dinâmico cardioide (ex.: SM58)',true,2);
insert into public.quiz_options (question_id,texto,correta,ordem) values ('c4b550fd-50a0-478e-9e1e-aa78d5a8ce4d','Microfone de fita figura-8',false,3);
insert into public.quiz_options (question_id,texto,correta,ordem) values ('c4b550fd-50a0-478e-9e1e-aa78d5a8ce4d','Condensador de diafragma grande de estúdio',false,4);
insert into public.quiz_questions (id,quiz_id,texto,explicacao,ordem,pontos) values ('e65aa767-d5bc-4ab8-a067-3f44c0c63aaf','a671b2ff-38dd-4bf0-90fb-ddd78a5345f2','Microfones condensadores exigem:','O condensador precisa de tensão de polarização fornecida pelo phantom power do console ou pré.',2,1);
insert into public.quiz_options (question_id,texto,correta,ordem) values ('e65aa767-d5bc-4ab8-a067-3f44c0c63aaf','Cabo speakon',false,1);
insert into public.quiz_options (question_id,texto,correta,ordem) values ('e65aa767-d5bc-4ab8-a067-3f44c0c63aaf','Alimentação phantom power (+48V)',true,2);
insert into public.quiz_options (question_id,texto,correta,ordem) values ('e65aa767-d5bc-4ab8-a067-3f44c0c63aaf','Nível de speaker',false,3);
insert into public.quiz_options (question_id,texto,correta,ordem) values ('e65aa767-d5bc-4ab8-a067-3f44c0c63aaf','Conexão MIDI',false,4);
insert into public.quiz_questions (id,quiz_id,texto,explicacao,ordem,pontos) values ('ef05ea7a-8fdb-4594-baa8-9cbf4a5c770c','a671b2ff-38dd-4bf0-90fb-ddd78a5345f2','O padrão polar cardioide caracteriza-se por:','O cardioide capta predominantemente à frente e rejeita a traseira — ideal para isolar a fonte e combater microfonia.',3,1);
insert into public.quiz_options (question_id,texto,correta,ordem) values ('ef05ea7a-8fdb-4594-baa8-9cbf4a5c770c','Captar igualmente em 360°',false,1);
insert into public.quiz_options (question_id,texto,correta,ordem) values ('ef05ea7a-8fdb-4594-baa8-9cbf4a5c770c','Captar à frente e rejeitar o que vem de trás',true,2);
insert into public.quiz_options (question_id,texto,correta,ordem) values ('ef05ea7a-8fdb-4594-baa8-9cbf4a5c770c','Captar só as laterais',false,3);
insert into public.quiz_options (question_id,texto,correta,ordem) values ('ef05ea7a-8fdb-4594-baa8-9cbf4a5c770c','Captar apenas frente e trás',false,4);
insert into public.quiz_questions (id,quiz_id,texto,explicacao,ordem,pontos) values ('93979846-c417-41e8-8c64-5ba60d39b33b','a671b2ff-38dd-4bf0-90fb-ddd78a5345f2','O ''efeito de proximidade'' em microfones direcionais causa:','Quanto mais perto a fonte de um microfone direcional, mais graves são reforçados — efeito de proximidade.',4,1);
insert into public.quiz_options (question_id,texto,correta,ordem) values ('93979846-c417-41e8-8c64-5ba60d39b33b','Perda total de sinal',false,1);
insert into public.quiz_options (question_id,texto,correta,ordem) values ('93979846-c417-41e8-8c64-5ba60d39b33b','Reforço dos graves quando a fonte se aproxima muito',true,2);
insert into public.quiz_options (question_id,texto,correta,ordem) values ('93979846-c417-41e8-8c64-5ba60d39b33b','Aumento de agudos com a distância',false,3);
insert into public.quiz_options (question_id,texto,correta,ordem) values ('93979846-c417-41e8-8c64-5ba60d39b33b','Inversão de fase automática',false,4);
insert into public.quiz_questions (id,quiz_id,texto,explicacao,ordem,pontos) values ('6ec3004a-935a-4ec7-961e-09a7fe7d063d','a671b2ff-38dd-4bf0-90fb-ddd78a5345f2','Para captar o bumbo de uma bateria ao vivo, um modelo de referência é:','Beta 52A e D112 são dinâmicos dedicados a bumbo, com resposta de graves e presença para o batedor.',5,1);
insert into public.quiz_options (question_id,texto,correta,ordem) values ('6ec3004a-935a-4ec7-961e-09a7fe7d063d','AKG C414',false,1);
insert into public.quiz_options (question_id,texto,correta,ordem) values ('6ec3004a-935a-4ec7-961e-09a7fe7d063d','Shure Beta 52A ou AKG D112',true,2);
insert into public.quiz_options (question_id,texto,correta,ordem) values ('6ec3004a-935a-4ec7-961e-09a7fe7d063d','Royer R-121',false,3);
insert into public.quiz_options (question_id,texto,correta,ordem) values ('6ec3004a-935a-4ec7-961e-09a7fe7d063d','Shure SM58 padrão',false,4);
insert into public.lessons (id,module_id,titulo,tipo,conteudo_rico,duracao_min,ordem,tem_quiz,preview_gratis) values ('b18dddf4-56eb-48d7-a86d-baaa44bb3267','1edb2365-437b-45bb-98df-6293ede04bd5','Caixas Acústicas, Line Array e Amplificação de Potência','texto','<p><strong>Para começar:</strong> Som que não chega bem ao público não existe. Esta aula cobre os transdutores de saída — caixas, line arrays, subgraves e monitores — e a amplificação de potência que os move, com as classes de amplificador e os cuidados de impedância.</p><p>O sistema de PA (Public Address) é o que entrega o som à plateia. Entender tipos de caixa, sistemas line array, subgraves, amplificação e as classes de amplificador (com destaque à Classe D) é o conhecimento que define cobertura, potência e segurança do sistema.</p><ul><li><strong>Caixas ativas x passivas:</strong> Caixa passiva precisa de amplificador externo e cabo de potência (speakon); o crossover é interno passivo. Caixa ativa traz amplificador e processamento embutidos — basta sinal de linha e energia. Ativas (ex.: linhas JBL EON/PRX, QSC K/K.2, RCF ART, Yamaha DBR/DXR) dominam pequenos e médios eventos pela praticidade; passivas + amplificador externo dão flexibilidade em sistemas maiores.</li><li><strong>Componentes de uma caixa:</strong> Woofer (grave/médio-grave), driver de compressão + corneta (agudos) e, em sistemas full-range, crossover que divide as frequências para cada componente. O ângulo de cobertura da corneta (ex.: 90°x60°) define a dispersão. Saber ler especificações (potência RMS, SPL máximo, resposta de frequência, dispersão) é parte da escolha técnica.</li><li><strong>Line array: por que existe:</strong> Line array é um conjunto de caixas pequenas alinhadas verticalmente que se comportam como uma única fonte longa. Vantagens: cobertura longa e uniforme (o nível cai menos com a distância do que com caixas pontuais), controle vertical da dispersão e menos energia no teto/chão. É o padrão de médios e grandes eventos (ex.: linhas RCF HDL, d&amp;b, L-Acoustics, JBL VTX). A curvatura do array é calculada para cobrir do fundo à frente da plateia.</li><li><strong>Subgraves e configurações:</strong> Subwoofers reproduzem o sub-grave (~30–100 Hz). Podem ser configurados em cardioide (para reduzir grave no palco), endfire ou arc para moldar a dispersão. O alinhamento de tempo entre sub e topo (caixas full-range) evita cancelamentos na região de cruzamento. Subgrave bem ajustado dá peso sem ''embolar'' a mix.</li><li><strong>Classes de amplificador:</strong> Classe A: conduz o ciclo inteiro, alta fidelidade, baixíssima eficiência (esquenta muito) — uso hi-fi. Classe B: conduz meio ciclo cada transistor, mais eficiente mas com distorção de cruzamento. Classe AB: combina A e B, bom equilíbrio fidelidade/eficiência — clássico em amplificação de áudio. Classe D: usa modulação por largura de pulso (PWM) chaveando rápido, altíssima eficiência, leve e frio — domina o PA moderno e as caixas ativas. Classes C/E/F/G/H são especializadas (RF e otimizações de eficiência).</li></ul><h4>Equipamentos / detalhes</h4><ul><li><strong>Caixas ativas QSC K.2 / RCF ART / Yamaha DXR:</strong> Caixas full-range ativas com amplificação Classe D e DSP interno (presets, limiter, delay). Práticas para eventos pequenos e médios, monitor de palco ou PA principal. Specs típicas: 1000–2000 W pico, 12" ou 15" + driver de compressão, SPL de 130+ dB. Ligar é só sinal de linha + energia.</li><li><strong>Sistema line array (ex.: RCF HDL / L-Acoustics / d&amp;b):</strong> Array vertical de módulos idênticos pendurados (flown) ou em ground stack, com subgraves dedicados. Usado quando a plateia é grande/profunda e exige cobertura uniforme. A configuração (número de caixas, ângulos, delay) é calculada em software de predição do fabricante. Conhecimento de operador avançado, mas é o que se encontra em festivais.</li><li><strong>Amplificador de potência Classe D (ex.: QSC, Lab Gruppen, Crown):</strong> Amplificadores leves e eficientes que alimentam caixas passivas e arrays. Trazem DSP, limitadores e presets por modelo de caixa. Atenção crítica à impedância: ligar caixas abaixo da impedância mínima (ex.: 2 Ω num amp que suporta 4 Ω) sobrecarrega e pode queimar o amplificador.</li></ul><h4>Passo a passo</h4><ol><li><strong>Casar amplificador e caixa (impedância e potência):</strong> Verifique a impedância da caixa (4/8/16 Ω) e some em paralelo se houver várias. Não fique abaixo da impedância mínima do amplificador. Para potência, uma regra prática é o amplificador entregar cerca de 1,5 a 2× a potência RMS da caixa, usando limiter para proteger — assim há headroom sem distorção, mas sempre consulte as recomendações do fabricante.</li><li><strong>Posicionar PA para cobertura:</strong> Eleve e angule as caixas para cobrir a plateia, não o teto. Em caixas pontuais, mire o eixo da corneta para o público mais distante. Evite apontar PA diretamente para microfones abertos no palco (microfonia). Para line array, siga o cálculo de ângulos do software do fabricante.</li><li><strong>Energizar e desligar na ordem certa:</strong> Ligue primeiro as fontes e a mesa, por último os amplificadores/caixas ativas (com volumes baixos). Para desligar, inverta: amplificadores/caixas primeiro, depois a mesa. Isso evita o ''pop'' de transientes que pode danificar drivers.</li></ol><p><strong>Na prática:</strong> Numa festa em galpão fundo, com caixas pontuais, o público do fundo reclama de som fraco e o da frente de som alto demais. O operador entende que caixa pontual perde nível rapidamente com a distância (lei do inverso do quadrado) e que o caso pedia line array ou caixas de delay (reforço) no meio do salão. Sem aumentar perigosamente o volume da frente, ele instala caixas de delay alinhadas em tempo, equalizando a cobertura — solução que nasce de entender propagação e sistemas.</p><h4>Resumo</h4><ul><li>Caixas ativas trazem amplificação e DSP embutidos; passivas exigem amplificador externo e speakon.</li><li>Line array entrega cobertura longa e uniforme; subgraves bem alinhados dão peso sem confusão.</li><li>Classe D domina o PA moderno por ser eficiente, leve e fria; respeite sempre impedância e potência.</li></ul>',33,3,true,false);
insert into public.quizzes (id,lesson_id,titulo) values ('1eedc76e-6f84-4ca6-97e1-df54df84223b','b18dddf4-56eb-48d7-a86d-baaa44bb3267','Quiz — Caixas Acústicas, Line Array e Amplificação de Potência');
insert into public.quiz_questions (id,quiz_id,texto,explicacao,ordem,pontos) values ('644948d5-923f-483e-9e69-0d19554ee890','1eedc76e-6f84-4ca6-97e1-df54df84223b','A diferença básica entre caixa ativa e passiva é:','A caixa ativa já amplifica internamente (basta sinal de linha + energia); a passiva precisa de amplificador externo e speakon.',1,1);
insert into public.quiz_options (question_id,texto,correta,ordem) values ('644948d5-923f-483e-9e69-0d19554ee890','A ativa só toca grave',false,1);
insert into public.quiz_options (question_id,texto,correta,ordem) values ('644948d5-923f-483e-9e69-0d19554ee890','A ativa tem amplificador e processamento embutidos; a passiva precisa de amplificador externo',true,2);
insert into public.quiz_options (question_id,texto,correta,ordem) values ('644948d5-923f-483e-9e69-0d19554ee890','A passiva não precisa de cabo',false,3);
insert into public.quiz_options (question_id,texto,correta,ordem) values ('644948d5-923f-483e-9e69-0d19554ee890','A ativa é sempre line array',false,4);
insert into public.quiz_questions (id,quiz_id,texto,explicacao,ordem,pontos) values ('fc226c8f-dc1b-47ae-94aa-8d1cb87aa326','1eedc76e-6f84-4ca6-97e1-df54df84223b','A principal vantagem de um sistema line array é:','O alinhamento vertical faz o array projetar som de forma coerente e uniforme em grandes distâncias.',2,1);
insert into public.quiz_options (question_id,texto,correta,ordem) values ('fc226c8f-dc1b-47ae-94aa-8d1cb87aa326','Ser mais barato que uma caixa simples',false,1);
insert into public.quiz_options (question_id,texto,correta,ordem) values ('fc226c8f-dc1b-47ae-94aa-8d1cb87aa326','Cobertura longa e uniforme, com menor queda de nível com a distância',true,2);
insert into public.quiz_options (question_id,texto,correta,ordem) values ('fc226c8f-dc1b-47ae-94aa-8d1cb87aa326','Eliminar a necessidade de subgraves',false,3);
insert into public.quiz_options (question_id,texto,correta,ordem) values ('fc226c8f-dc1b-47ae-94aa-8d1cb87aa326','Dispensar amplificação',false,4);
insert into public.quiz_questions (id,quiz_id,texto,explicacao,ordem,pontos) values ('68eebd57-ce06-43ed-9640-5968e43d1b4b','1eedc76e-6f84-4ca6-97e1-df54df84223b','A classe de amplificador que domina o PA moderno por eficiência e baixo peso é:','A Classe D usa chaveamento PWM de alta eficiência, gerando pouco calor e permitindo amplificadores leves e potentes.',3,1);
insert into public.quiz_options (question_id,texto,correta,ordem) values ('68eebd57-ce06-43ed-9640-5968e43d1b4b','Classe A',false,1);
insert into public.quiz_options (question_id,texto,correta,ordem) values ('68eebd57-ce06-43ed-9640-5968e43d1b4b','Classe C',false,2);
insert into public.quiz_options (question_id,texto,correta,ordem) values ('68eebd57-ce06-43ed-9640-5968e43d1b4b','Classe D',true,3);
insert into public.quiz_options (question_id,texto,correta,ordem) values ('68eebd57-ce06-43ed-9640-5968e43d1b4b','Classe B pura',false,4);
insert into public.quiz_questions (id,quiz_id,texto,explicacao,ordem,pontos) values ('1d5d350a-73d0-4f54-8ce4-79ce0bdd28da','1eedc76e-6f84-4ca6-97e1-df54df84223b','Ligar caixas com impedância total abaixo do mínimo do amplificador pode:','Impedância abaixo do mínimo eleva a corrente além do projeto do amplificador, podendo queimá-lo.',4,1);
insert into public.quiz_options (question_id,texto,correta,ordem) values ('1d5d350a-73d0-4f54-8ce4-79ce0bdd28da','Melhorar o som',false,1);
insert into public.quiz_options (question_id,texto,correta,ordem) values ('1d5d350a-73d0-4f54-8ce4-79ce0bdd28da','Sobrecarregar e danificar o amplificador',true,2);
insert into public.quiz_options (question_id,texto,correta,ordem) values ('1d5d350a-73d0-4f54-8ce4-79ce0bdd28da','Aumentar a fidelidade',false,3);
insert into public.quiz_options (question_id,texto,correta,ordem) values ('1d5d350a-73d0-4f54-8ce4-79ce0bdd28da','Não ter efeito algum',false,4);
insert into public.quiz_questions (id,quiz_id,texto,explicacao,ordem,pontos) values ('b6924986-acae-45b9-bea5-d65e33028f7d','1eedc76e-6f84-4ca6-97e1-df54df84223b','A ordem segura para energizar um sistema de som é:','Ligar a potência por último (e desligá-la primeiro) evita o transiente/pop que danifica os drivers.',5,1);
insert into public.quiz_options (question_id,texto,correta,ordem) values ('b6924986-acae-45b9-bea5-d65e33028f7d','Amplificadores primeiro, mesa por último',false,1);
insert into public.quiz_options (question_id,texto,correta,ordem) values ('b6924986-acae-45b9-bea5-d65e33028f7d','Fontes e mesa primeiro, amplificadores/caixas por último',true,2);
insert into public.quiz_options (question_id,texto,correta,ordem) values ('b6924986-acae-45b9-bea5-d65e33028f7d','Tudo ao mesmo tempo',false,3);
insert into public.quiz_options (question_id,texto,correta,ordem) values ('b6924986-acae-45b9-bea5-d65e33028f7d','Caixas, depois a energia geral',false,4);
insert into public.lessons (id,module_id,titulo,tipo,conteudo_rico,duracao_min,ordem,tem_quiz,preview_gratis) values ('8d217cf1-b4c7-4d09-8cf7-2bd8b88d9cd7','1edb2365-437b-45bb-98df-6293ede04bd5','Processadores, Interfaces, Energia e RTA','texto','<p><strong>Para começar:</strong> Entre a mesa e as caixas — e ao redor de todo o sistema — há equipamentos que garantem qualidade, conversão e segurança elétrica. Esta aula cobre processadores de sistema, interfaces/conversores, planejamento de consumo de energia e o analisador RTA.</p><p>O operador completo não para na mesa: precisa entender o processador de gerenciamento de sistema, as interfaces de áudio (conversores A/D-D/A), o cálculo de consumo elétrico do rig e a leitura de um RTA para equalizar a sala. São competências que separam o amador do profissional.</p><ul><li><strong>Processador de gerenciamento de sistema:</strong> Equipamento (ou DSP) entre a mesa e os amplificadores que faz crossover ativo (divide frequências entre sub e topo), EQ de sistema, limitação de proteção, delay (alinhamento de tempo) e roteamento de zonas. Exemplos: dbx DriveRack, Behringer DCX2496, processadores embutidos em amplificadores. É o que protege as caixas e molda o som do PA para a sala.</li><li><strong>Interfaces de áudio e conversores:</strong> A interface é o intermediário entre o mundo analógico e o digital. Contém ADC (analógico→digital), DAC (digital→analógico), pré-amplificadores de microfone, controle de ganho e monitoramento direto (sem latência). Conexões típicas: XLR, TRS, USB/Thunderbolt. Qualidade dos conversores e dos pré define a fidelidade da captura e da reprodução.</li><li><strong>Mesa de rack vs. interface vs. console digital:</strong> São conceitos próximos mas distintos: a interface conecta áudio ao computador (gravação/playback); o console digital mistura ao vivo; muitos consoles digitais funcionam também como interface USB multicanal para gravar o show (multitrack) e fazer virtual soundcheck. Entender essa convergência amplia o que o operador pode oferecer.</li><li><strong>Planejamento de consumo de energia:</strong> Cada equipamento consome potência (W) ou VA. O operador soma os consumos para dimensionar a rede e evitar disjuntor caindo no meio do show. Passos: listar componentes, anotar o consumo (etiqueta/manual), estimar tempo de uso, calcular energia (W × h = Wh; ÷1000 = kWh) e somar. VA vira W multiplicando pelo fator de potência (~0,8) quando necessário. Anote se há equipamento bivolt e se precisa de nobreak/estabilizador.</li><li><strong>RTA — Real Time Analyzer:</strong> Analisador em tempo real que mostra a resposta em frequência do sistema na sala (frequência no eixo X, amplitude no eixo Y). Com microfone de medição, identifica picos, vales, ressonâncias e ajuda a equalizar o PA para o ambiente e a detectar frequências de microfonia. Existe em hardware e em software (ex.: Smaart, REW, apps de RTA); é ferramenta de calibração, não substitui o ouvido treinado.</li></ul><h4>Equipamentos / detalhes</h4><ul><li><strong>Interface de áudio Focusrite Scarlett / Universal Audio Apollo / RME Babyface:</strong> Scarlett 2i2: padrão de entrada, bons pré e conversores, USB. Apollo Twin: conexão Thunderbolt de baixa latência com emulações analógicas. RME Babyface Pro FS: referência de conversores e estabilidade de driver. Escolha por nº de entradas/saídas, latência, conexão e orçamento. Usadas para gravar shows, virtual soundcheck e produção.</li><li><strong>Processador de sistema dbx DriveRack / Behringer DCX2496:</strong> Gerencia o PA: crossover ativo, EQ de sistema, limiter de proteção e alinhamento de delay. O DriveRack tem assistentes de auto-EQ com microfone de medição. Protege as caixas e adapta o som à sala. Conhecimento valioso para quem monta sistemas, não só opera a mesa.</li><li><strong>Microfone de medição + software RTA (ex.: miniDSP UMIK-1 + REW/Smaart):</strong> Microfone omnidirecional calibrado conectado a um software de medição que gera o RTA e curvas de resposta. Usado para calibrar o sistema, encontrar modos de sala e frequências problemáticas. Ferramenta de afinação fina do PA.</li></ul><h4>Passo a passo</h4><ol><li><strong>Montar a planilha de consumo do rig:</strong> Liste cada equipamento e seu consumo (ex.: 2 caixas ativas 100 W, controladora 30 W, notebook 60 W, iluminação LED 80 W, interface 10 W). Multiplique por horas de uso para Wh, divida por 1000 para kWh, e some o total. Confira se o circuito disponível suporta a corrente total (W ÷ tensão = A) com margem.</li><li><strong>Calibrar grosseiramente o PA com RTA:</strong> Toque ruído rosa pelo sistema, posicione o microfone de medição na área de audição e observe o RTA. Corrija com EQ de sistema os picos exagerados de ressonância e evite ''achatar'' tudo cegamente — o RTA orienta, o ouvido decide. Repita em alguns pontos da plateia.</li><li><strong>Configurar a interface para gravar o show:</strong> Conecte a saída direta/USB do console à interface/computador, ajuste a taxa de amostragem (44,1/48 kHz) e a resolução (24 bits), confira o buffer para latência adequada e teste o nível de gravação sem clipping (picos abaixo de 0 dBFS).</li></ol><p><strong>Na prática:</strong> Antes de um show em uma quadra, o operador soma o consumo de PA, luz e backline e descobre que o circuito de 20 A não aguentaria os picos. Ele redistribui a carga em dois circuitos e coloca a mesa e os notebooks num nobreak. Durante a passagem, usa o RTA e percebe uma ressonância forte em 250 Hz (a ''lama'' da quadra de concreto); corta levemente essa banda no EQ de sistema e a inteligibilidade melhora. Planejamento elétrico e medição evitaram o show parar e soaram melhor.</p><h4>Resumo</h4><ul><li>O processador de sistema protege as caixas e adapta o PA à sala (crossover, EQ, limiter, delay).</li><li>A interface converte entre analógico e digital e permite gravar o show/virtual soundcheck.</li><li>Planejar consumo elétrico evita quedas; o RTA orienta a equalização da sala junto com o ouvido.</li></ul>',30,4,true,false);
insert into public.quizzes (id,lesson_id,titulo) values ('9d73da6d-b0c1-4af9-b157-14ed33f68976','8d217cf1-b4c7-4d09-8cf7-2bd8b88d9cd7','Quiz — Processadores, Interfaces, Energia e RTA');
insert into public.quiz_questions (id,quiz_id,texto,explicacao,ordem,pontos) values ('86864fdf-1c1c-4379-93be-e1bc549c30e8','9d73da6d-b0c1-4af9-b157-14ed33f68976','A função do processador de gerenciamento de sistema entre mesa e amplificadores inclui:','O processador divide frequências, equaliza, limita para proteger as caixas e alinha tempo entre sub e topo.',1,1);
insert into public.quiz_options (question_id,texto,correta,ordem) values ('86864fdf-1c1c-4379-93be-e1bc549c30e8','Apenas aumentar volume',false,1);
insert into public.quiz_options (question_id,texto,correta,ordem) values ('86864fdf-1c1c-4379-93be-e1bc549c30e8','Crossover ativo, EQ de sistema, limiter de proteção e delay de alinhamento',true,2);
insert into public.quiz_options (question_id,texto,correta,ordem) values ('86864fdf-1c1c-4379-93be-e1bc549c30e8','Gravar o show',false,3);
insert into public.quiz_options (question_id,texto,correta,ordem) values ('86864fdf-1c1c-4379-93be-e1bc549c30e8','Substituir os microfones',false,4);
insert into public.quiz_questions (id,quiz_id,texto,explicacao,ordem,pontos) values ('0a1335d2-16ab-48c1-a3e2-16f0936fb1aa','9d73da6d-b0c1-4af9-b157-14ed33f68976','Numa interface de áudio, o ADC é responsável por:','ADC (Analog-to-Digital Converter) digitaliza o sinal analógico de microfones/instrumentos para o computador.',2,1);
insert into public.quiz_options (question_id,texto,correta,ordem) values ('0a1335d2-16ab-48c1-a3e2-16f0936fb1aa','Converter sinal analógico em digital',true,1);
insert into public.quiz_options (question_id,texto,correta,ordem) values ('0a1335d2-16ab-48c1-a3e2-16f0936fb1aa','Converter digital em analógico',false,2);
insert into public.quiz_options (question_id,texto,correta,ordem) values ('0a1335d2-16ab-48c1-a3e2-16f0936fb1aa','Amplificar potência',false,3);
insert into public.quiz_options (question_id,texto,correta,ordem) values ('0a1335d2-16ab-48c1-a3e2-16f0936fb1aa','Gerar phantom power',false,4);
insert into public.quiz_questions (id,quiz_id,texto,explicacao,ordem,pontos) values ('92b974ae-a91c-4278-a379-3166f0d44603','9d73da6d-b0c1-4af9-b157-14ed33f68976','Para dimensionar a energia de um rig e evitar quedas de disjuntor, o operador deve:','Somar a potência total e checar a corrente do circuito com margem é o procedimento correto de planejamento elétrico.',3,1);
insert into public.quiz_options (question_id,texto,correta,ordem) values ('92b974ae-a91c-4278-a379-3166f0d44603','Ligar tudo e ver se cai',false,1);
insert into public.quiz_options (question_id,texto,correta,ordem) values ('92b974ae-a91c-4278-a379-3166f0d44603','Somar os consumos (W/VA) e comparar com a capacidade do circuito, com margem',true,2);
insert into public.quiz_options (question_id,texto,correta,ordem) values ('92b974ae-a91c-4278-a379-3166f0d44603','Usar só caixas passivas',false,3);
insert into public.quiz_options (question_id,texto,correta,ordem) values ('92b974ae-a91c-4278-a379-3166f0d44603','Ignorar o consumo da iluminação',false,4);
insert into public.quiz_questions (id,quiz_id,texto,explicacao,ordem,pontos) values ('e5fdfa27-0157-4f36-b412-71f95178b64e','9d73da6d-b0c1-4af9-b157-14ed33f68976','O RTA (Real Time Analyzer) serve principalmente para:','O RTA exibe frequência x amplitude em tempo real, ajudando a equalizar a sala e a achar ressonâncias e microfonia.',4,1);
insert into public.quiz_options (question_id,texto,correta,ordem) values ('e5fdfa27-0157-4f36-b412-71f95178b64e','Mostrar a resposta em frequência do sistema em tempo real para orientar a equalização',true,1);
insert into public.quiz_options (question_id,texto,correta,ordem) values ('e5fdfa27-0157-4f36-b412-71f95178b64e','Aumentar o ganho automaticamente',false,2);
insert into public.quiz_options (question_id,texto,correta,ordem) values ('e5fdfa27-0157-4f36-b412-71f95178b64e','Substituir o compressor',false,3);
insert into public.quiz_options (question_id,texto,correta,ordem) values ('e5fdfa27-0157-4f36-b412-71f95178b64e','Gerar reverb',false,4);
insert into public.modules (id,course_id,titulo,ordem) values ('83772cf6-12de-43e6-8dd3-294beb9958eb','8f29f6dd-3dc6-47fe-b4d3-1cd15514a21d','Módulo 3 — Operação do Console: Channel Strip e Gain Staging',3);
insert into public.lessons (id,module_id,titulo,tipo,conteudo_rico,duracao_min,ordem,tem_quiz,preview_gratis) values ('b0f7813e-80c9-4528-9230-1f667b128b12','83772cf6-12de-43e6-8dd3-294beb9958eb','O Channel Strip e o Gain Staging na Prática','texto','<p><strong>Para começar:</strong> O channel strip é a sequência de processamento de cada canal — e o gain staging é a disciplina que mantém o sinal forte e limpo do início ao fim. Dominar os dois é a competência operacional central do curso.</p><p>Cada canal de uma mesa percorre uma ordem: entrada, ganho/trim, gate, EQ, compressor, fader, pan e roteamento. Esta aula é o manual de uso do channel strip e o passo a passo definitivo de gain staging, base de toda mixagem sem ruído nem distorção.</p><ul><li><strong>A ordem do channel strip:</strong> O fluxo típico por canal: 1) Entrada (XLR/TRS) e seleção de fonte; 2) Pré-amplificador / Gain (Trim) — ajusta o nível de entrada; 3) Phantom (+48V) se necessário; 4) Filtro passa-altas (HPF/low cut); 5) Gate / Expander; 6) EQ; 7) Compressor; 8) Inserts/efeitos via send; 9) Fader (volume na mix); 10) Pan; 11) Roteamento para bus/grupo/master. No digital essa cadeia aparece na tela ao selecionar o canal.</li><li><strong>Gain (Trim): o ajuste mais importante:</strong> O gain define o nível do sinal logo na entrada, antes de tudo. Ajustado baixo demais: o sinal fica fraco e, quando amplificado depois, traz ruído (relação sinal-ruído ruim). Alto demais: clipa o pré e distorce, sem volta. O objetivo é colocar o sinal numa faixa saudável — picos na ''zona verde/amarela'' do medidor, com headroom (folga) antes do vermelho. É a fundação sobre a qual todo o resto se constrói.</li><li><strong>Headroom e relação sinal-ruído:</strong> Headroom é a folga entre o nível médio do sinal e o teto (0 dBFS no digital). Manter headroom evita clipping em picos inesperados (um grito, um acento de bateria). Relação sinal-ruído (S/N) é o quanto o sinal está acima do ruído de fundo. Bom gain staging maximiza S/N e preserva headroom ao mesmo tempo — equilíbrio que define áudio limpo.</li><li><strong>Fader x gain: papéis diferentes:</strong> Erro clássico do iniciante: corrigir nível fraco aumentando o fader em vez do gain. O fader ajusta o quanto o canal aparece na mistura final; o gain ajusta a ''matéria-prima'' na entrada. Se o gain está errado, nenhum fader resolve. Primeiro acerta-se o gain (ganho de estrutura), depois se mistura com os faders.</li><li><strong>Unity gain e ganho ao longo da cadeia:</strong> Unity gain (ganho unitário, 0 dB) é o ponto em que o estágio não amplifica nem atenua — entra e sai no mesmo nível. Trabalhar com faders próximos do unity (a marca ''0'' ou ''U'') dá faixa de ajuste para cima e para baixo. Cada estágio que adiciona ganho (gain, EQ com boost, makeup do compressor) precisa ser contabilizado para o sinal não estourar lá na frente.</li></ul><h4>Equipamentos / detalhes</h4><ul><li><strong>Console digital com medidor de entrada (ex.: X32/M32, A&amp;H SQ):</strong> Use o medidor de entrada (input meter) do canal — não o de saída — para ajustar o gain. Procure picos saudáveis com headroom. Muitos consoles têm um indicador de clip/overload no topo do canal: ele nunca deve acender em sinal normal.</li><li><strong>Medidores: PPM, VU e True Peak:</strong> PPM/peak meter mostra picos instantâneos (importante no digital para não clipar). VU mostra nível médio percebido (loudness). Entender que um sinal pode ter VU moderado mas picos altos ajuda a deixar headroom. Em digital, observe o peak/clip; em analógico, o equilíbrio entre VU e o LED de clip.</li></ul><h4>Passo a passo</h4><ol><li><strong>Gain staging canal a canal:</strong> 1) Zere o fader em unity (0/U) e o gain no mínimo. 2) Peça à fonte para tocar/cantar no volume mais forte do show. 3) Suba o gain até os picos ficarem na zona saudável do medidor de entrada, com folga antes do clip. 4) Não use o gain para ''volume na mix'' — isso é função do fader. 5) Repita para cada canal. 6) Só depois construa o balanço com os faders.</li><li><strong>Inserir o HPF (passa-altas) cedo:</strong> Ative o filtro passa-altas nos canais que não têm grave útil (voz ~80–120 Hz, violão, pratos) para remover ruído de palco, plosivas e ''lama''. Isso limpa a mix antes mesmo do EQ e libera headroom.</li><li><strong>Verificar a cadeia ao reusar uma cena:</strong> Ao recuperar uma cena de outro show, sempre reconfira os gains com a fonte real do dia — microfones, pessoas e instrumentos mudam. Cena recuperada com gain de outro evento é fonte comum de distorção ou som fraco.</li></ol><p><strong>Na prática:</strong> Um vocalista tem voz fraca na passagem e forte no refrão. O operador que ajustou o gain só ouvindo a voz fraca terá clipping no refrão. O profissional pede o trecho mais forte da música, ajusta o gain com headroom para esse pico e usa o compressor para controlar a dinâmica — assim o canal nunca distorce e mantém presença. A diferença entre amador e profissional aqui é toda gain staging.</p><h4>Resumo</h4><ul><li>O channel strip processa cada canal numa ordem fixa começando pelo gain.</li><li>Gain staging é ajustar o nível correto em cada estágio: sinal forte, com headroom, sem clipping.</li><li>Gain ajusta a matéria-prima na entrada; o fader ajusta o quanto o canal aparece na mistura.</li></ul>',35,1,true,false);
insert into public.quizzes (id,lesson_id,titulo) values ('0af53581-6704-43f4-a429-de66a9dddd65','b0f7813e-80c9-4528-9230-1f667b128b12','Quiz — O Channel Strip e o Gain Staging na Prática');
insert into public.quiz_questions (id,quiz_id,texto,explicacao,ordem,pontos) values ('175358bb-c38b-4107-86a7-65a62f419df3','0af53581-6704-43f4-a429-de66a9dddd65','O ajuste de gain (trim) deve ser feito:','Ajustar com o pico mais forte garante que não haverá clipping no momento crítico, mantendo folga (headroom).',1,1);
insert into public.quiz_options (question_id,texto,correta,ordem) values ('175358bb-c38b-4107-86a7-65a62f419df3','Com a fonte no volume mais forte do show, deixando headroom antes do clip',true,1);
insert into public.quiz_options (question_id,texto,correta,ordem) values ('175358bb-c38b-4107-86a7-65a62f419df3','Sempre no máximo',false,2);
insert into public.quiz_options (question_id,texto,correta,ordem) values ('175358bb-c38b-4107-86a7-65a62f419df3','Com o fader, não com o gain',false,3);
insert into public.quiz_options (question_id,texto,correta,ordem) values ('175358bb-c38b-4107-86a7-65a62f419df3','Apenas depois da mixagem pronta',false,4);
insert into public.quiz_questions (id,quiz_id,texto,explicacao,ordem,pontos) values ('d1771a23-d93d-472d-809d-5bb12f247070','0af53581-6704-43f4-a429-de66a9dddd65','Aumentar o fader para corrigir um sinal de entrada fraco é um erro porque:','Se o gain de entrada está baixo, o fader só amplifica o ruído junto; a correção é no gain.',2,1);
insert into public.quiz_options (question_id,texto,correta,ordem) values ('d1771a23-d93d-472d-809d-5bb12f247070','O fader controla o quanto o canal aparece na mix, não a matéria-prima de entrada',true,1);
insert into public.quiz_options (question_id,texto,correta,ordem) values ('d1771a23-d93d-472d-809d-5bb12f247070','O fader sempre distorce',false,2);
insert into public.quiz_options (question_id,texto,correta,ordem) values ('d1771a23-d93d-472d-809d-5bb12f247070','Faders não funcionam em digital',false,3);
insert into public.quiz_options (question_id,texto,correta,ordem) values ('d1771a23-d93d-472d-809d-5bb12f247070','O gain não existe em mesas digitais',false,4);
insert into public.quiz_questions (id,quiz_id,texto,explicacao,ordem,pontos) values ('2f53d6ed-51e0-433e-8a5a-cb4daa2e7dbe','0af53581-6704-43f4-a429-de66a9dddd65','Headroom é:','Headroom é a margem até o teto digital; mantê-lo evita distorção em transientes inesperados.',3,1);
insert into public.quiz_options (question_id,texto,correta,ordem) values ('2f53d6ed-51e0-433e-8a5a-cb4daa2e7dbe','O ruído de fundo do canal',false,1);
insert into public.quiz_options (question_id,texto,correta,ordem) values ('2f53d6ed-51e0-433e-8a5a-cb4daa2e7dbe','A folga entre o nível do sinal e o teto (0 dBFS), que evita clipping em picos',true,2);
insert into public.quiz_options (question_id,texto,correta,ordem) values ('2f53d6ed-51e0-433e-8a5a-cb4daa2e7dbe','O ganho do compressor',false,3);
insert into public.quiz_options (question_id,texto,correta,ordem) values ('2f53d6ed-51e0-433e-8a5a-cb4daa2e7dbe','O nível do subgrave',false,4);
insert into public.quiz_questions (id,quiz_id,texto,explicacao,ordem,pontos) values ('af97c4b6-451a-42ed-bca1-98bb6a160795','0af53581-6704-43f4-a429-de66a9dddd65','O filtro passa-altas (HPF) num canal de voz serve para:','O HPF corta abaixo de ~80–120 Hz onde a voz não tem conteúdo útil, limpando a mistura e liberando headroom.',4,1);
insert into public.quiz_options (question_id,texto,correta,ordem) values ('af97c4b6-451a-42ed-bca1-98bb6a160795','Adicionar grave',false,1);
insert into public.quiz_options (question_id,texto,correta,ordem) values ('af97c4b6-451a-42ed-bca1-98bb6a160795','Remover graves inúteis, ruído de palco e plosivas, limpando a mix',true,2);
insert into public.quiz_options (question_id,texto,correta,ordem) values ('af97c4b6-451a-42ed-bca1-98bb6a160795','Aumentar agudos',false,3);
insert into public.quiz_options (question_id,texto,correta,ordem) values ('af97c4b6-451a-42ed-bca1-98bb6a160795','Comprimir o sinal',false,4);
insert into public.lessons (id,module_id,titulo,tipo,conteudo_rico,duracao_min,ordem,tem_quiz,preview_gratis) values ('b76a9243-ba12-4e5b-8108-63d9ea89cd29','83772cf6-12de-43e6-8dd3-294beb9958eb','Equalização Aplicada: Tipos, Curvas e Decisões','texto','<p><strong>Para começar:</strong> Equalizar é esculpir o som no domínio da frequência. Esta aula transforma o EQ de ''mexer até gostar'' em decisões conscientes — corrigir problemas, criar espaço para cada fonte e moldar o timbre.</p><p>O equalizador ajusta a intensidade de cada faixa de frequência. Dominar os tipos (gráfico, paramétrico, shelving, passa-altas/baixas) e os parâmetros (frequência, Q, ganho) é o que permite separar instrumentos numa mix densa e resolver problemas de sala e timbre.</p><ul><li><strong>Tipos de EQ:</strong> Gráfico: bandas fixas (10–31 bandas, ex.: 1/3 de oitava), cada uma com slider; ótimo para EQ de sistema/sala e correção geral. Paramétrico: cada banda tem frequência, ganho e Q ajustáveis; o mais preciso, para esculpir instrumentos e corrigir ressonâncias específicas. Semiparamétrico: frequência e ganho ajustáveis, Q fixo. Os consoles digitais trazem paramétrico por canal.</li><li><strong>Curvas e filtros:</strong> Peaking (sino): realça/atenua em torno de uma frequência central com largura definida pelo Q. Shelving (prateleira): realça/atenua tudo acima (high shelf) ou abaixo (low shelf) de um ponto — bom para ''mais brilho'' ou ''mais peso'' geral. Passa-altas (HPF): corta abaixo do ponto (remove graves inúteis). Passa-baixas (LPF): corta acima do ponto (suaviza agulho/ruído de fundo).</li><li><strong>Os três parâmetros:</strong> Frequência central: onde o ajuste atua. Ganho: quanto realça (+) ou atenua (−). Q (largura de banda): quão estreito ou largo é o ajuste — Q alto = cirúrgico (corrigir uma ressonância pontual); Q baixo = musical/amplo (moldar timbre). Cortes costumam usar Q mais estreito; realces, Q mais largo e suave.</li><li><strong>Subtrair antes de somar:</strong> Princípio profissional: prefira cortar frequências problemáticas a só realçar. Realçar tudo soma energia, gera ''lama'' e consome headroom. Cortar a ''lama'' (200–400 Hz) de várias fontes costuma clarear a mix mais do que realçar agudos. EQ subtrativo limpa; EQ aditivo deve ser usado com parcimônia.</li><li><strong>Criar espaço (carving) na mix:</strong> Numa mix densa, instrumentos brigam pela mesma faixa. A técnica é dar a cada fonte sua região: cortar no bumbo onde o baixo manda e vice-versa, abrir agudos da voz onde os outros não têm presença. Equalizar pensando no conjunto, não em cada canal isolado, é o salto de qualidade do operador.</li></ul><h4>Equipamentos / detalhes</h4><ul><li><strong>EQ paramétrico de canal (em X32/M32, Yamaha, A&amp;H):</strong> 4 bandas paramétricas típicas + HPF/LPF por canal. Use o método ''varrer e cortar'': com Q estreito e boost, varra a frequência até achar a ressonância chata, então inverta para corte. Ferramenta diária para domar voz, guitarra e bateria.</li><li><strong>EQ gráfico de saída/sistema (ex.: dbx 31 bandas, GEQ interno):</strong> 31 bandas (1/3 de oitava) na saída de PA ou monitor. Usado para corrigir a resposta da sala e, em monitores, para ''puxar'' frequências de microfonia. Cada slider é uma faixa fixa; cortes cirúrgicos combatem feedback.</li></ul><h4>Passo a passo</h4><ol><li><strong>Método ''sweep and cut'' para achar problema:</strong> 1) Numa banda paramétrica, ponha Q estreito e ganho +6 a +10 dB. 2) Varra a frequência lentamente ouvindo a fonte tocar. 3) Quando a ressonância ''chata'' saltar, pare. 4) Inverta o ganho para corte (−3 a −6 dB) e ajuste o Q. Resultado: removeu o problema sem tirar o caráter da fonte.</li><li><strong>EQ de voz padrão (ponto de partida):</strong> HPF ~100 Hz; pequeno corte na ''lama'' (250–400 Hz); leve realce de presença (3–5 kHz) para inteligibilidade; brilho/ar com high shelf suave (10 kHz) se faltar abertura; atenuar sibilância (6–8 kHz) se estridente (ou usar de-esser). Sempre ajustando ao timbre real da pessoa.</li><li><strong>EQ pensando no conjunto:</strong> Solo o canal para diagnosticar, mas decida com a mix tocando. Se baixo e bumbo embolam, escolha quem manda no sub (ex.: bumbo em 60 Hz, baixo em 100 Hz) e corte o outro nessa região. Reavalie sempre no contexto.</li></ol><p><strong>Na prática:</strong> Numa banda de baile, a guitarra-base e a voz somem uma na outra. O operador percebe que ambas dominam 2–4 kHz. Ele recua levemente essa faixa na guitarra e a realça na voz, e corta a ''lama'' de 300 Hz das duas. Sem mexer em volume, a voz fica inteligível e a guitarra mantém presença sem mascarar — EQ usado para criar espaço, não só para ''deixar bonito'' canal a canal.</p><h4>Resumo</h4><ul><li>EQ tem tipos (gráfico, paramétrico, shelving, HPF/LPF) e três parâmetros: frequência, ganho e Q.</li><li>Cortar problemas costuma limpar mais que realçar; EQ aditivo deve ser parcimonioso.</li><li>Equalize pensando no conjunto, dando a cada fonte sua faixa para evitar mascaramento.</li></ul>',33,2,true,false);
insert into public.quizzes (id,lesson_id,titulo) values ('5431555c-8396-480f-93db-4542824fa8af','b76a9243-ba12-4e5b-8108-63d9ea89cd29','Quiz — Equalização Aplicada: Tipos, Curvas e Decisões');
insert into public.quiz_questions (id,quiz_id,texto,explicacao,ordem,pontos) values ('d771adb7-ab21-4ea7-9509-9ab7d558e2f0','5431555c-8396-480f-93db-4542824fa8af','Para corrigir uma ressonância pontual e chata, o ajuste de Q ideal é:','Q estreito atua apenas na frequência problemática, removendo-a sem afetar o timbre ao redor.',1,1);
insert into public.quiz_options (question_id,texto,correta,ordem) values ('d771adb7-ab21-4ea7-9509-9ab7d558e2f0','Q largo (musical)',false,1);
insert into public.quiz_options (question_id,texto,correta,ordem) values ('d771adb7-ab21-4ea7-9509-9ab7d558e2f0','Q estreito (cirúrgico)',true,2);
insert into public.quiz_options (question_id,texto,correta,ordem) values ('d771adb7-ab21-4ea7-9509-9ab7d558e2f0','Sem Q',false,3);
insert into public.quiz_options (question_id,texto,correta,ordem) values ('d771adb7-ab21-4ea7-9509-9ab7d558e2f0','Q sempre em 1',false,4);
insert into public.quiz_questions (id,quiz_id,texto,explicacao,ordem,pontos) values ('70ffd4c5-438b-43bd-9c25-2aec66636820','5431555c-8396-480f-93db-4542824fa8af','O princípio do EQ subtrativo recomenda:','Cortar evita somar energia, preserva headroom e costuma clarear a mix mais que realçar.',2,1);
insert into public.quiz_options (question_id,texto,correta,ordem) values ('70ffd4c5-438b-43bd-9c25-2aec66636820','Realçar todas as frequências',false,1);
insert into public.quiz_options (question_id,texto,correta,ordem) values ('70ffd4c5-438b-43bd-9c25-2aec66636820','Preferir cortar frequências problemáticas a só realçar',true,2);
insert into public.quiz_options (question_id,texto,correta,ordem) values ('70ffd4c5-438b-43bd-9c25-2aec66636820','Nunca mexer no EQ',false,3);
insert into public.quiz_options (question_id,texto,correta,ordem) values ('70ffd4c5-438b-43bd-9c25-2aec66636820','Usar apenas EQ gráfico',false,4);
insert into public.quiz_questions (id,quiz_id,texto,explicacao,ordem,pontos) values ('2b81ecf1-7819-4e79-b2cd-8f4674214fa6','5431555c-8396-480f-93db-4542824fa8af','Um filtro shelving (prateleira) atua:','O shelving levanta ou baixa toda a região acima (high shelf) ou abaixo (low shelf) do ponto, moldando o balanço geral.',3,1);
insert into public.quiz_options (question_id,texto,correta,ordem) values ('2b81ecf1-7819-4e79-b2cd-8f4674214fa6','Apenas numa frequência única',false,1);
insert into public.quiz_options (question_id,texto,correta,ordem) values ('2b81ecf1-7819-4e79-b2cd-8f4674214fa6','Realçando/atenuando tudo acima ou abaixo de um ponto de corte',true,2);
insert into public.quiz_options (question_id,texto,correta,ordem) values ('2b81ecf1-7819-4e79-b2cd-8f4674214fa6','Cortando o sinal totalmente',false,3);
insert into public.quiz_options (question_id,texto,correta,ordem) values ('2b81ecf1-7819-4e79-b2cd-8f4674214fa6','Só em 250 Hz',false,4);
insert into public.quiz_questions (id,quiz_id,texto,explicacao,ordem,pontos) values ('7d88d72b-537a-4aa8-8e42-7f14ffe23916','5431555c-8396-480f-93db-4542824fa8af','O EQ gráfico de 31 bandas em um monitor é muito usado para:','Cada slider fixo permite atenuar a banda exata que realimenta, controlando o feedback no monitor.',4,1);
insert into public.quiz_options (question_id,texto,correta,ordem) values ('7d88d72b-537a-4aa8-8e42-7f14ffe23916','Adicionar reverb',false,1);
insert into public.quiz_options (question_id,texto,correta,ordem) values ('7d88d72b-537a-4aa8-8e42-7f14ffe23916','Combater microfonia puxando frequências específicas',true,2);
insert into public.quiz_options (question_id,texto,correta,ordem) values ('7d88d72b-537a-4aa8-8e42-7f14ffe23916','Aumentar o gain de entrada',false,3);
insert into public.quiz_options (question_id,texto,correta,ordem) values ('7d88d72b-537a-4aa8-8e42-7f14ffe23916','Trocar o padrão polar do microfone',false,4);
insert into public.quiz_questions (id,quiz_id,texto,explicacao,ordem,pontos) values ('bc5ad7c3-16a3-4822-bd29-e48cfc727d3b','5431555c-8396-480f-93db-4542824fa8af','Os três parâmetros de uma banda paramétrica são:','A banda paramétrica ajusta frequência central, ganho (boost/cut) e Q (largura de banda).',5,1);
insert into public.quiz_options (question_id,texto,correta,ordem) values ('bc5ad7c3-16a3-4822-bd29-e48cfc727d3b','Reverb, delay e chorus',false,1);
insert into public.quiz_options (question_id,texto,correta,ordem) values ('bc5ad7c3-16a3-4822-bd29-e48cfc727d3b','Frequência, ganho e Q',true,2);
insert into public.quiz_options (question_id,texto,correta,ordem) values ('bc5ad7c3-16a3-4822-bd29-e48cfc727d3b','Attack, release e ratio',false,3);
insert into public.quiz_options (question_id,texto,correta,ordem) values ('bc5ad7c3-16a3-4822-bd29-e48cfc727d3b','Mute, solo e pan',false,4);
insert into public.lessons (id,module_id,titulo,tipo,conteudo_rico,duracao_min,ordem,tem_quiz,preview_gratis) values ('406693d0-cd38-4245-b0c7-15f750f44027','83772cf6-12de-43e6-8dd3-294beb9958eb','Dinâmica: Compressor, Gate, Limiter e De-esser','texto','<p><strong>Para começar:</strong> Processadores de dinâmica controlam a diferença entre os sons altos e baixos. Esta aula é o manual completo de compressor, gate, limiter e de-esser — com os parâmetros, os valores de partida e os usos reais de cada um.</p><p>Compressão domina a dinâmica e dá consistência; o gate limpa ruído e vazamento; o limiter protege contra picos; o de-esser controla sibilância. Dominar threshold, ratio, attack, release, knee e makeup é o que torna voz e bateria firmes e profissionais.</p><ul><li><strong>Compressor: os parâmetros:</strong> Threshold (limiar): nível a partir do qual o compressor age. Ratio (razão): quanto reduz acima do limiar (4:1 = a cada 4 dB acima, sai 1 dB). Attack: quão rápido começa a agir após cruzar o limiar (rápido controla transientes; lento deixa o ataque passar). Release: quão rápido para de agir quando o sinal cai. Knee: transição suave (soft) ou abrupta (hard) ao redor do limiar. Makeup gain: recupera o volume perdido com a compressão.</li><li><strong>O que a compressão faz de fato:</strong> Reduz a diferença entre picos e partes baixas, deixando o sinal mais uniforme e ''presente'' na mix sem variações bruscas. Em voz, mantém a inteligibilidade do sussurro ao grito; em bateria, dá pegada; em baixo, firma o nível. Compressão sutil ''cola''; exagerada ''sufoca'' e bombeia. A medição de gain reduction (quanto está sendo atenuado) guia o ajuste.</li><li><strong>Gate e expander:</strong> Gate (noise gate): corta/atenua o sinal abaixo do limiar, eliminando ruído e vazamento nas pausas. Parâmetros: threshold, attack, hold (mantém aberto um tempo) e release. Usado em toms (fecha o microfone entre as batidas), em palco para reduzir vazamento. Expander é uma versão mais suave (atenua em vez de cortar).</li><li><strong>Limiter:</strong> Compressor com ratio altíssimo (∞:1) que estabelece um teto absoluto: o sinal não passa do nível ajustado. Protege amplificadores e caixas de picos perigosos e evita clipping no master. No PA, o limiter de proteção do sistema é segurança essencial; no master, controla o pico final.</li><li><strong>De-esser e compressão side-chain:</strong> De-esser: compressor que age só na faixa de sibilância (6–9 kHz), suavizando ''s'' e ''ch'' estridentes da voz sem abafá-la. Side-chain: o compressor é acionado por outro sinal — clássico ''ducking'' onde a locução abaixa a música automaticamente, ou o sub ''respira'' com o bumbo. Recursos avançados que ampliam o controle.</li></ul><h4>Equipamentos / detalhes</h4><ul><li><strong>Compressor de canal (X32/M32, A&amp;H, Yamaha):</strong> Cada canal traz compressor com threshold, ratio, attack, release, knee e makeup, mais medidor de gain reduction. Ponto de partida para voz: ratio 3:1–4:1, attack médio, release automático, ganho de redução de 3–6 dB nos picos. Ajuste ouvindo, não só pelos números.</li><li><strong>Gate de canal e processadores clássicos emulados:</strong> Gates por canal para toms e fontes com vazamento. Muitos consoles emulam clássicos (compressores estilo 1176, LA-2A, dbx 160) como plugins internos — conhecer o ''caráter'' de cada um (rápido e agressivo x suave e óptico) ajuda na escolha.</li></ul><h4>Passo a passo</h4><ol><li><strong>Ajustar um compressor de voz do zero:</strong> 1) Ratio 3:1. 2) Baixe o threshold até ver 3–6 dB de gain reduction nos picos mais fortes. 3) Attack médio (deixa o ataque da palavra passar) e release que ''solta'' antes da próxima frase. 4) Suba o makeup para igualar o volume percebido ao bypass. 5) Compare ligado/desligado (A/B): deve soar mais firme, não abafado.</li><li><strong>Configurar um gate em tom de bateria:</strong> 1) Threshold acima do vazamento (caixa/prato) mas abaixo da batida do tom. 2) Attack rápido para não cortar o ataque. 3) Hold curto para o tom soar inteiro. 4) Release que feche suave após o decaimento. Resultado: o microfone do tom só abre quando ele é tocado.</li><li><strong>Proteger o sistema com limiter:</strong> No processador de sistema/master, ajuste o limiter para o nível máximo seguro das caixas (conforme o fabricante). Ele não deve agir o tempo todo (isso indica volume excessivo), apenas conter picos perigosos.</li></ol><p><strong>Na prática:</strong> Numa pregação, o orador alterna sussurros e gritos. Sem compressão, ora some, ora estoura e gera microfonia. O operador aplica compressão 4:1 com 4–6 dB de redução nos picos e makeup, mais um de-esser leve. A voz fica firme e constante em todo o salão, sem distorcer no grito nem sumir no sussurro — exatamente o que a compressão existe para fazer.</p><h4>Resumo</h4><ul><li>O compressor controla a dinâmica via threshold, ratio, attack, release, knee e makeup, deixando o sinal uniforme.</li><li>O gate limpa ruído/vazamento nas pausas e o limiter impõe um teto que protege o sistema.</li><li>De-esser trata sibilância e side-chain permite ducking e disparo por outro sinal.</li></ul>',34,3,true,false);
insert into public.quizzes (id,lesson_id,titulo) values ('507d37d1-5131-4d0a-9179-ecd1817437f4','406693d0-cd38-4245-b0c7-15f750f44027','Quiz — Dinâmica: Compressor, Gate, Limiter e De-esser');
insert into public.quiz_questions (id,quiz_id,texto,explicacao,ordem,pontos) values ('de6944ce-9271-41ac-a4ad-9bc5f45dc0ff','507d37d1-5131-4d0a-9179-ecd1817437f4','Em um compressor, ratio 4:1 significa:','A razão 4:1 reduz o que excede o threshold na proporção de 4 dB de entrada para 1 dB de saída.',1,1);
insert into public.quiz_options (question_id,texto,correta,ordem) values ('de6944ce-9271-41ac-a4ad-9bc5f45dc0ff','O sinal dobra de volume',false,1);
insert into public.quiz_options (question_id,texto,correta,ordem) values ('de6944ce-9271-41ac-a4ad-9bc5f45dc0ff','Para cada 4 dB acima do limiar, sai 1 dB (redução de 4 para 1)',true,2);
insert into public.quiz_options (question_id,texto,correta,ordem) values ('de6944ce-9271-41ac-a4ad-9bc5f45dc0ff','O attack é 4 ms',false,3);
insert into public.quiz_options (question_id,texto,correta,ordem) values ('de6944ce-9271-41ac-a4ad-9bc5f45dc0ff','O ganho aumenta 4 vezes',false,4);
insert into public.quiz_questions (id,quiz_id,texto,explicacao,ordem,pontos) values ('059225c3-9b01-40d0-bd2e-03fa9e795a92','507d37d1-5131-4d0a-9179-ecd1817437f4','O parâmetro ''attack'' do compressor controla:','Attack define a rapidez da atuação após o threshold; rápido controla transientes, lento deixa o ataque passar.',2,1);
insert into public.quiz_options (question_id,texto,correta,ordem) values ('059225c3-9b01-40d0-bd2e-03fa9e795a92','O nível em que ele começa a agir',false,1);
insert into public.quiz_options (question_id,texto,correta,ordem) values ('059225c3-9b01-40d0-bd2e-03fa9e795a92','Quão rápido ele começa a reduzir o ganho após o sinal cruzar o limiar',true,2);
insert into public.quiz_options (question_id,texto,correta,ordem) values ('059225c3-9b01-40d0-bd2e-03fa9e795a92','O volume final',false,3);
insert into public.quiz_options (question_id,texto,correta,ordem) values ('059225c3-9b01-40d0-bd2e-03fa9e795a92','A frequência afetada',false,4);
insert into public.quiz_questions (id,quiz_id,texto,explicacao,ordem,pontos) values ('33896866-3bfc-478a-9f4b-0775fd75c093','507d37d1-5131-4d0a-9179-ecd1817437f4','Um noise gate é tipicamente usado em toms de bateria para:','O gate mantém o canal do tom fechado, exceto quando ele é tocado, reduzindo vazamento de caixa e pratos.',3,1);
insert into public.quiz_options (question_id,texto,correta,ordem) values ('33896866-3bfc-478a-9f4b-0775fd75c093','Adicionar reverb',false,1);
insert into public.quiz_options (question_id,texto,correta,ordem) values ('33896866-3bfc-478a-9f4b-0775fd75c093','Abrir o microfone só na batida e fechar o vazamento nas pausas',true,2);
insert into public.quiz_options (question_id,texto,correta,ordem) values ('33896866-3bfc-478a-9f4b-0775fd75c093','Aumentar os agudos',false,3);
insert into public.quiz_options (question_id,texto,correta,ordem) values ('33896866-3bfc-478a-9f4b-0775fd75c093','Comprimir a voz',false,4);
insert into public.quiz_questions (id,quiz_id,texto,explicacao,ordem,pontos) values ('8ede5832-af54-4fe6-ad02-3e5d67204ccd','507d37d1-5131-4d0a-9179-ecd1817437f4','A diferença essencial entre um limiter e um compressor comum é:','O limiter é compressão de razão extrema que estabelece um teto absoluto, protegendo o sistema de picos.',4,1);
insert into public.quiz_options (question_id,texto,correta,ordem) values ('8ede5832-af54-4fe6-ad02-3e5d67204ccd','O limiter tem ratio muito alto (≈∞:1), impondo um teto que o sinal não ultrapassa',true,1);
insert into public.quiz_options (question_id,texto,correta,ordem) values ('8ede5832-af54-4fe6-ad02-3e5d67204ccd','O limiter aumenta o grave',false,2);
insert into public.quiz_options (question_id,texto,correta,ordem) values ('8ede5832-af54-4fe6-ad02-3e5d67204ccd','O limiter não tem threshold',false,3);
insert into public.quiz_options (question_id,texto,correta,ordem) values ('8ede5832-af54-4fe6-ad02-3e5d67204ccd','Não há diferença',false,4);
insert into public.quiz_questions (id,quiz_id,texto,explicacao,ordem,pontos) values ('cf48ccd6-cd60-4138-9de7-5f1160f8183b','507d37d1-5131-4d0a-9179-ecd1817437f4','Um de-esser atua principalmente:','O de-esser é uma compressão dependente de frequência focada na sibilância vocal.',5,1);
insert into public.quiz_options (question_id,texto,correta,ordem) values ('cf48ccd6-cd60-4138-9de7-5f1160f8183b','Nos graves',false,1);
insert into public.quiz_options (question_id,texto,correta,ordem) values ('cf48ccd6-cd60-4138-9de7-5f1160f8183b','Na faixa de sibilância (~6–9 kHz) para suavizar ''s'' e ''ch''',true,2);
insert into public.quiz_options (question_id,texto,correta,ordem) values ('cf48ccd6-cd60-4138-9de7-5f1160f8183b','No subgrave do bumbo',false,3);
insert into public.quiz_options (question_id,texto,correta,ordem) values ('cf48ccd6-cd60-4138-9de7-5f1160f8183b','No nível geral da mix',false,4);
insert into public.lessons (id,module_id,titulo,tipo,conteudo_rico,duracao_min,ordem,tem_quiz,preview_gratis) values ('0e310149-58be-4629-8038-713a432647d1','83772cf6-12de-43e6-8dd3-294beb9958eb','Roteamento: Aux, Buses, Grupos, DCAs e Efeitos','texto','<p><strong>Para começar:</strong> Roteamento é como o sinal viaja dentro do console até virar mix de PA, monitor ou efeito. Esta aula domina aux sends, subgrupos, DCAs e o uso de FX por send — o sistema nervoso da operação.</p><p>Auxiliares, grupos, subgrupos, DCAs e retornos de efeito permitem moldar e direcionar o áudio com flexibilidade: criar mixes de monitor, agrupar a bateria, processar conjuntos e aplicar reverb a vários canais. Entender pré/pós-fader e send/return é essencial.</p><ul><li><strong>Aux sends e mixes de monitor:</strong> Cada canal pode enviar uma porção de seu sinal para um bus auxiliar. O uso clássico ao vivo: criar mixes de monitor independentes — cada músico ouve sua própria combinação (mais voz para o cantor, mais bateria para o baterista). Também alimenta processadores externos. O nível de cada send é independente do fader do canal (em modo pré-fader).</li><li><strong>Pré-fader x pós-fader:</strong> Pré-fader: o send não é afetado pelo fader do canal — essencial para monitores, pois o músico não pode perder seu retorno quando você baixa o canal no PA. Pós-fader: o send segue o fader — usado para efeitos, mantendo a proporção do reverb com o volume do canal na mix. Escolher errado faz o monitor variar com a mix de PA (problema clássico).</li><li><strong>Grupos e subgrupos:</strong> Agrupam vários canais sob um único fader/processamento. Ex.: somar todos os microfones da bateria num grupo para controlar a bateria inteira com um fader e aplicar compressão de bus. Subgrupos permitem hierarquia (grupos dentro de grupos) e roteamento independente para destinos diferentes.</li><li><strong>DCA / VCA:</strong> DCA (Digitally Controlled Amplifier) controla o volume de vários canais com um fader, mas — diferente do subgrupo — não soma o áudio num bus; apenas controla os faders remotamente. Vantagem: agrupar vocais ou a banda inteira para subir/baixar tudo junto sem reprocessar, mantendo o roteamento original. Ferramenta central da mixagem ao vivo moderna.</li><li><strong>Efeitos por send/return:</strong> Reverb, delay e modulação ao vivo geralmente são usados via send: vários canais enviam (pós-fader) a um bus de FX; o efeito retorna num canal de return e se soma à mix. Assim um único reverb serve a voz, caixa e violão, com dose individual por canal — eficiente e coeso. Inserir efeito direto no canal é menos comum ao vivo.</li></ul><h4>Equipamentos / detalhes</h4><ul><li><strong>Motor de efeitos interno (X32/M32: 8 racks de FX; A&amp;H; Yamaha Premium Rack):</strong> Consoles digitais trazem reverbs, delays, modulações e até emulações de processadores clássicos. Configure-os em buses de FX alimentados por sends. Tipos úteis ao vivo: reverb hall/plate para voz, room curto para bateria, slap/delay para realces.</li><li><strong>Sistema de monitor: wedge e in-ear (IEM):</strong> Monitores de chão (wedges, ex.: caixas ativas em cunha) ou in-ear monitors (IEM, fones intra-auriculares com transmissor sem fio, ex.: Shure PSM300, Sennheiser). IEM reduz o volume de palco, melhora a mix de PA e protege a audição. Cada mix de IEM/wedge vem de um aux send (frequentemente estéreo no IEM).</li></ul><h4>Passo a passo</h4><ol><li><strong>Criar uma mix de monitor (wedge):</strong> 1) Selecione o bus aux destinado ao monitor do músico e configure-o pré-fader. 2) No modo ''sends on faders'' (se houver), use os faders para mandar cada canal ao aux na dose que o músico pede. 3) Comece pelo que ele mais precisa (a própria voz/instrumento). 4) Evite encher de tudo — menos vazamento, menos microfonia.</li><li><strong>Configurar reverb por send/return:</strong> 1) Escolha um bus de FX e carregue um reverb. 2) Configure os sends dos canais desejados como pós-fader. 3) Suba o send da voz para a dose certa de espaço. 4) Ajuste o retorno (return) na mix. 5) Equalize o retorno (corte graves do reverb) para não ''enlamear''.</li><li><strong>Agrupar com DCA:</strong> Atribua todos os vocais a um DCA e a bateria a outro. Agora um fader controla cada conjunto. Em um momento de fala, baixe o DCA da banda sem mexer nos canais individuais — e recupere tudo na proporção original depois.</li></ol><p><strong>Na prática:</strong> Num show com banda, o vocalista pede ''mais voz'' no retorno bem na hora em que o operador precisa baixar a voz no PA para um momento intimista. Como o aux do monitor está em pré-fader, baixar o canal no PA não afeta o retorno do cantor — ele continua se ouvindo. Ao mesmo tempo, o reverb da voz (pós-fader) diminui junto com o canal, mantendo a proporção. Roteamento correto resolve dois problemas de uma vez.</p><h4>Resumo</h4><ul><li>Aux sends criam mixes de monitor e alimentam efeitos; pré-fader para monitor, pós-fader para FX.</li><li>Grupos/subgrupos somam e processam conjuntos; DCAs controlam volumes sem somar áudio.</li><li>Efeitos ao vivo são usados por send/return, servindo vários canais com dose individual e coesão.</li></ul>',32,4,true,false);
insert into public.quizzes (id,lesson_id,titulo) values ('8dbc2503-4d05-4399-a7aa-e26d0880be8b','0e310149-58be-4629-8038-713a432647d1','Quiz — Roteamento: Aux, Buses, Grupos, DCAs e Efeitos');
insert into public.quiz_questions (id,quiz_id,texto,explicacao,ordem,pontos) values ('bc70605d-3704-4514-ac62-9c4237ead795','8dbc2503-4d05-4399-a7aa-e26d0880be8b','Para alimentar o monitor de um músico, o aux send deve estar em modo:','Pré-fader garante que o retorno do músico não mude quando você ajusta o canal na mix de PA.',1,1);
insert into public.quiz_options (question_id,texto,correta,ordem) values ('bc70605d-3704-4514-ac62-9c4237ead795','Pós-fader',false,1);
insert into public.quiz_options (question_id,texto,correta,ordem) values ('bc70605d-3704-4514-ac62-9c4237ead795','Pré-fader, para não variar com o fader do canal no PA',true,2);
insert into public.quiz_options (question_id,texto,correta,ordem) values ('bc70605d-3704-4514-ac62-9c4237ead795','Sempre mutado',false,3);
insert into public.quiz_options (question_id,texto,correta,ordem) values ('bc70605d-3704-4514-ac62-9c4237ead795','Estéreo obrigatoriamente',false,4);
insert into public.quiz_questions (id,quiz_id,texto,explicacao,ordem,pontos) values ('5c17514e-0dbe-407e-be40-7dd4de143e62','8dbc2503-4d05-4399-a7aa-e26d0880be8b','Para aplicar reverb a vários canais de forma coesa ao vivo, usa-se:','Send/return permite um único reverb servir voz, caixa e violão com dose individual e proporção mantida.',2,1);
insert into public.quiz_options (question_id,texto,correta,ordem) values ('5c17514e-0dbe-407e-be40-7dd4de143e62','Um reverb inserido em cada canal',false,1);
insert into public.quiz_options (question_id,texto,correta,ordem) values ('5c17514e-0dbe-407e-be40-7dd4de143e62','Um bus de FX alimentado por sends pós-fader, com retorno na mix',true,2);
insert into public.quiz_options (question_id,texto,correta,ordem) values ('5c17514e-0dbe-407e-be40-7dd4de143e62','Apenas EQ',false,3);
insert into public.quiz_options (question_id,texto,correta,ordem) values ('5c17514e-0dbe-407e-be40-7dd4de143e62','Compressão paralela',false,4);
insert into public.quiz_questions (id,quiz_id,texto,explicacao,ordem,pontos) values ('0e96981f-095a-4194-bcd1-08728122c345','8dbc2503-4d05-4399-a7aa-e26d0880be8b','A diferença entre um DCA e um subgrupo é:','O subgrupo cria um bus de áudio somado (permitindo processamento); o DCA apenas controla níveis remotamente.',3,1);
insert into public.quiz_options (question_id,texto,correta,ordem) values ('0e96981f-095a-4194-bcd1-08728122c345','Não há diferença',false,1);
insert into public.quiz_options (question_id,texto,correta,ordem) values ('0e96981f-095a-4194-bcd1-08728122c345','O DCA controla os faders de vários canais sem somar o áudio num bus; o subgrupo soma',true,2);
insert into public.quiz_options (question_id,texto,correta,ordem) values ('0e96981f-095a-4194-bcd1-08728122c345','O DCA adiciona reverb',false,3);
insert into public.quiz_options (question_id,texto,correta,ordem) values ('0e96981f-095a-4194-bcd1-08728122c345','O subgrupo é só para monitores',false,4);
insert into public.quiz_questions (id,quiz_id,texto,explicacao,ordem,pontos) values ('40bbe375-3344-46ff-a6b3-03f5f09b598b','8dbc2503-4d05-4399-a7aa-e26d0880be8b','O uso de in-ear monitor (IEM) em vez de wedge tende a:','O IEM diminui o som no palco, limpando a captação e a mix principal, além de proteger a audição do músico.',4,1);
insert into public.quiz_options (question_id,texto,correta,ordem) values ('40bbe375-3344-46ff-a6b3-03f5f09b598b','Aumentar o volume de palco',false,1);
insert into public.quiz_options (question_id,texto,correta,ordem) values ('40bbe375-3344-46ff-a6b3-03f5f09b598b','Reduzir o volume de palco, melhorar a mix de PA e proteger a audição',true,2);
insert into public.quiz_options (question_id,texto,correta,ordem) values ('40bbe375-3344-46ff-a6b3-03f5f09b598b','Eliminar a necessidade de aux',false,3);
insert into public.quiz_options (question_id,texto,correta,ordem) values ('40bbe375-3344-46ff-a6b3-03f5f09b598b','Impedir mixes individuais',false,4);
insert into public.modules (id,course_id,titulo,ordem) values ('dd356152-d06c-450d-8b4f-fe6307a3c71d','8f29f6dd-3dc6-47fe-b4d3-1cd15514a21d','Módulo 4 — Simulador de Serviço: Montagem, Soundcheck e Microfonação',4);
insert into public.lessons (id,module_id,titulo,tipo,conteudo_rico,duracao_min,ordem,tem_quiz,preview_gratis) values ('4bf47728-0da7-4320-92c0-e51c4cc2d183','dd356152-d06c-450d-8b4f-fe6307a3c71d','Montagem do Sistema e Line Check','texto','<p><strong>Para começar:</strong> Antes do primeiro som, há a montagem: posicionar PA, passar cabos, definir o mapa de entradas e conferir canal a canal. Esta aula é o passo a passo do operador chegando vazio e deixando o sistema pronto para soar.</p><p>Montagem profissional segue ordem e método: estudar o rider/input list, distribuir energia, posicionar caixas, organizar cabos, patchear entradas e fazer o line check. Um line check bem feito elimina 80% dos sustos na passagem de som.</p><ul><li><strong>Rider técnico e input list:</strong> Rider é o documento que descreve as necessidades técnicas (PA, microfones, palco, energia); input list (mapa de entradas) lista o que entra em cada canal (1-Bumbo, 2-Caixa, 3-Voz...). Ler e montar a partir deles evita improviso. O operador completo sabe interpretar e, quando preciso, criar esses documentos.</li><li><strong>Energia e aterramento:</strong> Distribua a carga em circuitos adequados (vimos consumo no Módulo 2). Mantenha áudio e energia separados; use o mesmo ponto de terra para todo o sistema de áudio quando possível, evitando loops de terra (causa de zumbido). Nunca remova o pino terra (''benjamim'' sem terra é gambiarra perigosa).</li><li><strong>Posicionamento e cabeamento:</strong> Posicione PA cobrindo o público e fora do eixo dos microfones (anti-microfonia). Passe o multicabo/stage box até a mesa, distribua os cabos de palco identificados, evite tropeço (fitar/calhas). Cabeamento limpo é segurança e agilidade no troubleshooting.</li><li><strong>Patch e mapa de canais:</strong> Conecte cada microfone/DI à entrada correta conforme o input list e confira no console que o canal corresponde. Nomeie e (no digital) cor-codifique os canais. Um patch organizado é o que permite achar ''o canal 7 é a caixa'' instantaneamente durante o show.</li><li><strong>Line check:</strong> Antes do som musical, confira cada canal: peça/gere sinal na fonte e verifique se o canal certo recebe, sem ruído, com phantom onde precisa. Cheque polaridade/fase de pares (overheads, DI+mic). Line check valida toda a infraestrutura antes da banda chegar.</li></ul><h4>Equipamentos / detalhes</h4><ul><li><strong>Stage box / multicabo e sistema de identificação:</strong> Stage box digital ou multicabo analógico para levar os canais à mesa. Etiquetas, fitas coloridas e numeração nos cabos. Lanterna/headlamp para trabalhar em palco escuro. Organização física é parte do equipamento profissional.</li><li><strong>Fones de monitoração e PFL/solo do console:</strong> Fone fechado para escutar canais isoladamente (solo/PFL) durante o line check e a passagem, sem depender do PA. Permite checar ruído, microfone e qualidade de cada canal individualmente.</li></ul><h4>Passo a passo</h4><ol><li><strong>Sequência de montagem:</strong> 1) Estude rider/input list. 2) Defina e distribua energia com aterramento correto. 3) Posicione e eleve o PA cobrindo o público. 4) Monte mesa, stage box e backline. 5) Passe e identifique cabos com segurança (sem tropeço). 6) Patcheie conforme o input list. 7) Nomeie/colora os canais no console.</li><li><strong>Executar o line check:</strong> Canal por canal: ative phantom onde for condensador (canal mutado), peça sinal/gere ruído na fonte, confira no PFL que o canal certo recebe sem chiado, ajuste um gain inicial. Marque os canais OK. Anote pendências (cabo ruim, microfone com defeito) e resolva antes da passagem.</li><li><strong>Conferir fase e polaridade:</strong> Em pares (overheads, snare top/bottom, DI+microfone), cheque se somados o som engrossa (em fase) ou afina/some grave (fora de fase). Inverta a polaridade do canal problemático no console. Fase resolvida agora evita uma mix ''oca'' depois.</li></ol><p><strong>Na prática:</strong> O operador chega cedo, monta a partir do input list de uma banda de 5 integrantes, distribui a energia em dois circuitos com nobreak para a mesa, eleva o PA mirando o público e patcheia 16 canais nomeados e coloridos. No line check descobre que o cabo do tom 2 chia: troca antes que a banda chegue. Quando os músicos sobem ao palco, tudo já funciona — e a passagem de som vira ajuste fino, não caça a problemas.</p><h4>Resumo</h4><ul><li>Montagem profissional parte do rider/input list e segue ordem: energia, PA, cabos, patch, nomes.</li><li>Energia bem distribuída e aterrada evita zumbidos e quedas; cabeamento limpo dá segurança e agilidade.</li><li>O line check valida cada canal e a fase antes da banda chegar, eliminando a maioria dos sustos.</li></ul>',32,1,true,false);
insert into public.quizzes (id,lesson_id,titulo) values ('3e4c09dd-0a2e-415f-9d28-af13e192ce10','4bf47728-0da7-4320-92c0-e51c4cc2d183','Quiz — Montagem do Sistema e Line Check');
insert into public.quiz_questions (id,quiz_id,texto,explicacao,ordem,pontos) values ('7c397f27-81cf-49fc-8db0-5d9d2f2ba529','3e4c09dd-0a2e-415f-9d28-af13e192ce10','O input list (mapa de entradas) serve para:','O input list mapeia cada fonte ao seu canal, orientando patch, nomeação e operação.',1,1);
insert into public.quiz_options (question_id,texto,correta,ordem) values ('7c397f27-81cf-49fc-8db0-5d9d2f2ba529','Definir o repertório',false,1);
insert into public.quiz_options (question_id,texto,correta,ordem) values ('7c397f27-81cf-49fc-8db0-5d9d2f2ba529','Listar o que entra em cada canal do console (canal 1 = bumbo, etc.)',true,2);
insert into public.quiz_options (question_id,texto,correta,ordem) values ('7c397f27-81cf-49fc-8db0-5d9d2f2ba529','Calcular o cachê',false,3);
insert into public.quiz_options (question_id,texto,correta,ordem) values ('7c397f27-81cf-49fc-8db0-5d9d2f2ba529','Escolher as músicas',false,4);
insert into public.quiz_questions (id,quiz_id,texto,explicacao,ordem,pontos) values ('49493378-e735-444c-aae4-8d1c69f8c347','3e4c09dd-0a2e-415f-9d28-af13e192ce10','Remover o pino terra dos equipamentos para ''tirar o zumbido'' é:','Tirar o terra cria risco elétrico; loops de terra se resolvem com aterramento comum e isolamento adequado, não removendo o terra.',2,1);
insert into public.quiz_options (question_id,texto,correta,ordem) values ('49493378-e735-444c-aae4-8d1c69f8c347','Boa prática profissional',false,1);
insert into public.quiz_options (question_id,texto,correta,ordem) values ('49493378-e735-444c-aae4-8d1c69f8c347','Perigoso e incorreto; o certo é aterrar tudo no mesmo ponto e usar DI/lift adequado',true,2);
insert into public.quiz_options (question_id,texto,correta,ordem) values ('49493378-e735-444c-aae4-8d1c69f8c347','Obrigatório em palcos',false,3);
insert into public.quiz_options (question_id,texto,correta,ordem) values ('49493378-e735-444c-aae4-8d1c69f8c347','Indiferente',false,4);
insert into public.quiz_questions (id,quiz_id,texto,explicacao,ordem,pontos) values ('bc4eca23-dc80-4b99-9530-21618f3ffdbc','3e4c09dd-0a2e-415f-9d28-af13e192ce10','O objetivo do line check é:','O line check valida toda a infraestrutura de sinal antes da banda tocar, evitando surpresas.',3,1);
insert into public.quiz_options (question_id,texto,correta,ordem) values ('bc4eca23-dc80-4b99-9530-21618f3ffdbc','Ensaiar a banda',false,1);
insert into public.quiz_options (question_id,texto,correta,ordem) values ('bc4eca23-dc80-4b99-9530-21618f3ffdbc','Conferir canal a canal se cada fonte chega ao canal certo, sem ruído, antes da passagem',true,2);
insert into public.quiz_options (question_id,texto,correta,ordem) values ('bc4eca23-dc80-4b99-9530-21618f3ffdbc','Definir o setlist',false,3);
insert into public.quiz_options (question_id,texto,correta,ordem) values ('bc4eca23-dc80-4b99-9530-21618f3ffdbc','Vender ingressos',false,4);
insert into public.quiz_questions (id,quiz_id,texto,explicacao,ordem,pontos) values ('a402c33b-98e0-4979-95b0-ef6a61d2b3f8','3e4c09dd-0a2e-415f-9d28-af13e192ce10','Ao somar overheads ou DI+microfone e o som ''afinar e perder grave'', a causa provável é:','Sinais fora de fase se cancelam (principalmente graves); inverter a polaridade de um canal resolve.',4,1);
insert into public.quiz_options (question_id,texto,correta,ordem) values ('a402c33b-98e0-4979-95b0-ef6a61d2b3f8','Excesso de reverb',false,1);
insert into public.quiz_options (question_id,texto,correta,ordem) values ('a402c33b-98e0-4979-95b0-ef6a61d2b3f8','Problema de fase/polaridade entre os dois sinais',true,2);
insert into public.quiz_options (question_id,texto,correta,ordem) values ('a402c33b-98e0-4979-95b0-ef6a61d2b3f8','Gain baixo',false,3);
insert into public.quiz_options (question_id,texto,correta,ordem) values ('a402c33b-98e0-4979-95b0-ef6a61d2b3f8','Compressão',false,4);
insert into public.lessons (id,module_id,titulo,tipo,conteudo_rico,duracao_min,ordem,tem_quiz,preview_gratis) values ('1d8ea582-14c0-440b-a054-212a9dc25b26','dd356152-d06c-450d-8b4f-fe6307a3c71d','Microfonação de Bateria, Voz e Instrumentos','texto','<p><strong>Para começar:</strong> Captação é onde a qualidade nasce. Esta aula é o passo a passo de microfonar bateria, voz e os principais instrumentos, com técnicas, posicionamento e os microfones certos para cada fonte.</p><p>Posicionar o microfone certo no lugar certo determina o timbre antes de qualquer EQ. Fiel ao material-base e enriquecido com prática de palco, esta aula cobre bateria peça a peça, voz ao vivo, guitarra (amp e violão), baixo, teclado e técnicas estéreo.</p><ul><li><strong>Bateria — bumbo e caixa:</strong> Bumbo: microfone dinâmico específico (Beta 52A, D112) dentro do bumbo, próximo ao batedor para o ''click'', recuado para mais peso. Caixa (snare): SM57 acima, apontando ao centro/borda; opcional microfone na pele de baixo (cuidado com fase). EQ e gate posteriores moldam o ataque e cortam vazamento.</li><li><strong>Bateria — toms, overheads e hi-hat:</strong> Toms: um microfone por tom (e604 clipável), apontando ao centro, próximo à pele. Overheads: par de condensadores (C451, AT2021) acima do kit em técnica estéreo (XY ou espaçado) para captar pratos e a imagem geral — atenção à fase e à distância igual à caixa. Hi-hat: condensador pequeno se necessário.</li><li><strong>Voz ao vivo:</strong> Dinâmico cardioide (SM58/Beta 58A/e835) próximo à boca, aproveitando o efeito de proximidade para encorpar, com a traseira apontada para os monitores (anti-microfonia). Técnica do cantor (distância, ângulo) afeta tudo; oriente o artista a manter distância consistente. Pop filter em estúdio; em palco, a espuma e a técnica controlam plosivas.</li><li><strong>Guitarra e violão:</strong> Amplificador de guitarra: SM57 junto ao falante, levemente fora do centro do cone (mais cone = mais grave/escuro; mais borda = mais brilho/agudo); experimente a posição. Violão ao vivo: captador piezo via DI é prático e controla microfonia; em ambiente controlado, condensador apontado entre boca e início do braço (12–18" / ~30–45 cm).</li><li><strong>Baixo, teclado e técnicas estéreo:</strong> Baixo: DI (sinal limpo e direto) é o padrão ao vivo, opcionalmente somado a microfone no amplificador. Teclado: saída de linha via DI (estéreo se for o caso). Técnicas estéreo (XY: dois microfones a 90° coincidentes; ORTF; AB espaçado) capturam imagem e profundidade em overheads, violão e ambiente — sempre atentos à coerência de fase.</li></ul><h4>Equipamentos / detalhes</h4><ul><li><strong>Kit de microfonação de bateria (Shure/Sennheiser drum kits):</strong> Conjuntos típicos: Beta 52A/D112 (bumbo), SM57 (caixa), e604 (toms), par de condensadores (overheads). Clipes e pedestais curtos. É o ''arsenal'' que resolve a maioria das baterias ao vivo.</li><li><strong>DI ativa para baixo/teclado e SM57 para amplificadores:</strong> DI ativa (J48, ProDI) para baixo e teclado; SM57 universal para amplificador de guitarra e caixa. Com esses três tipos de captação o operador microfona quase qualquer banda padrão.</li></ul><h4>Passo a passo</h4><ol><li><strong>Microfonar uma bateria completa:</strong> 1) Bumbo: posicione dentro, ajuste batedor x peso movendo o microfone. 2) Caixa: SM57 acima, mire o centro/borda. 3) Toms: um e604 por tom, perto da pele. 4) Overheads: par de condensadores, distâncias iguais à caixa (fase!), técnica XY ou espaçada. 5) Confira fase de todos os pares. 6) Aplique HPF nos canais sem grave útil (caixa, overheads).</li><li><strong>Posicionar microfone de voz ao vivo:</strong> 1) Dinâmico cardioide próximo à boca. 2) Traseira do microfone para os monitores. 3) Oriente o cantor a manter distância/ângulo constantes. 4) Ajuste gain no trecho mais forte (Módulo 3). 5) HPF ~100 Hz e leve compressão para firmeza.</li><li><strong>Captar amplificador de guitarra:</strong> 1) SM57 encostado na grade, alinhado ao cone. 2) No centro = mais corpo/escuro; na borda = mais brilho. 3) Mova alguns centímetros ouvindo até achar o timbre. 4) Se usar dois microfones, cuide a fase entre eles.</li></ol><p><strong>Na prática:</strong> Numa banda de rock, a bateria soa ''embolada'' e a caixa some. O operador refaz a microfonação: ajusta o overhead com distâncias iguais à caixa (corrige fase), reposiciona o SM57 da caixa mais para a borda (ganha brilho) e move o microfone do bumbo para perto do batedor (recupera o click que corta na mix). Sem tocar pesado no EQ, a bateria fica definida — prova de que a captação correta resolve antes do processamento.</p><h4>Resumo</h4><ul><li>A captação certa define o timbre antes do EQ; cada fonte tem microfone e posição ideais.</li><li>Bateria pede atenção à fase dos pares (overheads) e posição que equilibra ataque e peso.</li><li>Voz ao vivo usa dinâmico cardioide próximo, rejeitando monitores; baixo e teclado vão por DI.</li></ul>',36,2,true,false);
insert into public.quizzes (id,lesson_id,titulo) values ('46d2c2a3-31bb-4466-993e-8ccfa9584d2e','1d8ea582-14c0-440b-a054-212a9dc25b26','Quiz — Microfonação de Bateria, Voz e Instrumentos');
insert into public.quiz_questions (id,quiz_id,texto,explicacao,ordem,pontos) values ('dfd081c3-1c6e-4fb2-bf89-9536631528b2','46d2c2a3-31bb-4466-993e-8ccfa9584d2e','Para captar o amplificador de guitarra, mover o SM57 do centro do cone para a borda tende a:','Perto do centro o som é mais cheio/escuro; em direção à borda ganha brilho e agudos.',1,1);
insert into public.quiz_options (question_id,texto,correta,ordem) values ('dfd081c3-1c6e-4fb2-bf89-9536631528b2','Aumentar o grave',false,1);
insert into public.quiz_options (question_id,texto,correta,ordem) values ('dfd081c3-1c6e-4fb2-bf89-9536631528b2','Realçar o brilho/agudos',true,2);
insert into public.quiz_options (question_id,texto,correta,ordem) values ('dfd081c3-1c6e-4fb2-bf89-9536631528b2','Eliminar o sinal',false,3);
insert into public.quiz_options (question_id,texto,correta,ordem) values ('dfd081c3-1c6e-4fb2-bf89-9536631528b2','Adicionar reverb',false,4);
insert into public.quiz_questions (id,quiz_id,texto,explicacao,ordem,pontos) values ('75e17126-0507-4954-a14e-847358815492','46d2c2a3-31bb-4466-993e-8ccfa9584d2e','Nos overheads de bateria, manter distâncias iguais à caixa entre os dois microfones serve para:','Distâncias desiguais geram diferença de fase que pode cancelar e bagunçar a imagem; igualar evita o problema.',2,1);
insert into public.quiz_options (question_id,texto,correta,ordem) values ('75e17126-0507-4954-a14e-847358815492','Aumentar o volume',false,1);
insert into public.quiz_options (question_id,texto,correta,ordem) values ('75e17126-0507-4954-a14e-847358815492','Preservar a coerência de fase e a imagem estéreo',true,2);
insert into public.quiz_options (question_id,texto,correta,ordem) values ('75e17126-0507-4954-a14e-847358815492','Ligar o phantom',false,3);
insert into public.quiz_options (question_id,texto,correta,ordem) values ('75e17126-0507-4954-a14e-847358815492','Reduzir agudos',false,4);
insert into public.quiz_questions (id,quiz_id,texto,explicacao,ordem,pontos) values ('43e8027d-654b-48c7-b077-f43364443ef1','46d2c2a3-31bb-4466-993e-8ccfa9584d2e','Para baixo elétrico ao vivo, a captação padrão é:','A DI entrega sinal limpo e estável; somar microfone no amplificador é opcional para mais caráter.',3,1);
insert into public.quiz_options (question_id,texto,correta,ordem) values ('43e8027d-654b-48c7-b077-f43364443ef1','Microfone de fita figura-8',false,1);
insert into public.quiz_options (question_id,texto,correta,ordem) values ('43e8027d-654b-48c7-b077-f43364443ef1','DI (sinal direto), opcionalmente somada a microfone no amplificador',true,2);
insert into public.quiz_options (question_id,texto,correta,ordem) values ('43e8027d-654b-48c7-b077-f43364443ef1','Condensador omnidirecional distante',false,3);
insert into public.quiz_options (question_id,texto,correta,ordem) values ('43e8027d-654b-48c7-b077-f43364443ef1','Apenas overhead',false,4);
insert into public.quiz_questions (id,quiz_id,texto,explicacao,ordem,pontos) values ('9e88cff1-23d2-454c-8266-73a1a20cf7fe','46d2c2a3-31bb-4466-993e-8ccfa9584d2e','Apontar a traseira do microfone de voz cardioide para os monitores ajuda a:','O cardioide rejeita o que vem de trás; mirar a traseira aos monitores reduz a realimentação.',4,1);
insert into public.quiz_options (question_id,texto,correta,ordem) values ('9e88cff1-23d2-454c-8266-73a1a20cf7fe','Aumentar a microfonia',false,1);
insert into public.quiz_options (question_id,texto,correta,ordem) values ('9e88cff1-23d2-454c-8266-73a1a20cf7fe','Reduzir a microfonia, aproveitando a rejeição traseira do padrão cardioide',true,2);
insert into public.quiz_options (question_id,texto,correta,ordem) values ('9e88cff1-23d2-454c-8266-73a1a20cf7fe','Mudar o pitch',false,3);
insert into public.quiz_options (question_id,texto,correta,ordem) values ('9e88cff1-23d2-454c-8266-73a1a20cf7fe','Comprimir a voz',false,4);
insert into public.lessons (id,module_id,titulo,tipo,conteudo_rico,duracao_min,ordem,tem_quiz,preview_gratis) values ('4df76719-32d1-48d4-94eb-d328dc936001','dd356152-d06c-450d-8b4f-fe6307a3c71d','Soundcheck, Mix de PA e de Monitores','texto','<p><strong>Para começar:</strong> O soundcheck é onde tudo se junta: gain de cada canal, mix de PA para o público e mixes de monitor para os músicos. Esta aula é o roteiro completo da passagem de som profissional.</p><p>Passagem de som tem método: line check pronto, ajusta-se gain por canal, constroem-se os retornos dos músicos, depois a mix de PA — bateria como base, voz no topo — e por fim os detalhes. Esta aula ensina a conduzir uma passagem com firmeza e tempo.</p><ul><li><strong>Ordem do soundcheck:</strong> Com o line check feito: 1) gain staging de cada canal (fonte no volume real); 2) tratar dinâmica/EQ básicos por canal; 3) montar os monitores (cada músico ouvindo o essencial); 4) construir a mix de PA peça por peça; 5) tocar uma música inteira e ajustar no contexto. Ordem evita retrabalho.</li><li><strong>Construir a mix de PA:</strong> Comece pela base rítmica: bumbo e caixa, depois o resto da bateria, baixo (a ''cama'' grave), instrumentos harmônicos (guitarra, teclado) e, por cima, a voz — que deve ficar inteligível e à frente. Use EQ para criar espaço (Módulo 3.2) e dinâmica para firmeza. Equilíbrio, não ''tudo no talo''.</li><li><strong>Mix de monitores:</strong> Cada músico tem necessidades diferentes: o cantor quer voz e referência harmônica; o baterista quer bumbo, baixo e voz. Use aux pré-fader (Módulo 3.4). Regra de ouro: menos é mais — encha o monitor só do essencial para reduzir vazamento e microfonia. Em IEM, dá para mixes mais ricas com segurança.</li><li><strong>Comunicação com os músicos:</strong> Linguagem clara e respeitosa: ''toca só o bumbo'', ''canta o refrão no volume do show''. Anote os pedidos. O operador conduz a passagem com firmeza para não perder tempo. Boa comunicação é tão importante quanto a técnica.</li><li><strong>Do soundcheck ao show:</strong> Salve a cena ao fim da passagem. Lembre que a sala vazia soa diferente da cheia (o público absorve agudos e graves) — antecipe pequenos ajustes ao encher. Tenha a cena-base pronta e monitore o show ativamente, ajustando fader e dinâmica conforme a música pede.</li></ul><h4>Equipamentos / detalhes</h4><ul><li><strong>Console digital com ''sends on faders'' e cenas:</strong> Recurso que transforma os faders em níveis de envio para o aux selecionado, agilizando a montagem de monitores. Salve a cena do soundcheck para recuperar no show. Tablet para ajustar monitores andando pelo palco é prática comum.</li><li><strong>Sistema de talkback e fone do operador:</strong> Microfone de talkback para falar com o palco pelos monitores e fone para PFL/solo. Comunicação e escuta isolada aceleram a passagem.</li></ul><h4>Passo a passo</h4><ol><li><strong>Conduzir o soundcheck (roteiro):</strong> 1) Confirme o line check. 2) Peça cada fonte isolada e ajuste gain no volume real do show. 3) EQ/dinâmica básicos por canal. 4) Monte cada monitor (aux pré-fader), começando pela necessidade principal de cada músico. 5) Construa a mix de PA: bateria→baixo→harmonia→voz. 6) Toque uma música inteira; ajuste no contexto. 7) Salve a cena.</li><li><strong>Atender pedidos de monitor sem gerar microfonia:</strong> Aumente só o que o músico precisa; se pedir ''mais voz'' e a microfonia surgir, em vez de continuar subindo, ataque a frequência de feedback no GEQ do monitor e confira a mira do microfone. Equilíbrio entre volume de retorno e estabilidade.</li><li><strong>Preparar a transição para o show:</strong> Salve a cena, deixe DCAs de banda e vozes prontos, baixe o volume geral para a abertura e suba quando o show começar. Durante o show, acompanhe a dinâmica das músicas e a interação do público, ajustando ativamente.</li></ol><p><strong>Na prática:</strong> Numa passagem com tempo curto antes das portas abrirem, o operador conduz com firmeza: line check já feito, ajusta gains em 10 minutos, monta os quatro monitores priorizando o essencial de cada músico, constrói a mix de PA da bateria à voz e roda uma música. Salva a cena. Quando a casa enche, ele sobe levemente os agudos da voz e ajusta o sub, porque o público absorveu parte das altas e graves. Método e antecipação entregaram um show no horário e bem soando.</p><h4>Resumo</h4><ul><li>O soundcheck segue ordem: gain, processamento básico, monitores, mix de PA e uma música no contexto.</li><li>A mix de PA se constrói da base rítmica à voz, com EQ criando espaço; monitores com aux pré-fader e o essencial.</li><li>Salve a cena e antecipe que a sala cheia soa diferente da vazia, ajustando ativamente no show.</li></ul>',36,3,true,false);
insert into public.quizzes (id,lesson_id,titulo) values ('c0d5722f-93f2-4b76-8a6f-4055f209ab66','4df76719-32d1-48d4-94eb-d328dc936001','Quiz — Soundcheck, Mix de PA e de Monitores');
insert into public.quiz_questions (id,quiz_id,texto,explicacao,ordem,pontos) values ('64bc4430-22cb-4ab0-8a97-5a99d4a76b28','c0d5722f-93f2-4b76-8a6f-4055f209ab66','A ordem recomendada para construir a mix de PA é:','Construir da base rítmica para a voz cria fundação sólida e mantém a voz inteligível por cima.',1,1);
insert into public.quiz_options (question_id,texto,correta,ordem) values ('64bc4430-22cb-4ab0-8a97-5a99d4a76b28','Voz primeiro, bateria por último',false,1);
insert into public.quiz_options (question_id,texto,correta,ordem) values ('64bc4430-22cb-4ab0-8a97-5a99d4a76b28','Base rítmica (bumbo/caixa) → resto da bateria → baixo → harmonia → voz',true,2);
insert into public.quiz_options (question_id,texto,correta,ordem) values ('64bc4430-22cb-4ab0-8a97-5a99d4a76b28','Tudo no máximo de uma vez',false,3);
insert into public.quiz_options (question_id,texto,correta,ordem) values ('64bc4430-22cb-4ab0-8a97-5a99d4a76b28','Apenas a voz',false,4);
insert into public.quiz_questions (id,quiz_id,texto,explicacao,ordem,pontos) values ('470edd43-697e-41cd-ad35-1a55b0d90c71','c0d5722f-93f2-4b76-8a6f-4055f209ab66','Mixes de monitor devem usar aux em modo pré-fader porque:','Pré-fader desacopla o monitor do fader de PA, mantendo o retorno do músico estável.',2,1);
insert into public.quiz_options (question_id,texto,correta,ordem) values ('470edd43-697e-41cd-ad35-1a55b0d90c71','Soam mais altos',false,1);
insert into public.quiz_options (question_id,texto,correta,ordem) values ('470edd43-697e-41cd-ad35-1a55b0d90c71','O retorno do músico não pode variar quando você ajusta o canal no PA',true,2);
insert into public.quiz_options (question_id,texto,correta,ordem) values ('470edd43-697e-41cd-ad35-1a55b0d90c71','Adicionam reverb',false,3);
insert into public.quiz_options (question_id,texto,correta,ordem) values ('470edd43-697e-41cd-ad35-1a55b0d90c71','Economizam canais',false,4);
insert into public.quiz_questions (id,quiz_id,texto,explicacao,ordem,pontos) values ('6887d697-4763-4416-a41a-bd18714f2ceb','c0d5722f-93f2-4b76-8a6f-4055f209ab66','Diante de microfonia ao aumentar o monitor de voz, a melhor atitude é:','Subir mais realimenta; controla-se cortando a frequência específica e ajustando posição/mira.',3,1);
insert into public.quiz_options (question_id,texto,correta,ordem) values ('6887d697-4763-4416-a41a-bd18714f2ceb','Continuar subindo o monitor',false,1);
insert into public.quiz_options (question_id,texto,correta,ordem) values ('6887d697-4763-4416-a41a-bd18714f2ceb','Atacar a frequência de feedback no GEQ do monitor e conferir a mira do microfone',true,2);
insert into public.quiz_options (question_id,texto,correta,ordem) values ('6887d697-4763-4416-a41a-bd18714f2ceb','Desligar o PA',false,3);
insert into public.quiz_options (question_id,texto,correta,ordem) values ('6887d697-4763-4416-a41a-bd18714f2ceb','Aumentar o gain de entrada',false,4);
insert into public.quiz_questions (id,quiz_id,texto,explicacao,ordem,pontos) values ('4fd81d04-8ed6-42c8-b487-ef252c4ec9ba','c0d5722f-93f2-4b76-8a6f-4055f209ab66','A sala cheia, comparada à vazia, tende a:','O público absorve som; antecipar e ajustar agudos/graves ao encher mantém a mix equilibrada.',4,1);
insert into public.quiz_options (question_id,texto,correta,ordem) values ('4fd81d04-8ed6-42c8-b487-ef252c4ec9ba','Soar idêntica',false,1);
insert into public.quiz_options (question_id,texto,correta,ordem) values ('4fd81d04-8ed6-42c8-b487-ef252c4ec9ba','Absorver parte dos agudos e graves, exigindo pequenos ajustes',true,2);
insert into public.quiz_options (question_id,texto,correta,ordem) values ('4fd81d04-8ed6-42c8-b487-ef252c4ec9ba','Aumentar a microfonia sempre',false,3);
insert into public.quiz_options (question_id,texto,correta,ordem) values ('4fd81d04-8ed6-42c8-b487-ef252c4ec9ba','Dispensar a cena salva',false,4);
insert into public.lessons (id,module_id,titulo,tipo,conteudo_rico,duracao_min,ordem,tem_quiz,preview_gratis) values ('28284b0f-a2fd-4621-b6c4-cb3556bc9135','dd356152-d06c-450d-8b4f-fe6307a3c71d','Combate à Microfonia (Feedback) e Operação Durante o Show','texto','<p><strong>Para começar:</strong> A microfonia é o pesadelo do som ao vivo. Esta aula ensina a entender, prevenir e eliminar o feedback com método — e a operar com firmeza durante o show, mantendo o controle do começo ao fim.</p><p>Feedback acontece quando o som do PA volta ao microfone, é reamplificado e cria um loop que cresce até o apito. Combater microfonia é entender ganho antes da realimentação (gain before feedback) e agir nas causas: posicionamento, padrão polar, EQ e níveis. Esta aula também cobre a operação ativa durante o show.</p><ul><li><strong>O que é e por que acontece:</strong> Feedback é um loop: microfone capta o som da caixa/monitor, a mesa reamplifica, sai mais alto, volta ao microfone... até oscilar numa frequência (apito/ronco). Acontece quando o ganho total do loop supera a unidade. Quanto mais ganho você precisa, mais perto do feedback opera — daí a importância de captação eficiente.</li><li><strong>Prevenção: as causas:</strong> Posicionamento: microfone longe e fora do eixo das caixas/monitores; usar a rejeição traseira do cardioide. Padrão polar adequado (super/hipercardioide rejeita mais). Distância fonte-microfone curta (mais sinal útil, menos ganho necessário). Menos microfones abertos (gate/mute do que não está em uso). Monitores só com o essencial. PA mirado no público, não no palco.</li><li><strong>EQ contra feedback:</strong> Toda sala/monitor tem frequências que realimentam primeiro. Com EQ gráfico (ou paramétrico cirúrgico), identifique e atenue essas frequências antes de chegarem ao apito. Ring out: suba o ganho até começar a tocar a microfonia, identifique a frequência e corte-a; repita para ganhar mais ''gain before feedback''. Não exagere para não descaracterizar o som.</li><li><strong>Ferramentas e supressores:</strong> Existem supressores de feedback automáticos (no DriveRack e em alguns consoles) que detectam e cortam a frequência. Úteis como auxílio, mas não substituem boa captação e posicionamento. O operador competente resolve a causa; o automático cobre o resíduo.</li><li><strong>Operação durante o show:</strong> O show é dinâmico: acompanhe cada música ajustando o fader da voz nos versos/refrões, segurando dinâmica com o compressor, subindo um solo, controlando DCAs. Fique atento a surpresas (microfone caindo, cabo falhando) e tenha plano B (canal reserva, microfone extra). Monitore o PA andando pela área quando possível.</li></ul><h4>Equipamentos / detalhes</h4><ul><li><strong>EQ gráfico de monitor / supressor de feedback (dbx DriveRack):</strong> GEQ 31 bandas por monitor para cortes cirúrgicos das frequências de realimentação; supressores automáticos como apoio. O ''ring out'' dos monitores antes do show ganha margem de volume sem apito.</li><li><strong>Microfones direcionais (super/hipercardioide) e gates:</strong> Microfones mais direcionais (Beta 58A, e935) e gates/mutes nos canais não usados reduzem o ganho desnecessário no sistema, atacando a causa raiz do feedback.</li></ul><h4>Passo a passo</h4><ol><li><strong>Ring out de um monitor:</strong> 1) Suba devagar o nível do monitor com um microfone aberto na posição de uso. 2) No limiar do apito, identifique a frequência (pelo ouvido ou RTA). 3) Corte essa banda no GEQ do monitor. 4) Repita: surgirá outra frequência; corte também. 5) Pare quando tiver volume suficiente com margem segura. Não corte demais.</li><li><strong>Eliminar feedback no meio do show:</strong> 1) Identifique rápido a frequência (grave=ronco, agudo=apito). 2) Baixe levemente o canal/monitor culpado. 3) Corte a frequência no EQ. 4) Cheque se um microfone saiu de posição ou alguém apontou ao monitor. Aja com calma e precisão — pânico piora.</li><li><strong>Operar ativamente a mix do show:</strong> Acompanhe a estrutura das músicas: realce a voz nas partes cantadas, abra o solo no momento certo, controle a dinâmica com compressão, use DCAs para transições. Mantenha um olho nos medidores (sem clip) e ouvido na sala.</li></ol><p><strong>Na prática:</strong> No meio de um culto, um apito agudo surge quando o pregador se aproxima da caixa. O operador reconhece na hora a frequência (~3 kHz), aplica um corte cirúrgico nessa banda, recua levemente o monitor próximo e percebe que o microfone estava apontado para a caixa lateral — reorienta. O apito some sem cortar o discurso. Antes, ele havia feito o ring out dos monitores, o que deu margem; durante, agiu pela causa e pela frequência. Controle total nasce de método.</p><h4>Resumo</h4><ul><li>Feedback é um loop de reamplificação; combatê-lo é reduzir o ganho do loop nas causas certas.</li><li>Prevenção vem de posicionamento, padrão polar, distância curta e menos microfones abertos; EQ/ring out dão margem.</li><li>No show, o operador atua ativamente: dinâmica, faders, DCAs e resposta calma a imprevistos.</li></ul>',30,4,true,false);
insert into public.quizzes (id,lesson_id,titulo) values ('19400f3d-3456-44b5-bb02-5932b41f6455','28284b0f-a2fd-4621-b6c4-cb3556bc9135','Quiz — Combate à Microfonia (Feedback) e Operação Durante o Show');
insert into public.quiz_questions (id,quiz_id,texto,explicacao,ordem,pontos) values ('325e15da-fc1d-486f-a5ca-c0e5ad10b2aa','19400f3d-3456-44b5-bb02-5932b41f6455','A microfonia (feedback) ocorre quando:','É um loop de reamplificação: a saída volta à entrada e, quando o ganho do loop supera a unidade, oscila.',1,1);
insert into public.quiz_options (question_id,texto,correta,ordem) values ('325e15da-fc1d-486f-a5ca-c0e5ad10b2aa','O cabo está desbalanceado',false,1);
insert into public.quiz_options (question_id,texto,correta,ordem) values ('325e15da-fc1d-486f-a5ca-c0e5ad10b2aa','O som do PA/monitor volta ao microfone e é reamplificado num loop que cresce até oscilar',true,2);
insert into public.quiz_options (question_id,texto,correta,ordem) values ('325e15da-fc1d-486f-a5ca-c0e5ad10b2aa','O phantom está desligado',false,3);
insert into public.quiz_options (question_id,texto,correta,ordem) values ('325e15da-fc1d-486f-a5ca-c0e5ad10b2aa','O gain está muito baixo',false,4);
insert into public.quiz_questions (id,quiz_id,texto,explicacao,ordem,pontos) values ('acd319f6-a76a-451c-b3f2-6bf1aff31747','19400f3d-3456-44b5-bb02-5932b41f6455','O ''ring out'' de um monitor consiste em:','Identificar e atenuar as frequências de feedback aumenta o ''gain before feedback'' do monitor com segurança.',2,1);
insert into public.quiz_options (question_id,texto,correta,ordem) values ('acd319f6-a76a-451c-b3f2-6bf1aff31747','Aumentar o reverb',false,1);
insert into public.quiz_options (question_id,texto,correta,ordem) values ('acd319f6-a76a-451c-b3f2-6bf1aff31747','Subir o nível até o limiar do apito e cortar no EQ as frequências que realimentam, ganhando margem',true,2);
insert into public.quiz_options (question_id,texto,correta,ordem) values ('acd319f6-a76a-451c-b3f2-6bf1aff31747','Trocar o microfone por condensador',false,3);
insert into public.quiz_options (question_id,texto,correta,ordem) values ('acd319f6-a76a-451c-b3f2-6bf1aff31747','Desligar o monitor',false,4);
insert into public.quiz_questions (id,quiz_id,texto,explicacao,ordem,pontos) values ('a27f6f25-9475-4a82-935a-f097f4c2ab7f','19400f3d-3456-44b5-bb02-5932b41f6455','Uma medida eficaz de PREVENÇÃO de microfonia é:','Posicionar microfones rejeitando as caixas/monitores e reduzir microfones abertos diminui o ganho no loop.',3,1);
insert into public.quiz_options (question_id,texto,correta,ordem) values ('a27f6f25-9475-4a82-935a-f097f4c2ab7f','Apontar o PA para o palco',false,1);
insert into public.quiz_options (question_id,texto,correta,ordem) values ('a27f6f25-9475-4a82-935a-f097f4c2ab7f','Usar a rejeição traseira do cardioide e manter o microfone fora do eixo das caixas',true,2);
insert into public.quiz_options (question_id,texto,correta,ordem) values ('a27f6f25-9475-4a82-935a-f097f4c2ab7f','Abrir todos os microfones sempre',false,3);
insert into public.quiz_options (question_id,texto,correta,ordem) values ('a27f6f25-9475-4a82-935a-f097f4c2ab7f','Aumentar o ganho de todos os canais',false,4);
insert into public.quiz_questions (id,quiz_id,texto,explicacao,ordem,pontos) values ('5408536a-3da9-4afb-9b25-20c93e000099','19400f3d-3456-44b5-bb02-5932b41f6455','Ao surgir feedback durante o show, a atitude correta é:','Agir pela frequência e pela causa, com calma e precisão, elimina o apito sem interromper o evento.',4,1);
insert into public.quiz_options (question_id,texto,correta,ordem) values ('5408536a-3da9-4afb-9b25-20c93e000099','Continuar aumentando o volume',false,1);
insert into public.quiz_options (question_id,texto,correta,ordem) values ('5408536a-3da9-4afb-9b25-20c93e000099','Identificar a frequência, baixar levemente o canal/monitor culpado e cortar a frequência com calma',true,2);
insert into public.quiz_options (question_id,texto,correta,ordem) values ('5408536a-3da9-4afb-9b25-20c93e000099','Desligar todo o sistema',false,3);
insert into public.quiz_options (question_id,texto,correta,ordem) values ('5408536a-3da9-4afb-9b25-20c93e000099','Trocar o console',false,4);
insert into public.modules (id,course_id,titulo,ordem) values ('e63d370d-a5c6-4b91-96dc-5d2b53fa2ca2','8f29f6dd-3dc6-47fe-b4d3-1cd15514a21d','Módulo 5 — Gravação, DAW e Pós-Produção',5);
insert into public.lessons (id,module_id,titulo,tipo,conteudo_rico,duracao_min,ordem,tem_quiz,preview_gratis) values ('72f32e82-6d3f-429e-ad68-e54c05e7150e','e63d370d-a5c6-4b91-96dc-5d2b53fa2ca2','Áudio Digital: Taxa de Amostragem, Resolução e Formatos','texto','<p><strong>Para começar:</strong> Para gravar bem, é preciso entender como o som vira números. Esta aula domina amostragem, resolução em bits e formatos — e a diferença real entre gravação analógica e digital.</p><p>A gravação digital amostra o sinal analógico em intervalos regulares e o representa em bits. Taxa de amostragem, resolução e formato definem a fidelidade e o tamanho do arquivo. Entender o teorema de Nyquist e escolher os parâmetros certos é base da produção.</p><ul><li><strong>Analógico x digital:</strong> Analógico grava o som como sinal contínuo (fita magnética), com ''cor'', saturação e compressão naturais apreciadas, mas sujeito a desgaste e ruído. Digital converte o sinal em dados (WAV, etc.): alta precisão, reprodutibilidade sem degradação, edição flexível e baixo ruído. Muitas produções combinam: gravam digital e processam com equipamentos/emulações analógicas.</li><li><strong>Taxa de amostragem:</strong> Quantas amostras por segundo são capturadas, em Hz. Padrões: 44,1 kHz (CD), 48 kHz (vídeo/broadcast, padrão em áudio ao vivo/produção), 96 kHz (alta resolução). Teorema de Nyquist-Shannon: para reproduzir até uma frequência, a taxa deve ser pelo menos o dobro dela — por isso 44,1 kHz cobre os ~20 kHz audíveis.</li><li><strong>Resolução (bit depth):</strong> Quantos bits representam cada amostra: 16 bits (CD, ~96 dB de faixa dinâmica) e 24 bits (padrão de gravação, ~144 dB teóricos, muito mais headroom). Mais bits = maior faixa dinâmica e menos ruído de quantização. Grave em 24 bits para ter margem; o destino final pode ser 16 bits.</li><li><strong>Independência dos dois:</strong> Taxa de amostragem e resolução são independentes: uma define quantas amostras por segundo (resolução temporal/frequência), a outra a precisão de amplitude de cada amostra. Ambas contribuem para a fidelidade. O padrão profissional de captura é 48 kHz / 24 bits.</li><li><strong>Formatos de áudio:</strong> Sem perdas (lossless): WAV, AIFF (não comprimidos), FLAC (comprimido sem perda) — preservam toda a informação, ideais para gravação/edição. Com perdas (lossy): MP3, AAC — comprimem descartando dados para reduzir tamanho, bons para distribuição/streaming, ruins para edição. Grave em WAV; exporte MP3/AAC só na entrega.</li></ul><h4>Equipamentos / detalhes</h4><ul><li><strong>Console digital como gravador multitrack / interface:</strong> Mesas como X32/M32 gravam todos os canais via USB (multitrack) para virtual soundcheck e registro do show. Configure 48 kHz/24 bits. Permite remixar o show depois e ensaiar a mix com a casa vazia rodando a gravação.</li><li><strong>Interface de áudio + HD/SSD rápido:</strong> Interface (Scarlett, Apollo, RME) define a qualidade da conversão; SSD garante leitura/gravação sem estouros em projetos multicanal. Grave em disco dedicado, não no disco do sistema.</li></ul><h4>Passo a passo</h4><ol><li><strong>Escolher os parâmetros de gravação:</strong> Para a maioria dos trabalhos: 48 kHz / 24 bits, formato WAV. Use 44,1 kHz só se o destino final for CD e você quiser evitar conversão. 96 kHz para projetos que justifiquem (orquestra, alta resolução) e tenham recurso de armazenamento/CPU.</li><li><strong>Evitar clipping na captura digital:</strong> No digital, 0 dBFS é teto absoluto: ajuste o nível para picos confortavelmente abaixo (ex.: −6 a −12 dBFS de pico), pois clipping digital é distorção irreversível. Com 24 bits há headroom de sobra, então gravar com folga é seguro.</li><li><strong>Exportar no formato certo:</strong> Edição/arquivo: WAV/FLAC. Entrega para streaming/cliente: MP3 320 kbps ou AAC. Mantenha sempre o WAV original como master; o MP3 é cópia de distribuição.</li></ol><p><strong>Na prática:</strong> Após um show, o operador exporta o multitrack gravado pelo X32 em 48 kHz/24 bits WAV. No dia seguinte, refaz a mix com calma no estúdio e gera tanto um WAV master quanto um MP3 para a banda divulgar. Como gravou em 24 bits com headroom, não houve clipping mesmo nos picos do show, e a edição teve margem para comprimir e equalizar sem ruído. Os parâmetros corretos preservaram a qualidade do início ao fim.</p><h4>Resumo</h4><ul><li>Gravação digital amostra o sinal (Hz) e o representa em bits; Nyquist exige taxa ≥ 2× a maior frequência.</li><li>Padrão profissional: 48 kHz / 24 bits em WAV, com headroom para evitar clipping irreversível.</li><li>WAV/FLAC preservam tudo (edição); MP3/AAC comprimem para distribuição.</li></ul>',28,1,true,false);
insert into public.quizzes (id,lesson_id,titulo) values ('c0d9d9b9-bb85-44aa-96c3-629cf2bfa712','72f32e82-6d3f-429e-ad68-e54c05e7150e','Quiz — Áudio Digital: Taxa de Amostragem, Resolução e Formatos');
insert into public.quiz_questions (id,quiz_id,texto,explicacao,ordem,pontos) values ('897ea4f8-bd05-4bf0-95d8-bc03b4c50133','c0d9d9b9-bb85-44aa-96c3-629cf2bfa712','O teorema de Nyquist-Shannon afirma que a taxa de amostragem deve ser:','Para reproduzir até X Hz, amostra-se a pelo menos 2X Hz — por isso 44,1 kHz cobre os ~20 kHz audíveis.',1,1);
insert into public.quiz_options (question_id,texto,correta,ordem) values ('897ea4f8-bd05-4bf0-95d8-bc03b4c50133','Igual à maior frequência do sinal',false,1);
insert into public.quiz_options (question_id,texto,correta,ordem) values ('897ea4f8-bd05-4bf0-95d8-bc03b4c50133','Pelo menos o dobro da maior frequência que se quer reproduzir',true,2);
insert into public.quiz_options (question_id,texto,correta,ordem) values ('897ea4f8-bd05-4bf0-95d8-bc03b4c50133','Sempre 44,1 kHz',false,3);
insert into public.quiz_options (question_id,texto,correta,ordem) values ('897ea4f8-bd05-4bf0-95d8-bc03b4c50133','A metade da frequência audível',false,4);
insert into public.quiz_questions (id,quiz_id,texto,explicacao,ordem,pontos) values ('96604090-3bc5-4e5a-98b9-d553824b12ab','c0d9d9b9-bb85-44aa-96c3-629cf2bfa712','O padrão profissional de captura para a maioria dos trabalhos é:','48 kHz e 24 bits oferecem boa resolução temporal e ampla faixa dinâmica com headroom.',2,1);
insert into public.quiz_options (question_id,texto,correta,ordem) values ('96604090-3bc5-4e5a-98b9-d553824b12ab','8 kHz / 8 bits',false,1);
insert into public.quiz_options (question_id,texto,correta,ordem) values ('96604090-3bc5-4e5a-98b9-d553824b12ab','48 kHz / 24 bits',true,2);
insert into public.quiz_options (question_id,texto,correta,ordem) values ('96604090-3bc5-4e5a-98b9-d553824b12ab','11 kHz / 16 bits',false,3);
insert into public.quiz_options (question_id,texto,correta,ordem) values ('96604090-3bc5-4e5a-98b9-d553824b12ab','192 kHz / 4 bits',false,4);
insert into public.quiz_questions (id,quiz_id,texto,explicacao,ordem,pontos) values ('fdbca15e-e1fa-4048-a5b9-3fb156e667a1','c0d9d9b9-bb85-44aa-96c3-629cf2bfa712','No áudio digital, ultrapassar 0 dBFS causa:','0 dBFS é o teto absoluto; acima dele o sinal é cortado e distorce de forma irreversível.',3,1);
insert into public.quiz_options (question_id,texto,correta,ordem) values ('fdbca15e-e1fa-4048-a5b9-3fb156e667a1','Mais grave',false,1);
insert into public.quiz_options (question_id,texto,correta,ordem) values ('fdbca15e-e1fa-4048-a5b9-3fb156e667a1','Clipping (distorção digital irreversível)',true,2);
insert into public.quiz_options (question_id,texto,correta,ordem) values ('fdbca15e-e1fa-4048-a5b9-3fb156e667a1','Aumento de fidelidade',false,3);
insert into public.quiz_options (question_id,texto,correta,ordem) values ('fdbca15e-e1fa-4048-a5b9-3fb156e667a1','Nada',false,4);
insert into public.quiz_questions (id,quiz_id,texto,explicacao,ordem,pontos) values ('1f1a9b7d-dcaf-4e29-816b-f5675eb3ef66','c0d9d9b9-bb85-44aa-96c3-629cf2bfa712','Para arquivar e editar com máxima qualidade, o formato adequado é:','WAV/FLAC preservam toda a informação; MP3/AAC descartam dados e são para distribuição.',4,1);
insert into public.quiz_options (question_id,texto,correta,ordem) values ('1f1a9b7d-dcaf-4e29-816b-f5675eb3ef66','MP3 128 kbps',false,1);
insert into public.quiz_options (question_id,texto,correta,ordem) values ('1f1a9b7d-dcaf-4e29-816b-f5675eb3ef66','WAV ou FLAC (sem perdas)',true,2);
insert into public.quiz_options (question_id,texto,correta,ordem) values ('1f1a9b7d-dcaf-4e29-816b-f5675eb3ef66','AAC',false,3);
insert into public.quiz_options (question_id,texto,correta,ordem) values ('1f1a9b7d-dcaf-4e29-816b-f5675eb3ef66','Apenas streaming',false,4);
insert into public.lessons (id,module_id,titulo,tipo,conteudo_rico,duracao_min,ordem,tem_quiz,preview_gratis) values ('8a5c92d5-260a-4b3e-9e98-db04b7b2b86d','e63d370d-a5c6-4b91-96dc-5d2b53fa2ca2','DAW: Navegação, Gravação Multicanal e Edição Não Destrutiva','texto','<p><strong>Para começar:</strong> A DAW é o estúdio dentro do computador. Esta aula apresenta as principais DAWs do mercado, sua navegação e os conceitos de gravação multicanal e edição não destrutiva que tornam a produção flexível.</p><p>Digital Audio Workstation é o software de gravação, edição e mixagem. Conhecer as DAWs líderes, navegar sua interface, gravar múltiplos canais e editar de forma não destrutiva são competências que ampliam o operador para o estúdio e a pós-produção do ao vivo.</p><ul><li><strong>O que é uma DAW e as principais:</strong> Software para gravar, editar, mixar e produzir áudio. Pro Tools: padrão da indústria profissional de gravação/mixagem. Reaper: leve, barato, flexível, muito usado por sua eficiência. Ableton Live: produção eletrônica e performance ao vivo (Session View). Logic Pro: exclusivo macOS, completo. FL Studio, Cubase, Studio One: também difundidos. A escolha depende de fluxo, sistema e gênero.</li><li><strong>Anatomia da interface:</strong> Elementos comuns: arranjo/timeline (trilhas no tempo), mixer (faders, EQ, inserts, sends por trilha), transporte (play, stop, record, loop), browser de sons/plugins e editores (piano roll, editor de áudio). Dominar atalhos de teclado acelera muito o trabalho — em Pro Tools e Reaper, atalhos são parte do fluxo.</li><li><strong>Gravação multicanal:</strong> Gravar várias fontes simultaneamente em trilhas separadas (cada microfone da bateria, baixo, voz em seu canal). Vantagem: controle total na mixagem (ajustar cada fonte isoladamente). Exige interface com entradas suficientes. É como se registra banda ao vivo e o virtual soundcheck do show.</li><li><strong>Edição não destrutiva:</strong> Editar sem alterar o arquivo original: cortes, fades, efeitos e ajustes vivem em camadas/regiões que referenciam o áudio-fonte. Permite desfazer e experimentar sem risco de perder a gravação. Consome CPU, mas é o paradigma das DAWs modernas — toda decisão é reversível.</li><li><strong>Organização de projeto:</strong> Nomeie e cor-codifique trilhas, agrupe (bateria, vozes), use marcadores na timeline, salve versões e faça backup. Projeto organizado é produtividade e segurança. Convenção de nomes consistente facilita achar tudo depois.</li></ul><h4>Equipamentos / detalhes</h4><ul><li><strong>Pro Tools / Reaper / Ableton Live:</strong> Pro Tools: referência de gravação/mixagem em estúdios; fluxo robusto. Reaper: ótimo custo-benefício, roda leve, ideal para multitrack ao vivo e edição. Ableton: produção eletrônica e set ao vivo. Escolha conforme objetivo; muitas oferecem versão de teste.</li><li><strong>Controladores e superfícies de controle:</strong> Controladores MIDI e superfícies (faders motorizados) dão controle tátil sobre a DAW, agilizando mixagem e automação. Não obrigatórios, mas melhoram o fluxo em sessões longas.</li></ul><h4>Passo a passo</h4><ol><li><strong>Configurar uma sessão multicanal:</strong> 1) Crie o projeto em 48 kHz/24 bits. 2) Selecione a interface como dispositivo de áudio e ajuste o buffer (menor para gravar com baixa latência, maior para mixar). 3) Crie uma trilha por fonte e atribua a entrada correta. 4) Arme as trilhas (record enable), confira níveis sem clip e grave.</li><li><strong>Editar de forma não destrutiva:</strong> Use cortes, fades e regiões que referenciam o áudio original; aplique efeitos como plugins na cadeia da trilha (não ''colados'' no arquivo). Mantenha as tomadas originais; comprometa-se só na exportação final.</li><li><strong>Organizar e salvar com segurança:</strong> Nomeie/colora trilhas, agrupe, ponha marcadores, salve versões incrementais (mix_v1, v2) e faça backup em outro disco/nuvem. Backup regular evita a perda catastrófica de uma sessão.</li></ol><p><strong>Na prática:</strong> O operador importa o multitrack do show (WAV 48k/24b) no Reaper, cria uma trilha por canal, organiza por cores (bateria em azul, vozes em vermelho) e mixa de forma não destrutiva: corta um ruído, ajusta um fade, insere EQ e compressor como plugins. Tudo reversível. Ao final, exporta o WAV master e um MP3. Como nada foi destrutivo, ele revisa uma decisão de EQ no dia seguinte sem ter perdido o original. A DAW transformou o registro do show num produto.</p><h4>Resumo</h4><ul><li>DAW é o software de gravação/edição/mixagem; Pro Tools, Reaper e Ableton lideram conforme o objetivo.</li><li>Gravação multicanal registra cada fonte em sua trilha para controle total na mixagem.</li><li>Edição não destrutiva torna tudo reversível; organização e backup são produtividade e segurança.</li></ul>',33,2,true,false);
insert into public.quizzes (id,lesson_id,titulo) values ('de10b0ad-5fad-4924-8664-1ed04cf898fd','8a5c92d5-260a-4b3e-9e98-db04b7b2b86d','Quiz — DAW: Navegação, Gravação Multicanal e Edição Não Destrutiva');
insert into public.quiz_questions (id,quiz_id,texto,explicacao,ordem,pontos) values ('17d8b9f8-16a8-4c45-a3b0-c0595935b8a4','de10b0ad-5fad-4924-8664-1ed04cf898fd','A DAW considerada padrão da indústria de gravação/mixagem em estúdios é:','Pro Tools é a referência profissional consolidada em estúdios de gravação e mixagem.',1,1);
insert into public.quiz_options (question_id,texto,correta,ordem) values ('17d8b9f8-16a8-4c45-a3b0-c0595935b8a4','Paint',false,1);
insert into public.quiz_options (question_id,texto,correta,ordem) values ('17d8b9f8-16a8-4c45-a3b0-c0595935b8a4','Pro Tools',true,2);
insert into public.quiz_options (question_id,texto,correta,ordem) values ('17d8b9f8-16a8-4c45-a3b0-c0595935b8a4','Excel',false,3);
insert into public.quiz_options (question_id,texto,correta,ordem) values ('17d8b9f8-16a8-4c45-a3b0-c0595935b8a4','Notepad',false,4);
insert into public.quiz_questions (id,quiz_id,texto,explicacao,ordem,pontos) values ('7c0934db-f1c2-44c6-bfc9-f32b1e9f9fe7','de10b0ad-5fad-4924-8664-1ed04cf898fd','Gravação multicanal significa:','Cada fonte vai para sua trilha, permitindo ajustar isoladamente na mixagem.',2,1);
insert into public.quiz_options (question_id,texto,correta,ordem) values ('7c0934db-f1c2-44c6-bfc9-f32b1e9f9fe7','Gravar tudo numa só trilha',false,1);
insert into public.quiz_options (question_id,texto,correta,ordem) values ('7c0934db-f1c2-44c6-bfc9-f32b1e9f9fe7','Gravar várias fontes simultaneamente em trilhas separadas',true,2);
insert into public.quiz_options (question_id,texto,correta,ordem) values ('7c0934db-f1c2-44c6-bfc9-f32b1e9f9fe7','Gravar só em mono',false,3);
insert into public.quiz_options (question_id,texto,correta,ordem) values ('7c0934db-f1c2-44c6-bfc9-f32b1e9f9fe7','Gravar apenas MIDI',false,4);
insert into public.quiz_questions (id,quiz_id,texto,explicacao,ordem,pontos) values ('5a80d7ad-aed5-41e2-aae8-6813f241e6c9','de10b0ad-5fad-4924-8664-1ed04cf898fd','A edição não destrutiva permite:','Cortes, efeitos e ajustes vivem em camadas/regiões; o áudio-fonte permanece intacto e tudo é reversível.',3,1);
insert into public.quiz_options (question_id,texto,correta,ordem) values ('5a80d7ad-aed5-41e2-aae8-6813f241e6c9','Apagar o original a cada corte',false,1);
insert into public.quiz_options (question_id,texto,correta,ordem) values ('5a80d7ad-aed5-41e2-aae8-6813f241e6c9','Editar de forma reversível, sem alterar o arquivo de áudio original',true,2);
insert into public.quiz_options (question_id,texto,correta,ordem) values ('5a80d7ad-aed5-41e2-aae8-6813f241e6c9','Gravar sem interface',false,3);
insert into public.quiz_options (question_id,texto,correta,ordem) values ('5a80d7ad-aed5-41e2-aae8-6813f241e6c9','Aumentar a taxa de amostragem',false,4);
insert into public.quiz_questions (id,quiz_id,texto,explicacao,ordem,pontos) values ('81dc315e-b6d3-41dc-805e-529a85dce6bc','de10b0ad-5fad-4924-8664-1ed04cf898fd','Ao configurar uma sessão para gravar com baixa latência, o ajuste relevante é:','Buffer menor reduz a latência de monitoramento na gravação (à custa de mais carga de CPU).',4,1);
insert into public.quiz_options (question_id,texto,correta,ordem) values ('81dc315e-b6d3-41dc-805e-529a85dce6bc','Aumentar muito o buffer',false,1);
insert into public.quiz_options (question_id,texto,correta,ordem) values ('81dc315e-b6d3-41dc-805e-529a85dce6bc','Reduzir o tamanho do buffer da interface',true,2);
insert into public.quiz_options (question_id,texto,correta,ordem) values ('81dc315e-b6d3-41dc-805e-529a85dce6bc','Desligar a interface',false,3);
insert into public.quiz_options (question_id,texto,correta,ordem) values ('81dc315e-b6d3-41dc-805e-529a85dce6bc','Usar MP3',false,4);
insert into public.lessons (id,module_id,titulo,tipo,conteudo_rico,duracao_min,ordem,tem_quiz,preview_gratis) values ('959998ac-204e-413c-b5d6-ba129bfac490','e63d370d-a5c6-4b91-96dc-5d2b53fa2ca2','Workflow de Produção: Captura, Edição, Mixagem e Masterização','texto','<p><strong>Para começar:</strong> Uma produção tem etapas claras, da captura à entrega. Esta aula percorre o workflow completo e a aplicação de efeitos/processadores na mixagem, fechando o ciclo do operador completo.</p><p>Planejamento, captura, edição, mixagem e (opcional) masterização: cada etapa tem objetivos e cuidados. Aplicar efeitos e processadores com critério, na ordem certa e com sutileza, é o que transforma trilhas cruas em um produto coeso e profissional.</p><ul><li><strong>As etapas do workflow:</strong> 1) Planejamento: objetivos, local, equipamentos. 2) Captura: posicionar microfones, ajustar pré sem distorção, gravar multitrack, monitorar. 3) Edição: organizar trilhas, cortar/compilar tomadas, alinhar fase, ajustar tempo e afinação. 4) Mixagem: balanço, pan, EQ, dinâmica, efeitos, automação. 5) Masterização (opcional): processamento final, limitação/normalização. 6) Entrega: exportar e distribuir.</li><li><strong>Mixagem: ordem de decisões:</strong> Comece pelo balanço de níveis e pan (a base). Depois EQ (criar espaço), dinâmica (firmeza), efeitos (profundidade) e automação (movimento). Decida sempre no contexto da mix, não em solo isolado. Referencie em sistemas diferentes (fone, caixa, celular) — se soa bem em todos, está robusta.</li><li><strong>Aplicação de efeitos e a ordem importa:</strong> A ordem na cadeia muda o resultado: EQ antes ou depois do compressor soam diferente; reverb antes de compressão dá sensação mais natural. Use efeitos com sutileza — ''menos é mais''. Automatize parâmetros ao longo do tempo para dinâmica (abrir reverb num refrão, mover o pan). Experimente, mas com propósito.</li><li><strong>Processadores na produção:</strong> Compressão para consistência e cola; EQ para timbre e espaço; reverb/delay para profundidade; de-esser para sibilância; excitador harmônico para presença; expansão dinâmica para clareza. Cada um resolve um problema específico — escolher o certo para a função é o que diferencia o profissional.</li><li><strong>Masterização e entrega:</strong> Masterização equilibra a mix final, ajusta loudness e prepara para distribuição (limitação para o pico, normalização). Mesmo sem ser masterizador, o operador entende o objetivo: coesão e nível competitivo sem destruir a dinâmica. Exporte WAV master + MP3, faça backup e entregue organizado.</li></ul><h4>Equipamentos / detalhes</h4><ul><li><strong>Plugins de mixagem (EQ, compressor, reverb, limiter):</strong> DAWs trazem plugins nativos competentes; há suites de terceiros (Waves, FabFilter, UAD) que emulam clássicos. Conhecer um EQ paramétrico, um compressor versátil, um reverb de qualidade e um limiter resolve a maioria das mixagens.</li><li><strong>Monitores de referência e fone:</strong> Monitores de estúdio de resposta plana (ex.: Yamaha HS, KRK) em sala tratada e fone de referência para checar detalhe. Decisões de mix dependem de ouvir a verdade — monitoração honesta é tão importante quanto plugins.</li></ul><h4>Passo a passo</h4><ol><li><strong>Conduzir uma mixagem do zero:</strong> 1) Organize e nomeie as trilhas. 2) Balanço de níveis e pan (base). 3) HPF e EQ para limpar e criar espaço. 4) Compressão para firmeza onde precisa. 5) Reverb/delay por send para profundidade. 6) Automação de volume/efeitos para dinâmica. 7) Referencie em vários sistemas e revise.</li><li><strong>Aplicar efeitos na ordem certa:</strong> Pense na cadeia de cada trilha: normalmente HPF → EQ corretivo → compressor → EQ tonal → efeitos por send. Experimente trocar a ordem quando o resultado pedir (ex.: comprimir antes de equalizar para domar antes de moldar). Mantenha a sutileza.</li><li><strong>Preparar a entrega:</strong> Exporte o mix em WAV (master). Se for masterizar, deixe headroom (pico ~−3 a −6 dBFS) antes da etapa final. Gere MP3 320 kbps para distribuição, nomeie corretamente e faça backup do projeto e dos arquivos.</li></ol><p><strong>Na prática:</strong> O operador recebe o multitrack de uma banda gravada ao vivo e conduz a produção: edita as tomadas (corta contagens, alinha fase dos overheads), mixa começando pelo balanço, cria espaço com EQ, firma a voz e a bateria com compressão, adiciona um reverb sutil por send e automatiza a voz para subir nos refrões. Referencia no fone e no celular, ajusta os agudos e entrega WAV master + MP3. O ciclo completo — da captura à entrega — fecha a formação do operador de som.</p><h4>Resumo</h4><ul><li>A produção segue etapas: planejamento, captura, edição, mixagem e (opcional) masterização até a entrega.</li><li>A mixagem decide na ordem balanço/pan → EQ → dinâmica → efeitos → automação, sempre no contexto.</li><li>A ordem dos efeitos importa, ''menos é mais'', e referenciar em vários sistemas valida a mix antes da entrega.</li></ul>',32,3,true,false);
insert into public.quizzes (id,lesson_id,titulo) values ('f00598de-2de0-49e2-8dda-d6cd645cb5d9','959998ac-204e-413c-b5d6-ba129bfac490','Quiz — Workflow de Produção: Captura, Edição, Mixagem e Masterizaçã');
insert into public.quiz_questions (id,quiz_id,texto,explicacao,ordem,pontos) values ('c7427fa6-7dfe-4453-a975-342204f57b80','f00598de-2de0-49e2-8dda-d6cd645cb5d9','A ordem geral de decisões numa mixagem profissional começa por:','Estabelecer o balanço e o pan cria a base sobre a qual EQ, dinâmica e efeitos são construídos.',1,1);
insert into public.quiz_options (question_id,texto,correta,ordem) values ('c7427fa6-7dfe-4453-a975-342204f57b80','Reverb em tudo',false,1);
insert into public.quiz_options (question_id,texto,correta,ordem) values ('c7427fa6-7dfe-4453-a975-342204f57b80','Balanço de níveis e pan, depois EQ, dinâmica, efeitos e automação',true,2);
insert into public.quiz_options (question_id,texto,correta,ordem) values ('c7427fa6-7dfe-4453-a975-342204f57b80','Masterização',false,3);
insert into public.quiz_options (question_id,texto,correta,ordem) values ('c7427fa6-7dfe-4453-a975-342204f57b80','Automação antes de tudo',false,4);
insert into public.quiz_questions (id,quiz_id,texto,explicacao,ordem,pontos) values ('3b8a3fe5-6cea-4d85-90fc-d36400978d5e','f00598de-2de0-49e2-8dda-d6cd645cb5d9','Por que a ordem dos efeitos na cadeia importa?','Cada processador reage ao sinal que recebe; mudar a ordem altera como o som é moldado.',2,1);
insert into public.quiz_options (question_id,texto,correta,ordem) values ('3b8a3fe5-6cea-4d85-90fc-d36400978d5e','Não importa',false,1);
insert into public.quiz_options (question_id,texto,correta,ordem) values ('3b8a3fe5-6cea-4d85-90fc-d36400978d5e','Porque processar (ex.: EQ antes ou depois do compressor) muda o resultado sonoro',true,2);
insert into public.quiz_options (question_id,texto,correta,ordem) values ('3b8a3fe5-6cea-4d85-90fc-d36400978d5e','Porque consome menos CPU',false,3);
insert into public.quiz_options (question_id,texto,correta,ordem) values ('3b8a3fe5-6cea-4d85-90fc-d36400978d5e','Porque exporta mais rápido',false,4);
insert into public.quiz_questions (id,quiz_id,texto,explicacao,ordem,pontos) values ('6ef16aba-db2e-45ae-b705-0f196b27ea73','f00598de-2de0-49e2-8dda-d6cd645cb5d9','Referenciar a mix em vários sistemas (fone, caixa, celular) serve para:','Se a mix se traduz bem em sistemas diversos, ela está robusta e equilibrada.',3,1);
insert into public.quiz_options (question_id,texto,correta,ordem) values ('6ef16aba-db2e-45ae-b705-0f196b27ea73','Aumentar o volume',false,1);
insert into public.quiz_options (question_id,texto,correta,ordem) values ('6ef16aba-db2e-45ae-b705-0f196b27ea73','Garantir que a mistura soe bem em diferentes reproduções, validando-a',true,2);
insert into public.quiz_options (question_id,texto,correta,ordem) values ('6ef16aba-db2e-45ae-b705-0f196b27ea73','Trocar a taxa de amostragem',false,3);
insert into public.quiz_options (question_id,texto,correta,ordem) values ('6ef16aba-db2e-45ae-b705-0f196b27ea73','Eliminar a masterização',false,4);
insert into public.quiz_questions (id,quiz_id,texto,explicacao,ordem,pontos) values ('67acf27b-9580-4ad3-a57f-eec3b1240684','f00598de-2de0-49e2-8dda-d6cd645cb5d9','Antes de uma etapa de masterização, é recomendável que a mix final tenha:','Deixar headroom dá margem para a masterização ajustar loudness e limitação sem distorção.',4,1);
insert into public.quiz_options (question_id,texto,correta,ordem) values ('67acf27b-9580-4ad3-a57f-eec3b1240684','Picos em 0 dBFS',false,1);
insert into public.quiz_options (question_id,texto,correta,ordem) values ('67acf27b-9580-4ad3-a57f-eec3b1240684','Headroom (picos por volta de −3 a −6 dBFS) para o processamento final',true,2);
insert into public.quiz_options (question_id,texto,correta,ordem) values ('67acf27b-9580-4ad3-a57f-eec3b1240684','Clipping leve',false,3);
insert into public.quiz_options (question_id,texto,correta,ordem) values ('67acf27b-9580-4ad3-a57f-eec3b1240684','Apenas grave',false,4);
insert into public.modules (id,course_id,titulo,ordem) values ('372b9564-a517-4496-b164-149ec3a3c185','8f29f6dd-3dc6-47fe-b4d3-1cd15514a21d','Módulo 6 — Acústica, Ambiente, Gestão e Carreira',6);
insert into public.lessons (id,module_id,titulo,tipo,conteudo_rico,duracao_min,ordem,tem_quiz,preview_gratis) values ('41a6765e-0f55-463f-bed2-6ea407dff998','372b9564-a517-4496-b164-149ec3a3c185','Acústica de Salas: Reverberação, Reflexões e Modos','texto','<p><strong>Para começar:</strong> A sala faz parte do sistema de som. Esta aula ensina a ''ler'' a acústica de um ambiente — reverberação, reflexões, modos de sala — para tomar decisões certas em qualquer local de evento.</p><p>O ambiente acústico define como o som se propaga, reflete e é absorvido. Reverberação longa, reflexões e modos de sala (ressonâncias de graves) afetam a inteligibilidade e o equilíbrio. Entender esses fenômenos permite ao operador adaptar-se ao espaço, não brigar com ele.</p><ul><li><strong>Reverberação:</strong> Persistência do som após a fonte parar, por reflexões múltiplas. Ambientes ''vivos'' (igrejas, quadras, salões de vidro) têm reverberação longa que reduz inteligibilidade; ambientes ''secos'' (estúdios) têm pouca. O operador adapta: mais proximidade de PA, menos reverb adicionado, EQ que prioriza a clareza vocal.</li><li><strong>Reflexões e difusão:</strong> Reflexões são caminhos do som ao bater em superfícies. Primeiras reflexões (paredes, teto próximos) podem borrar a imagem; difusão espalha o som uniformemente, evitando reflexões diretas e ecos. Superfícies duras refletem; macias/irregulares absorvem ou difundem.</li><li><strong>Absorção:</strong> Capacidade de materiais converterem energia sonora em calor. Cortinas, carpetes, painéis, público (corpos absorvem!) reduzem reflexões e reverberação. Por isso a sala cheia soa mais ''seca'' e controlada que a vazia — fenômeno que o operador antecipa.</li><li><strong>Modos de sala (ressonâncias de grave):</strong> Em frequências cujo comprimento de onda ''casa'' com as dimensões da sala, formam-se ressonâncias (modos): certos graves ficam exagerados em alguns pontos e somem em outros. Causa o grave ''embolado'' típico de salas pequenas e quadras. Tratamento e posicionamento mitigam; o EQ de sistema ajuda a domar os picos.</li><li><strong>Isolamento x tratamento:</strong> Conceitos distintos: isolamento impede som entrar/sair (paredes pesadas, vedação) — questão de construção; tratamento controla a acústica interna (absorção, difusão) — questão de qualidade sonora. O operador raramente isola, mas frequentemente lida com o tratamento (ou a falta dele) do local.</li></ul><h4>Equipamentos / detalhes</h4><ul><li><strong>Microfone de medição + software (REW/Smaart) e RTA:</strong> Medem a resposta da sala, mostram reverberação, picos modais e ressonâncias. Orientam o EQ de sistema e o posicionamento. Ferramenta de quem leva o áudio a sério em locais difíceis.</li><li><strong>EQ de sistema e processador (DriveRack):</strong> Permite atenuar os picos modais e adaptar a resposta do PA à sala. Não ''conserta'' a acústica, mas compensa parcialmente — combinado com posicionamento inteligente das caixas.</li></ul><h4>Passo a passo</h4><ol><li><strong>Avaliar a acústica ao chegar:</strong> Bata palmas ou fale alto e ouça: cauda longa = reverberação alta; eco repetido = reflexões fortes (paredes paralelas duras); grave ''embolado'' = modos de sala. Identifique superfícies duras e o quanto o público (presença) vai absorver. Isso guia posicionamento e EQ.</li><li><strong>Adaptar a operação à sala viva:</strong> Em ambiente reverberante: aproxime e direcione as caixas ao público (menos energia nas paredes/teto), reduza reverb adicionado, priorize a faixa de inteligibilidade (1–4 kHz), controle os graves que excitam os modos. Inteligibilidade vence ''volume''.</li><li><strong>Domar modos com EQ e posição:</strong> Identifique os graves exagerados (RTA/ouvido), atenue-os no EQ de sistema, e experimente reposicionar subgraves (cardioide/posição) para reduzir a excitação dos modos. Pequenas mudanças de posição mudam muito o grave.</li></ol><p><strong>Na prática:</strong> Num evento em quadra coberta de concreto, o som ''lava'' e a voz some. O operador reconhece reverberação alta e modos de grave fortes. Em vez de aumentar volume (que só piora), aproxima as caixas do público, corta os graves que excitam os modos no EQ de sistema, reduz reverb na voz e realça a presença vocal. A inteligibilidade melhora drasticamente. Ler a acústica e adaptar — não brigar — é o que define o profissional em locais difíceis.</p><h4>Resumo</h4><ul><li>A sala faz parte do sistema: reverberação, reflexões e modos de grave afetam clareza e equilíbrio.</li><li>O público absorve som; a sala cheia soa mais seca e controlada que a vazia.</li><li>Em salas vivas, adapte posição e EQ priorizando inteligibilidade em vez de subir volume.</li></ul>',30,1,true,false);
insert into public.quizzes (id,lesson_id,titulo) values ('36cb5a17-0ff6-4a20-98e2-9e4f6d1036dc','41a6765e-0f55-463f-bed2-6ea407dff998','Quiz — Acústica de Salas: Reverberação, Reflexões e Modos');
insert into public.quiz_questions (id,quiz_id,texto,explicacao,ordem,pontos) values ('9d9e01d8-dd46-438d-8418-71d582b0e94e','36cb5a17-0ff6-4a20-98e2-9e4f6d1036dc','Reverberação alta numa sala tende a:','A cauda reverberante longa borra as palavras, dificultando a compreensão — daí adaptar o sistema.',1,1);
insert into public.quiz_options (question_id,texto,correta,ordem) values ('9d9e01d8-dd46-438d-8418-71d582b0e94e','Aumentar a inteligibilidade',false,1);
insert into public.quiz_options (question_id,texto,correta,ordem) values ('9d9e01d8-dd46-438d-8418-71d582b0e94e','Reduzir a inteligibilidade da fala/voz',true,2);
insert into public.quiz_options (question_id,texto,correta,ordem) values ('9d9e01d8-dd46-438d-8418-71d582b0e94e','Não ter efeito',false,3);
insert into public.quiz_options (question_id,texto,correta,ordem) values ('9d9e01d8-dd46-438d-8418-71d582b0e94e','Eliminar os graves',false,4);
insert into public.quiz_questions (id,quiz_id,texto,explicacao,ordem,pontos) values ('3bb235c6-4eaf-4e27-8fd9-627d085a71fc','36cb5a17-0ff6-4a20-98e2-9e4f6d1036dc','Modos de sala são:','Quando o comprimento de onda do grave ''casa'' com as dimensões, surgem ressonâncias que embolam o grave.',2,1);
insert into public.quiz_options (question_id,texto,correta,ordem) values ('3bb235c6-4eaf-4e27-8fd9-627d085a71fc','Tipos de microfone',false,1);
insert into public.quiz_options (question_id,texto,correta,ordem) values ('3bb235c6-4eaf-4e27-8fd9-627d085a71fc','Ressonâncias de graves ligadas às dimensões da sala, exagerando/cancelando frequências',true,2);
insert into public.quiz_options (question_id,texto,correta,ordem) values ('3bb235c6-4eaf-4e27-8fd9-627d085a71fc','Efeitos de reverb',false,3);
insert into public.quiz_options (question_id,texto,correta,ordem) values ('3bb235c6-4eaf-4e27-8fd9-627d085a71fc','Padrões polares',false,4);
insert into public.quiz_questions (id,quiz_id,texto,explicacao,ordem,pontos) values ('b79d8880-973d-4714-8c72-d9a5700903a7','36cb5a17-0ff6-4a20-98e2-9e4f6d1036dc','O público numa sala cheia afeta a acústica porque:','Corpos absorvem energia sonora; por isso a sala cheia soa diferente (mais controlada) que a vazia.',3,1);
insert into public.quiz_options (question_id,texto,correta,ordem) values ('b79d8880-973d-4714-8c72-d9a5700903a7','Reflete mais som',false,1);
insert into public.quiz_options (question_id,texto,correta,ordem) values ('b79d8880-973d-4714-8c72-d9a5700903a7','Absorve som, deixando o ambiente mais seco e controlado',true,2);
insert into public.quiz_options (question_id,texto,correta,ordem) values ('b79d8880-973d-4714-8c72-d9a5700903a7','Aumenta a reverberação',false,3);
insert into public.quiz_options (question_id,texto,correta,ordem) values ('b79d8880-973d-4714-8c72-d9a5700903a7','Não afeta nada',false,4);
insert into public.quiz_questions (id,quiz_id,texto,explicacao,ordem,pontos) values ('e0e6b229-885d-4039-a6cf-9819f5cf92ea','36cb5a17-0ff6-4a20-98e2-9e4f6d1036dc','A diferença entre isolamento e tratamento acústico é:','Isolar é barreira ao som; tratar é moldar reflexões e reverberação dentro do espaço.',4,1);
insert into public.quiz_options (question_id,texto,correta,ordem) values ('e0e6b229-885d-4039-a6cf-9819f5cf92ea','São sinônimos',false,1);
insert into public.quiz_options (question_id,texto,correta,ordem) values ('e0e6b229-885d-4039-a6cf-9819f5cf92ea','Isolamento impede som entrar/sair (construção); tratamento controla a acústica interna (absorção/difusão)',true,2);
insert into public.quiz_options (question_id,texto,correta,ordem) values ('e0e6b229-885d-4039-a6cf-9819f5cf92ea','Isolamento adiciona reverb',false,3);
insert into public.quiz_options (question_id,texto,correta,ordem) values ('e0e6b229-885d-4039-a6cf-9819f5cf92ea','Tratamento aumenta a potência',false,4);
insert into public.lessons (id,module_id,titulo,tipo,conteudo_rico,duracao_min,ordem,tem_quiz,preview_gratis) values ('682db6ec-cead-4cf3-b088-191724dcbb44','372b9564-a517-4496-b164-149ec3a3c185','Tratamento Acústico, Monitores e Posicionamento de Escuta','texto','<p><strong>Para começar:</strong> Para mixar e monitorar bem, o ambiente de escuta importa tanto quanto os equipamentos. Esta aula cobre tratamento acústico aplicado e o posicionamento correto de monitores de referência.</p><p>Salas de mixagem e gravação exigem controle de reverberação, primeiras reflexões e graves. Materiais absorventes, difusores e bass traps, somados ao posicionamento correto dos monitores e do ouvinte, criam uma escuta confiável — pré-requisito para decisões de mix corretas.</p><ul><li><strong>Absorventes, difusores e bass traps:</strong> Absorventes (fibra de vidro, lã mineral, espuma) controlam médios/agudos e reverberação. Difusores (QRD, skyline) espalham o som, evitando reflexões diretas sem ''matar'' a sala. Bass traps nos cantos controlam o acúmulo de graves e os modos. O equilíbrio entre absorção e difusão é a chave — sala 100% absorvida fica ''morta'' e cansativa.</li><li><strong>Onde tratar:</strong> Primeiras reflexões (paredes laterais e teto entre monitor e ouvinte): absorventes para clareza. Cantos: bass traps. Parede traseira: difusão e/ou absorção. Janelas/superfícies duras: absorver. O ponto das primeiras reflexões se acha com a ''técnica do espelho'' (onde você vê o monitor refletido na parede, ali trate).</li><li><strong>Posicionamento de monitores de referência:</strong> Monitores e ouvinte formam um triângulo equilátero; tweeters na altura dos ouvidos; monitores afastados de paredes/cantos (que reforçam grave); simetria lateral (mesma distância às paredes) para imagem estéreo correta. Posição errada engana o ouvido e arruína decisões de mix.</li><li><strong>Minimizar reflexões e cancelamentos:</strong> Reflexões precoces e o reforço de grave por proximidade de paredes causam picos e cancelamentos que distorcem o que você ouve. Afastar os monitores das paredes, tratar as primeiras reflexões e posicionar o ouvinte fora de nulos modais reduzem o problema. O objetivo é ouvir a verdade da mix.</li><li><strong>Ambiente conforme a função:</strong> Gravação: neutro e controlado, com isolamento. Mixagem: resposta linear, primeiras reflexões tratadas, monitores em níveis realistas. Audição crítica: equilíbrio entre absorção e difusão. Cada função pede um ajuste — e o operador entende para que serve cada decisão acústica.</li></ul><h4>Equipamentos / detalhes</h4><ul><li><strong>Painéis absorventes, bass traps e difusores:</strong> Painéis de fibra/lã para reflexões e reverberação; bass traps de canto para graves; difusores na traseira/laterais para espalhar sem matar a sala. Combinados, criam a escuta confiável.</li><li><strong>Monitores de estúdio (Yamaha HS, KRK, Genelec) e suportes:</strong> Monitores de resposta plana sobre suportes desacoplados (isoladores) na altura dos ouvidos, posicionados simetricamente. A qualidade da decisão de mix depende da honestidade da escuta.</li></ul><h4>Passo a passo</h4><ol><li><strong>Posicionar monitores corretamente:</strong> 1) Forme um triângulo equilátero entre os dois monitores e sua cabeça. 2) Alinhe os tweeters à altura dos ouvidos. 3) Afaste os monitores de paredes/cantos para não inchar o grave. 4) Garanta simetria lateral. 5) Use isoladores para desacoplar da mesa/superfície.</li><li><strong>Tratar as primeiras reflexões (técnica do espelho):</strong> Sente na posição de mixagem e peça a alguém para deslizar um espelho pela parede lateral/teto; onde você vir o monitor refletido, instale um painel absorvente. Repita dos dois lados (simétrico). Isso melhora foco e imagem.</li><li><strong>Controlar graves com bass traps:</strong> Posicione bass traps nos cantos (encontro de paredes e parede-teto/chão), onde o grave se acumula. Reavalie ouvindo: o grave deve ficar mais firme e parelho ao andar pela sala.</li></ol><p><strong>Na prática:</strong> Um operador monta um pequeno estúdio para mixar os shows que grava. Sem tratamento, o grave ''enganava'' e suas mixes ficavam fracas em outros sistemas. Ele posiciona os monitores em triângulo simétrico, afastados das paredes, trata as primeiras reflexões pela técnica do espelho e instala bass traps nos cantos. Agora ouve a verdade: as mixes passam a se traduzir bem no carro, no fone e nas caixas. Escuta confiável é o que torna possível mixar com consistência.</p><h4>Resumo</h4><ul><li>Tratamento equilibra absorção, difusão e controle de grave (bass traps) sem ''matar'' a sala.</li><li>Monitores em triângulo simétrico, tweeters na altura dos ouvidos e afastados das paredes dão escuta honesta.</li><li>Tratar primeiras reflexões e controlar grave faz a mix se traduzir bem em outros sistemas.</li></ul>',28,2,true,false);
insert into public.quizzes (id,lesson_id,titulo) values ('c0de9f88-f510-4381-9957-67ddc8ed5429','682db6ec-cead-4cf3-b088-191724dcbb44','Quiz — Tratamento Acústico, Monitores e Posicionamento de Escuta');
insert into public.quiz_questions (id,quiz_id,texto,explicacao,ordem,pontos) values ('0f6e0ff3-5e9d-48e6-b621-6980bd3eb70d','c0de9f88-f510-4381-9957-67ddc8ed5429','O posicionamento ideal de monitores de referência forma:','O triângulo equilátero com tweeters na altura dos ouvidos e simetria garante imagem estéreo correta.',1,1);
insert into public.quiz_options (question_id,texto,correta,ordem) values ('0f6e0ff3-5e9d-48e6-b621-6980bd3eb70d','Uma linha reta',false,1);
insert into public.quiz_options (question_id,texto,correta,ordem) values ('0f6e0ff3-5e9d-48e6-b621-6980bd3eb70d','Um triângulo equilátero entre os dois monitores e a cabeça do ouvinte',true,2);
insert into public.quiz_options (question_id,texto,correta,ordem) values ('0f6e0ff3-5e9d-48e6-b621-6980bd3eb70d','Um círculo',false,3);
insert into public.quiz_options (question_id,texto,correta,ordem) values ('0f6e0ff3-5e9d-48e6-b621-6980bd3eb70d','Monitores colados nas paredes',false,4);
insert into public.quiz_questions (id,quiz_id,texto,explicacao,ordem,pontos) values ('5e97afb6-a4c2-41a6-9859-4a5e2f9bfd98','c0de9f88-f510-4381-9957-67ddc8ed5429','Bass traps são posicionados principalmente:','Os cantos concentram energia de grave; bass traps ali controlam acúmulo e modos.',2,1);
insert into public.quiz_options (question_id,texto,correta,ordem) values ('5e97afb6-a4c2-41a6-9859-4a5e2f9bfd98','No centro da sala',false,1);
insert into public.quiz_options (question_id,texto,correta,ordem) values ('5e97afb6-a4c2-41a6-9859-4a5e2f9bfd98','Nos cantos, onde os graves se acumulam',true,2);
insert into public.quiz_options (question_id,texto,correta,ordem) values ('5e97afb6-a4c2-41a6-9859-4a5e2f9bfd98','No teto apenas',false,3);
insert into public.quiz_options (question_id,texto,correta,ordem) values ('5e97afb6-a4c2-41a6-9859-4a5e2f9bfd98','Atrás dos monitores somente',false,4);
insert into public.quiz_questions (id,quiz_id,texto,explicacao,ordem,pontos) values ('3fdc133b-34a9-4134-a46c-f06ca13c3c82','c0de9f88-f510-4381-9957-67ddc8ed5429','A ''técnica do espelho'' serve para:','Onde você vê o monitor refletido na parede/teto está a primeira reflexão; ali se instala o painel.',3,1);
insert into public.quiz_options (question_id,texto,correta,ordem) values ('3fdc133b-34a9-4134-a46c-f06ca13c3c82','Decorar a sala',false,1);
insert into public.quiz_options (question_id,texto,correta,ordem) values ('3fdc133b-34a9-4134-a46c-f06ca13c3c82','Localizar os pontos de primeira reflexão para tratar com absorventes',true,2);
insert into public.quiz_options (question_id,texto,correta,ordem) values ('3fdc133b-34a9-4134-a46c-f06ca13c3c82','Medir a potência',false,3);
insert into public.quiz_options (question_id,texto,correta,ordem) values ('3fdc133b-34a9-4134-a46c-f06ca13c3c82','Posicionar o subgrave',false,4);
insert into public.quiz_questions (id,quiz_id,texto,explicacao,ordem,pontos) values ('625c1f95-9573-48f4-af21-ebf9e18942d2','c0de9f88-f510-4381-9957-67ddc8ed5429','Uma sala 100% absorvida (sem difusão) tende a ficar:','Excesso de absorção elimina a vida da sala; o equilíbrio com difusão é o ideal.',4,1);
insert into public.quiz_options (question_id,texto,correta,ordem) values ('625c1f95-9573-48f4-af21-ebf9e18942d2','Perfeita para tudo',false,1);
insert into public.quiz_options (question_id,texto,correta,ordem) values ('625c1f95-9573-48f4-af21-ebf9e18942d2','''Morta'' e cansativa, sem vida acústica',true,2);
insert into public.quiz_options (question_id,texto,correta,ordem) values ('625c1f95-9573-48f4-af21-ebf9e18942d2','Mais reverberante',false,3);
insert into public.quiz_options (question_id,texto,correta,ordem) values ('625c1f95-9573-48f4-af21-ebf9e18942d2','Sem graves',false,4);
insert into public.lessons (id,module_id,titulo,tipo,conteudo_rico,duracao_min,ordem,tem_quiz,preview_gratis) values ('d19fdbf0-9503-46f5-b9db-319dc11eaa37','372b9564-a517-4496-b164-149ec3a3c185','Gestão, Armazenamento de Mídia e Carreira do Operador','texto','<p><strong>Para começar:</strong> Ser operador completo vai além da técnica: envolve organizar arquivos, preservar mídias, gerir o trabalho e construir carreira. Esta aula fecha o módulo profissionalizando o operador para o mercado.</p><p>O profissional de som gerencia projetos, organiza arquivos de áudio, preserva mídias, cuida de contratos e direitos, e se posiciona no mercado. Esta aula traz a dimensão de gestão e carreira que torna o operador não só competente, mas empregável e confiável.</p><ul><li><strong>Organização e backup de arquivos:</strong> Estrutura de pastas lógica por projeto/evento, nomenclatura consistente (data_evento_versao) e backup regular (regra 3-2-1: 3 cópias, 2 mídias, 1 fora do local). Perder uma sessão por falta de backup é falha grave e evitável. Convenção de nomes facilita achar tudo meses depois.</li><li><strong>Preservação de mídias:</strong> Cada formato tem cuidados: CDs/DVDs e vinis armazenados na vertical, longe de sol, calor e umidade; vinis e fitas longe de campos magnéticos; manuseio pelas bordas. Faça backup digital de acervos físicos. Rotule e verifique periodicamente. Preservar o material é proteger o trabalho e o cliente.</li><li><strong>Gestão do trabalho:</strong> Ferramentas de gestão de tarefas/prazos, calendário para sessões e eventos, gestão de contatos (músicos, contratantes, fornecedores), controle financeiro (receitas, despesas, orçamentos) e arquivamento de contratos. Organização operacional transmite profissionalismo e evita conflitos.</li><li><strong>Direitos, contratos e ética:</strong> Arquive contratos e autorizações; respeite direitos autorais e licenças de amostras/plugins; documente acordos. No relacionamento com clientes e bandas, clareza e registro escrito previnem mal-entendidos. Ética e confiabilidade constroem reputação — o maior ativo do freelancer de som.</li><li><strong>Carreira e mercado:</strong> Caminhos: som ao vivo (PA, monitor, sistema), estúdio (gravação/mixagem), broadcast, instalação fixa (igrejas, casas de show), eventos corporativos. Construa portfólio (gravações de shows que você mixou), networking, atualização constante (novos consoles, software) e segurança no trabalho (audição, elétrica, montagem). O mercado valoriza quem é técnico, organizado e confiável.</li></ul><h4>Equipamentos / detalhes</h4><ul><li><strong>HDs/SSDs externos, nuvem e sistema de backup:</strong> Discos dedicados para projetos, redundância e nuvem para a cópia externa. O backup é parte do ''equipamento'' invisível que salva carreiras. Etiquete e organize fisicamente os discos.</li><li><strong>Ferramentas de gestão (calendário, planilhas, gestão de tarefas):</strong> Calendário para agenda de eventos, planilhas para orçamento/consumo, apps de tarefas para fluxo. A gestão eficiente libera tempo para o que importa: o som.</li></ul><h4>Passo a passo</h4><ol><li><strong>Implantar uma rotina de backup:</strong> 1) Defina a estrutura de pastas e a nomenclatura. 2) Ao final de cada evento/sessão, copie para um segundo disco. 3) Mantenha uma cópia fora do local (nuvem ou disco externo). 4) Verifique periodicamente a integridade. Automatize quando possível.</li><li><strong>Organizar o acervo e as mídias:</strong> Rotule projetos e mídias, armazene mídias físicas corretamente (vertical, seco, longe de magnetismo), e digitalize acervos importantes. Mantenha um inventário simples do que tem e onde está.</li><li><strong>Construir presença profissional:</strong> Monte um portfólio com seus melhores trabalhos (mixes de shows, gravações), cuide do relacionamento com bandas e contratantes, atualize-se nos equipamentos do mercado e mantenha contratos/recibos organizados. Profissionalismo se constrói evento a evento.</li></ol><p><strong>Na prática:</strong> Depois de cada show, o operador grava o multitrack, organiza numa pasta nomeada por data e evento, copia para um segundo HD e sobe um backup na nuvem. Mantém uma planilha de eventos, contatos e valores, e guarda os contratos digitalizados. Quando uma banda, meses depois, pede uma remixagem de um show antigo, ele acha o arquivo em segundos e entrega — confiabilidade que rende novos trabalhos. A gestão transformou competência técnica em carreira sustentável.</p><h4>Resumo</h4><ul><li>Organização e backup (3-2-1) protegem o trabalho; nomenclatura consistente garante achar tudo depois.</li><li>Mídias físicas exigem cuidados específicos; gestão de agenda, finanças e contratos profissionaliza o operador.</li><li>Carreira se constrói com portfólio, ética, networking e atualização constante nos equipamentos do mercado.</li></ul>',28,3,true,false);
insert into public.quizzes (id,lesson_id,titulo) values ('c31deda9-13c7-4c92-919d-38e409e2a0a9','d19fdbf0-9503-46f5-b9db-319dc11eaa37','Quiz — Gestão, Armazenamento de Mídia e Carreira do Operador');
insert into public.quiz_questions (id,quiz_id,texto,explicacao,ordem,pontos) values ('0e5118ca-2d05-4549-ae4d-f9200730ad9c','c31deda9-13c7-4c92-919d-38e409e2a0a9','A regra de backup 3-2-1 significa:','3-2-1 garante redundância e proteção contra perda local: três cópias, duas mídias, uma externa.',1,1);
insert into public.quiz_options (question_id,texto,correta,ordem) values ('0e5118ca-2d05-4549-ae4d-f9200730ad9c','3 discos iguais no mesmo lugar',false,1);
insert into public.quiz_options (question_id,texto,correta,ordem) values ('0e5118ca-2d05-4549-ae4d-f9200730ad9c','3 cópias dos dados, em 2 tipos de mídia, com 1 cópia fora do local',true,2);
insert into public.quiz_options (question_id,texto,correta,ordem) values ('0e5118ca-2d05-4549-ae4d-f9200730ad9c','Backup só na nuvem',false,3);
insert into public.quiz_options (question_id,texto,correta,ordem) values ('0e5118ca-2d05-4549-ae4d-f9200730ad9c','3 backups por dia',false,4);
insert into public.quiz_questions (id,quiz_id,texto,explicacao,ordem,pontos) values ('d7b6b856-d394-4f7d-ae34-72d15847b61f','c31deda9-13c7-4c92-919d-38e409e2a0a9','Para preservar vinis e fitas cassete, deve-se:','Vertical, seco, sem calor/sol e longe de magnetismo (que apaga fitas) preserva as mídias físicas.',2,1);
insert into public.quiz_options (question_id,texto,correta,ordem) values ('d7b6b856-d394-4f7d-ae34-72d15847b61f','Empilhá-los na horizontal ao sol',false,1);
insert into public.quiz_options (question_id,texto,correta,ordem) values ('d7b6b856-d394-4f7d-ae34-72d15847b61f','Armazenar na vertical, em local seco e longe de calor e campos magnéticos',true,2);
insert into public.quiz_options (question_id,texto,correta,ordem) values ('d7b6b856-d394-4f7d-ae34-72d15847b61f','Deixar perto de alto-falantes potentes',false,3);
insert into public.quiz_options (question_id,texto,correta,ordem) values ('d7b6b856-d394-4f7d-ae34-72d15847b61f','Manusear pela superfície gravada',false,4);
insert into public.quiz_questions (id,quiz_id,texto,explicacao,ordem,pontos) values ('3c2a4c0c-f404-4aa6-9a5b-4483d43b00fa','c31deda9-13c7-4c92-919d-38e409e2a0a9','Documentar contratos, autorizações e acordos com clientes serve para:','Registro escrito previne conflitos e protege direitos — parte da ética e confiabilidade profissional.',3,1);
insert into public.quiz_options (question_id,texto,correta,ordem) values ('3c2a4c0c-f404-4aa6-9a5b-4483d43b00fa','Aumentar o volume do show',false,1);
insert into public.quiz_options (question_id,texto,correta,ordem) values ('3c2a4c0c-f404-4aa6-9a5b-4483d43b00fa','Profissionalizar, prevenir mal-entendidos e proteger direitos',true,2);
insert into public.quiz_options (question_id,texto,correta,ordem) values ('3c2a4c0c-f404-4aa6-9a5b-4483d43b00fa','Substituir o backup',false,3);
insert into public.quiz_options (question_id,texto,correta,ordem) values ('3c2a4c0c-f404-4aa6-9a5b-4483d43b00fa','Dispensar a técnica',false,4);
insert into public.quiz_questions (id,quiz_id,texto,explicacao,ordem,pontos) values ('0bdd3298-0e64-4ed6-b056-2a1a783200d1','c31deda9-13c7-4c92-919d-38e409e2a0a9','Um ativo central para a carreira do operador de som freelancer é:','Confiabilidade, organização, portfólio e relacionamento sustentam a carreira mais do que qualquer equipamento isolado.',4,1);
insert into public.quiz_options (question_id,texto,correta,ordem) values ('0bdd3298-0e64-4ed6-b056-2a1a783200d1','Ter o console mais caro',false,1);
insert into public.quiz_options (question_id,texto,correta,ordem) values ('0bdd3298-0e64-4ed6-b056-2a1a783200d1','Reputação de ser técnico, organizado e confiável, somada a portfólio e networking',true,2);
insert into public.quiz_options (question_id,texto,correta,ordem) values ('0bdd3298-0e64-4ed6-b056-2a1a783200d1','Trabalhar sem contrato',false,3);
insert into public.quiz_options (question_id,texto,correta,ordem) values ('0bdd3298-0e64-4ed6-b056-2a1a783200d1','Nunca atualizar conhecimento',false,4);
insert into public.modules (id,course_id,titulo,ordem) values ('a26992fa-1418-4a2a-a608-a24e6c8ef689','8f29f6dd-3dc6-47fe-b4d3-1cd15514a21d','Equipamentos de Som: Modelos e Detalhes',7);
insert into public.lessons (id,module_id,titulo,tipo,conteudo_rico,duracao_min,ordem,tem_quiz,preview_gratis) values ('2b176441-5160-4458-bb27-e85a57ddbf12','a26992fa-1418-4a2a-a608-a24e6c8ef689','Mesas e Consoles Digitais: do X32 ao DiGiCo','texto','<p><strong>Para começar:</strong> A mesa é o coração do sistema de som. É onde todos os sinais chegam, são tratados e distribuídos. Conhecer os consoles do mercado separa o operador amador do profissional.</p><p>Nesta aula você vai conhecer os principais consoles digitais usados em igrejas, eventos, teatros e grandes festivais. Vamos entender canais de entrada, barramentos (buses), cenas (scenes), preamps remotos via stage box e o protocolo Dante, do mais acessível (Behringer X32) ao topo de linha (DiGiCo, Yamaha Rivage).</p><ul><li><strong>Canais de entrada:</strong> São as entradas de sinal (input). Cada microfone, instrumento ou playback ocupa um canal. Consoles variam de 16 a 144+ canais. O número de faders físicos nem sempre é igual ao de canais — usa-se ''layers'' (camadas) para alternar.</li><li><strong>Barramentos (buses):</strong> Saídas auxiliares. Mix bus para PA (L/R), grupos (DCA/VCA), auxiliares para monitor de palco e IEM, matrizes para zonas (delay, sala secundária, gravação) e subgrupos.</li><li><strong>Cenas (scenes/snapshots):</strong> Fotografias de todos os parâmetros da mesa que podem ser recarregadas. Essenciais em teatro e culto com várias músicas, permitindo recall instantâneo de mixes diferentes.</li><li><strong>Stage box e preamps remotos:</strong> Caixa de palco que digitaliza o sinal junto ao palco e leva tudo por um cabo de rede (Cat5e/6) ou fibra. Reduz multicabos analógicos. Os preamps ficam no stage box e são controlados remotamente pela mesa.</li><li><strong>Dante e protocolos de áudio em rede:</strong> Dante (Audinate) é o padrão de áudio digital sobre rede Ethernet mais usado. Outros: AES50 (Behringer/Midas), MADI, Optocore (DiGiCo), AVB/Milan (A&amp;H). Permitem trafegar dezenas/centenas de canais por um cabo.</li><li><strong>Processamento por canal:</strong> Todo console digital traz por canal: gate, compressor, EQ paramétrico de 4 bandas (ou mais), high-pass filter e inserts de efeitos. Elimina a necessidade de racks externos de outboard.</li></ul><h4>Equipamentos / detalhes</h4><ul><li><strong>Behringer X32:</strong> Console digital de entrada profissional. 32 preamps Midas, 40 canais de processamento, 16 buses mix, 6 matrizes, 8 DCAs. Protocolo AES50 para stage boxes (S16/S32). Tela colorida, motorized faders. Quando usar: igrejas, bandas, eventos médios com ótimo custo-benefício. Versões: Full, Producer, Compact, Rack.</li><li><strong>Midas M32 / M32R:</strong> Irmão ''premium'' do X32, mesma plataforma DSP mas com preamps Midas PRO de maior qualidade, construção mais robusta e tela maior. 32 entradas, 16 mix buses, 8 DCAs, AES50. Quando usar: quem quer o ecossistema X32/AES50 com acabamento e som de referência Midas.</li><li><strong>Allen &amp; Heath SQ-5 / SQ-6 / SQ-7:</strong> Linha SQ com core FPGA XCVI de 96 kHz e latência ultrabaixa (&lt;0,7 ms). 48 canais, 12 mixes. Integra com stage boxes DX/AR via gigaACE/SLink. Quando usar: monitor in-ear (baixa latência é crítica), igrejas e bandas. Slots para cartões Dante/Waves.</li><li><strong>Allen &amp; Heath dLive:</strong> Carro-chefe da A&amp;H. Sistema modular com MixRack (CDM/DM) separado da superfície. Até 128 entradas, 64 buses, 96 kHz, processamento DEEP (emulações de comp/amp). Quando usar: grandes festivais, turnês e teatros de ponta.</li><li><strong>Yamaha CL1 / CL3 / CL5 e QL1 / QL5:</strong> Padrão da indústria em fixed install e turnês. Dante nativo, head amps remotos Rio (R-series), processamento Premium Rack (Portico, Dan Dugan automixer). CL = grande porte; QL = compacto com automixer integrado. Quando usar: igrejas grandes, broadcast, corporativo.</li><li><strong>Yamaha RIVAGE PM Series (PM10/PM7/PM5):</strong> Topo de linha Yamaha para os maiores eventos. DSP híbrido, modelagem SILK, plugins Rupert Neve. Redundância total. Quando usar: turnês internacionais, grandes festivais, broadcast crítico.</li><li><strong>DiGiCo SD / Quantum (SD9, SD12, Quantum 225/338/7):</strong> Referência absoluta em festivais e turnês mundiais. Engine FPGA proprietária, snapshots robustos, Optocore/Dante/MADI, processamento Spice Rack / Mustard. Quando usar: o mais alto nível de touring e broadcast. Quantum usa FPGA de 7ª geração com Nodal Processing.</li><li><strong>Soundcraft Vi / Ui e PreSonus StudioLive:</strong> Soundcraft Vi (Vistonics) usado em turnês e teatros. PreSonus StudioLive Series III: console digital com integração DAW (Studio One) via AVB/USB, bom para igrejas e estúdio híbrido. Quando usar: alternativas de bom custo com foco em gravação multipista.</li></ul><h4>Passo a passo</h4><ol><li><strong>1. Dimensione o número de canais:</strong> Conte fontes: vocais, instrumentos, retornos de playback, microfones de ambiente. Some 20-30% de folga. Escolha um console com canais suficientes na camada principal.</li><li><strong>2. Avalie a necessidade de stage box:</strong> Se palco fica longe da mesa (mais de 15-20 m), prefira stage box digital + cabo de rede em vez de multicabo analógico.</li><li><strong>3. Verifique o protocolo de rede:</strong> X32/M32 = AES50; Yamaha = Dante; A&amp;H SQ/dLive = gigaACE/SLink (+ Dante via cartão); DiGiCo = Optocore. Garanta compatibilidade entre mesa e stage box.</li><li><strong>4. Configure cenas antes do evento:</strong> Crie e teste snapshots para cada momento (passagem, abertura, pregação, louvor). Use ''safes'' para não recarregar parâmetros indesejados.</li><li><strong>5. Faça backup do show file:</strong> Salve a configuração em pen drive/SD. Em turnê, leve o arquivo para rodar em qualquer mesa idêntica.</li></ol><p><strong>Na prática:</strong> Numa igreja média com banda completa (bateria, baixo, 2 guitarras, teclado, 4 vocais) você precisa de cerca de 24-28 canais. Um Behringer X32 com stage box S16 no palco resolve com folga, ligado por um único cabo CAT5e blindado de 30 m. Crie uma cena para o louvor e outra para a pregação (só o microfone do púlpito aberto) e troque com um botão.</p><h4>Resumo</h4><ul><li>Console digital concentra entradas, processamento por canal (gate, comp, EQ) e roteamento por buses.</li><li>Stage box + rede (Dante, AES50, Optocore) substitui multicabos e leva os preamps ao palco.</li><li>Do X32 (custo-benefício) ao DiGiCo/Rivage (touring de ponta): escolha por canais, latência e protocolo.</li></ul>',22,1,true,false);
insert into public.quizzes (id,lesson_id,titulo) values ('7c9b754c-55e8-48dc-8ed5-4ed2a00bfe5a','2b176441-5160-4458-bb27-e85a57ddbf12','Quiz — Mesas e Consoles Digitais: do X32 ao DiGiCo');
insert into public.quiz_questions (id,quiz_id,texto,explicacao,ordem,pontos) values ('218c6e76-1c81-4823-84e4-78c186607aab','7c9b754c-55e8-48dc-8ed5-4ed2a00bfe5a','O que é uma ''cena'' (scene/snapshot) num console digital?','Cenas guardam o estado completo da mesa e permitem recall instantâneo entre músicas/momentos.',1,1);
insert into public.quiz_options (question_id,texto,correta,ordem) values ('218c6e76-1c81-4823-84e4-78c186607aab','Um canal de entrada extra',false,1);
insert into public.quiz_options (question_id,texto,correta,ordem) values ('218c6e76-1c81-4823-84e4-78c186607aab','Uma fotografia dos parâmetros da mesa que pode ser recarregada',true,2);
insert into public.quiz_options (question_id,texto,correta,ordem) values ('218c6e76-1c81-4823-84e4-78c186607aab','Um tipo de cabo de rede',false,3);
insert into public.quiz_options (question_id,texto,correta,ordem) values ('218c6e76-1c81-4823-84e4-78c186607aab','Um efeito de reverb',false,4);
insert into public.quiz_questions (id,quiz_id,texto,explicacao,ordem,pontos) values ('ea530b1a-b1e8-4ecf-8b7c-1064664f3df9','7c9b754c-55e8-48dc-8ed5-4ed2a00bfe5a','Qual protocolo de rede o Behringer X32 e o Midas M32 usam para stage boxes?','A plataforma X32/M32 usa AES50 para conectar stage boxes como S16/S32.',2,1);
insert into public.quiz_options (question_id,texto,correta,ordem) values ('ea530b1a-b1e8-4ecf-8b7c-1064664f3df9','Dante',false,1);
insert into public.quiz_options (question_id,texto,correta,ordem) values ('ea530b1a-b1e8-4ecf-8b7c-1064664f3df9','Optocore',false,2);
insert into public.quiz_options (question_id,texto,correta,ordem) values ('ea530b1a-b1e8-4ecf-8b7c-1064664f3df9','AES50',true,3);
insert into public.quiz_options (question_id,texto,correta,ordem) values ('ea530b1a-b1e8-4ecf-8b7c-1064664f3df9','MADI',false,4);
insert into public.quiz_questions (id,quiz_id,texto,explicacao,ordem,pontos) values ('cc74e2cd-65e0-488d-9690-c9d3169755bf','7c9b754c-55e8-48dc-8ed5-4ed2a00bfe5a','Por que a baixa latência do Allen & Heath SQ é importante?','Em IEM, latência alta causa sensação de atraso desconfortável; o SQ tem <0,7 ms.',3,1);
insert into public.quiz_options (question_id,texto,correta,ordem) values ('cc74e2cd-65e0-488d-9690-c9d3169755bf','Para economizar energia',false,1);
insert into public.quiz_options (question_id,texto,correta,ordem) values ('cc74e2cd-65e0-488d-9690-c9d3169755bf','Para monitoramento in-ear, onde atraso atrapalha o músico',true,2);
insert into public.quiz_options (question_id,texto,correta,ordem) values ('cc74e2cd-65e0-488d-9690-c9d3169755bf','Para aumentar o volume',false,3);
insert into public.quiz_options (question_id,texto,correta,ordem) values ('cc74e2cd-65e0-488d-9690-c9d3169755bf','Para gravar em fita',false,4);
insert into public.quiz_questions (id,quiz_id,texto,explicacao,ordem,pontos) values ('452b1af2-6630-4d04-aef1-f5e0af8797ac','7c9b754c-55e8-48dc-8ed5-4ed2a00bfe5a','Qual desses é referência em turnês e festivais de ponta?','DiGiCo (SD/Quantum) é padrão em grandes turnês mundiais e broadcast crítico.',4,1);
insert into public.quiz_options (question_id,texto,correta,ordem) values ('452b1af2-6630-4d04-aef1-f5e0af8797ac','PreSonus StudioLive',false,1);
insert into public.quiz_options (question_id,texto,correta,ordem) values ('452b1af2-6630-4d04-aef1-f5e0af8797ac','Behringer X32 Rack',false,2);
insert into public.quiz_options (question_id,texto,correta,ordem) values ('452b1af2-6630-4d04-aef1-f5e0af8797ac','DiGiCo Quantum',true,3);
insert into public.quiz_options (question_id,texto,correta,ordem) values ('452b1af2-6630-4d04-aef1-f5e0af8797ac','Soundcraft Ui',false,4);
insert into public.quiz_questions (id,quiz_id,texto,explicacao,ordem,pontos) values ('476322cb-5c5d-483c-91f5-456a565308ec','7c9b754c-55e8-48dc-8ed5-4ed2a00bfe5a','O que faz um stage box digital?','Ele digitaliza os sinais junto ao palco, com preamps remotos, transportando por um único cabo de rede ou fibra.',5,1);
insert into public.quiz_options (question_id,texto,correta,ordem) values ('476322cb-5c5d-483c-91f5-456a565308ec','Amplifica a saída para as caixas',false,1);
insert into public.quiz_options (question_id,texto,correta,ordem) values ('476322cb-5c5d-483c-91f5-456a565308ec','Digitaliza o sinal no palco e leva tudo por um cabo de rede',true,2);
insert into public.quiz_options (question_id,texto,correta,ordem) values ('476322cb-5c5d-483c-91f5-456a565308ec','Gera efeitos de delay',false,3);
insert into public.quiz_options (question_id,texto,correta,ordem) values ('476322cb-5c5d-483c-91f5-456a565308ec','Substitui o microfone',false,4);
insert into public.lessons (id,module_id,titulo,tipo,conteudo_rico,duracao_min,ordem,tem_quiz,preview_gratis) values ('8e1cf5a0-d467-48e2-925d-8c4316785b9b','a26992fa-1418-4a2a-a608-a24e6c8ef689','Microfones: Modelos, Padrões Polares e Aplicação','texto','<p><strong>Para começar:</strong> O microfone é o primeiro elo da cadeia de áudio. Escolher o modelo certo para cada fonte é o que define se a captação vai soar profissional ou amadora — nenhum processamento conserta um microfone errado na fonte.</p><p>Vamos conhecer os microfones mais usados no mundo profissional, separados por tipo (dinâmico, condensador, fita), padrão polar (cardioide, supercardioide, omni, figura-8) e aplicação (vocal ao vivo, bateria, sopros, estúdio, broadcast). Marcas de referência: Shure, Sennheiser, AKG, Audix, DPA e Neumann.</p><ul><li><strong>Dinâmico x Condensador:</strong> Dinâmico: robusto, aguenta alto SPL, não precisa de phantom, ideal para palco e fontes fortes (voz, caixa, amp de guitarra). Condensador: mais sensível e detalhado, capta agudos e nuances, precisa de phantom +48V, ideal para overheads, sopros, coral e estúdio.</li><li><strong>Padrão polar:</strong> Define de onde o microfone capta. Cardioide: frente (reduz vazamento traseiro). Supercardioide/hipercardioide: mais direcional, melhor rejeição lateral (palcos com muito monitor). Omnidirecional: todas as direções (ambiência, lapela). Figura-8: frente e trás, rejeita laterais (técnica MS, entrevistas).</li><li><strong>Phantom power +48V:</strong> Tensão fornecida pela mesa pelo cabo XLR para alimentar microfones condensadores e DIs ativas. Nunca ligue em microfone de fita sem proteção — pode danificar.</li><li><strong>Resposta de frequência e proximidade:</strong> Microfones têm curva própria (ex.: realce de presença em vocal). O ''efeito de proximidade'' aumenta os graves quando se aproxima de microfones direcionais — usado por locutores e cantores.</li><li><strong>SPL máximo e ruído próprio:</strong> SPL máximo: nível mais alto que o microfone suporta sem distorcer (importante em bateria/amplificadores). Ruído próprio (self-noise): relevante em condensadores de estúdio para fontes baixas.</li></ul><h4>Equipamentos / detalhes</h4><ul><li><strong>Shure SM58:</strong> Dinâmico cardioide, o vocal de palco mais usado do mundo. Curva com realce de presença, grade anti-pop, extremamente robusto. Quando usar: vocal ao vivo padrão. Versão sem fio e com chave (SM58S).</li><li><strong>Shure SM57:</strong> Dinâmico cardioide irmão do SM58 sem a esfera. Padrão para caixa de bateria (snare), amplificador de guitarra, sopros e percussão. Quando usar: instrumentos de alto SPL e captação próxima.</li><li><strong>Shure Beta 58A / Beta 57A / Beta 52A:</strong> Linha Beta: Beta 58A (vocal supercardioide, mais agudo e direcional), Beta 57A (instrumento supercardioide), Beta 52A (microfone de bumbo, capta graves profundos com alto SPL). Quando usar: palcos exigentes e bateria.</li><li><strong>Shure SM7B:</strong> Dinâmico cardioide de broadcast/estúdio. Som encorpado, ótima rejeição, switches de graves/presença. Quando usar: locução, podcast, voz de estúdio, vocais rock. Pede ganho alto (combina com Cloudlifter).</li><li><strong>Shure KSM Series (KSM9, KSM137, KSM32):</strong> Condensadores premium. KSM9: vocal de palco condensador dual-pattern. KSM137: small-diaphragm para overheads/acústico. KSM32: large-diaphragm de estúdio. Quando usar: captações de alta fidelidade ao vivo e estúdio.</li><li><strong>Sennheiser e835 / e845 / e604 / e609:</strong> e835 (vocal dinâmico cardioide, rival do SM58), e845 (supercardioide), e604/e904 (clip dinâmico para tons de bateria), e609 (dinâmico de amplificador, formato chato). Quando usar: alternativa à linha Shure no palco e drum kit.</li><li><strong>Sennheiser MD421 / MD441:</strong> MD421-II: dinâmico cardioide clássico para tons, sopros e locução, com 5 posições de graves. MD441: dinâmico supercardioide de alta fidelidade. Quando usar: toms de bateria, metais, baixo, broadcast.</li><li><strong>Sennheiser MKH Series (MKH416, MKH8040):</strong> Condensadores RF de altíssima qualidade. MKH416: shotgun padrão de cinema/TV. Quando usar: captação direcional de cinema, broadcast e teatro.</li><li><strong>AKG C414:</strong> Condensador large-diaphragm com 9 padrões polares selecionáveis, pad e filtro. Coringa de estúdio: voz, overhead, piano, acústico, sopros. Quando usar: quando precisa de versatilidade e fidelidade em estúdio.</li><li><strong>AKG D112 / C451B:</strong> D112: microfone de bumbo dinâmico (alternativa ao Beta 52). C451B: condensador small-diaphragm para hi-hat, acústico e overheads. Quando usar: bateria e instrumentos acústicos.</li><li><strong>Audix D6 / i5 / OM Series / DP7:</strong> D6: microfone de bumbo com punch de graves marcante. i5: dinâmico de instrumento (rival do SM57). OM5/OM7: vocais dinâmicos hipercardioides de palco. DP7: kit de bateria. Quando usar: drum kit e vocais com alto ganho antes da microfonia.</li><li><strong>DPA 4099 / 4066 / d:vote:</strong> Condensadores miniatura premium. 4099: clip para instrumentos (violino, sopro, sax). 4066: headset. Quando usar: captação discreta e de altíssima fidelidade em musicais, orquestra e broadcast.</li><li><strong>Neumann U87 / KMS105 / TLM103:</strong> U87: condensador de estúdio lendário, 3 padrões, referência de voz e instrumentos. KMS105: condensador supercardioide de vocal ao vivo top de linha. TLM103: large-diaphragm acessível para home/pro studio. Quando usar: gravação profissional e vocais premium ao vivo.</li></ul><h4>Passo a passo</h4><ol><li><strong>1. Identifique a fonte e o SPL:</strong> Voz, instrumento acústico ou fonte alta (bateria, amp)? Fontes altas pedem dinâmico ou condensador com pad.</li><li><strong>2. Escolha dinâmico ou condensador:</strong> Palco com muito volume e robustez = dinâmico. Detalhe, agudos e ambiência = condensador (com phantom).</li><li><strong>3. Selecione o padrão polar:</strong> Palco com muitos monitores: supercardioide/hipercardioide para rejeitar microfonia. Ambiência/coral: cardioide ou omni.</li><li><strong>4. Posicione corretamente:</strong> Aponte o eixo principal para a fonte; respeite distância. Lembre do efeito de proximidade ao aproximar de direcionais.</li><li><strong>5. Ligue phantom só onde precisa:</strong> Ative +48V apenas nos canais com condensador/DI ativa. Mantenha desligado em dinâmicos e microfones de fita.</li></ol><p><strong>Na prática:</strong> Numa bateria padrão: Beta 52A ou D6 no bumbo, SM57 ou i5 na caixa, e604/C451B nos tons e hi-hat, e um par de condensadores small-diaphragm (KSM137/C451B) como overheads em XY. Nos vocais ao vivo, SM58 cobre o padrão; se quiser mais brilho e direcionalidade, Beta 58A ou KSM9. Em locução/estúdio, SM7B ou U87.</p><h4>Resumo</h4><ul><li>Dinâmicos para palco/alto SPL; condensadores (com phantom) para detalhe e estúdio.</li><li>O padrão polar (cardioide, super/hiper, omni, figura-8) controla vazamento e microfonia.</li><li>Modelos de referência: SM58/SM57/Beta/SM7B, e835/MD421, C414, D6, DPA, U87.</li></ul>',24,2,true,false);
insert into public.quizzes (id,lesson_id,titulo) values ('1c8273af-bb80-434f-9682-90579d5cec65','8e1cf5a0-d467-48e2-925d-8c4316785b9b','Quiz — Microfones: Modelos, Padrões Polares e Aplicação');
insert into public.quiz_questions (id,quiz_id,texto,explicacao,ordem,pontos) values ('dcbba18f-e2f3-4893-9786-aac8898ea33e','1c8273af-bb80-434f-9682-90579d5cec65','Qual microfone é o padrão de vocal de palco no mundo todo?','O SM58 é o vocal dinâmico cardioide mais usado em palco pela robustez e curva de presença.',1,1);
insert into public.quiz_options (question_id,texto,correta,ordem) values ('dcbba18f-e2f3-4893-9786-aac8898ea33e','Neumann U87',false,1);
insert into public.quiz_options (question_id,texto,correta,ordem) values ('dcbba18f-e2f3-4893-9786-aac8898ea33e','Shure SM58',true,2);
insert into public.quiz_options (question_id,texto,correta,ordem) values ('dcbba18f-e2f3-4893-9786-aac8898ea33e','Sennheiser MKH416',false,3);
insert into public.quiz_options (question_id,texto,correta,ordem) values ('dcbba18f-e2f3-4893-9786-aac8898ea33e','AKG C451B',false,4);
insert into public.quiz_questions (id,quiz_id,texto,explicacao,ordem,pontos) values ('5a600ef4-09b4-4ce1-946f-fb46669fbbae','1c8273af-bb80-434f-9682-90579d5cec65','Quando você precisa de phantom power +48V?','Condensadores e DIs ativas precisam de +48V; dinâmicos não, e fitas podem ser danificadas.',2,1);
insert into public.quiz_options (question_id,texto,correta,ordem) values ('5a600ef4-09b4-4ce1-946f-fb46669fbbae','Em microfones dinâmicos',false,1);
insert into public.quiz_options (question_id,texto,correta,ordem) values ('5a600ef4-09b4-4ce1-946f-fb46669fbbae','Em microfones condensadores e DIs ativas',true,2);
insert into public.quiz_options (question_id,texto,correta,ordem) values ('5a600ef4-09b4-4ce1-946f-fb46669fbbae','Em microfones de fita sempre',false,3);
insert into public.quiz_options (question_id,texto,correta,ordem) values ('5a600ef4-09b4-4ce1-946f-fb46669fbbae','Em qualquer cabo XLR',false,4);
insert into public.quiz_questions (id,quiz_id,texto,explicacao,ordem,pontos) values ('94ddcda4-1264-4486-8727-58d6e54f61cc','1c8273af-bb80-434f-9682-90579d5cec65','Para rejeitar microfonia num palco cheio de monitores, qual padrão polar ajuda mais?','Padrões mais direcionais (super/hiper) rejeitam som lateral/traseiro, reduzindo realimentação.',3,1);
insert into public.quiz_options (question_id,texto,correta,ordem) values ('94ddcda4-1264-4486-8727-58d6e54f61cc','Omnidirecional',false,1);
insert into public.quiz_options (question_id,texto,correta,ordem) values ('94ddcda4-1264-4486-8727-58d6e54f61cc','Figura-8',false,2);
insert into public.quiz_options (question_id,texto,correta,ordem) values ('94ddcda4-1264-4486-8727-58d6e54f61cc','Supercardioide/hipercardioide',true,3);
insert into public.quiz_options (question_id,texto,correta,ordem) values ('94ddcda4-1264-4486-8727-58d6e54f61cc','Cardioide largo',false,4);
insert into public.quiz_questions (id,quiz_id,texto,explicacao,ordem,pontos) values ('56eda3b6-5745-4fef-97f7-9557c343286e','1c8273af-bb80-434f-9682-90579d5cec65','Qual microfone é típico para captar o bumbo (kick) da bateria?','Beta 52A e D6 são microfones de bumbo, com alto SPL e resposta de graves.',4,1);
insert into public.quiz_options (question_id,texto,correta,ordem) values ('56eda3b6-5745-4fef-97f7-9557c343286e','Shure SM58',false,1);
insert into public.quiz_options (question_id,texto,correta,ordem) values ('56eda3b6-5745-4fef-97f7-9557c343286e','Sennheiser MKH416',false,2);
insert into public.quiz_options (question_id,texto,correta,ordem) values ('56eda3b6-5745-4fef-97f7-9557c343286e','Shure Beta 52A ou Audix D6',true,3);
insert into public.quiz_options (question_id,texto,correta,ordem) values ('56eda3b6-5745-4fef-97f7-9557c343286e','AKG C414 em omni',false,4);
insert into public.quiz_questions (id,quiz_id,texto,explicacao,ordem,pontos) values ('939854e2-af00-4f83-98f7-3560aa3460a0','1c8273af-bb80-434f-9682-90579d5cec65','Qual é uma escolha clássica para locução/podcast de estúdio?','O SM7B é um dinâmico de broadcast muito usado em locução e podcast.',5,1);
insert into public.quiz_options (question_id,texto,correta,ordem) values ('939854e2-af00-4f83-98f7-3560aa3460a0','Shure SM7B',true,1);
insert into public.quiz_options (question_id,texto,correta,ordem) values ('939854e2-af00-4f83-98f7-3560aa3460a0','Audix D6',false,2);
insert into public.quiz_options (question_id,texto,correta,ordem) values ('939854e2-af00-4f83-98f7-3560aa3460a0','AKG D112',false,3);
insert into public.quiz_options (question_id,texto,correta,ordem) values ('939854e2-af00-4f83-98f7-3560aa3460a0','Sennheiser e604',false,4);
insert into public.lessons (id,module_id,titulo,tipo,conteudo_rico,duracao_min,ordem,tem_quiz,preview_gratis) values ('85f38e49-6df1-4cdb-aa6c-ebe2c8adb32f','a26992fa-1418-4a2a-a608-a24e6c8ef689','Sistemas Sem Fio e Monitor In-Ear (IEM)','texto','<p><strong>Para começar:</strong> Liberdade de movimento no palco depende de RF (radiofrequência) bem planejada. Microfone sem fio e in-ear mal coordenados geram quedas de sinal e microfonia — dominar esse tema é diferencial profissional.</p><p>Vamos entender sistemas sem fio (microfone e bodypack) e monitor in-ear (IEM), bandas de frequência, diversity, coordenação de frequências, transmissão analógica x digital. Foco nas linhas Shure (QLX-D, ULX-D, Axient Digital, PSM) e Sennheiser (EW-D, EW-DX, IE/2000).</p><ul><li><strong>Como funciona o sem fio:</strong> Transmissor (no microfone de mão ou bodypack) envia o áudio por RF a um receptor, que entrega o sinal à mesa. No IEM é o contrário: um transmissor manda o mix e o músico usa um receptor (bodypack) com fones.</li><li><strong>Bandas de frequência e legislação:</strong> Operam em UHF (470-698 MHz no Brasil, faixas livres variam) e em 2,4 GHz/1,9 GHz (digital). É preciso respeitar as faixas liberadas pela Anatel e evitar canais de TV ativos.</li><li><strong>Diversity (antena dupla):</strong> Receptores ''true diversity'' usam duas antenas/circuitos e escolhem o melhor sinal a cada instante, reduzindo dropouts por reflexão e sombra de RF.</li><li><strong>Coordenação de frequências:</strong> Com vários canais simultâneos é preciso calcular frequências compatíveis (sem intermodulação). Softwares como Shure Wireless Workbench e Sennheiser WSM automatizam isso.</li><li><strong>Analógico x digital e companding:</strong> Sistemas analógicos usam companding (compressão/expansão). Digitais oferecem som mais transparente, criptografia e melhor uso de espectro, com latência muito baixa.</li><li><strong>IEM: estéreo, mix-pessoal e limiter:</strong> IEM pode ser mono ou estéreo (MixMode permite balancear voz x banda). Sempre use limiter para proteger a audição contra picos.</li></ul><h4>Equipamentos / detalhes</h4><ul><li><strong>Shure BLX / SLX-D:</strong> Entrada profissional. BLX: analógico simples para igrejas/eventos pequenos. SLX-D: digital de 24 bits, faixa ampla, boa duração de bateria. Quando usar: orçamentos menores que já querem confiabilidade digital.</li><li><strong>Shure QLX-D:</strong> Digital de 24 bits com criptografia AES-256, scan e sincronismo por IR, baterias recarregáveis SB900. Quando usar: igrejas e bandas que precisam de poucos a médios canais com qualidade e segurança.</li><li><strong>Shure ULX-D:</strong> Digital de alto desempenho com transmissão multicanal (até 2-3 por receptor), Dante opcional, alta densidade de canais. Quando usar: produções com muitos sistemas simultâneos e baixa latência.</li><li><strong>Shure Axient Digital (AD/ADX):</strong> Topo de linha para broadcast e grandes turnês. Diversity quad, frequency diversity, ShowLink (controle remoto do transmissor), Dante. Quando usar: eventos críticos com espectro lotado (estádios, TV, grandes festivais).</li><li><strong>Shure PSM 300 / PSM 900 / PSM 1000:</strong> Sistemas de monitor in-ear. PSM 300: entrada para bandas/igrejas (MixMode, limiter). PSM 900: profissional, melhor RF e som. PSM 1000: topo, dual transmissor, Wireless Workbench. Quando usar: monitoração in-ear do amador ao touring.</li><li><strong>Sennheiser EW-D (Evolution Wireless Digital):</strong> Sistema digital com link equivalente analógico de baixa latência, faixa de sintonia ampla, app Smart Assist para setup. Quando usar: substituto digital do clássico ew 100, ótimo para igrejas e bandas.</li><li><strong>Sennheiser EW-DX:</strong> Linha digital superior com transmissão multicanal, criptografia, bodypacks e mão (incl. cápsula MMD/Neumann KK), Dante via EM. Quando usar: produções de médio/grande porte que querem o ecossistema Sennheiser.</li><li><strong>Sennheiser Digital 6000 / 9000:</strong> Topo de linha para broadcast e grandes eventos. Longo alcance, alta densidade, sem intermodulação (modo de modulação digital). Quando usar: TV, teatro e turnês de altíssima exigência.</li><li><strong>Sennheiser IE 100 PRO / IE 400/500 PRO e fones de IEM:</strong> Fones in-ear (in-ear monitors) para o músico. IE 100 PRO: entrada profissional. IE 400/500 PRO: drivers de maior fidelidade. Quando usar: o transdutor que vai no ouvido do músico, combinado ao bodypack receptor.</li><li><strong>Sennheiser EW IEM G4 / 2000 IEM:</strong> Sistemas transmissores de monitor in-ear. EW IEM G4: entrada/intermediário. 2000 IEM: profissional com mais potência e recursos. Quando usar: distribuir mixes de palco sem fio para os músicos.</li></ul><h4>Passo a passo</h4><ol><li><strong>1. Levante quantos canais de RF:</strong> Some microfones sem fio + bodypacks + sistemas IEM. Quanto mais canais, mais cuidado na coordenação.</li><li><strong>2. Escolha a banda e verifique o espectro:</strong> Faça um scan do ambiente (a própria mesa/receptor ou app). Evite canais de TV ativos e outras RFs locais.</li><li><strong>3. Coordene as frequências:</strong> Use Wireless Workbench (Shure) ou WSM (Sennheiser) para gerar um set de frequências sem intermodulação.</li><li><strong>4. Posicione antenas e diversity:</strong> Antenas em linha de visão com o palco, afastadas de metal/LED. Considere combinador/distribuidor e antenas direcionais (paddle) em sistemas grandes.</li><li><strong>5. Sincronize transmissores e ajuste ganho/limiter:</strong> Sincronize por IR/app. Ajuste o ganho do transmissor (sem clip) e ative limiter nos IEM para proteger a audição.</li></ol><p><strong>Na prática:</strong> Numa banda de igreja com 4 microfones sem fio e 5 in-ears, prefira sistemas digitais (QLX-D/ULX-D ou EW-D/EW-DX) para densidade de canais. Faça scan, coordene as 9 frequências no software, posicione uma antena combinada para os microfones e outra para o IEM, sincronize tudo por IR e ajuste limiter nos bodypacks dos músicos. Sempre tenha pilhas/baterias reserva.</p><h4>Resumo</h4><ul><li>Sem fio = transmissor + receptor por RF; IEM inverte o fluxo entregando o mix ao músico.</li><li>Digital (QLX-D/ULX-D/Axient, EW-D/EW-DX, Digital 6000) traz mais densidade, segurança e som limpo.</li><li>Coordenação de frequências, diversity e limiter no IEM são essenciais para confiabilidade.</li></ul>',20,3,true,false);
insert into public.quizzes (id,lesson_id,titulo) values ('a1d9714d-d87b-423d-8226-7f52aa2abc0b','85f38e49-6df1-4cdb-aa6c-ebe2c8adb32f','Quiz — Sistemas Sem Fio e Monitor In-Ear (IEM)');
insert into public.quiz_questions (id,quiz_id,texto,explicacao,ordem,pontos) values ('9887d214-119a-49b8-9e64-fdab68c1a836','a1d9714d-d87b-423d-8226-7f52aa2abc0b','O que é ''true diversity'' num receptor sem fio?','Diversity usa duas antenas e seleciona continuamente o melhor sinal, evitando quedas por reflexão.',1,1);
insert into public.quiz_options (question_id,texto,correta,ordem) values ('9887d214-119a-49b8-9e64-fdab68c1a836','Dois microfones num só corpo',false,1);
insert into public.quiz_options (question_id,texto,correta,ordem) values ('9887d214-119a-49b8-9e64-fdab68c1a836','Duas antenas/circuitos que escolhem o melhor sinal e reduzem dropouts',true,2);
insert into public.quiz_options (question_id,texto,correta,ordem) values ('9887d214-119a-49b8-9e64-fdab68c1a836','Um sistema de criptografia',false,3);
insert into public.quiz_options (question_id,texto,correta,ordem) values ('9887d214-119a-49b8-9e64-fdab68c1a836','Um tipo de fone in-ear',false,4);
insert into public.quiz_questions (id,quiz_id,texto,explicacao,ordem,pontos) values ('2992ce7e-694f-4432-bab1-a87f16a0c133','a1d9714d-d87b-423d-8226-7f52aa2abc0b','Por que coordenar frequências quando há muitos canais?','Múltiplas RFs podem interferir entre si; a coordenação calcula frequências compatíveis.',2,1);
insert into public.quiz_options (question_id,texto,correta,ordem) values ('2992ce7e-694f-4432-bab1-a87f16a0c133','Para economizar bateria',false,1);
insert into public.quiz_options (question_id,texto,correta,ordem) values ('2992ce7e-694f-4432-bab1-a87f16a0c133','Para evitar intermodulação e interferência entre sistemas',true,2);
insert into public.quiz_options (question_id,texto,correta,ordem) values ('2992ce7e-694f-4432-bab1-a87f16a0c133','Para aumentar o volume',false,3);
insert into public.quiz_options (question_id,texto,correta,ordem) values ('2992ce7e-694f-4432-bab1-a87f16a0c133','Para deixar o som mono',false,4);
insert into public.quiz_questions (id,quiz_id,texto,explicacao,ordem,pontos) values ('12117d7e-baad-4ebd-9f3f-4b4378481892','a1d9714d-d87b-423d-8226-7f52aa2abc0b','No monitor in-ear, qual recurso protege a audição do músico?','O limiter impede que picos de volume cheguem ao ouvido em níveis perigosos.',3,1);
insert into public.quiz_options (question_id,texto,correta,ordem) values ('12117d7e-baad-4ebd-9f3f-4b4378481892','Phantom power',false,1);
insert into public.quiz_options (question_id,texto,correta,ordem) values ('12117d7e-baad-4ebd-9f3f-4b4378481892','Limiter',true,2);
insert into public.quiz_options (question_id,texto,correta,ordem) values ('12117d7e-baad-4ebd-9f3f-4b4378481892','Efeito de proximidade',false,3);
insert into public.quiz_options (question_id,texto,correta,ordem) values ('12117d7e-baad-4ebd-9f3f-4b4378481892','Phantom diversity',false,4);
insert into public.quiz_questions (id,quiz_id,texto,explicacao,ordem,pontos) values ('6395e8ed-10d9-4e81-a80f-fb9563fe0d15','a1d9714d-d87b-423d-8226-7f52aa2abc0b','Qual sistema é topo de linha da Shure para grandes turnês/broadcast?','O Axient Digital traz frequency diversity, ShowLink e Dante para os eventos mais críticos.',4,1);
insert into public.quiz_options (question_id,texto,correta,ordem) values ('6395e8ed-10d9-4e81-a80f-fb9563fe0d15','BLX',false,1);
insert into public.quiz_options (question_id,texto,correta,ordem) values ('6395e8ed-10d9-4e81-a80f-fb9563fe0d15','QLX-D',false,2);
insert into public.quiz_options (question_id,texto,correta,ordem) values ('6395e8ed-10d9-4e81-a80f-fb9563fe0d15','Axient Digital',true,3);
insert into public.quiz_options (question_id,texto,correta,ordem) values ('6395e8ed-10d9-4e81-a80f-fb9563fe0d15','PSM 300',false,4);
insert into public.quiz_questions (id,quiz_id,texto,explicacao,ordem,pontos) values ('b1ee4cbc-18bb-471e-8945-5c30f38ebf9f','a1d9714d-d87b-423d-8226-7f52aa2abc0b','O que faz o transmissor num sistema de IEM?','No IEM, o transmissor manda o mix ao receptor (bodypack) que o músico usa com fones.',5,1);
insert into public.quiz_options (question_id,texto,correta,ordem) values ('b1ee4cbc-18bb-471e-8945-5c30f38ebf9f','Capta a voz do cantor',false,1);
insert into public.quiz_options (question_id,texto,correta,ordem) values ('b1ee4cbc-18bb-471e-8945-5c30f38ebf9f','Envia o mix de palco por RF para o bodypack do músico',true,2);
insert into public.quiz_options (question_id,texto,correta,ordem) values ('b1ee4cbc-18bb-471e-8945-5c30f38ebf9f','Amplifica o PA',false,3);
insert into public.quiz_options (question_id,texto,correta,ordem) values ('b1ee4cbc-18bb-471e-8945-5c30f38ebf9f','Substitui a mesa',false,4);
insert into public.lessons (id,module_id,titulo,tipo,conteudo_rico,duracao_min,ordem,tem_quiz,preview_gratis) values ('88120f75-7fd4-44ec-b909-c85c2b4f788c','a26992fa-1418-4a2a-a608-a24e6c8ef689','Caixas e PA: Line Array, Ativas x Passivas','texto','<p><strong>Para começar:</strong> O PA (Public Address) é o que leva o som até a plateia. Saber a diferença entre uma caixa ativa de retorno e um sistema line array de festival muda completamente o resultado e a segurança da operação.</p><p>Nesta aula veremos os tipos de caixas (point source, line array, subgraves, monitores), o conceito de ativa x passiva, cobertura e dispersão, e os principais fabricantes: QSC, RCF, JBL, L-Acoustics, d&amp;b audiotechnik e Meyer Sound — do PA portátil ao rig de grande festival.</p><ul><li><strong>Ativa x passiva:</strong> Ativa (powered): amplificador embutido na caixa, basta sinal de linha e energia. Passiva: precisa de amplificador externo. Ativas são práticas para PA portátil; passivas dominam grandes sistemas com amplificação em rack.</li><li><strong>Point source x line array:</strong> Point source (caixa única, ponto de origem) cobre salas pequenas/médias. Line array empilha vários módulos verticais que se somam, projetando som longe com cobertura controlada — padrão de médios e grandes eventos.</li><li><strong>Subgraves e arranjos:</strong> Subs reproduzem as frequências baixas (geralmente abaixo de ~100 Hz). Podem ser empilhados (ground stack), em arco (cardioide) ou em arranjo para direcionar os graves e reduzir vazamento no palco.</li><li><strong>Cobertura e dispersão:</strong> Ângulos horizontal/vertical definem onde o som chega. Em line array ajusta-se o ''splay'' (ângulo entre módulos) para cobrir as fileiras sem jogar energia no teto/fundo.</li><li><strong>Monitores de palco (wedges):</strong> Caixas de retorno (wedge) apontadas para o músico. Em palcos modernos convivem com IEM. Devem ser direcionais e bem equalizadas para evitar microfonia.</li><li><strong>SPL, headroom e segurança:</strong> Dimensione o PA para o SPL alvo da sala com headroom (folga) para não distorcer. Voar (flying) sistemas exige rigging certificado e cálculo de carga — segurança em primeiro lugar.</li></ul><h4>Equipamentos / detalhes</h4><ul><li><strong>QSC K.2 Series (K8.2, K10.2, K12.2) e KW/KLA:</strong> Caixas ativas muito populares. K.2: PA portátil potente (até 2000 W classe D) com DSP e presets. KLA: line array ativo compacto. Quando usar: igrejas, eventos médios, PA portátil de alta qualidade.</li><li><strong>QSC KS Subs e WideLine/L Class:</strong> KS118/KS212C: subgraves ativos. Linha de instalação e touring (L Class) com line array. Quando usar: reforço de graves e sistemas maiores de aluguel/instalação.</li><li><strong>RCF ART / HDL / TT+:</strong> ART: caixas ativas custo-benefício (igrejas, bares). HDL (HDL 20-A, HDL 30-A): line array ativo muito usado em locação no Brasil. TT+: série premium de touring. Quando usar: do PA de igreja ao line array de eventos médios/grandes.</li><li><strong>JBL EON / PRX / SRX / VTX:</strong> EON/PRX: ativas portáteis (eventos pequenos/médios). SRX: line array e caixas de maior porte. VTX (V20/V25/A-Series): line array de touring profissional. Quando usar: amplo leque, do portátil ao festival.</li><li><strong>L-Acoustics K Series / Kara / Kiva / A Series:</strong> Referência mundial em line array passivo amplificado por amps LA (LA4X/LA12X). K1/K2: grandes festivais; Kara/Kiva: médio porte; A Series: arranjo modular. Quando usar: produções de alto nível com cobertura precisa (Soundvision para projeto).</li><li><strong>d&amp;b audiotechnik (J/V/Y/GSL/KSL, série xS):</strong> Sistemas premium com amplificadores e DSP próprios (D80/D40). GSL/KSL: line array de ponta; V/Y: médio porte; séries xS para instalação. Quando usar: turnês, teatros e instalações que exigem fidelidade e controle de dispersão excepcionais.</li><li><strong>Meyer Sound (LEYACOUSTIC LEO, LYON, LINA, UPA, ULTRA):</strong> Caixas autoamplificadas (self-powered) com processamento integrado. LEO/LYON/LINA: line array de grande porte; UPA/UPQ: point source. Quando usar: produções top com precisão e confiabilidade (todas ativas, com SIM/MAPP para projeto).</li><li><strong>Monitores de palco (wedges) e fillers:</strong> Wedges ativos/passivos (ex.: QSC, RCF, d&amp;b M4/MAX, L-Acoustics X Series) para retorno de palco. Front-fills e out-fills cobrem zonas próximas e laterais que o array principal não alcança. Quando usar: retorno e cobertura de zonas mortas.</li></ul><h4>Passo a passo</h4><ol><li><strong>1. Defina o tamanho da sala/plateia e o SPL alvo:</strong> Bar pequeno = point source ativo; salão/teatro = point source maior ou line array compacto; festival = line array de grande porte.</li><li><strong>2. Escolha ativa ou passiva:</strong> PA portátil e simples: ativas. Sistema grande com muitos módulos: passivo com amplificação em rack (ou self-powered Meyer).</li><li><strong>3. Dimensione subgraves:</strong> Calcule a quantidade de subs para o SPL de graves desejado; defina arranjo (stack, cardioide) conforme o palco.</li><li><strong>4. Ajuste cobertura e splay:</strong> Em line array, defina o ângulo entre módulos para cobrir as fileiras; use o software do fabricante (Soundvision, ArrayCalc, MAPP).</li><li><strong>5. Garanta rigging e segurança:</strong> Se for voar, use pontos e ferragens certificados, com cálculo de carga. Nunca improvise sustentação de caixas suspensas.</li></ol><p><strong>Na prática:</strong> Para um culto em salão de 300 pessoas, um par de QSC K.2 ou RCF ART de PA principal mais um sub QSC KS118 já entregam cobertura e graves com folga, tudo ativo e simples. Para um evento de 3.000 pessoas ao ar livre, parte-se para line array (RCF HDL, JBL VTX, L-Acoustics Kara) voado com subs em arranjo cardioide e amplificação dedicada, projetado em software antes de montar.</p><h4>Resumo</h4><ul><li>Ativas (amp embutido) para PA portátil; passivas/amplificação em rack para grandes sistemas.</li><li>Point source cobre salas pequenas/médias; line array projeta longe com cobertura controlada.</li><li>Fabricantes de ponta: QSC, RCF, JBL, L-Acoustics, d&amp;b e Meyer; sempre projete e garanta o rigging.</li></ul>',24,4,true,false);
insert into public.quizzes (id,lesson_id,titulo) values ('cac7284d-46a2-46ce-928c-d914d4ff5c7c','88120f75-7fd4-44ec-b909-c85c2b4f788c','Quiz — Caixas e PA: Line Array, Ativas x Passivas');
insert into public.quiz_questions (id,quiz_id,texto,explicacao,ordem,pontos) values ('af2a2933-509a-4480-be79-2acf82b1c98e','cac7284d-46a2-46ce-928c-d914d4ff5c7c','Qual a diferença entre caixa ativa e passiva?','Ativa traz o amplificador interno; passiva exige amplificação externa em rack.',1,1);
insert into public.quiz_options (question_id,texto,correta,ordem) values ('af2a2933-509a-4480-be79-2acf82b1c98e','Ativa toca mais grave',false,1);
insert into public.quiz_options (question_id,texto,correta,ordem) values ('af2a2933-509a-4480-be79-2acf82b1c98e','Ativa tem amplificador embutido; passiva precisa de amp externo',true,2);
insert into public.quiz_options (question_id,texto,correta,ordem) values ('af2a2933-509a-4480-be79-2acf82b1c98e','Passiva é sempre line array',false,3);
insert into public.quiz_options (question_id,texto,correta,ordem) values ('af2a2933-509a-4480-be79-2acf82b1c98e','Ativa não precisa de sinal',false,4);
insert into public.quiz_questions (id,quiz_id,texto,explicacao,ordem,pontos) values ('ce4f5b12-5c5e-40bc-8252-3567a4461dde','cac7284d-46a2-46ce-928c-d914d4ff5c7c','Quando o line array é mais indicado que o point source?','Line array soma módulos para cobrir grandes plateias e jogar som longe de forma controlada.',2,1);
insert into public.quiz_options (question_id,texto,correta,ordem) values ('ce4f5b12-5c5e-40bc-8252-3567a4461dde','Em salas muito pequenas',false,1);
insert into public.quiz_options (question_id,texto,correta,ordem) values ('ce4f5b12-5c5e-40bc-8252-3567a4461dde','Para projetar som a longas distâncias com cobertura controlada',true,2);
insert into public.quiz_options (question_id,texto,correta,ordem) values ('ce4f5b12-5c5e-40bc-8252-3567a4461dde','Só para subgraves',false,3);
insert into public.quiz_options (question_id,texto,correta,ordem) values ('ce4f5b12-5c5e-40bc-8252-3567a4461dde','Quando não há energia',false,4);
insert into public.quiz_questions (id,quiz_id,texto,explicacao,ordem,pontos) values ('756bce6c-078a-4c01-a997-cb2db92cdd09','cac7284d-46a2-46ce-928c-d914d4ff5c7c','Qual fabricante usa caixas self-powered com processamento integrado como filosofia?','A Meyer Sound é conhecida por suas caixas autoamplificadas (self-powered).',3,1);
insert into public.quiz_options (question_id,texto,correta,ordem) values ('756bce6c-078a-4c01-a997-cb2db92cdd09','L-Acoustics',false,1);
insert into public.quiz_options (question_id,texto,correta,ordem) values ('756bce6c-078a-4c01-a997-cb2db92cdd09','Meyer Sound',true,2);
insert into public.quiz_options (question_id,texto,correta,ordem) values ('756bce6c-078a-4c01-a997-cb2db92cdd09','Behringer',false,3);
insert into public.quiz_options (question_id,texto,correta,ordem) values ('756bce6c-078a-4c01-a997-cb2db92cdd09','Crown',false,4);
insert into public.quiz_questions (id,quiz_id,texto,explicacao,ordem,pontos) values ('53a09b25-b364-40a6-bb46-9f2d4cb1e85f','cac7284d-46a2-46ce-928c-d914d4ff5c7c','O que é o ''splay'' num line array?','Splay é o ângulo entre os elementos do array, definido para cobrir as fileiras corretamente.',4,1);
insert into public.quiz_options (question_id,texto,correta,ordem) values ('53a09b25-b364-40a6-bb46-9f2d4cb1e85f','O volume do sub',false,1);
insert into public.quiz_options (question_id,texto,correta,ordem) values ('53a09b25-b364-40a6-bb46-9f2d4cb1e85f','O ângulo entre os módulos para ajustar a cobertura vertical',true,2);
insert into public.quiz_options (question_id,texto,correta,ordem) values ('53a09b25-b364-40a6-bb46-9f2d4cb1e85f','O tipo de cabo',false,3);
insert into public.quiz_options (question_id,texto,correta,ordem) values ('53a09b25-b364-40a6-bb46-9f2d4cb1e85f','O nível de phantom',false,4);
insert into public.quiz_questions (id,quiz_id,texto,explicacao,ordem,pontos) values ('1ae6719e-4c8a-4c92-a943-541ec59bf7b3','cac7284d-46a2-46ce-928c-d914d4ff5c7c','O que é fundamental antes de voar (flying) um sistema de caixas?','Suspender caixas exige ferragens certificadas e cálculo de carga por segurança.',5,1);
insert into public.quiz_options (question_id,texto,correta,ordem) values ('1ae6719e-4c8a-4c92-a943-541ec59bf7b3','Aumentar o ganho',false,1);
insert into public.quiz_options (question_id,texto,correta,ordem) values ('1ae6719e-4c8a-4c92-a943-541ec59bf7b3','Rigging certificado e cálculo de carga',true,2);
insert into public.quiz_options (question_id,texto,correta,ordem) values ('1ae6719e-4c8a-4c92-a943-541ec59bf7b3','Ligar o phantom',false,3);
insert into public.quiz_options (question_id,texto,correta,ordem) values ('1ae6719e-4c8a-4c92-a943-541ec59bf7b3','Usar caixas passivas',false,4);
insert into public.lessons (id,module_id,titulo,tipo,conteudo_rico,duracao_min,ordem,tem_quiz,preview_gratis) values ('3449a072-ff89-4d1c-8c7b-fac5368ba4fa','a26992fa-1418-4a2a-a608-a24e6c8ef689','Amplificadores e Processadores de Sistema','texto','<p><strong>Para começar:</strong> Em sistemas passivos, o amplificador define potência, controle e proteção das caixas. E o processador (DSP) faz o crossover, EQ e alinhamento que transformam caixas soltas num sistema coerente.</p><p>Vamos conhecer amplificadores de potência (classes, ponte, ohms) e processadores de sistema (DSP, crossover, delay, limiter), além das marcas líderes: QSC, Crown, Powersoft e Lab.gruppen, mais o clássico processador dbx DriveRack.</p><ul><li><strong>Potência, ohms e ponte (bridge):</strong> A potência de um amplificador varia conforme a impedância da carga (2/4/8 ohms). ''Bridge'' (modo ponte) soma os dois canais para mais potência em uma caixa — respeite o mínimo de ohms do amp.</li><li><strong>Classes de amplificação:</strong> Classe AB: robusta, mais quente e pesada. Classe D / Class-D: alta eficiência, leve, padrão atual em touring. Muitos amps modernos têm fonte chaveada (SMPS) e PFC.</li><li><strong>DSP / processador de sistema:</strong> Faz o gerenciamento: crossover (separa graves/médios/agudos para cada caixa), EQ, delay (alinhamento), limiter de proteção e roteamento de zonas. Pode ser dedicado ou embutido no amplificador.</li><li><strong>Crossover e bi/triamplificação:</strong> Em vez de um crossover passivo dentro da caixa, o sistema divide as faixas antes da amplificação (ativo), enviando cada via para um canal de amp — mais controle e eficiência.</li><li><strong>Delay e alinhamento de zonas:</strong> Caixas de delay (mais ao fundo da plateia) recebem atraso para coincidir com o som do PA principal, evitando eco. Subs também são alinhados em tempo/fase com o topo.</li><li><strong>Limiter e proteção:</strong> Limiters no DSP protegem caixas e amplificadores contra picos e clipping, preservando os transdutores e a segurança do sistema.</li></ul><h4>Equipamentos / detalhes</h4><ul><li><strong>QSC PLD / PLA / CXD e GXD:</strong> Amplificadores com DSP integrado (FlexAmp/FAST). PLD: 4 canais com processamento e configuração flexível de potência por canal. GXD: amps acessíveis com limiters. Quando usar: do PA de igreja a sistemas de instalação/locação com DSP embutido.</li><li><strong>Crown XLS DriveCore / I-Tech / DCi:</strong> XLS: amps com DSP e crossover acessíveis (eventos médios). I-Tech HD: touring de alta potência com BLU link/DSP. DCi (DriveCore Install): linha de instalação com versões 70V/100V. Quando usar: do palco médio à instalação fixa e turnê.</li><li><strong>Powersoft (X Series, T Series, K/Quattrocanali, Ottocanali):</strong> Referência em amplificação de touring e instalação. Alta densidade de canais, eficiência, DSP avançado (ArmoníaPlus), monitoramento. Quattrocanali/Ottocanali (4/8 canais) para install; X/T para touring. Quando usar: grandes sistemas que exigem potência, leveza e gerenciamento por software.</li><li><strong>Lab.gruppen (PLM, D Series, FP+, IPD):</strong> Amplificadores premium de touring e instalação com Lake Processing (DSP de altíssimo nível) nas séries PLM/D. IPD: linha de instalação acessível. Quando usar: rigs de grandes line arrays (frequentemente o par natural de marcas top de caixa).</li><li><strong>dbx DriveRack (PA2, 260, VENU360):</strong> Processadores de sistema clássicos. PA2: gerenciamento completo (auto-EQ com microfone RTA, AFS anti-microfonia, crossover, delay, limiter) muito usado em igrejas/bandas. VENU360: 3 entradas / 6 saídas. Quando usar: colocar entre a mesa e os amplificadores para proteger e otimizar o PA.</li><li><strong>Outros DSP de gerenciamento (BSS, Xilica, Symetrix, Ashly):</strong> BSS Soundweb, Xilica, Symetrix e Ashly são DSPs de instalação fixa (igrejas, auditórios, corporativo) com matriz, zonas e controle por rede. Quando usar: projetos de instalação com várias zonas e automação.</li></ul><h4>Passo a passo</h4><ol><li><strong>1. Verifique caixa: potência e impedância:</strong> Leia a potência RMS e os ohms da caixa. O amplificador deve entregar potência adequada (regra comum: amp com headroom acima do RMS) na impedância correta.</li><li><strong>2. Escolha amp com ou sem DSP:</strong> Se não tem processador externo, prefira amp com DSP integrado (QSC PLD, Crown DCi, Powersoft). Senão, use DriveRack/BSS entre mesa e amps.</li><li><strong>3. Configure o crossover:</strong> Defina as frequências de corte entre sub, topo e vias conforme o fabricante das caixas. Evite sobrepor faixas indevidamente.</li><li><strong>4. Ajuste delay e alinhamento:</strong> Alinhe subs com o topo e configure caixas de delay para a plateia distante, medindo a distância/tempo.</li><li><strong>5. Ative limiters e teste com sinal real:</strong> Configure limiters de proteção, suba o volume gradualmente com música real e verifique clip/temperatura antes do público.</li></ol><p><strong>Na prática:</strong> Num sistema passivo de igreja: a mesa sai para um dbx DriveRack PA2, que faz auto-EQ da sala, anti-microfonia, crossover (sub x topo), delay e limiter; do DriveRack vai para um QSC ou Crown que amplifica as caixas. Em touring, amps Powersoft ou Lab.gruppen com Lake/ArmoníaPlus fazem todo o gerenciamento do line array por rede, monitorando temperatura e carga em tempo real.</p><h4>Resumo</h4><ul><li>Amplificadores entregam potência conforme ohms e classe (Class-D domina o touring leve e eficiente).</li><li>DSP/processador faz crossover, EQ, delay, alinhamento e limiter — coração do gerenciamento do PA.</li><li>QSC, Crown, Powersoft e Lab.gruppen lideram; dbx DriveRack é o processador clássico de igrejas/bandas.</li></ul>',20,5,true,false);
insert into public.quizzes (id,lesson_id,titulo) values ('c1b17fd3-fdd5-4737-a1a6-f1c24d333c5b','3449a072-ff89-4d1c-8c7b-fac5368ba4fa','Quiz — Amplificadores e Processadores de Sistema');
insert into public.quiz_questions (id,quiz_id,texto,explicacao,ordem,pontos) values ('391c7adb-6b16-4442-ba14-1b1c5bf678fd','c1b17fd3-fdd5-4737-a1a6-f1c24d333c5b','O que faz o crossover num sistema de som?','O crossover divide graves/médios/agudos para que cada transdutor reproduza sua faixa.',1,1);
insert into public.quiz_options (question_id,texto,correta,ordem) values ('391c7adb-6b16-4442-ba14-1b1c5bf678fd','Aumenta o phantom',false,1);
insert into public.quiz_options (question_id,texto,correta,ordem) values ('391c7adb-6b16-4442-ba14-1b1c5bf678fd','Separa as faixas de frequência enviando cada uma à caixa/via correta',true,2);
insert into public.quiz_options (question_id,texto,correta,ordem) values ('391c7adb-6b16-4442-ba14-1b1c5bf678fd','Cria reverb',false,3);
insert into public.quiz_options (question_id,texto,correta,ordem) values ('391c7adb-6b16-4442-ba14-1b1c5bf678fd','Coordena frequências de RF',false,4);
insert into public.quiz_questions (id,quiz_id,texto,explicacao,ordem,pontos) values ('afc1c441-9553-4f5a-b470-1abeacc5df74','c1b17fd3-fdd5-4737-a1a6-f1c24d333c5b','Qual classe de amplificação é padrão no touring moderno pela eficiência e leveza?','Class-D é eficiente e leve, dominando amplificadores de touring atuais.',2,1);
insert into public.quiz_options (question_id,texto,correta,ordem) values ('afc1c441-9553-4f5a-b470-1abeacc5df74','Classe A',false,1);
insert into public.quiz_options (question_id,texto,correta,ordem) values ('afc1c441-9553-4f5a-b470-1abeacc5df74','Classe AB',false,2);
insert into public.quiz_options (question_id,texto,correta,ordem) values ('afc1c441-9553-4f5a-b470-1abeacc5df74','Classe D',true,3);
insert into public.quiz_options (question_id,texto,correta,ordem) values ('afc1c441-9553-4f5a-b470-1abeacc5df74','Classe valvulada',false,4);
insert into public.quiz_questions (id,quiz_id,texto,explicacao,ordem,pontos) values ('70246b92-d57a-4739-9dfe-384b9b560b94','c1b17fd3-fdd5-4737-a1a6-f1c24d333c5b','Para que serve o delay aplicado às caixas de reforço no fundo da plateia?','O atraso faz o som das caixas de fundo coincidir com o do PA principal, evitando eco.',3,1);
insert into public.quiz_options (question_id,texto,correta,ordem) values ('70246b92-d57a-4739-9dfe-384b9b560b94','Aumentar o grave',false,1);
insert into public.quiz_options (question_id,texto,correta,ordem) values ('70246b92-d57a-4739-9dfe-384b9b560b94','Alinhar o som com o PA principal e evitar eco',true,2);
insert into public.quiz_options (question_id,texto,correta,ordem) values ('70246b92-d57a-4739-9dfe-384b9b560b94','Proteger o amplificador',false,3);
insert into public.quiz_options (question_id,texto,correta,ordem) values ('70246b92-d57a-4739-9dfe-384b9b560b94','Trocar a impedância',false,4);
insert into public.quiz_questions (id,quiz_id,texto,explicacao,ordem,pontos) values ('ae393c77-2ccb-4a79-9a71-7048406e83a1','c1b17fd3-fdd5-4737-a1a6-f1c24d333c5b','O dbx DriveRack PA2 é normalmente colocado onde?','O DriveRack fica entre a mesa e os amps, fazendo gerenciamento e proteção do PA.',4,1);
insert into public.quiz_options (question_id,texto,correta,ordem) values ('ae393c77-2ccb-4a79-9a71-7048406e83a1','Dentro do microfone',false,1);
insert into public.quiz_options (question_id,texto,correta,ordem) values ('ae393c77-2ccb-4a79-9a71-7048406e83a1','Entre a mesa e os amplificadores',true,2);
insert into public.quiz_options (question_id,texto,correta,ordem) values ('ae393c77-2ccb-4a79-9a71-7048406e83a1','Depois das caixas',false,3);
insert into public.quiz_options (question_id,texto,correta,ordem) values ('ae393c77-2ccb-4a79-9a71-7048406e83a1','No bodypack do IEM',false,4);
insert into public.quiz_questions (id,quiz_id,texto,explicacao,ordem,pontos) values ('b23b0f72-84b1-4c6d-a80f-bcc8203eae40','c1b17fd3-fdd5-4737-a1a6-f1c24d333c5b','Qual fabricante é referência em amplificação de touring com DSP avançado (ArmoníaPlus)?','A Powersoft é líder em amplificação de alta densidade com o software ArmoníaPlus.',5,1);
insert into public.quiz_options (question_id,texto,correta,ordem) values ('b23b0f72-84b1-4c6d-a80f-bcc8203eae40','dbx',false,1);
insert into public.quiz_options (question_id,texto,correta,ordem) values ('b23b0f72-84b1-4c6d-a80f-bcc8203eae40','Powersoft',true,2);
insert into public.quiz_options (question_id,texto,correta,ordem) values ('b23b0f72-84b1-4c6d-a80f-bcc8203eae40','Shure',false,3);
insert into public.quiz_options (question_id,texto,correta,ordem) values ('b23b0f72-84b1-4c6d-a80f-bcc8203eae40','Audix',false,4);
insert into public.lessons (id,module_id,titulo,tipo,conteudo_rico,duracao_min,ordem,tem_quiz,preview_gratis) values ('53bd6843-cf47-4c4c-9317-19a0f9d7f871','a26992fa-1418-4a2a-a608-a24e6c8ef689','DI, Stage Box e Cabos: a Infraestrutura do Sinal','texto','<p><strong>Para começar:</strong> Sem boa infraestrutura de sinal, nem a melhor mesa entrega resultado. DIs, stage boxes e cabos bem escolhidos eliminam ruído, zumbido e quedas — é o alicerce invisível de todo sistema profissional.</p><p>Nesta aula final você vai entender DIs (caixas de injeção direta) ativas e passivas, stage boxes analógicos e digitais, multicabos (snakes), tipos de conectores e cabos balanceados x desbalanceados. Marcas: Radial, Behringer, Allen &amp; Heath, entre outras.</p><ul><li><strong>O que é uma DI box:</strong> Direct Injection: converte um sinal desbalanceado de alta impedância (violão, baixo, teclado, saída de notebook) em balanceado de baixa impedância (XLR), permitindo cabos longos sem ruído e casando impedância.</li><li><strong>DI ativa x passiva:</strong> Passiva: usa transformador, não precisa de alimentação, ótima para sinais fortes (saída de amp, baixo ativo). Ativa: tem circuito alimentado (phantom/bateria), mais ganho e impedância para instrumentos passivos (violão com captador piezo).</li><li><strong>Balanceado x desbalanceado:</strong> Balanceado (XLR, TRS): três condutores que cancelam ruído por rejeição de modo comum — permite cabos longos. Desbalanceado (TS, RCA): dois condutores, capta mais ruído, só para distâncias curtas.</li><li><strong>Stage box analógico x digital:</strong> Analógico: caixa com conectores que concentra os XLR no palco, ligada por multicabo. Digital: digitaliza no palco e leva tudo por cabo de rede/fibra, com preamps remotos controlados pela mesa.</li><li><strong>Multicabo (snake) e conectores:</strong> Multicabo agrupa muitos canais num cabo só, terminando em caixa de palco ou leque com conectores. Padrões: XLR (microfone/linha balanceada), TS/TRS (P10), RCA, Speakon (alto-falante), conectores de rede (etherCON) e fibra para digital.</li><li><strong>Aterramento e ground lift:</strong> Zumbido (hum) de 60 Hz costuma vir de loop de terra. DIs têm chave ''ground lift'' para quebrar o loop. Use fontes na mesma fase e fiação de aterramento adequada.</li></ul><h4>Equipamentos / detalhes</h4><ul><li><strong>Radial JDI:</strong> DI passiva de referência mundial, com transformador Jensen. Som limpo, alto headroom, sem necessidade de alimentação. Quando usar: baixo, teclado, saídas de instrumentos fortes onde se quer máxima fidelidade e zero ruído.</li><li><strong>Radial J48 / ProDI / ProAV2 / ProD2:</strong> J48: DI ativa premium (phantom) para instrumentos passivos. ProDI: passiva robusta. ProAV2/ProD2: estéreo para playback/notebook. Quando usar: violão com piezo (ativa), playback estéreo de mídia (ProAV2), DI confiável de palco (ProDI).</li><li><strong>Behringer DI (DI400P / DI100 / Ultra-DI):</strong> DIs de custo-benefício. DI400P: passiva simples. DI100/Ultra-DI: ativa com ground lift e atenuação. Quando usar: igrejas e bandas com orçamento enxuto que precisam de várias DIs.</li><li><strong>BSS AR-133 e Countryman Type 85:</strong> AR-133: DI ativa padrão de aluguel/rider mundial, muito robusta. Countryman Type 85: DI ativa clássica para violão/teclado. Quando usar: produções e riders profissionais que pedem DIs de referência.</li><li><strong>Stage box digital Allen &amp; Heath (DX/AR Series):</strong> Caixas de palco digitais (DX168, AR2412/AR84) que conectam às mesas SQ/dLive via gigaACE/SLink/DX link, com preamps remotos. Quando usar: levar entradas/saídas ao palco por um cabo só no ecossistema A&amp;H.</li><li><strong>Stage box digital Behringer (S16 / S32) e Midas DL:</strong> S16/S32: stage boxes digitais que conectam ao X32/M32 por AES50 (cabo de rede blindado), com preamps Midas. Midas DL: versões para a linha PRO. Quando usar: expandir entradas/saídas no palco do X32/M32.</li><li><strong>Stage box Dante (Yamaha Rio, Focusrite RedNet, Audinate):</strong> Yamaha Rio (R-series): I/O remoto Dante das mesas CL/QL. Focusrite RedNet: interfaces/stage I/O Dante. Quando usar: sistemas baseados em Dante que precisam de preamps remotos e roteamento por rede.</li><li><strong>Multicabos e cabos (Santo Angelo, Sommer, Canare, Neutrik):</strong> Multicabo analógico (snake) com leque XLR; cabos de microfone XLR balanceados; cabos de alto-falante com Speakon; cabo de rede blindado Cat5e/6 (etherCON) para digital. Conectores Neutrik são padrão de qualidade. Quando usar: a fiação que conecta todo o sistema com confiabilidade.</li></ul><h4>Passo a passo</h4><ol><li><strong>1. Identifique a fonte e escolha a DI certa:</strong> Sinal forte/baixo ativo: DI passiva (JDI). Instrumento passivo/piezo: DI ativa (J48). Playback estéreo: DI estéreo (ProAV2).</li><li><strong>2. Decida stage box analógico ou digital:</strong> Poucos canais e distância curta: multicabo analógico. Muitos canais/distância longa: stage box digital + cabo de rede/fibra.</li><li><strong>3. Use cabos balanceados sempre que possível:</strong> Prefira XLR/TRS balanceados para microfones e linhas longas; reserve TS/RCA desbalanceado para trechos curtos.</li><li><strong>4. Combata o zumbido com ground lift:</strong> Se houver hum de 60 Hz, acione o ground lift da DI e verifique se todos os equipamentos estão na mesma fase de energia.</li><li><strong>5. Identifique e teste cada cabo:</strong> Etiquete canais, faça teste de continuidade e cheque conectores antes do evento — falha de cabo é a causa nº 1 de problema no palco.</li></ol><p><strong>Na prática:</strong> Numa banda: baixo ativo numa Radial JDI (passiva), violão com piezo numa Radial J48 (ativa, com phantom), e o notebook do playback numa DI estéreo ProAV2. Tudo isso entra num stage box digital S16 no palco, ligado ao X32 por um único cabo de rede blindado. Microfones em cabos XLR balanceados etiquetados, caixas em Speakon. Se aparecer zumbido, primeiro teste o ground lift das DIs.</p><h4>Resumo</h4><ul><li>DI converte sinal desbalanceado de alta impedância em balanceado (XLR): passiva para sinais fortes, ativa para instrumentos passivos.</li><li>Stage box digital + cabo de rede substitui o multicabo analógico e leva preamps ao palco.</li><li>Cabos balanceados, conectores de qualidade (Neutrik/Speakon) e ground lift garantem sinal limpo e sem ruído.</li></ul>',20,6,true,false);
insert into public.quizzes (id,lesson_id,titulo) values ('b1432535-f27b-4785-a7c9-6951c1042fa7','53bd6843-cf47-4c4c-9317-19a0f9d7f871','Quiz — DI, Stage Box e Cabos: a Infraestrutura do Sinal');
insert into public.quiz_questions (id,quiz_id,texto,explicacao,ordem,pontos) values ('cfce844c-89d3-4c51-a72e-57c86f817327','b1432535-f27b-4785-a7c9-6951c1042fa7','Para que serve uma DI box?','A DI casa impedância e balanceia o sinal, permitindo cabos longos sem ruído.',1,1);
insert into public.quiz_options (question_id,texto,correta,ordem) values ('cfce844c-89d3-4c51-a72e-57c86f817327','Amplificar a caixa',false,1);
insert into public.quiz_options (question_id,texto,correta,ordem) values ('cfce844c-89d3-4c51-a72e-57c86f817327','Converter sinal desbalanceado de alta impedância em balanceado de baixa impedância',true,2);
insert into public.quiz_options (question_id,texto,correta,ordem) values ('cfce844c-89d3-4c51-a72e-57c86f817327','Gerar reverb',false,3);
insert into public.quiz_options (question_id,texto,correta,ordem) values ('cfce844c-89d3-4c51-a72e-57c86f817327','Coordenar RF',false,4);
insert into public.quiz_questions (id,quiz_id,texto,explicacao,ordem,pontos) values ('211d7eca-25fe-466c-9c09-b59c27dfa458','b1432535-f27b-4785-a7c9-6951c1042fa7','Quando usar uma DI ativa em vez de passiva?','DI ativa oferece mais ganho e impedância, ideal para instrumentos passivos/piezo.',2,1);
insert into public.quiz_options (question_id,texto,correta,ordem) values ('211d7eca-25fe-466c-9c09-b59c27dfa458','Para baixo ativo de saída forte',false,1);
insert into public.quiz_options (question_id,texto,correta,ordem) values ('211d7eca-25fe-466c-9c09-b59c27dfa458','Para instrumentos passivos como violão com captador piezo',true,2);
insert into public.quiz_options (question_id,texto,correta,ordem) values ('211d7eca-25fe-466c-9c09-b59c27dfa458','Sempre que houver phantom',false,3);
insert into public.quiz_options (question_id,texto,correta,ordem) values ('211d7eca-25fe-466c-9c09-b59c27dfa458','Apenas para alto-falantes',false,4);
insert into public.quiz_questions (id,quiz_id,texto,explicacao,ordem,pontos) values ('ed2705fd-3e3c-43d6-86ed-daaa35926dee','b1432535-f27b-4785-a7c9-6951c1042fa7','Qual a vantagem de um cabo balanceado (XLR/TRS)?','O balanceado usa três condutores que cancelam ruído, suportando longas distâncias.',3,1);
insert into public.quiz_options (question_id,texto,correta,ordem) values ('ed2705fd-3e3c-43d6-86ed-daaa35926dee','É mais barato',false,1);
insert into public.quiz_options (question_id,texto,correta,ordem) values ('ed2705fd-3e3c-43d6-86ed-daaa35926dee','Cancela ruído por rejeição de modo comum, permitindo cabos longos',true,2);
insert into public.quiz_options (question_id,texto,correta,ordem) values ('ed2705fd-3e3c-43d6-86ed-daaa35926dee','Não precisa de conector',false,3);
insert into public.quiz_options (question_id,texto,correta,ordem) values ('ed2705fd-3e3c-43d6-86ed-daaa35926dee','Aumenta o grave',false,4);
insert into public.quiz_questions (id,quiz_id,texto,explicacao,ordem,pontos) values ('ce36d004-e43a-48cc-96fc-359df3f2ea52','b1432535-f27b-4785-a7c9-6951c1042fa7','O que costuma causar zumbido de 60 Hz e como atenuar?','Hum de 60 Hz vem de loop de terra; o ground lift quebra o loop e reduz o ruído.',4,1);
insert into public.quiz_options (question_id,texto,correta,ordem) values ('ce36d004-e43a-48cc-96fc-359df3f2ea52','Phantom; desligando a mesa',false,1);
insert into public.quiz_options (question_id,texto,correta,ordem) values ('ce36d004-e43a-48cc-96fc-359df3f2ea52','Loop de terra; acionando o ground lift da DI',true,2);
insert into public.quiz_options (question_id,texto,correta,ordem) values ('ce36d004-e43a-48cc-96fc-359df3f2ea52','Excesso de agudos; subindo o EQ',false,3);
insert into public.quiz_options (question_id,texto,correta,ordem) values ('ce36d004-e43a-48cc-96fc-359df3f2ea52','Cabo curto; trocando o microfone',false,4);
insert into public.quiz_questions (id,quiz_id,texto,explicacao,ordem,pontos) values ('c1e801e3-613f-40a3-a23f-992071aa1a2a','b1432535-f27b-4785-a7c9-6951c1042fa7','Qual conector é o padrão para ligar amplificador às caixas (alto-falante)?','O Speakon (Neutrik) é o conector padrão e seguro para sinais de potência de alto-falante.',5,1);
insert into public.quiz_options (question_id,texto,correta,ordem) values ('c1e801e3-613f-40a3-a23f-992071aa1a2a','RCA',false,1);
insert into public.quiz_options (question_id,texto,correta,ordem) values ('c1e801e3-613f-40a3-a23f-992071aa1a2a','XLR',false,2);
insert into public.quiz_options (question_id,texto,correta,ordem) values ('c1e801e3-613f-40a3-a23f-992071aa1a2a','Speakon',true,3);
insert into public.quiz_options (question_id,texto,correta,ordem) values ('c1e801e3-613f-40a3-a23f-992071aa1a2a','USB',false,4);

-- CURSO: Pleno — Luz
insert into public.courses (id,titulo,slug,descricao_curta,nivel,categoria,categorias,tipo,carga_horaria,total_aulas,ativo,destaque,ordem) values
  ('2a795665-27a5-45b2-b392-4da014b9450c','Pleno — Luz','pleno-luz','Curso Pleno — Luz — SMU PRO','pleno','luz','{}','free',853,24,false,false,5);
insert into public.modules (id,course_id,titulo,ordem) values ('9ea43da2-68fb-4521-8577-427478edff50','2a795665-27a5-45b2-b392-4da014b9450c','Módulo 1 — Fundamentos da Luz e a Profissão do Iluminador',1);
insert into public.lessons (id,module_id,titulo,tipo,conteudo_rico,duracao_min,ordem,tem_quiz,preview_gratis) values ('85ca6d52-81f0-42e6-944e-25f99b042170','9ea43da2-68fb-4521-8577-427478edff50','O que faz um Light Designer / Operador de Luz','texto','<p><strong>Para começar:</strong> Antes de tocar em qualquer mesa, entenda quem você quer ser: o profissional que transforma watts em emoção.</p><p>A iluminação cênica não é apenas ''acender luzes''. É uma linguagem visual que conta histórias, marca o ritmo da música e dirige o olhar do público. Nesta aula você vai mapear as funções, responsabilidades e a cadeia de comando de uma produção, distinguindo papéis que muita gente confunde: o Light Designer (LD), que concebe o desenho; o operador, que executa na mesa; e o técnico/roadie de luz, que monta, conecta e mantém o rig. Vamos também situar onde a luz se encaixa entre som, vídeo, palco e direção.</p><ul><li><strong>Iluminação como linguagem:</strong> Iluminar é comunicar. Temperatura de cor, intensidade, distribuição e padrão de luz são as ''palavras'' do iluminador. O mesmo palco com luz quente e baixa transmite intimidade; com luz fria, intensa e em movimento, transmite energia de festa. Dominar essa gramática é o que separa o operador do designer.</li><li><strong>Light Designer (LD):</strong> É o autor do conceito visual. Define paleta de cores, ângulos, momentos-chave e como a luz acompanha a narrativa ou o setlist. Produz o rider técnico, o plot (planta de luz) e a lista de cues. Em turnês grandes, o LD frequentemente opera a mesa; em produções menores, ele entrega a programação para um operador local.</li><li><strong>Operador de luz:</strong> Executa o show na mesa. Pode rodar uma cuelist pré-programada (apertando GO a cada música) ou tocar ''no improviso'' (busking), reagindo à banda em tempo real. Precisa conhecer a fundo a navegação do console, ter reflexo musical e calma sob pressão — um GO errado na hora errada estraga o clímax.</li><li><strong>Técnico / roadie de luz:</strong> Responsável pela parte física: montar truss, pendurar e endereçar fixtures, passar cabos DMX e AC, focar refletores e fazer manutenção. É quem garante que, quando o operador apertar um botão, algo realmente aconteça. Em produções pequenas, uma só pessoa acumula LD, operador e técnico.</li><li><strong>A cadeia de comando:</strong> Numa produção típica: Direção/Artista define a intenção → Produtor viabiliza → LD desenha → equipe de luz monta → operador executa. A luz dialoga constantemente com o operador de som (PA), o diretor de palco (stage manager) e o vídeo/LED. Comunicação clara por intercom é parte do trabalho.</li><li><strong>Onde se trabalha:</strong> Shows e festivais, teatro, TV e cinema, eventos corporativos, casamentos, igrejas, baladas, desfiles e instalações artísticas. Cada nicho tem ritmo e exigências próprias: teatro valoriza precisão e repetição de cues; show de festival valoriza impacto e busking; corporativo valoriza branding e luz limpa no palestrante.</li></ul><p><strong>Na prática:</strong> Num show de médio porte de banda de rock, o LD chega com o rider já enviado à casa. A casa entrega o rig montado. O LD/operador faz o ''patch'' batendo os endereços com o que está pendurado, programa cores e posições durante a passagem de som e, à noite, opera a mesa lendo a banda: puxa strobes no refrão, fecha tudo (blackout) no fim de uma balada e abre wash âmbar quente na próxima. Três funções, às vezes uma pessoa só.</p><h4>Resumo</h4><ul><li>Iluminar é contar histórias com luz, não apenas acender refletores.</li><li>LD concebe, operador executa, técnico monta e mantém — em pequenas produções tudo isso pode ser uma pessoa.</li><li>O iluminador trabalha em equipe e em diálogo constante com som, palco e direção.</li></ul>',25,1,true,true);
insert into public.quizzes (id,lesson_id,titulo) values ('0a21973e-493f-463a-b2da-ff317c333c9f','85ca6d52-81f0-42e6-944e-25f99b042170','Quiz — O que faz um Light Designer / Operador de Luz');
insert into public.quiz_questions (id,quiz_id,texto,explicacao,ordem,pontos) values ('b5bb5e2e-a736-4597-9e4a-f731f2829a5c','0a21973e-493f-463a-b2da-ff317c333c9f','Qual profissional é o autor do conceito visual e produz o rider e a planta de luz?','O Light Designer concebe o desenho, define paleta, ângulos e momentos-chave, e documenta tudo no rider e no plot.',1,1);
insert into public.quiz_options (question_id,texto,correta,ordem) values ('b5bb5e2e-a736-4597-9e4a-f731f2829a5c','O operador de mesa',false,1);
insert into public.quiz_options (question_id,texto,correta,ordem) values ('b5bb5e2e-a736-4597-9e4a-f731f2829a5c','O Light Designer (LD)',true,2);
insert into public.quiz_options (question_id,texto,correta,ordem) values ('b5bb5e2e-a736-4597-9e4a-f731f2829a5c','O roadie de cabos',false,3);
insert into public.quiz_options (question_id,texto,correta,ordem) values ('b5bb5e2e-a736-4597-9e4a-f731f2829a5c','O operador de som',false,4);
insert into public.quiz_questions (id,quiz_id,texto,explicacao,ordem,pontos) values ('20a3900b-3b2d-4974-9f5c-9d129eb28387','0a21973e-493f-463a-b2da-ff317c333c9f','Operar ''no improviso'', reagindo à banda em tempo real, chama-se:','Busking é tocar a luz ao vivo sem cuelist fixa, reagindo à música — comum em shows de banda.',2,1);
insert into public.quiz_options (question_id,texto,correta,ordem) values ('20a3900b-3b2d-4974-9f5c-9d129eb28387','Patch',false,1);
insert into public.quiz_options (question_id,texto,correta,ordem) values ('20a3900b-3b2d-4974-9f5c-9d129eb28387','Blackout',false,2);
insert into public.quiz_options (question_id,texto,correta,ordem) values ('20a3900b-3b2d-4974-9f5c-9d129eb28387','Busking',true,3);
insert into public.quiz_options (question_id,texto,correta,ordem) values ('20a3900b-3b2d-4974-9f5c-9d129eb28387','Rigging',false,4);
insert into public.quiz_questions (id,quiz_id,texto,explicacao,ordem,pontos) values ('dfc926b6-c2c9-401f-9786-377e5f57d16d','0a21973e-493f-463a-b2da-ff317c333c9f','Quais são os quatro pilares técnicos da luz citados como a ''gramática'' do iluminador?','Temperatura de cor, intensidade luminosa, distribuição e padrão de luz são os fundamentos descritos no material-base.',3,1);
insert into public.quiz_options (question_id,texto,correta,ordem) values ('dfc926b6-c2c9-401f-9786-377e5f57d16d','Watt, volt, ampère e ohm',false,1);
insert into public.quiz_options (question_id,texto,correta,ordem) values ('dfc926b6-c2c9-401f-9786-377e5f57d16d','Cor, intensidade, distribuição e padrão',true,2);
insert into public.quiz_options (question_id,texto,correta,ordem) values ('dfc926b6-c2c9-401f-9786-377e5f57d16d','Spot, beam, wash e strobe',false,3);
insert into public.quiz_options (question_id,texto,correta,ordem) values ('dfc926b6-c2c9-401f-9786-377e5f57d16d','Som, vídeo, palco e luz',false,4);
insert into public.quiz_questions (id,quiz_id,texto,explicacao,ordem,pontos) values ('bc6e211d-2dd7-482e-b335-7beaba6fa06b','0a21973e-493f-463a-b2da-ff317c333c9f','Em uma produção pequena, é comum que:','Em produções menores, uma única pessoa frequentemente desenha, monta e opera a luz.',4,1);
insert into public.quiz_options (question_id,texto,correta,ordem) values ('bc6e211d-2dd7-482e-b335-7beaba6fa06b','Cada função tenha 3 pessoas dedicadas',false,1);
insert into public.quiz_options (question_id,texto,correta,ordem) values ('bc6e211d-2dd7-482e-b335-7beaba6fa06b','Uma só pessoa acumule LD, operador e técnico',true,2);
insert into public.quiz_options (question_id,texto,correta,ordem) values ('bc6e211d-2dd7-482e-b335-7beaba6fa06b','Não exista operador de luz',false,3);
insert into public.quiz_options (question_id,texto,correta,ordem) values ('bc6e211d-2dd7-482e-b335-7beaba6fa06b','O som controle a luz',false,4);
insert into public.lessons (id,module_id,titulo,tipo,conteudo_rico,duracao_min,ordem,tem_quiz,preview_gratis) values ('2841b269-4af1-4045-a5e0-5aa4242eb4ae','9ea43da2-68fb-4521-8577-427478edff50','Física da Luz: cor, intensidade, distância e ângulo','texto','<p><strong>Para começar:</strong> A luz obedece a leis físicas. Quem as ignora, briga com a luz; quem as domina, esculpe com ela.</p><p>Esta é a aula mais ''científica'' do módulo, e a base de tudo que vem depois. Você vai entender temperatura de cor (Kelvin), o que é CRI, como a intensidade cai com a distância (a famosa lei do inverso do quadrado), por que o ângulo da luz muda completamente a leitura de um rosto ou objeto, e como sombra e contraste criam profundidade. São conceitos que aparecem em cada decisão de patch e foco.</p><ul><li><strong>Temperatura de cor (Kelvin):</strong> Mede a tonalidade da luz branca. Valores baixos (≈2700–3200 K) são quentes/amarelados, lembram lâmpada incandescente e criam aconchego. Valores altos (≈5600–6500 K) são frios/azulados, lembram luz do dia, transmitem energia ou frieza. Fixtures de LED RGBW ou de branco variável permitem ajustar isso. Misturar temperaturas no palco é uma escolha estética, não um erro.</li><li><strong>CRI / IRC (reprodução de cor):</strong> O Índice de Reprodução de Cor (0 a 100) indica o quão fiel a luz mostra as cores reais de pele, figurino e cenário. CRI alto (&gt;90) é essencial para TV, cinema e moda; LEDs baratos com CRI baixo deixam a pele ''esverdeada'' ou lavada na câmera. Sempre verifique o CRI no datasheet quando houver câmera no evento.</li><li><strong>Intensidade e a lei do inverso do quadrado:</strong> A intensidade percebida cai com o quadrado da distância: dobrar a distância entre fixture e objeto reduz a iluminância a cerca de 1/4. Por isso um refletor que ilumina bem a 5 m parece fraco a 10 m. Em projetos, isso exige equilibrar potência da fonte versus cobertura desejada e posicionar fixtures pensando na distância real ao alvo.</li><li><strong>Ângulo de incidência:</strong> De onde a luz vem muda tudo. Luz frontal achata e revela detalhes (boa para leitura, ruim para volume); luz lateral (45° é clássica) modela e dá relevo; contraluz (atrás) recorta a silhueta e separa o artista do fundo; luz de baixo (uplight) cria tensão/terror; luz de cima fecha demais os olhos. O LD combina ângulos para esculpir o corpo no espaço.</li><li><strong>Distância, foco e qualidade da sombra:</strong> Fontes próximas geram sombras duras e contraste forte; fontes distantes ou grandes/difusas geram sombras suaves. Fontes pequenas e duras (beam) cortam o ar; fontes amplas (wash, ribalta) banham. O tamanho aparente da fonte, não só a distância, define a ''dureza'' da sombra.</li><li><strong>Contraste, profundidade e densidade:</strong> Profundidade nasce do jogo entre luz e sombra. Iluminar tudo por igual deixa a cena ''chapada''. Variar a densidade (intensidade) entre planos — mais luz no artista, menos no fundo — cria camadas e tridimensionalidade. Contraste controlado guia o olho sem ofuscar o resto da cena.</li></ul><h4>Equipamentos / detalhes</h4><ul><li><strong>Termômetro de cor / referência Kelvin:</strong> Não é um equipamento que se compra para o rig, mas uma referência mental. Saber que 3200 K é o branco quente teatral clássico e 5600 K é o branco-dia ajuda a escolher gelatinas de correção (CTB/CTO) e a configurar o branco de LEDs.</li><li><strong>Fixtures de branco variável (tunable white):</strong> PARs e painéis LED que ajustam o Kelvin de ~2700 a ~6500 K por DMX. Úteis em TV, corporativo e teatro quando se quer mudar o ''clima'' do branco sem trocar gelatina.</li></ul><h4>Passo a passo</h4><ol><li><strong>Testar a lei do inverso do quadrado:</strong> Aponte um PAR para uma parede a 2 m e observe o tamanho e o brilho do círculo. Afaste para 4 m: o círculo dobra de diâmetro e o brilho cai para cerca de 1/4. Isso treina a intuição de quanta potência você precisa para cada distância.</li><li><strong>Sentir o ângulo:</strong> Peça a alguém para ficar em pé. Ilumine de frente, depois de 45° lateral, depois por trás, depois de baixo. Observe como cada ângulo muda a leitura do rosto e do corpo. Esse exercício é a base do foco em qualquer produção.</li><li><strong>Comparar dureza de sombra:</strong> Compare a sombra de um beam (fonte pequena/dura) com a de um wash difuso na mesma parede. A diferença na nitidez da borda da sombra é a ''qualidade'' da luz.</li></ol><p><strong>Na prática:</strong> Num evento de TV corporativo, o palestrante aparecia ''doente'' na câmera. O técnico mediu: os PARs LED tinham CRI ~80 e temperatura inconsistente. Trocando por fixtures de CRI &gt;90 a 4000 K e equilibrando a intensidade frontal com um leve contraluz, a pele voltou a ter cor natural e o palestrante ganhou volume e separação do fundo.</p><h4>Resumo</h4><ul><li>Kelvin define a tonalidade do branco; CRI define a fidelidade das cores.</li><li>A intensidade cai com o quadrado da distância — distância e potência andam juntas.</li><li>Ângulo e qualidade da sombra esculpem volume e profundidade na cena.</li></ul>',30,2,true,false);
insert into public.quizzes (id,lesson_id,titulo) values ('61eb17d5-af36-4b91-a2ed-aceefde1c7f3','2841b269-4af1-4045-a5e0-5aa4242eb4ae','Quiz — Física da Luz: cor, intensidade, distância e ângulo');
insert into public.quiz_questions (id,quiz_id,texto,explicacao,ordem,pontos) values ('3973733e-4e28-47fd-bee7-5c74f545b7f2','61eb17d5-af36-4b91-a2ed-aceefde1c7f3','Uma luz de 3000 K é descrita como:','Temperaturas baixas (≈2700–3200 K) produzem branco quente/amarelado, tipo incandescente.',1,1);
insert into public.quiz_options (question_id,texto,correta,ordem) values ('3973733e-4e28-47fd-bee7-5c74f545b7f2','Fria e azulada',false,1);
insert into public.quiz_options (question_id,texto,correta,ordem) values ('3973733e-4e28-47fd-bee7-5c74f545b7f2','Quente e amarelada',true,2);
insert into public.quiz_options (question_id,texto,correta,ordem) values ('3973733e-4e28-47fd-bee7-5c74f545b7f2','Neutra e verde',false,3);
insert into public.quiz_options (question_id,texto,correta,ordem) values ('3973733e-4e28-47fd-bee7-5c74f545b7f2','Ultravioleta',false,4);
insert into public.quiz_questions (id,quiz_id,texto,explicacao,ordem,pontos) values ('b4e4647a-f7ed-4aa8-b593-1b612dbd0aa2','61eb17d5-af36-4b91-a2ed-aceefde1c7f3','Se você dobra a distância entre o refletor e o objeto, a iluminância no objeto fica aproximadamente:','Pela lei do inverso do quadrado, a intensidade cai com o quadrado da distância: o dobro de distância dá cerca de 1/4 da luz.',2,1);
insert into public.quiz_options (question_id,texto,correta,ordem) values ('b4e4647a-f7ed-4aa8-b593-1b612dbd0aa2','O dobro',false,1);
insert into public.quiz_options (question_id,texto,correta,ordem) values ('b4e4647a-f7ed-4aa8-b593-1b612dbd0aa2','A metade',false,2);
insert into public.quiz_options (question_id,texto,correta,ordem) values ('b4e4647a-f7ed-4aa8-b593-1b612dbd0aa2','Um quarto',true,3);
insert into public.quiz_options (question_id,texto,correta,ordem) values ('b4e4647a-f7ed-4aa8-b593-1b612dbd0aa2','Igual',false,4);
insert into public.quiz_questions (id,quiz_id,texto,explicacao,ordem,pontos) values ('0d7c8a9c-a210-4e6b-9d16-e0c04c5a08e4','61eb17d5-af36-4b91-a2ed-aceefde1c7f3','Para revelar volume e relevo no rosto de um artista, o ângulo mais indicado costuma ser:','A luz lateral (clássica em 45°) modela o rosto criando relevo; a frontal achata.',3,1);
insert into public.quiz_options (question_id,texto,correta,ordem) values ('0d7c8a9c-a210-4e6b-9d16-e0c04c5a08e4','Frontal achatado',false,1);
insert into public.quiz_options (question_id,texto,correta,ordem) values ('0d7c8a9c-a210-4e6b-9d16-e0c04c5a08e4','Lateral em torno de 45°',true,2);
insert into public.quiz_options (question_id,texto,correta,ordem) values ('0d7c8a9c-a210-4e6b-9d16-e0c04c5a08e4','Totalmente por baixo',false,3);
insert into public.quiz_options (question_id,texto,correta,ordem) values ('0d7c8a9c-a210-4e6b-9d16-e0c04c5a08e4','Nenhuma luz',false,4);
insert into public.quiz_questions (id,quiz_id,texto,explicacao,ordem,pontos) values ('6aa8be39-33bf-411a-81da-05f8c5588220','61eb17d5-af36-4b91-a2ed-aceefde1c7f3','CRI alto (>90) é especialmente importante quando:','CRI alto garante reprodução fiel das cores de pele e figurino, essencial quando há captação de imagem.',4,1);
insert into public.quiz_options (question_id,texto,correta,ordem) values ('6aa8be39-33bf-411a-81da-05f8c5588220','O evento é só áudio',false,1);
insert into public.quiz_options (question_id,texto,correta,ordem) values ('6aa8be39-33bf-411a-81da-05f8c5588220','Há câmeras de TV/cinema filmando',true,2);
insert into public.quiz_options (question_id,texto,correta,ordem) values ('6aa8be39-33bf-411a-81da-05f8c5588220','Não há figurino colorido',false,3);
insert into public.quiz_options (question_id,texto,correta,ordem) values ('6aa8be39-33bf-411a-81da-05f8c5588220','A luz é monocromática',false,4);
insert into public.quiz_questions (id,quiz_id,texto,explicacao,ordem,pontos) values ('e744f3cd-663a-4c24-b9e1-e23ef45b464a','61eb17d5-af36-4b91-a2ed-aceefde1c7f3','Uma fonte de luz pequena e dura, próxima do objeto, tende a gerar:','Fontes pequenas e próximas produzem sombras de borda nítida; fontes grandes/difusas suavizam a sombra.',5,1);
insert into public.quiz_options (question_id,texto,correta,ordem) values ('e744f3cd-663a-4c24-b9e1-e23ef45b464a','Sombras suaves e difusas',false,1);
insert into public.quiz_options (question_id,texto,correta,ordem) values ('e744f3cd-663a-4c24-b9e1-e23ef45b464a','Nenhuma sombra',false,2);
insert into public.quiz_options (question_id,texto,correta,ordem) values ('e744f3cd-663a-4c24-b9e1-e23ef45b464a','Sombras duras e bem definidas',true,3);
insert into public.quiz_options (question_id,texto,correta,ordem) values ('e744f3cd-663a-4c24-b9e1-e23ef45b464a','Luz sem direção',false,4);
insert into public.lessons (id,module_id,titulo,tipo,conteudo_rico,duracao_min,ordem,tem_quiz,preview_gratis) values ('85926bc6-de4b-421c-aff5-e263a9a9e72b','9ea43da2-68fb-4521-8577-427478edff50','Documentação, normas (NRs) e segurança elétrica e em altura','texto','<p><strong>Para começar:</strong> Show bom é show que termina com todo mundo inteiro. Segurança não é burocracia — é a primeira competência técnica.</p><p>Iluminação cênica envolve eletricidade de potência, estruturas suspensas e trabalho em altura. Esta aula cobre os documentos profissionais para atuar no Brasil, as Normas Regulamentadoras (NRs) relevantes, e os fundamentos de segurança elétrica e de rigging que todo técnico precisa interiorizar antes de subir num truss ou ligar um cabo de AC.</p><ul><li><strong>Documentação do profissional:</strong> Para atuar legalmente no Brasil: CPF, e, se autônomo, registro adequado na Receita. Funções de engenharia elétrica podem exigir registro no CREA. Trabalho em estrutura elevada exige treinamento de NR 35 (trabalho em altura). Equipamentos de RF (microfones sem fio) podem exigir autorização ANATEL — relevante quando luz e som compartilham a mesma produção.</li><li><strong>NRs essenciais para luz:</strong> NR 6 (EPIs — capacete, luva, cinto de segurança, calçado); NR 10 (segurança em instalações e serviços em eletricidade — fundamental para quem mexe em AC); NR 35 (trabalho em altura — obrigatória para montagem de truss e grid); NR 12 (máquinas), NR 23 (incêndio) e NR 17 (ergonomia) também aparecem. O material-base cita ainda NR 7, NR 9, NR 15 e NR 33 (espaço confinado).</li><li><strong>Segurança elétrica — o básico que salva:</strong> Conhecer tensão (110/220 V), corrente (ampères) e potência (watts) de cada fixture é obrigatório para dimensionar circuitos. Some os watts do rig, calcule a corrente (P = V × I) e nunca sobrecarregue uma fase. Use cabeamento e plugues adequados, aterramento, e DR/disjuntores. Cabo de AC subdimensionado aquece e pega fogo.</li><li><strong>Rigging e trabalho em altura:</strong> Toda fixture pendurada precisa de fixação primária (clamp/garra) e secundária (cabo de aço de segurança / safety). Truss e talhas têm carga máxima de trabalho (WLL) que jamais deve ser excedida. Quem sobe usa capacete, cinto e linha de vida (NR 35). Ninguém transita sob carga suspensa.</li><li><strong>EPIs e EPC no dia a dia:</strong> Equipamento de Proteção Individual: capacete, luvas, óculos, calçado de segurança, cinto/talabarte para altura. Equipamento de Proteção Coletiva: sinalização de área, isolamento sob o truss, aterramento. Fixtures e dimmers esquentam — luva ao manusear após uso evita queimadura.</li><li><strong>Documentos do evento:</strong> Além do rider, eventos exigem alvará de funcionamento, laudo técnico de segurança, autorização do Corpo de Bombeiros e, em instalações elétricas, ART (Anotação de Responsabilidade Técnica) assinada por engenheiro eletricista. Sem esses papéis, o show pode ser interditado.</li></ul><h4>Equipamentos / detalhes</h4><ul><li><strong>EPIs de luz (capacete, luva, cinto NR 35):</strong> Capacete na montagem do grid; luvas para manusear fixtures quentes e cabos; cinto de segurança com talabarte duplo e absorvedor de energia para qualquer trabalho acima de 2 m. Calçado fechado sempre.</li><li><strong>Cabo de aço de segurança (safety/wire):</strong> Fixação secundária obrigatória em toda fixture suspensa. Se a garra primária falhar, o safety segura a luminária e evita queda sobre o público. Deve ter carga compatível com o peso da fixture.</li><li><strong>Multímetro / alicate amperímetro:</strong> Mede tensão, continuidade e corrente. Usado para conferir fase/neutro, verificar aterramento e medir o consumo real de um circuito antes de sobrecarregá-lo.</li></ul><h4>Passo a passo</h4><ol><li><strong>Calcular a carga de um circuito:</strong> Some a potência (W) de todas as fixtures que vão num mesmo circuito. Divida pela tensão (110 ou 220 V) para achar a corrente em ampères (I = P ÷ V). Garanta que essa corrente fique abaixo do limite do disjuntor e do cabo, com margem de segurança (não passe de ~80% do nominal).</li><li><strong>Pendurar uma fixture com segurança:</strong> 1) Fixe a garra/clamp no truss e aperte. 2) Passe o cabo de aço de segurança ao redor do truss e prenda na fixture. 3) Verifique a trava do tilt. 4) Conecte AC e DMX deixando alça de cabo (sem tração no conector). 5) Confira que nada está sob a carga.</li><li><strong>Checklist de energização:</strong> Antes de ligar: confira aterramento, ausência de cabos descascados, plugues corretos e que o disjuntor suporta a carga. Ligue por etapas (não tudo de uma vez) para evitar pico de corrente.</li></ol><p><strong>Na prática:</strong> Numa montagem de festival, o técnico distribuiu 12 moving heads de 600 W cada em uma única fase de 220 V. Conta rápida: 12 × 600 = 7.200 W ÷ 220 V ≈ 33 A — acima do disjuntor de 32 A e perto do limite do cabo. Ele redistribuiu metade das fixtures para outra fase, evitando desarme no meio do show e superaquecimento do cabo de AC.</p><h4>Resumo</h4><ul><li>Segurança elétrica e de rigging vem antes de qualquer efeito visual.</li><li>NR 10 (eletricidade) e NR 35 (altura) são as normas mais críticas para a luz.</li><li>Toda fixture suspensa precisa de garra primária e cabo de aço de segurança.</li></ul>',30,3,true,false);
insert into public.quizzes (id,lesson_id,titulo) values ('4c5f8642-4d1f-4e05-aba4-544e8df91790','85926bc6-de4b-421c-aff5-e263a9a9e72b','Quiz — Documentação, normas (NRs) e segurança elétrica e em altura');
insert into public.quiz_questions (id,quiz_id,texto,explicacao,ordem,pontos) values ('7f7745d3-bbaa-4ad9-9de2-24a1fc6eb04a','4c5f8642-4d1f-4e05-aba4-544e8df91790','Qual NR trata especificamente do trabalho em altura, obrigatória para montar truss?','A NR 35 regula o trabalho em altura (acima de 2 m), exigindo treinamento, cinto e linha de vida.',1,1);
insert into public.quiz_options (question_id,texto,correta,ordem) values ('7f7745d3-bbaa-4ad9-9de2-24a1fc6eb04a','NR 6',false,1);
insert into public.quiz_options (question_id,texto,correta,ordem) values ('7f7745d3-bbaa-4ad9-9de2-24a1fc6eb04a','NR 10',false,2);
insert into public.quiz_options (question_id,texto,correta,ordem) values ('7f7745d3-bbaa-4ad9-9de2-24a1fc6eb04a','NR 35',true,3);
insert into public.quiz_options (question_id,texto,correta,ordem) values ('7f7745d3-bbaa-4ad9-9de2-24a1fc6eb04a','NR 17',false,4);
insert into public.quiz_questions (id,quiz_id,texto,explicacao,ordem,pontos) values ('5f89a9c6-96f9-43e2-8230-da5f7b9ee64b','4c5f8642-4d1f-4e05-aba4-544e8df91790','Toda fixture suspensa deve ter, além da garra primária:','A fixação secundária (cabo de aço) segura a fixture caso a garra primária falhe, evitando queda.',2,1);
insert into public.quiz_options (question_id,texto,correta,ordem) values ('5f89a9c6-96f9-43e2-8230-da5f7b9ee64b','Apenas fita isolante',false,1);
insert into public.quiz_options (question_id,texto,correta,ordem) values ('5f89a9c6-96f9-43e2-8230-da5f7b9ee64b','Um cabo de aço de segurança (safety)',true,2);
insert into public.quiz_options (question_id,texto,correta,ordem) values ('5f89a9c6-96f9-43e2-8230-da5f7b9ee64b','Duas garras iguais',false,3);
insert into public.quiz_options (question_id,texto,correta,ordem) values ('5f89a9c6-96f9-43e2-8230-da5f7b9ee64b','Nenhuma fixação extra',false,4);
insert into public.quiz_questions (id,quiz_id,texto,explicacao,ordem,pontos) values ('42e93f4e-5f55-4bf5-9f7f-9de6e17ec342','4c5f8642-4d1f-4e05-aba4-544e8df91790','Para calcular a corrente consumida por um circuito, você usa:','Corrente = Potência ÷ Tensão. Some os watts e divida pela tensão para achar os ampères.',3,1);
insert into public.quiz_options (question_id,texto,correta,ordem) values ('42e93f4e-5f55-4bf5-9f7f-9de6e17ec342','I = V × R',false,1);
insert into public.quiz_options (question_id,texto,correta,ordem) values ('42e93f4e-5f55-4bf5-9f7f-9de6e17ec342','I = P ÷ V',true,2);
insert into public.quiz_options (question_id,texto,correta,ordem) values ('42e93f4e-5f55-4bf5-9f7f-9de6e17ec342','I = P × V',false,3);
insert into public.quiz_options (question_id,texto,correta,ordem) values ('42e93f4e-5f55-4bf5-9f7f-9de6e17ec342','I = V ÷ P',false,4);
insert into public.quiz_questions (id,quiz_id,texto,explicacao,ordem,pontos) values ('fd3a3a35-085b-4480-b518-976e22652e31','4c5f8642-4d1f-4e05-aba4-544e8df91790','A ART (Anotação de Responsabilidade Técnica) em um evento é assinada por:','A ART de instalações elétricas é responsabilidade de um engenheiro eletricista, atestando conformidade com as normas.',4,1);
insert into public.quiz_options (question_id,texto,correta,ordem) values ('fd3a3a35-085b-4480-b518-976e22652e31','O operador de luz',false,1);
insert into public.quiz_options (question_id,texto,correta,ordem) values ('fd3a3a35-085b-4480-b518-976e22652e31','Um engenheiro eletricista',true,2);
insert into public.quiz_options (question_id,texto,correta,ordem) values ('fd3a3a35-085b-4480-b518-976e22652e31','O produtor',false,3);
insert into public.quiz_options (question_id,texto,correta,ordem) values ('fd3a3a35-085b-4480-b518-976e22652e31','O artista',false,4);
insert into public.quiz_questions (id,quiz_id,texto,explicacao,ordem,pontos) values ('a016cabd-0af2-4513-9f96-273b99dd94e7','4c5f8642-4d1f-4e05-aba4-544e8df91790','Qual norma trata de segurança em instalações e serviços em eletricidade?','A NR 10 é a norma central de segurança em eletricidade, essencial para quem manuseia AC no rig.',5,1);
insert into public.quiz_options (question_id,texto,correta,ordem) values ('a016cabd-0af2-4513-9f96-273b99dd94e7','NR 33',false,1);
insert into public.quiz_options (question_id,texto,correta,ordem) values ('a016cabd-0af2-4513-9f96-273b99dd94e7','NR 10',true,2);
insert into public.quiz_options (question_id,texto,correta,ordem) values ('a016cabd-0af2-4513-9f96-273b99dd94e7','NR 15',false,3);
insert into public.quiz_options (question_id,texto,correta,ordem) values ('a016cabd-0af2-4513-9f96-273b99dd94e7','NR 23',false,4);
insert into public.modules (id,course_id,titulo,ordem) values ('06f880f3-29e3-40f4-b314-b3360e918885','2a795665-27a5-45b2-b392-4da014b9450c','Módulo 2 — DMX512, Endereçamento e a Cadeia de Sinal',2);
insert into public.lessons (id,module_id,titulo,tipo,conteudo_rico,duracao_min,ordem,tem_quiz,preview_gratis) values ('8377dd1c-cdfe-40ae-9ae4-87686d58b7b1','06f880f3-29e3-40f4-b314-b3360e918885','O que é DMX512 e como o sinal viaja','texto','<p><strong>Para começar:</strong> DMX é o idioma que a mesa fala com as luzes. Se ele falha, nada acende como você quer.</p><p>Tudo que você programa na mesa só chega às fixtures porque existe um protocolo: o DMX512. Esta aula explica o que é um universo, o que são canais e valores (0–255), como o sinal trafega por cabos XLR, por que se usa terminador, e como o DMX se conecta (e às vezes é substituído) por redes como Art-Net e sACN. É a base técnica do endereçamento que você fará na próxima aula.</p><ul><li><strong>O protocolo DMX512:</strong> DMX512 (Digital Multiplex, padrão de 1986 da USITT, hoje mantido pela ESTA/ANSI) é um protocolo digital unidirecional que envia comandos da mesa para os equipamentos. ''Unidirecional'' significa que a mesa fala e a fixture só obedece — o DMX puro não recebe resposta de volta (RDM é a extensão bidirecional).</li><li><strong>Universo, canais e o valor 0–255:</strong> Um universo DMX tem 512 canais. Cada canal carrega um valor de 0 a 255 (8 bits). Cada parâmetro de uma fixture (dimmer, vermelho, verde, azul, pan, tilt, gobo...) consome um ou mais canais. Um PAR LED RGB simples pode usar ~3 a 8 canais; um moving head complexo pode usar 16, 24 ou mais. Quando 512 canais não bastam, usa-se mais de um universo.</li><li><strong>Cabos e conectores DMX:</strong> O DMX trafega por cabo balanceado com conector XLR de 5 pinos (padrão oficial) — embora muito equipamento de mercado use XLR de 3 pinos. Importante: cabo de DMX é cabo de dados (impedância ~120 Ω), diferente do cabo de microfone; usar cabo de áudio causa erros e flicker em rigs grandes. As fixtures se ligam em cadeia (daisy chain): DMX OUT de uma vai ao DMX IN da próxima.</li><li><strong>Topologia em cadeia e terminador:</strong> O sinal entra na primeira fixture e sai para a próxima, formando uma linha (não estrela). No fim da linha coloca-se um terminador DMX (resistor de 120 Ω no último equipamento) para absorver reflexões do sinal e evitar piscadas/erros aleatórios em rigs longos. Splitters/boosters DMX permitem ramificar a linha mantendo o sinal limpo.</li><li><strong>Limites práticos:</strong> Recomenda-se até ~32 dispositivos por linha e cabos de boa qualidade; trechos muito longos pedem booster. Estourou os 512 canais? Abra outro universo — mesas modernas controlam dezenas ou centenas de universos via nós de rede (nodes).</li><li><strong>DMX sobre rede: Art-Net e sACN:</strong> Para muitos universos, transporta-se DMX por rede Ethernet com protocolos Art-Net ou sACN (E1.31). A mesa envia tudo por um cabo de rede até um ''node'', que converte de volta para várias saídas XLR junto ao palco. Isso reduz quilômetros de cabo e é padrão em grandes produções. RDM, por sua vez, permite endereçar e diagnosticar fixtures remotamente pela própria linha DMX.</li></ul><h4>Equipamentos / detalhes</h4><ul><li><strong>Cabo DMX XLR 3/5 pinos (120 Ω):</strong> Cabo de dados específico para DMX. Conecta mesa→fixture e fixture→fixture em daisy chain. Não confundir com cabo de microfone; em rigs grandes a diferença de impedância causa falhas.</li><li><strong>Terminador DMX (120 Ω):</strong> Plugue com resistor de 120 Ω inserido no DMX OUT da última fixture da linha. Absorve reflexões e estabiliza o sinal em cadeias longas.</li><li><strong>Splitter / booster DMX:</strong> Recebe um sinal DMX e o distribui isolado e amplificado para várias saídas. Usado para ramificar o rig e proteger a linha de quedas de sinal e curtos.</li><li><strong>Node Art-Net / sACN:</strong> Conversor entre rede Ethernet e saídas DMX físicas (XLR). Recebe muitos universos por cabo de rede e os distribui no palco. Essencial em grandes shows com centenas de fixtures.</li></ul><h4>Passo a passo</h4><ol><li><strong>Montar uma linha DMX simples:</strong> 1) Saída DMX da mesa → DMX IN da fixture 1. 2) DMX OUT da fixture 1 → DMX IN da fixture 2, e assim por diante. 3) No DMX OUT da última fixture, insira o terminador de 120 Ω. 4) Use cabo DMX (não de áudio) e evite emendas frágeis.</li><li><strong>Quando abrir um segundo universo:</strong> Some os canais de todas as fixtures da linha. Se ultrapassar 512, mova parte das fixtures para uma segunda saída DMX/universo da mesa (ou um node). Anote qual fixture está em qual universo.</li><li><strong>Diagnosticar flicker:</strong> Se as luzes piscam aleatoriamente: verifique se há terminador, se o cabo é DMX e não de áudio, se a linha não excede ~32 dispositivos, e se nenhum conector está mal contactado. Um splitter resolve linhas muito carregadas.</li></ol><p><strong>Na prática:</strong> Num festival com 180 fixtures, seria impossível puxar 6 cabos XLR longos da FOH (frente de casa) até o palco. O LD usou a mesa enviando 6 universos via sACN por um único cabo de rede até um node de 8 portas no palco, que entregou cada universo em sua saída XLR. Cada linha recebeu terminador e, onde havia muitas fixtures, um splitter — zero flicker a noite toda.</p><h4>Resumo</h4><ul><li>DMX512 é unidirecional: a mesa comanda, a fixture obedece; 512 canais por universo, valores 0–255.</li><li>Ligação em cadeia (daisy chain) com cabo de dados e terminador de 120 Ω no fim da linha.</li><li>Art-Net e sACN levam muitos universos por rede; RDM permite endereçar/diagnosticar à distância.</li></ul>',30,1,true,false);
insert into public.quizzes (id,lesson_id,titulo) values ('a29b7624-fb79-40ce-aeef-87b060f0acad','8377dd1c-cdfe-40ae-9ae4-87686d58b7b1','Quiz — O que é DMX512 e como o sinal viaja');
insert into public.quiz_questions (id,quiz_id,texto,explicacao,ordem,pontos) values ('beb40185-915d-4f89-bd66-7f678ecdc46e','a29b7624-fb79-40ce-aeef-87b060f0acad','Quantos canais existem em um universo DMX512?','Cada universo DMX512 tem exatamente 512 canais, cada um assumindo valores de 0 a 255.',1,1);
insert into public.quiz_options (question_id,texto,correta,ordem) values ('beb40185-915d-4f89-bd66-7f678ecdc46e','128',false,1);
insert into public.quiz_options (question_id,texto,correta,ordem) values ('beb40185-915d-4f89-bd66-7f678ecdc46e','256',false,2);
insert into public.quiz_options (question_id,texto,correta,ordem) values ('beb40185-915d-4f89-bd66-7f678ecdc46e','512',true,3);
insert into public.quiz_options (question_id,texto,correta,ordem) values ('beb40185-915d-4f89-bd66-7f678ecdc46e','1024',false,4);
insert into public.quiz_questions (id,quiz_id,texto,explicacao,ordem,pontos) values ('db47d9fc-c43c-4f0b-9b8f-85eb9efc1b42','a29b7624-fb79-40ce-aeef-87b060f0acad','O DMX512 é um protocolo:','O DMX puro é unidirecional; a extensão RDM é que adiciona comunicação de volta.',2,1);
insert into public.quiz_options (question_id,texto,correta,ordem) values ('db47d9fc-c43c-4f0b-9b8f-85eb9efc1b42','Bidirecional, com resposta da fixture',false,1);
insert into public.quiz_options (question_id,texto,correta,ordem) values ('db47d9fc-c43c-4f0b-9b8f-85eb9efc1b42','Unidirecional: a mesa comanda e a fixture obedece',true,2);
insert into public.quiz_options (question_id,texto,correta,ordem) values ('db47d9fc-c43c-4f0b-9b8f-85eb9efc1b42','Sem fio por padrão',false,3);
insert into public.quiz_options (question_id,texto,correta,ordem) values ('db47d9fc-c43c-4f0b-9b8f-85eb9efc1b42','Analógico',false,4);
insert into public.quiz_questions (id,quiz_id,texto,explicacao,ordem,pontos) values ('74162638-5e3a-43a5-90d4-4c889f370e33','a29b7624-fb79-40ce-aeef-87b060f0acad','O terminador de 120 Ω é colocado:','O terminador vai no DMX OUT do último equipamento da cadeia, absorvendo reflexões do sinal.',3,1);
insert into public.quiz_options (question_id,texto,correta,ordem) values ('74162638-5e3a-43a5-90d4-4c889f370e33','Na saída da mesa',false,1);
insert into public.quiz_options (question_id,texto,correta,ordem) values ('74162638-5e3a-43a5-90d4-4c889f370e33','Na primeira fixture',false,2);
insert into public.quiz_options (question_id,texto,correta,ordem) values ('74162638-5e3a-43a5-90d4-4c889f370e33','Na última fixture da linha',true,3);
insert into public.quiz_options (question_id,texto,correta,ordem) values ('74162638-5e3a-43a5-90d4-4c889f370e33','Em todas as fixtures',false,4);
insert into public.quiz_questions (id,quiz_id,texto,explicacao,ordem,pontos) values ('5b8bf9f7-f94f-4991-864c-75287e384fa8','a29b7624-fb79-40ce-aeef-87b060f0acad','Quando o número de canais necessários ultrapassa 512, você deve:','Mais de 512 canais exige um universo adicional, distribuído por outra saída DMX ou node.',4,1);
insert into public.quiz_options (question_id,texto,correta,ordem) values ('5b8bf9f7-f94f-4991-864c-75287e384fa8','Reduzir os valores para abaixo de 255',false,1);
insert into public.quiz_options (question_id,texto,correta,ordem) values ('5b8bf9f7-f94f-4991-864c-75287e384fa8','Abrir um segundo universo DMX',true,2);
insert into public.quiz_options (question_id,texto,correta,ordem) values ('5b8bf9f7-f94f-4991-864c-75287e384fa8','Usar cabo de áudio',false,3);
insert into public.quiz_options (question_id,texto,correta,ordem) values ('5b8bf9f7-f94f-4991-864c-75287e384fa8','Remover o terminador',false,4);
insert into public.quiz_questions (id,quiz_id,texto,explicacao,ordem,pontos) values ('91e8b1b2-071a-4372-9380-48904ab12511','a29b7624-fb79-40ce-aeef-87b060f0acad','Para transportar muitos universos por um único cabo de rede até o palco usa-se:','Art-Net e sACN (E1.31) encapsulam DMX em Ethernet; um node converte de volta para saídas XLR.',5,1);
insert into public.quiz_options (question_id,texto,correta,ordem) values ('91e8b1b2-071a-4372-9380-48904ab12511','Cabo de microfone',false,1);
insert into public.quiz_options (question_id,texto,correta,ordem) values ('91e8b1b2-071a-4372-9380-48904ab12511','Art-Net ou sACN',true,2);
insert into public.quiz_options (question_id,texto,correta,ordem) values ('91e8b1b2-071a-4372-9380-48904ab12511','Apenas XLR de 3 pinos',false,3);
insert into public.quiz_options (question_id,texto,correta,ordem) values ('91e8b1b2-071a-4372-9380-48904ab12511','Cabo de AC',false,4);
insert into public.lessons (id,module_id,titulo,tipo,conteudo_rico,duracao_min,ordem,tem_quiz,preview_gratis) values ('dfcb597c-9cf8-4053-94e1-dd2963598c17','06f880f3-29e3-40f4-b314-b3360e918885','Endereçamento e Patch: dando ''CEP'' para cada luminária','texto','<p><strong>Para começar:</strong> Endereçar é o ato que faz a fixture certa acender. Errou o endereço, errou o show inteiro.</p><p>Esta é uma das aulas mais práticas do curso. Você vai entender o que é o endereço DMX de uma fixture, como ele se relaciona com a quantidade de canais que ela ocupa, como calcular os endereços de um rig inteiro sem sobreposição, e o que significa ''fazer o patch'' na mesa — associar cada endereço físico a um perfil de fixture (a ''personality''). É o passo zero antes de qualquer programação.</p><ul><li><strong>O endereço DMX (start address):</strong> Cada fixture tem um endereço inicial: o primeiro canal do universo que ela vai ''escutar''. Se uma fixture de 8 canais está no endereço 1, ela ocupa os canais 1 a 8. A próxima deve começar no 9 (1 + 8). O endereço é definido fisicamente na fixture (display/botões ou DIP switches antigos) e replicado na mesa.</li><li><strong>Modo da fixture e contagem de canais:</strong> Muitas fixtures têm vários ''modos'' (ex.: modo 8ch, 16ch, 24ch) que mudam quantos canais ela usa e quais funções ficam disponíveis. O modo escolhido na fixture PRECISA bater com o modo no patch da mesa. Escolheu errado e o tilt vira cor, o gobo vira dimmer — caos.</li><li><strong>Cálculo de endereços sem sobreposição:</strong> Regra de ouro: próximo endereço = endereço atual + nº de canais da fixture. Ex.: 6 PARs de 8 canais → endereços 1, 9, 17, 25, 33, 41. Sobrepor endereços faz duas fixtures responderem ao mesmo comando (às vezes útil de propósito, para clonar). Sem querer, é erro.</li><li><strong>DIP switches vs. display digital:</strong> Equipamentos antigos definem o endereço com chaves binárias (DIP switches): você soma os valores das chaves ligadas para formar o endereço. Equipamentos modernos têm display: você simplesmente digita o número. Saber ler DIP em binário ainda é útil em casas com equipamento legado.</li><li><strong>O que é fazer o PATCH:</strong> Patch é dizer à mesa: ''no endereço X, universo Y, existe uma fixture do modelo Z em tal modo''. A mesa carrega a ''personality'' (perfil) daquele fabricante/modelo da sua biblioteca, sabendo então que o canal 6 é cor, o 7 é gobo etc. Sem patch correto, a mesa controla números, não ''luzes inteligentes''.</li><li><strong>Personalities e biblioteca de fixtures:</strong> Cada console traz uma biblioteca enorme de perfis (grandMA, MagicQ, Onyx etc. baixam fixtures do site do fabricante). Se sua fixture não está na lista, você importa o perfil do fabricante ou cria um custom. Conferir que o modo do perfil = modo da fixture é o passo de verificação essencial.</li></ul><h4>Equipamentos / detalhes</h4><ul><li><strong>Fixture com display de endereço:</strong> Moving heads e PARs modernos mostram no display o endereço e o modo. Você navega no menu (Address / DMX Address) e digita o número. É onde o endereço físico é definido antes de bater com o patch.</li><li><strong>Fixture com DIP switches:</strong> Equipamentos legados (alguns PARs e strobes) usam bancos de chaves binárias. Cada chave vale uma potência de 2 (1, 2, 4, 8, 16...); ligadas, somam o endereço. Há apps e tabelas que convertem número↔DIP.</li><li><strong>Tester DMX / app de endereçamento:</strong> Pequenos testers ou apps mostram qual valor está chegando em cada canal, ajudando a conferir se a fixture está respondendo no endereço esperado durante a montagem.</li></ul><h4>Passo a passo</h4><ol><li><strong>Calcular endereços de um rig:</strong> Liste as fixtures e quantos canais cada uma usa no modo escolhido. Comece no 1. Para cada fixture seguinte, some o nº de canais da anterior. Ex.: 4 moving heads de 16ch → 1, 17, 33, 49. Anote em uma tabela (fixture, modelo, modo, universo, endereço).</li><li><strong>Endereçar fisicamente uma fixture:</strong> 1) No display, entre no menu de endereço (Address/DMX). 2) Digite o endereço calculado (ex.: 17). 3) Confirme o modo (ex.: 16ch standard). 4) Repita para todas, seguindo sua tabela.</li><li><strong>Fazer o patch na mesa:</strong> 1) Na tela de patch, escolha a biblioteca e selecione o modelo e o modo exatos. 2) Informe universo e endereço inicial idênticos aos da fixture. 3) Atribua um número de fixture/canal lógico (ex.: Fixture 1). 4) Repita; muitas mesas patcham em lote (4 fixtures a partir do endereço 1, passo de 16).</li><li><strong>Verificar o patch:</strong> Selecione cada fixture na mesa e abra o dimmer/cor. Confirme que a luz física correta responde. Se a errada acende, o endereço ou o modo está trocado — corrija antes de programar.</li></ol><p><strong>Na prática:</strong> Para um show com 4 moving spots (16ch cada) e 8 PARs LED (8ch cada), o operador montou a tabela: spots nos endereços 1, 17, 33, 49; PARs nos endereços 65, 73, 81, 89, 97, 105, 113, 121. Endereçou cada fixture no display, fez o patch batendo modelo e modo, e testou um a um abrindo o dimmer. Um PAR acendeu trocado: estava em modo 6ch na fixture e 8ch no patch. Corrigiu o modo e seguiu para a programação.</p><h4>Resumo</h4><ul><li>Endereço DMX é o ''CEP'' da fixture; ele e o modo precisam bater entre fixture e patch.</li><li>Próximo endereço = endereço atual + número de canais da fixture (sem sobrepor).</li><li>Patch associa cada endereço à personality correta para a mesa controlar funções, não só números.</li></ul>',30,2,true,false);
insert into public.quizzes (id,lesson_id,titulo) values ('7d927c09-22f4-49c7-a42c-af76775aefa8','dfcb597c-9cf8-4053-94e1-dd2963598c17','Quiz — Endereçamento e Patch: dando ''CEP'' para cada luminária');
insert into public.quiz_questions (id,quiz_id,texto,explicacao,ordem,pontos) values ('28bc2eb9-86d2-411a-9112-0c1ab0ed1bba','7d927c09-22f4-49c7-a42c-af76775aefa8','Uma fixture de 8 canais está no endereço 1. A próxima fixture deve começar no endereço:','Ela ocupa os canais 1 a 8, então a próxima começa em 1 + 8 = 9.',1,1);
insert into public.quiz_options (question_id,texto,correta,ordem) values ('28bc2eb9-86d2-411a-9112-0c1ab0ed1bba','2',false,1);
insert into public.quiz_options (question_id,texto,correta,ordem) values ('28bc2eb9-86d2-411a-9112-0c1ab0ed1bba','8',false,2);
insert into public.quiz_options (question_id,texto,correta,ordem) values ('28bc2eb9-86d2-411a-9112-0c1ab0ed1bba','9',true,3);
insert into public.quiz_options (question_id,texto,correta,ordem) values ('28bc2eb9-86d2-411a-9112-0c1ab0ed1bba','16',false,4);
insert into public.quiz_questions (id,quiz_id,texto,explicacao,ordem,pontos) values ('cdab574d-944a-4779-884b-02aab99643fe','7d927c09-22f4-49c7-a42c-af76775aefa8','Fazer o ''patch'' na mesa significa:','Patch é dizer à mesa qual modelo/modo de fixture está em cada endereço, carregando a personality correta.',2,1);
insert into public.quiz_options (question_id,texto,correta,ordem) values ('cdab574d-944a-4779-884b-02aab99643fe','Apagar todas as luzes',false,1);
insert into public.quiz_options (question_id,texto,correta,ordem) values ('cdab574d-944a-4779-884b-02aab99643fe','Associar endereço/universo a um perfil (personality) de fixture',true,2);
insert into public.quiz_options (question_id,texto,correta,ordem) values ('cdab574d-944a-4779-884b-02aab99643fe','Aumentar a intensidade',false,3);
insert into public.quiz_options (question_id,texto,correta,ordem) values ('cdab574d-944a-4779-884b-02aab99643fe','Trocar de gobo',false,4);
insert into public.quiz_questions (id,quiz_id,texto,explicacao,ordem,pontos) values ('292bb9f6-6196-4dcd-af35-bbc7dcd48b05','7d927c09-22f4-49c7-a42c-af76775aefa8','O que acontece se o modo escolhido na fixture for diferente do modo no patch?','Se os modos não batem, o mapeamento de canais fica errado e os parâmetros respondem trocados.',3,1);
insert into public.quiz_options (question_id,texto,correta,ordem) values ('292bb9f6-6196-4dcd-af35-bbc7dcd48b05','Nada muda',false,1);
insert into public.quiz_options (question_id,texto,correta,ordem) values ('292bb9f6-6196-4dcd-af35-bbc7dcd48b05','As funções saem trocadas (cor vira gobo, tilt vira dimmer)',true,2);
insert into public.quiz_options (question_id,texto,correta,ordem) values ('292bb9f6-6196-4dcd-af35-bbc7dcd48b05','A fixture queima',false,3);
insert into public.quiz_options (question_id,texto,correta,ordem) values ('292bb9f6-6196-4dcd-af35-bbc7dcd48b05','O DMX dobra a velocidade',false,4);
insert into public.quiz_questions (id,quiz_id,texto,explicacao,ordem,pontos) values ('1ace2073-f6b5-4b66-a21d-309800752c94','7d927c09-22f4-49c7-a42c-af76775aefa8','Para 3 moving heads de 16 canais, os endereços corretos sem sobreposição são:','Cada um ocupa 16 canais: 1–16, 17–32, 33–48, logo os endereços iniciais são 1, 17 e 33.',4,1);
insert into public.quiz_options (question_id,texto,correta,ordem) values ('1ace2073-f6b5-4b66-a21d-309800752c94','1, 2, 3',false,1);
insert into public.quiz_options (question_id,texto,correta,ordem) values ('1ace2073-f6b5-4b66-a21d-309800752c94','1, 16, 32',false,2);
insert into public.quiz_options (question_id,texto,correta,ordem) values ('1ace2073-f6b5-4b66-a21d-309800752c94','1, 17, 33',true,3);
insert into public.quiz_options (question_id,texto,correta,ordem) values ('1ace2073-f6b5-4b66-a21d-309800752c94','1, 17, 34',false,4);
insert into public.quiz_questions (id,quiz_id,texto,explicacao,ordem,pontos) values ('721b92ed-1446-4eb3-af62-e57600111387','7d927c09-22f4-49c7-a42c-af76775aefa8','Equipamentos antigos costumam ter o endereço definido por:','Fixtures legadas usam chaves DIP em binário, cujas posições somadas formam o endereço.',5,1);
insert into public.quiz_options (question_id,texto,correta,ordem) values ('721b92ed-1446-4eb3-af62-e57600111387','Display touchscreen',false,1);
insert into public.quiz_options (question_id,texto,correta,ordem) values ('721b92ed-1446-4eb3-af62-e57600111387','Comando de voz',false,2);
insert into public.quiz_options (question_id,texto,correta,ordem) values ('721b92ed-1446-4eb3-af62-e57600111387','DIP switches binários',true,3);
insert into public.quiz_options (question_id,texto,correta,ordem) values ('721b92ed-1446-4eb3-af62-e57600111387','Art-Net',false,4);
insert into public.modules (id,course_id,titulo,ordem) values ('a544d155-e870-4800-94bd-49307608f5b3','2a795665-27a5-45b2-b392-4da014b9450c','Módulo 3 — Equipamentos: Fixtures, Efeitos e Dimmers',3);
insert into public.lessons (id,module_id,titulo,tipo,conteudo_rico,duracao_min,ordem,tem_quiz,preview_gratis) values ('34e6aa66-1ef3-4813-92fd-3480b74a5b6b','a544d155-e870-4800-94bd-49307608f5b3','Moving heads: Spot, Beam e Wash','texto','<p><strong>Para começar:</strong> Os ''robôs'' do palco. Entender quando usar Spot, Beam ou Wash é o que dá identidade ao seu desenho.</p><p>Os moving heads (cabeças móveis) são as fixtures inteligentes mais marcantes de um show. Eles giram em pan (horizontal) e tilt (vertical) e mudam cor, foco e padrão por DMX. Existem três grandes famílias — Spot, Beam e Wash — e híbridos que combinam tudo. Esta aula detalha o que cada um faz, seus parâmetros DMX típicos e quando escolher cada um.</p><ul><li><strong>Pan, tilt e a cabeça móvel:</strong> Todo moving head tem uma cabeça que gira: pan (horizontal, tipicamente 540°) e tilt (vertical, ~270°). Esses movimentos são controlados por canais DMX e permitem ''desenhar'' no ar e varrer o palco. A precisão e a velocidade do motor definem a fluidez dos efeitos coreografados.</li><li><strong>Moving Wash:</strong> Emite luz ampla e suave para ''banhar'' grandes áreas com cor. Geralmente LED RGBW/RGBA, com zoom para abrir/fechar o facho. Ideal para colorir o palco, criar atmosferas e transições suaves de cor. Não cria padrões nítidos — sua força é a cobertura e a mistura de cor.</li><li><strong>Moving Beam:</strong> Produz um facho estreito, intenso e paralelo (raio ''laser-like'') que corta o ar, especialmente com fumaça/haze. Usa lâmpada de descarga ou LED de alta densidade, prisma e por vezes gobos de aro. É o efeito ''aéreo'' clássico de festival e EDM. Ângulo de facho bem fechado (poucos graus).</li><li><strong>Moving Spot:</strong> Versátil: projeta gobos (padrões/texturas/logos), tem íris, foco ajustável, roda de cores e frequentemente prisma. Cria padrões nítidos no chão, no cenário e no ar. É o ''canivete suíço'' — usado para projeção de formas, recortes e efeitos definidos.</li><li><strong>Híbridos e parâmetros DMX comuns:</strong> Muitos modelos atuais são híbridos (Spot+Beam+Wash). Parâmetros DMX típicos: pan/tilt (e suas versões ''fine'' para precisão), dimmer, shutter/strobe, cor (roda ou RGBW), gobo (roda fixa e rotativa), foco, zoom, prisma, frost, controle/reset. Quanto mais funções, mais canais.</li><li><strong>Quando usar cada um:</strong> Wash para cor e cobertura; Beam para efeito aéreo e impacto; Spot para padrões e projeção. Um rig equilibrado costuma combinar os três: washes preenchem, beams criam o ''show de ar'', spots desenham. A escolha depende do gênero, do tamanho do palco e do orçamento.</li></ul><h4>Equipamentos / detalhes</h4><ul><li><strong>Moving Head Wash (LED RGBW, com zoom):</strong> Banha grandes áreas de cor com facho amplo e mistura suave. Use para colorir palco e fundo, criar climas e transições de cor. Verifique o range de zoom e a quantidade de LEDs/potência.</li><li><strong>Moving Head Beam (descarga ou LED, facho estreito):</strong> Cria raios intensos e paralelos que cortam o ar com fumaça. Use para efeito aéreo, looks de EDM/festival e impacto rítmico. Atenção ao calor e ao consumo das versões de descarga.</li><li><strong>Moving Head Spot (gobos, prisma, foco, íris):</strong> Projeta padrões, texturas e logos com bordas nítidas. Use para desenhar no chão/cenário e para recortes. Avalie nº de gobos rotativos e fixos e a qualidade do foco.</li><li><strong>Moving Head Híbrido (Spot+Beam+Wash):</strong> Combina as três funções numa só fixture, economizando pontos e peso no truss. Excelente custo-benefício em rigs compactos; confira se cada modo entrega qualidade suficiente para sua necessidade.</li></ul><h4>Passo a passo</h4><ol><li><strong>Identificar o tipo de moving head:</strong> Olhe o facho: largo e difuso = Wash; estreito e duro que ''risca o ar'' = Beam; com lente frontal e gobos projetando padrões = Spot. Confirme no datasheet o ângulo de facho (graus) e os recursos (gobo, prisma, zoom).</li><li><strong>Mapear os parâmetros no patch:</strong> Após o patch, abra a visão de canais da fixture na mesa e localize pan, tilt, dimmer, cor, gobo, foco, zoom e prisma. Mova cada um isoladamente para entender o que controla — base para criar paletas depois.</li><li><strong>Escolher a fixture para o objetivo:</strong> Precisa colorir o palco inteiro? Wash. Quer raios no ar no drop da música? Beam. Vai projetar a logo do artista no telão de fundo? Spot. Orçamento apertado e pouco ponto no truss? Híbrido.</li></ol><p><strong>Na prática:</strong> Num show de eletrônico, o LD montou 8 beams na régua de trás para os raios aéreos sincronizados com a batida, 6 washes para inundar o palco de cor a cada virada e 4 spots para projetar gobos giratórios no piso durante os breaks. No drop, todos os beams subiram juntos formando um leque — efeito impossível com washes, que não fecham o facho.</p><h4>Resumo</h4><ul><li>Wash banha cor, Beam corta o ar, Spot projeta padrões; híbridos fazem os três.</li><li>Pan/tilt movem a cabeça; cor, gobo, foco, zoom e prisma moldam o facho.</li><li>Um rig equilibrado combina os três tipos conforme gênero e palco.</li></ul>',30,1,true,false);
insert into public.quizzes (id,lesson_id,titulo) values ('26855769-ef4a-4bde-8513-7a215ad0eab7','34e6aa66-1ef3-4813-92fd-3480b74a5b6b','Quiz — Moving heads: Spot, Beam e Wash');
insert into public.quiz_questions (id,quiz_id,texto,explicacao,ordem,pontos) values ('ba9a2510-114d-4bee-ac50-6d183afb33c6','26855769-ef4a-4bde-8513-7a215ad0eab7','Qual moving head é o melhor para banhar uma grande área com cor de forma suave?','O Wash tem facho amplo e mistura suave de cor, ideal para cobertura e atmosfera.',1,1);
insert into public.quiz_options (question_id,texto,correta,ordem) values ('ba9a2510-114d-4bee-ac50-6d183afb33c6','Beam',false,1);
insert into public.quiz_options (question_id,texto,correta,ordem) values ('ba9a2510-114d-4bee-ac50-6d183afb33c6','Spot',false,2);
insert into public.quiz_options (question_id,texto,correta,ordem) values ('ba9a2510-114d-4bee-ac50-6d183afb33c6','Wash',true,3);
insert into public.quiz_options (question_id,texto,correta,ordem) values ('ba9a2510-114d-4bee-ac50-6d183afb33c6','Strobe',false,4);
insert into public.quiz_questions (id,quiz_id,texto,explicacao,ordem,pontos) values ('2fd18c94-79d4-4c75-90b6-9a1b3c58ff9f','26855769-ef4a-4bde-8513-7a215ad0eab7','O facho estreito, intenso e paralelo que ''corta o ar'' com fumaça é típico do:','O Beam produz raios concentrados e paralelos, o efeito aéreo clássico de festival.',2,1);
insert into public.quiz_options (question_id,texto,correta,ordem) values ('2fd18c94-79d4-4c75-90b6-9a1b3c58ff9f','Wash',false,1);
insert into public.quiz_options (question_id,texto,correta,ordem) values ('2fd18c94-79d4-4c75-90b6-9a1b3c58ff9f','Beam',true,2);
insert into public.quiz_options (question_id,texto,correta,ordem) values ('2fd18c94-79d4-4c75-90b6-9a1b3c58ff9f','PAR estático',false,3);
insert into public.quiz_options (question_id,texto,correta,ordem) values ('2fd18c94-79d4-4c75-90b6-9a1b3c58ff9f','Ribalta',false,4);
insert into public.quiz_questions (id,quiz_id,texto,explicacao,ordem,pontos) values ('16884ba1-20ed-4c92-a98e-937e359af91b','26855769-ef4a-4bde-8513-7a215ad0eab7','Para projetar gobos (padrões e logos) com bordas nítidas, usa-se o:','O Spot tem gobos, foco e prisma para projetar formas e texturas definidas.',3,1);
insert into public.quiz_options (question_id,texto,correta,ordem) values ('16884ba1-20ed-4c92-a98e-937e359af91b','Wash',false,1);
insert into public.quiz_options (question_id,texto,correta,ordem) values ('16884ba1-20ed-4c92-a98e-937e359af91b','Spot',true,2);
insert into public.quiz_options (question_id,texto,correta,ordem) values ('16884ba1-20ed-4c92-a98e-937e359af91b','Máquina de fumaça',false,3);
insert into public.quiz_options (question_id,texto,correta,ordem) values ('16884ba1-20ed-4c92-a98e-937e359af91b','Dimmer',false,4);
insert into public.quiz_questions (id,quiz_id,texto,explicacao,ordem,pontos) values ('fd380640-f564-4610-8d03-891964dc492b','26855769-ef4a-4bde-8513-7a215ad0eab7','Pan e tilt em um moving head controlam:','Pan é o giro horizontal e tilt o movimento vertical da cabeça móvel.',4,1);
insert into public.quiz_options (question_id,texto,correta,ordem) values ('fd380640-f564-4610-8d03-891964dc492b','A cor e o gobo',false,1);
insert into public.quiz_options (question_id,texto,correta,ordem) values ('fd380640-f564-4610-8d03-891964dc492b','O movimento horizontal e vertical da cabeça',true,2);
insert into public.quiz_options (question_id,texto,correta,ordem) values ('fd380640-f564-4610-8d03-891964dc492b','A intensidade e o strobe',false,3);
insert into public.quiz_options (question_id,texto,correta,ordem) values ('fd380640-f564-4610-8d03-891964dc492b','O zoom e o foco',false,4);
insert into public.quiz_questions (id,quiz_id,texto,explicacao,ordem,pontos) values ('5937778d-29eb-408b-8bcd-0f0c04b59f22','26855769-ef4a-4bde-8513-7a215ad0eab7','Uma fixture híbrida é vantajosa principalmente porque:','O híbrido reúne as três funções numa fixture, economizando pontos e peso no rig.',5,1);
insert into public.quiz_options (question_id,texto,correta,ordem) values ('5937778d-29eb-408b-8bcd-0f0c04b59f22','É a mais barata sempre',false,1);
insert into public.quiz_options (question_id,texto,correta,ordem) values ('5937778d-29eb-408b-8bcd-0f0c04b59f22','Combina Spot, Beam e Wash em um só ponto do truss',true,2);
insert into public.quiz_options (question_id,texto,correta,ordem) values ('5937778d-29eb-408b-8bcd-0f0c04b59f22','Dispensa DMX',false,3);
insert into public.quiz_options (question_id,texto,correta,ordem) values ('5937778d-29eb-408b-8bcd-0f0c04b59f22','Não esquenta',false,4);
insert into public.lessons (id,module_id,titulo,tipo,conteudo_rico,duracao_min,ordem,tem_quiz,preview_gratis) values ('3d88e308-a15f-438d-bb28-3a98e1a6e85f','a544d155-e870-4800-94bd-49307608f5b3','PAR LED, ribalta, COB e fontes de banho de luz','texto','<p><strong>Para começar:</strong> Nem todo herói se move. As fixtures estáticas são a espinha dorsal silenciosa de quase todo rig.</p><p>Antes dos movings, todo palco precisa de uma base de luz: as fixtures estáticas de banho. PAR LED, ribaltas (cyc/wash de fundo), COBs e luminárias brute fazem o trabalho ''pesado'' de cor e cobertura. Esta aula explica cada uma, suas tecnologias e onde se encaixam no desenho — incluindo o conceito de mistura aditiva de cor RGB.</p><ul><li><strong>PAR LED:</strong> ''PAR'' vem de Parabolic Aluminized Reflector. O PAR LED moderno usa LEDs (RGB, RGBW, RGBWA+UV) no lugar da lâmpada, dispensando gelatinas: a cor sai por DMX. É eficiente, frio, durável e versátil — a fixture mais comum em qualquer rig. Usado para iluminar palco, fundo, plateia e criar climas de cor.</li><li><strong>Mistura aditiva de cor (RGB+):</strong> Em LED, a cor nasce da soma de luzes vermelha, verde e azul (mistura aditiva): R+G+B = branco; R+G = amarelo; G+B = ciano. O canal W (branco) melhora os tons pastel e o branco real; A (âmbar) e UV ampliam a paleta. Entender isso é a base para criar paletas de cor fiéis.</li><li><strong>Ribalta (cyc light / wash de fundo):</strong> Luminária larga e plana, com LEDs ou lâmpadas dispostos horizontalmente, projetada para iluminar ciclorama, panos de fundo e superfícies verticais com cor uniforme, sem sombra dura. Cria ''paredes de cor'' e gradientes — fundamental em teatro, TV e palcos com fundo.</li><li><strong>LED COB (Chip-on-Board):</strong> Vários chips LED montados juntos numa só placa, gerando uma fonte densa e uniforme de luz, frequentemente usada como blinder/audience light de luz quente intensa ou como wash potente. A proximidade dos chips dá mistura homogênea e alto brilho com bom controle de calor.</li><li><strong>Brute e blinders:</strong> ''Brute'' designa luminária de grande potência (várias lâmpadas/fontes) para iluminar grandes áreas ou estourar a plateia (blinder). Em shows, baterias de blinders viram efeito por si só, ''cegando'' o público no clímax. Versões modernas usam COB ou lâmpadas de alta potência.</li><li><strong>Quando usar fixtures estáticas:</strong> Use estáticas como base de cor e cobertura (a ''tela'' sobre a qual os movings desenham), para fundo/ciclorama (ribalta), para blinders de impacto (COB/brute) e onde não se precisa de movimento — economizando peso, consumo e orçamento.</li></ul><h4>Equipamentos / detalhes</h4><ul><li><strong>PAR LED (RGBW / RGBWA+UV):</strong> Fixture estática de banho com cor por DMX. Use para climas de cor, iluminar fundo, plateia e como base do rig. Verifique nº de canais, ângulo do facho e se tem W para brancos decentes.</li><li><strong>Ribalta / Cyc light:</strong> Wash largo para fundos e cicloramas, cor uniforme sem sombra dura. Use para paredes de cor, gradientes e atmosferas de fundo em teatro, TV e shows.</li><li><strong>COB LED / blinder:</strong> Fonte densa e uniforme de alto brilho. Use como wash potente ou audience blinder de luz quente. Boa mistura e controle de calor; ótima para momentos de impacto.</li><li><strong>Brute / bateria de blinders:</strong> Luminária de grande potência para grandes áreas ou para ''estourar'' a plateia no clímax. Exige cuidado com calor, consumo e segurança elétrica.</li></ul><h4>Passo a passo</h4><ol><li><strong>Criar uma cor por mistura aditiva:</strong> Numa fixture RGBW, suba R e G juntos para amarelo; G e B para ciano; R e B para magenta; os três para branco. Acrescente W para suavizar/clarear. Anote os valores que geram as cores da sua paleta.</li><li><strong>Montar uma base de cor estática:</strong> Posicione PARs frontais e de fundo cobrindo o palco. Defina uma cor base (ex.: âmbar quente) e use ribaltas para o ciclorama. Essa camada vira o ''pano de fundo'' sobre o qual os movings atuam.</li><li><strong>Usar blinders com responsabilidade:</strong> Reserve COB/brute para picos (refrão, drop). Programe um bump rápido e evite manter o público ofuscado por muito tempo. Cuidado com o calor próximo a pessoas e cenário.</li></ol><p><strong>Na prática:</strong> Num casamento, o técnico montou 12 PARs LED iluminando as paredes do salão em âmbar quente (R alto, G médio, W para suavizar), 4 ribaltas tingindo o painel de fundo atrás dos noivos em rosa suave, e 2 COBs como luz de destaque na pista. Na hora da festa, os COBs viraram blinders quentes nos refrãos. Nenhuma fixture se moveu — e o ambiente ficou impecável e econômico.</p><h4>Resumo</h4><ul><li>PAR LED é a fixture estática mais comum; a cor sai por mistura aditiva RGB(W).</li><li>Ribalta banha fundos e cicloramas com cor uniforme; COB dá luz densa e potente.</li><li>Brute/blinders criam impacto na plateia — use com responsabilidade térmica e visual.</li></ul>',25,2,true,false);
insert into public.quizzes (id,lesson_id,titulo) values ('42529e31-0272-44a2-9338-775cadb0597a','3d88e308-a15f-438d-bb28-3a98e1a6e85f','Quiz — PAR LED, ribalta, COB e fontes de banho de luz');
insert into public.quiz_questions (id,quiz_id,texto,explicacao,ordem,pontos) values ('efd99565-116d-4499-be43-24908a959e42','42529e31-0272-44a2-9338-775cadb0597a','Na mistura aditiva de cor de um LED, vermelho + verde + azul resultam em:','Na síntese aditiva, somar as três primárias de luz (R+G+B) produz branco.',1,1);
insert into public.quiz_options (question_id,texto,correta,ordem) values ('efd99565-116d-4499-be43-24908a959e42','Preto',false,1);
insert into public.quiz_options (question_id,texto,correta,ordem) values ('efd99565-116d-4499-be43-24908a959e42','Branco',true,2);
insert into public.quiz_options (question_id,texto,correta,ordem) values ('efd99565-116d-4499-be43-24908a959e42','Marrom',false,3);
insert into public.quiz_options (question_id,texto,correta,ordem) values ('efd99565-116d-4499-be43-24908a959e42','Cinza',false,4);
insert into public.quiz_questions (id,quiz_id,texto,explicacao,ordem,pontos) values ('879370a7-23e0-4395-9a2c-8859aced0ebf','42529e31-0272-44a2-9338-775cadb0597a','A fixture projetada para iluminar fundos e cicloramas com cor uniforme é a:','A ribalta é um wash largo feito para banhar superfícies verticais e fundos sem sombra dura.',2,1);
insert into public.quiz_options (question_id,texto,correta,ordem) values ('879370a7-23e0-4395-9a2c-8859aced0ebf','Beam',false,1);
insert into public.quiz_options (question_id,texto,correta,ordem) values ('879370a7-23e0-4395-9a2c-8859aced0ebf','Ribalta (cyc light)',true,2);
insert into public.quiz_options (question_id,texto,correta,ordem) values ('879370a7-23e0-4395-9a2c-8859aced0ebf','Máquina de fumaça',false,3);
insert into public.quiz_options (question_id,texto,correta,ordem) values ('879370a7-23e0-4395-9a2c-8859aced0ebf','Íris',false,4);
insert into public.quiz_questions (id,quiz_id,texto,explicacao,ordem,pontos) values ('12c40854-688e-4039-a082-7f6e1d65e20d','42529e31-0272-44a2-9338-775cadb0597a','A sigla PAR refere-se a:','PAR vem de ''parabolic aluminized reflector'', a forma do refletor que direciona a luz.',3,1);
insert into public.quiz_options (question_id,texto,correta,ordem) values ('12c40854-688e-4039-a082-7f6e1d65e20d','Padrão Aditivo RGB',false,1);
insert into public.quiz_options (question_id,texto,correta,ordem) values ('12c40854-688e-4039-a082-7f6e1d65e20d','Parabolic Aluminized Reflector',true,2);
insert into public.quiz_options (question_id,texto,correta,ordem) values ('12c40854-688e-4039-a082-7f6e1d65e20d','Power Active Relay',false,3);
insert into public.quiz_options (question_id,texto,correta,ordem) values ('12c40854-688e-4039-a082-7f6e1d65e20d','Programa Automático de Rig',false,4);
insert into public.quiz_questions (id,quiz_id,texto,explicacao,ordem,pontos) values ('3f12cb2f-0b30-4baf-a759-714d574df004','42529e31-0272-44a2-9338-775cadb0597a','LED COB significa que os chips estão:','COB (Chip-on-Board) agrupa vários chips numa placa, gerando luz densa e uniforme.',4,1);
insert into public.quiz_options (question_id,texto,correta,ordem) values ('3f12cb2f-0b30-4baf-a759-714d574df004','Espalhados em fixtures separadas',false,1);
insert into public.quiz_options (question_id,texto,correta,ordem) values ('3f12cb2f-0b30-4baf-a759-714d574df004','Montados juntos numa única placa (Chip-on-Board)',true,2);
insert into public.quiz_options (question_id,texto,correta,ordem) values ('3f12cb2f-0b30-4baf-a759-714d574df004','Dentro de uma lâmpada de descarga',false,3);
insert into public.quiz_options (question_id,texto,correta,ordem) values ('3f12cb2f-0b30-4baf-a759-714d574df004','Sem dissipação de calor',false,4);
insert into public.quiz_questions (id,quiz_id,texto,explicacao,ordem,pontos) values ('40ae068d-88c1-46b7-9a69-2f4a7eea60f3','42529e31-0272-44a2-9338-775cadb0597a','Uma luminária ''brute'' usada para ''estourar'' a plateia funciona como:','Brute/blinder é uma fonte de alta potência que ofusca o público em momentos de impacto.',5,1);
insert into public.quiz_options (question_id,texto,correta,ordem) values ('40ae068d-88c1-46b7-9a69-2f4a7eea60f3','Gobo',false,1);
insert into public.quiz_options (question_id,texto,correta,ordem) values ('40ae068d-88c1-46b7-9a69-2f4a7eea60f3','Blinder de alto brilho',true,2);
insert into public.quiz_options (question_id,texto,correta,ordem) values ('40ae068d-88c1-46b7-9a69-2f4a7eea60f3','Terminador DMX',false,3);
insert into public.quiz_options (question_id,texto,correta,ordem) values ('40ae068d-88c1-46b7-9a69-2f4a7eea60f3','Máquina de fumaça',false,4);
insert into public.lessons (id,module_id,titulo,tipo,conteudo_rico,duracao_min,ordem,tem_quiz,preview_gratis) values ('ba321ead-24e7-49df-bdee-0fbcf6130136','a544d155-e870-4800-94bd-49307608f5b3','Efeitos: strobe, atomic, laser, fumaça/hazer e gobos','texto','<p><strong>Para começar:</strong> São os temperos do show. Usados na dose certa, eletrizam; em excesso, cansam e até adoecem o público.</p><p>Efeitos especiais dão a ''pancada'' visual: o strobe que congela o movimento, o laser que rasga o ar, a fumaça que torna a luz visível, os gobos que projetam padrões. Esta aula apresenta cada efeito, seu funcionamento, e — crucial — os cuidados de segurança e saúde, especialmente com strobe (epilepsia fotossensível) e laser (visão).</p><ul><li><strong>Strobe e o efeito estroboscópico:</strong> O strobe emite flashes intensos e rápidos (xenônio ou LED de alta potência) em frequência ajustável, criando a ilusão de movimento congelado ou acelerado. Energiza refrões e drops. ATENÇÃO: pode causar desconforto, enxaqueca e até convulsões em pessoas fotossensíveis — use com moderação e avise o público em eventos sensíveis.</li><li><strong>Atomic / strobe de alta potência:</strong> O ''Atomic'' (popularizado pela linha da Martin e usado como termo genérico para strobes potentes) é um strobe de altíssima saída, às vezes com canal de cor e dimmer próprio, capaz de pulsos cegantes. Cuidado: o material-base nota que ''atomic'' também é usado como adjetivo para qualquer efeito muito intenso — verifique sempre o modelo real.</li><li><strong>Laser:</strong> Emite luz monocromática, coerente e altamente concentrada, criando feixes, leques e padrões geométricos nítidos no ar. Controlado por DMX. É classificado por risco (classes I a IV); equipamentos de show costumam ser classe IIIb/IV e EXIGEM precauções rígidas: nunca apontar para os olhos do público, respeitar altura mínima de varredura e regulamentação local.</li><li><strong>Máquina de fumaça vs. hazer:</strong> Máquina de fumaça aquece um fluido (à base de glicol/glicerina) gerando névoa densa e visível — ótima para ''nuvens'' e revelar feixes pontualmente. O hazer gera uma neblina fina e homogênea que fica suspensa, deixando TODO o ar levemente difuso e tornando beams e lasers visíveis o show inteiro. Para raios aéreos contínuos, hazer é o ideal.</li><li><strong>Gobos:</strong> Gobo é um disco/placa com padrão recortado (metal ou vidro) colocado no caminho da luz para projetar formas, texturas, logos e padrões. Em movings spot há roda de gobos fixos e rotativos. Combinados com prisma e foco, criam desde folhagens e janelas até logos de marca.</li><li><strong>Segurança e saúde com efeitos:</strong> Strobe e laser são os efeitos com maior risco à saúde. Sinalize uso de estroboscópico (gatilho de epilepsia). Garanta ventilação ao usar fumaça (pode causar desconforto respiratório). Lasers exigem operador habilitado e conformidade legal. A regra: efeito serve à narrativa, não ao ego do operador.</li></ul><h4>Equipamentos / detalhes</h4><ul><li><strong>Strobe / Atomic LED ou xenônio:</strong> Flashes intensos e rápidos para refrões e drops. Ajuste frequência e intensidade. Risco de fotossensibilidade — use com parcimônia e avise público sensível.</li><li><strong>Laser de show (classe IIIb/IV):</strong> Feixes e padrões geométricos coerentes via DMX. Exige operador habilitado, varredura segura acima do público e conformidade legal. Nunca apontar aos olhos.</li><li><strong>Máquina de fumaça:</strong> Névoa densa pontual para revelar feixes e criar ''nuvens''. Fluido à base de glicol. Garanta ventilação; dispersa-se rápido.</li><li><strong>Hazer:</strong> Neblina fina e homogênea que fica suspensa, deixando o ar difuso o show todo. Ideal para beams e lasers contínuos. Consumo de fluido menor e efeito mais ''limpo'' que a fumaça.</li><li><strong>Gobos (fixos e rotativos):</strong> Discos com padrões para projetar texturas, formas e logos via movings spot. Vidro (coloridos/detalhados) ou metal (recortes). Combine com prisma e foco.</li></ul><h4>Passo a passo</h4><ol><li><strong>Revelar beams com hazer:</strong> Antes do show, ligue o hazer e deixe o ar ''carregar'' alguns minutos. Ajuste a densidade para que os fachos fiquem visíveis sem ''lavar'' o palco. Reponha ao longo da noite conforme o ar limpa.</li><li><strong>Programar um strobe seguro:</strong> Crie um efeito de strobe num botão/cuelist separado, com frequência controlada. Dispare só em picos curtos. Em eventos com público sensível, evite ou avise; jamais deixe strobe contínuo por longos períodos.</li><li><strong>Projetar e ajustar um gobo:</strong> No spot, selecione a roda de gobos, escolha o padrão, ajuste o foco até a borda ficar nítida (ou propositalmente suave), adicione rotação e prisma se quiser multiplicar o padrão. Direcione com pan/tilt ao alvo.</li></ol><p><strong>Na prática:</strong> Num festival de EDM, o operador deixou o hazer mantendo o ar uniformemente difuso a noite toda, o que fez os beams aparecerem como raios sólidos. Reservou o strobe e os lasers só para os drops: lasers varrendo acima das cabeças (nunca nos olhos) e strobe em rajadas curtas. Para um break melódico, projetou gobos giratórios lentos no piso — alternando energia e respiro sem cansar o público.</p><h4>Resumo</h4><ul><li>Strobe e laser são os efeitos de maior risco à saúde — exigem moderação e conformidade legal.</li><li>Hazer (neblina fina contínua) é o segredo para beams e lasers visíveis o show inteiro.</li><li>Gobos projetam padrões, texturas e logos; foco, prisma e rotação ampliam as possibilidades.</li></ul>',28,3,true,false);
insert into public.quizzes (id,lesson_id,titulo) values ('6e2313cf-3733-4f1a-85a3-87622b9f9b7b','ba321ead-24e7-49df-bdee-0fbcf6130136','Quiz — Efeitos: strobe, atomic, laser, fumaça/hazer e gobos');
insert into public.quiz_questions (id,quiz_id,texto,explicacao,ordem,pontos) values ('33a52815-103e-45af-b7d6-2b728ddf9ffd','6e2313cf-3733-4f1a-85a3-87622b9f9b7b','Qual efeito apresenta maior risco de desencadear convulsões em pessoas fotossensíveis?','O efeito estroboscópico (strobe) pode causar desconforto, enxaqueca e convulsões em pessoas sensíveis.',1,1);
insert into public.quiz_options (question_id,texto,correta,ordem) values ('33a52815-103e-45af-b7d6-2b728ddf9ffd','Hazer',false,1);
insert into public.quiz_options (question_id,texto,correta,ordem) values ('33a52815-103e-45af-b7d6-2b728ddf9ffd','Gobo',false,2);
insert into public.quiz_options (question_id,texto,correta,ordem) values ('33a52815-103e-45af-b7d6-2b728ddf9ffd','Strobe',true,3);
insert into public.quiz_options (question_id,texto,correta,ordem) values ('33a52815-103e-45af-b7d6-2b728ddf9ffd','Wash',false,4);
insert into public.quiz_questions (id,quiz_id,texto,explicacao,ordem,pontos) values ('0065ade0-503e-454f-9cd4-56055759999c','6e2313cf-3733-4f1a-85a3-87622b9f9b7b','Para deixar os beams visíveis durante todo o show, o ideal é usar:','O hazer cria neblina fina e homogênea suspensa no ar, tornando os fachos visíveis continuamente.',2,1);
insert into public.quiz_options (question_id,texto,correta,ordem) values ('0065ade0-503e-454f-9cd4-56055759999c','Máquina de fumaça em rajadas',false,1);
insert into public.quiz_options (question_id,texto,correta,ordem) values ('0065ade0-503e-454f-9cd4-56055759999c','Hazer (neblina fina e contínua)',true,2);
insert into public.quiz_options (question_id,texto,correta,ordem) values ('0065ade0-503e-454f-9cd4-56055759999c','Mais PARs',false,3);
insert into public.quiz_options (question_id,texto,correta,ordem) values ('0065ade0-503e-454f-9cd4-56055759999c','Gelatina azul',false,4);
insert into public.quiz_questions (id,quiz_id,texto,explicacao,ordem,pontos) values ('f060887f-4dad-4e11-9693-51cf79e08b34','6e2313cf-3733-4f1a-85a3-87622b9f9b7b','Um gobo serve para:','O gobo é um disco/placa recortado que projeta formas e padrões no caminho da luz.',3,1);
insert into public.quiz_options (question_id,texto,correta,ordem) values ('f060887f-4dad-4e11-9693-51cf79e08b34','Mover a cabeça da fixture',false,1);
insert into public.quiz_options (question_id,texto,correta,ordem) values ('f060887f-4dad-4e11-9693-51cf79e08b34','Projetar padrões, texturas e logos',true,2);
insert into public.quiz_options (question_id,texto,correta,ordem) values ('f060887f-4dad-4e11-9693-51cf79e08b34','Terminar a linha DMX',false,3);
insert into public.quiz_options (question_id,texto,correta,ordem) values ('f060887f-4dad-4e11-9693-51cf79e08b34','Gerar fumaça',false,4);
insert into public.quiz_questions (id,quiz_id,texto,explicacao,ordem,pontos) values ('75804073-c627-4e51-8da3-69d5082b2621','6e2313cf-3733-4f1a-85a3-87622b9f9b7b','Lasers de show são classificados por risco e, em classes mais altas, exigem:','Lasers classe IIIb/IV exigem precauções rígidas: operador habilitado, conformidade legal e nunca mirar nos olhos.',4,1);
insert into public.quiz_options (question_id,texto,correta,ordem) values ('75804073-c627-4e51-8da3-69d5082b2621','Nenhum cuidado',false,1);
insert into public.quiz_options (question_id,texto,correta,ordem) values ('75804073-c627-4e51-8da3-69d5082b2621','Operação habilitada e varredura segura acima do público',true,2);
insert into public.quiz_options (question_id,texto,correta,ordem) values ('75804073-c627-4e51-8da3-69d5082b2621','Apontar nos olhos para testar',false,3);
insert into public.quiz_options (question_id,texto,correta,ordem) values ('75804073-c627-4e51-8da3-69d5082b2621','Apenas cabo DMX',false,4);
insert into public.quiz_questions (id,quiz_id,texto,explicacao,ordem,pontos) values ('55f034df-4a01-4a11-91e6-62ae42f320fa','6e2313cf-3733-4f1a-85a3-87622b9f9b7b','A diferença central entre máquina de fumaça e hazer é que:','A fumaça produz névoa densa pontual; o hazer mantém o ar levemente difuso de forma contínua e homogênea.',5,1);
insert into public.quiz_options (question_id,texto,correta,ordem) values ('55f034df-4a01-4a11-91e6-62ae42f320fa','Fumaça é elétrica e hazer não',false,1);
insert into public.quiz_options (question_id,texto,correta,ordem) values ('55f034df-4a01-4a11-91e6-62ae42f320fa','Fumaça dá névoa densa/pontual; hazer dá neblina fina/contínua',true,2);
insert into public.quiz_options (question_id,texto,correta,ordem) values ('55f034df-4a01-4a11-91e6-62ae42f320fa','Hazer faz mais barulho',false,3);
insert into public.quiz_options (question_id,texto,correta,ordem) values ('55f034df-4a01-4a11-91e6-62ae42f320fa','Não há diferença',false,4);
insert into public.lessons (id,module_id,titulo,tipo,conteudo_rico,duracao_min,ordem,tem_quiz,preview_gratis) values ('1054e10e-5a93-48db-9024-a52225672719','a544d155-e870-4800-94bd-49307608f5b3','Dimmers, splitters e a cadeia de potência e dados','texto','<p><strong>Para começar:</strong> Entre a tomada e a luz há uma cadeia inteira. Conhecê-la é o que evita o show ''apagar'' na hora errada.</p><p>Para uma fixture acender e obedecer, dois sinais precisam chegar: energia (AC) e dados (DMX). Esta aula fecha o módulo de equipamentos detalhando a cadeia de potência e de dados — dimmers (e a diferença para fixtures ''non-dim'' de LED), distribuição de energia, splitters DMX e o cabeamento correto.</p><ul><li><strong>O que é um dimmer:</strong> Dimmer é o dispositivo que controla a intensidade da luz variando a potência elétrica entregue. Era essencial na era das lâmpadas incandescentes/halógenas: a mesa enviava DMX a um rack de dimmers, que regulava a tensão das lâmpadas (convencionais ''dimáveis''). O canal DMX, ali, controla o dimmer, não a lâmpada diretamente.</li><li><strong>Convencionais (dimmer) vs. LED (non-dim):</strong> Fixtures convencionais precisam de dimmer externo. Já fixtures inteligentes/LED têm dimmer interno: recebem AC direto (alimentação constante, ''non-dim'') e controlam a intensidade pelo próprio canal de dimmer no DMX. Por isso moving heads e PARs LED ligam em tomadas de força constante, não em circuitos dimerizados.</li><li><strong>Rack de dimmer e distribuição de energia:</strong> Em rigs com convencionais, usa-se um rack de dimmers (vários canais de potência) alimentado por força trifásica, recebendo DMX da mesa. A distribuição (power distro) divide a energia em circuitos protegidos por disjuntores, equilibrando as fases para não sobrecarregar nenhuma.</li><li><strong>Splitter / booster DMX:</strong> O splitter DMX recebe um sinal e o replica, isolado e amplificado, em várias saídas. Serve para ramificar o rig (várias linhas a partir de uma saída da mesa), proteger contra curtos numa linha e reforçar o sinal em trechos longos — evitando flicker.</li><li><strong>Cabeamento: dados e potência separados:</strong> Cabo DMX (dados, ~120 Ω) e cabo de AC (potência) cumprem funções diferentes e não se misturam. Boas práticas: usar conectores adequados (XLR para DMX; powerCON/Schuko/industrial para AC), evitar correr dados colados a cabos de força (interferência), deixar alça nos conectores (sem tração) e identificar/enrolar cabos com capricho.</li><li><strong>Sequência de ligar e desligar:</strong> Ligue a energia das fixtures e deixe-as inicializar (movings fazem reset/homing); depois ligue/conecte a mesa e confira o DMX. Para desligar, faça blackout na mesa antes de cortar a energia, e desenergize por etapas para evitar picos. Nunca puxe AC de fixtures quentes sem cuidado.</li></ul><h4>Equipamentos / detalhes</h4><ul><li><strong>Rack de dimmer:</strong> Controla a intensidade de fixtures convencionais (incandescentes/halógenas) variando a potência, comandado por DMX. Em rigs só de LED, é dispensável. Alimentado por força trifásica.</li><li><strong>Power distro (distribuidor de energia):</strong> Divide a alimentação em vários circuitos protegidos, equilibrando fases. Centraliza disjuntores e facilita o dimensionamento seguro da carga do rig.</li><li><strong>Splitter / booster DMX:</strong> Replica o sinal DMX em várias saídas isoladas e amplificadas. Ramifica o rig, isola falhas de linha e reforça o sinal em distâncias longas, evitando flicker.</li><li><strong>Cabos de AC (powerCON / industrial) e DMX (XLR):</strong> AC leva potência; DMX leva dados. Use o conector certo para cada um, mantenha-os organizados e evite correr dados junto à força para reduzir interferência.</li></ul><h4>Passo a passo</h4><ol><li><strong>Montar a cadeia de uma fixture LED:</strong> 1) AC: ligue a fixture a um circuito de força constante (non-dim) com a tensão correta. 2) DMX: leve um cabo de dados da mesa (ou splitter) ao DMX IN e siga em daisy chain. 3) Endereço/patch conforme aulas do Módulo 2. 4) Teste abrindo o dimmer na mesa.</li><li><strong>Decidir se precisa de dimmer:</strong> Fixture convencional (lâmpada comum dimável)? Precisa de rack de dimmer entre a força e a fixture, comandado por DMX. Fixture LED/inteligente? NÃO use dimmer externo — alimente com força constante e controle a intensidade pelo canal de dimmer DMX.</li><li><strong>Equilibrar as fases:</strong> No power distro, some os watts por fase e distribua as fixtures de modo que nenhuma fase fique sobrecarregada. Confira a corrente com alicate amperímetro antes do show.</li></ol><p><strong>Na prática:</strong> Numa casa de show com palco grande, o técnico levou um único cabo DMX da mesa até um splitter de 4 saídas no palco: uma linha para os movings de trás, outra para os da frente, outra para os PARs e outra reserva. Todos os LED foram ligados em força constante pelo distro (nunca em dimmer), com as fixtures distribuídas entre as três fases. Resultado: sinal estável, sem flicker, e nenhuma fase sobrecarregada.</p><h4>Resumo</h4><ul><li>Toda fixture precisa de dois sinais: potência (AC) e dados (DMX).</li><li>Convencionais usam dimmer externo; LED/movings recebem força constante e dimerizam por DMX.</li><li>Splitter DMX e power distro mantêm dados estáveis e energia equilibrada e segura.</li></ul>',25,4,true,false);
insert into public.quizzes (id,lesson_id,titulo) values ('57d9e9bd-6105-4f5e-aef5-3a8b8c67dde5','1054e10e-5a93-48db-9024-a52225672719','Quiz — Dimmers, splitters e a cadeia de potência e dados');
insert into public.quiz_questions (id,quiz_id,texto,explicacao,ordem,pontos) values ('39d9c87a-1c6a-4b78-851c-8b1c259eefa4','57d9e9bd-6105-4f5e-aef5-3a8b8c67dde5','Fixtures de LED e moving heads, quanto à energia, devem ser ligadas em:','LED e movings têm dimmer interno e exigem alimentação constante; dimerizar a força externamente os danifica.',1,1);
insert into public.quiz_options (question_id,texto,correta,ordem) values ('39d9c87a-1c6a-4b78-851c-8b1c259eefa4','Circuito de dimmer',false,1);
insert into public.quiz_options (question_id,texto,correta,ordem) values ('39d9c87a-1c6a-4b78-851c-8b1c259eefa4','Força constante (non-dim)',true,2);
insert into public.quiz_options (question_id,texto,correta,ordem) values ('39d9c87a-1c6a-4b78-851c-8b1c259eefa4','Saída de áudio',false,3);
insert into public.quiz_options (question_id,texto,correta,ordem) values ('39d9c87a-1c6a-4b78-851c-8b1c259eefa4','Cabo DMX',false,4);
insert into public.quiz_questions (id,quiz_id,texto,explicacao,ordem,pontos) values ('c81b6ee0-b666-4589-b053-c5c4ba532a65','57d9e9bd-6105-4f5e-aef5-3a8b8c67dde5','A função de um dimmer é:','O dimmer regula a potência entregue às lâmpadas convencionais, controlando a intensidade.',2,1);
insert into public.quiz_options (question_id,texto,correta,ordem) values ('c81b6ee0-b666-4589-b053-c5c4ba532a65','Endereçar fixtures',false,1);
insert into public.quiz_options (question_id,texto,correta,ordem) values ('c81b6ee0-b666-4589-b053-c5c4ba532a65','Controlar a intensidade variando a potência de fixtures convencionais',true,2);
insert into public.quiz_options (question_id,texto,correta,ordem) values ('c81b6ee0-b666-4589-b053-c5c4ba532a65','Gerar fumaça',false,3);
insert into public.quiz_options (question_id,texto,correta,ordem) values ('c81b6ee0-b666-4589-b053-c5c4ba532a65','Dividir o sinal DMX',false,4);
insert into public.quiz_questions (id,quiz_id,texto,explicacao,ordem,pontos) values ('288cb542-526f-4aaa-9f13-b9b2ed4900a4','57d9e9bd-6105-4f5e-aef5-3a8b8c67dde5','Um splitter DMX serve para:','O splitter ramifica o DMX em linhas isoladas e reforçadas, evitando flicker e isolando falhas.',3,1);
insert into public.quiz_options (question_id,texto,correta,ordem) values ('288cb542-526f-4aaa-9f13-b9b2ed4900a4','Aumentar a tensão das lâmpadas',false,1);
insert into public.quiz_options (question_id,texto,correta,ordem) values ('288cb542-526f-4aaa-9f13-b9b2ed4900a4','Replicar o sinal DMX em várias saídas isoladas e amplificadas',true,2);
insert into public.quiz_options (question_id,texto,correta,ordem) values ('288cb542-526f-4aaa-9f13-b9b2ed4900a4','Trocar a cor',false,3);
insert into public.quiz_options (question_id,texto,correta,ordem) values ('288cb542-526f-4aaa-9f13-b9b2ed4900a4','Substituir o terminador',false,4);
insert into public.quiz_questions (id,quiz_id,texto,explicacao,ordem,pontos) values ('2c964f9f-63e8-4176-8fa9-c391c2e48ef7','57d9e9bd-6105-4f5e-aef5-3a8b8c67dde5','No power distro, equilibrar as fases significa:','Equilibrar fases evita sobrecarga, distribuindo os watts das fixtures entre as fases disponíveis.',4,1);
insert into public.quiz_options (question_id,texto,correta,ordem) values ('2c964f9f-63e8-4176-8fa9-c391c2e48ef7','Usar só uma fase para tudo',false,1);
insert into public.quiz_options (question_id,texto,correta,ordem) values ('2c964f9f-63e8-4176-8fa9-c391c2e48ef7','Distribuir a carga para que nenhuma fase fique sobrecarregada',true,2);
insert into public.quiz_options (question_id,texto,correta,ordem) values ('2c964f9f-63e8-4176-8fa9-c391c2e48ef7','Desligar uma fase',false,3);
insert into public.quiz_options (question_id,texto,correta,ordem) values ('2c964f9f-63e8-4176-8fa9-c391c2e48ef7','Aumentar a tensão',false,4);
insert into public.quiz_questions (id,quiz_id,texto,explicacao,ordem,pontos) values ('c296ab04-c8ae-45aa-af76-0f2653340288','57d9e9bd-6105-4f5e-aef5-3a8b8c67dde5','Boa prática ao desligar o rig:','Faça blackout antes de cortar energia e desligue por etapas para evitar picos e acidentes.',5,1);
insert into public.quiz_options (question_id,texto,correta,ordem) values ('c296ab04-c8ae-45aa-af76-0f2653340288','Cortar a energia antes do blackout',false,1);
insert into public.quiz_options (question_id,texto,correta,ordem) values ('c296ab04-c8ae-45aa-af76-0f2653340288','Fazer blackout na mesa e desenergizar por etapas',true,2);
insert into public.quiz_options (question_id,texto,correta,ordem) values ('c296ab04-c8ae-45aa-af76-0f2653340288','Puxar AC das fixtures quentes imediatamente',false,3);
insert into public.quiz_options (question_id,texto,correta,ordem) values ('c296ab04-c8ae-45aa-af76-0f2653340288','Remover o terminador primeiro',false,4);
insert into public.modules (id,course_id,titulo,ordem) values ('7c6983f9-976d-4ebb-a1c1-ba438bcfd9be','2a795665-27a5-45b2-b392-4da014b9450c','Módulo 4 — Operando a Mesa de Luz: Consoles e Fluxo de Trabalho',4);
insert into public.lessons (id,module_id,titulo,tipo,conteudo_rico,duracao_min,ordem,tem_quiz,preview_gratis) values ('817c7a4a-564e-4ab8-9547-9c7e73817359','7c6983f9-976d-4ebb-a1c1-ba438bcfd9be','Tipos de console e as principais marcas/modelos','texto','<p><strong>Para começar:</strong> A mesa é o seu instrumento. Conhecer as famílias de consoles ajuda a falar a língua de qualquer casa.</p><p>Existem muitos consoles, mas eles compartilham uma lógica comum. Esta aula classifica os tipos (físicos, baseados em PC, touch, híbridos, portáteis) e apresenta as marcas e modelos reais mais usados no mercado, situando para que tipo de trabalho cada plataforma costuma ser escolhida. O objetivo é você reconhecer qualquer mesa e saber onde procurar o que precisa — sempre consultando o manual do fabricante.</p><ul><li><strong>Tipos de console:</strong> Tradicionais (mesas físicas com faders e botões, comuns em teatro e instalações fixas); baseados em PC (software num computador, controlado por mouse/teclado/superfície); com tela sensível ao toque; híbridos (faders físicos + touch); e portáteis/compactos (para shows itinerantes e pequenos eventos). A tendência atual é híbrida: hardware tátil + software poderoso.</li><li><strong>MA Lighting (grandMA):</strong> A família grandMA2 e grandMA3 (Full-Size, Light, Compact) é referência mundial em grandes turnês, festivais e TV. Lógica baseada em executors, sequences e um motor de programação muito profundo. O grandMA3 onPC permite rodar o software em PC com superfícies de comando. Padrão de mercado para shows grandes.</li><li><strong>ChamSys MagicQ:</strong> Linha MagicQ (ex.: MQ80, MQ500 Stadium) e o software MagicQ gratuito para PC. Muito popular pelo custo-benefício e por permitir começar só no software e migrar para o hardware depois. Forte em busking e em rigs de médio/grande porte.</li><li><strong>Avolites:</strong> Titan é o sistema operacional da marca (Tiger Touch, Quartz, e a superfície Titan Mobile/Go que roda em PC). Conhecida por uma abordagem ágil de programação e busking, com forte presença em shows de banda e turnês.</li><li><strong>Obsidian Onyx e ETC:</strong> Obsidian Control Systems usa o software Onyx (consoles NX) — sucessor do Martin M-PC, com versão gratuita para começar. ETC (Eos Ti, Ion Xe, Element, ColorSource) domina o mundo do teatro, com fluxo de trabalho ''tracking'' baseado em cues e canais, ideal para espetáculos com muitas deixas precisas.</li><li><strong>Outras marcas e o critério de escolha:</strong> High End (Hog 4), Jands (Vista), Zero 88 (FLX), Martin, LSC e outras coexistem no mercado. A escolha depende do porte do evento, do gênero (teatro favorece ETC; show/festival favorece grandMA/Avo/ChamSys), do orçamento e — muito — daquilo que o operador já domina. Regra: sempre estude o manual do modelo específico antes do show.</li></ul><h4>Equipamentos / detalhes</h4><ul><li><strong>MA Lighting grandMA2 / grandMA3:</strong> Console de referência para grandes shows, festivais e TV. Programação profunda por executors e sequences; grandMA3 onPC roda em computador. Quando o evento é grande e complexo, é o padrão de muitos LDs.</li><li><strong>ChamSys MagicQ (MQ80, MQ500):</strong> Plataforma com software gratuito para PC e consoles dedicados. Excelente custo-benefício e forte em busking; ótima porta de entrada por permitir aprender no software antes de comprar hardware.</li><li><strong>Avolites Titan (Tiger Touch, Titan Mobile):</strong> Sistema ágil para programação e busking ao vivo, popular em turnês de banda. Titan Mobile/Go roda em PC com superfície USB.</li><li><strong>Obsidian Onyx (NX) e ETC Eos/Ion:</strong> Onyx: software (com versão grátis) e consoles NX, bom para clubes e médio porte. ETC Eos/Ion/Element: padrão do teatro, fluxo de cues ''tracking'' com altíssima precisão de deixas.</li></ul><h4>Passo a passo</h4><ol><li><strong>Identificar a mesa da casa:</strong> Ao chegar, identifique a marca e o modelo exatos. Localize o manual (online ou na própria mesa). Reconheça os blocos universais: área de seleção de fixtures, faders/executors, área de programação (Record/Store), playback e telas de patch.</li><li><strong>Escolher a plataforma para um projeto:</strong> Show de festival com muitos movings e efeitos? grandMA/Avolites/ChamSys. Peça de teatro com 200 deixas precisas? ETC Eos/Ion. Evento pequeno/orçamento curto? MagicQ ou Onyx no PC com uma superfície barata. Sempre pondere o que você domina.</li><li><strong>Treinar de graça antes de comprar hardware:</strong> Baixe MagicQ ou Onyx (gratuitos) ou o grandMA3 onPC e pratique em modo offline/visualizador. Você aprende a lógica de patch, grupos, paletas e cuelists sem precisar do console físico.</li></ol><p><strong>Na prática:</strong> Um operador foi contratado para um festival cuja casa só tinha grandMA3, mas ele vinha do ChamSys. Em vez de improvisar, baixou o grandMA3 onPC dias antes, estudou o manual oficial e treinou o patch e a criação de executors no visualizador. No dia, reconheceu a lógica (sequences/executors) e operou com segurança — provando que entender o fluxo padrão vale mais que decorar uma única mesa.</p><h4>Resumo</h4><ul><li>Consoles variam em forma, mas compartilham a mesma lógica: selecionar, programar, reproduzir.</li><li>grandMA, Avolites e ChamSys dominam shows; ETC domina o teatro de cues precisos.</li><li>Várias plataformas têm software gratuito para PC — treine a lógica antes de encarar o hardware.</li></ul>',28,1,true,false);
insert into public.quizzes (id,lesson_id,titulo) values ('6dffc203-786b-4ad6-a836-d41515bf9a26','817c7a4a-564e-4ab8-9547-9c7e73817359','Quiz — Tipos de console e as principais marcas/modelos');
insert into public.quiz_questions (id,quiz_id,texto,explicacao,ordem,pontos) values ('8dd63dd0-75b6-4469-a162-21fa665700b2','6dffc203-786b-4ad6-a836-d41515bf9a26','Qual fabricante é referência no mundo do teatro, com fluxo de cues ''tracking''?','A ETC (Eos, Ion, Element) domina o teatro, com programação de deixas muito precisa e baseada em tracking.',1,1);
insert into public.quiz_options (question_id,texto,correta,ordem) values ('8dd63dd0-75b6-4469-a162-21fa665700b2','ChamSys',false,1);
insert into public.quiz_options (question_id,texto,correta,ordem) values ('8dd63dd0-75b6-4469-a162-21fa665700b2','ETC',true,2);
insert into public.quiz_options (question_id,texto,correta,ordem) values ('8dd63dd0-75b6-4469-a162-21fa665700b2','Martin',false,3);
insert into public.quiz_options (question_id,texto,correta,ordem) values ('8dd63dd0-75b6-4469-a162-21fa665700b2','Chauvet',false,4);
insert into public.quiz_questions (id,quiz_id,texto,explicacao,ordem,pontos) values ('70414ca9-5570-48cc-bc87-e4183faf1a58','6dffc203-786b-4ad6-a836-d41515bf9a26','A família grandMA2/grandMA3 é fabricada pela:','grandMA é a linha da MA Lighting, padrão em grandes turnês, festivais e TV.',2,1);
insert into public.quiz_options (question_id,texto,correta,ordem) values ('70414ca9-5570-48cc-bc87-e4183faf1a58','Avolites',false,1);
insert into public.quiz_options (question_id,texto,correta,ordem) values ('70414ca9-5570-48cc-bc87-e4183faf1a58','MA Lighting',true,2);
insert into public.quiz_options (question_id,texto,correta,ordem) values ('70414ca9-5570-48cc-bc87-e4183faf1a58','Obsidian',false,3);
insert into public.quiz_options (question_id,texto,correta,ordem) values ('70414ca9-5570-48cc-bc87-e4183faf1a58','Jands',false,4);
insert into public.quiz_questions (id,quiz_id,texto,explicacao,ordem,pontos) values ('72a7e0a9-f6d7-463a-b651-72f430808c8d','6dffc203-786b-4ad6-a836-d41515bf9a26','Qual plataforma é conhecida por oferecer software gratuito para PC, facilitando o aprendizado?','MagicQ e Onyx oferecem versões gratuitas para PC; o grandMA3 também tem o onPC.',3,1);
insert into public.quiz_options (question_id,texto,correta,ordem) values ('72a7e0a9-f6d7-463a-b651-72f430808c8d','ETC Eos',false,1);
insert into public.quiz_options (question_id,texto,correta,ordem) values ('72a7e0a9-f6d7-463a-b651-72f430808c8d','ChamSys MagicQ (e Onyx)',true,2);
insert into public.quiz_options (question_id,texto,correta,ordem) values ('72a7e0a9-f6d7-463a-b651-72f430808c8d','Hog 4 apenas em hardware',false,3);
insert into public.quiz_options (question_id,texto,correta,ordem) values ('72a7e0a9-f6d7-463a-b651-72f430808c8d','Nenhuma',false,4);
insert into public.quiz_questions (id,quiz_id,texto,explicacao,ordem,pontos) values ('967fb875-14a7-438e-b341-e38af91fff73','6dffc203-786b-4ad6-a836-d41515bf9a26','O sistema operacional dos consoles Avolites (Tiger Touch, Titan Mobile) chama-se:','Titan é o software que roda nos consoles Avolites, ágil para programação e busking.',4,1);
insert into public.quiz_options (question_id,texto,correta,ordem) values ('967fb875-14a7-438e-b341-e38af91fff73','Eos',false,1);
insert into public.quiz_options (question_id,texto,correta,ordem) values ('967fb875-14a7-438e-b341-e38af91fff73','Onyx',false,2);
insert into public.quiz_options (question_id,texto,correta,ordem) values ('967fb875-14a7-438e-b341-e38af91fff73','Titan',true,3);
insert into public.quiz_options (question_id,texto,correta,ordem) values ('967fb875-14a7-438e-b341-e38af91fff73','MagicQ',false,4);
insert into public.quiz_questions (id,quiz_id,texto,explicacao,ordem,pontos) values ('e3a148bf-5595-4226-8a7e-9519c0276568','6dffc203-786b-4ad6-a836-d41515bf9a26','Antes de operar uma mesa desconhecida, a atitude correta é:','Entender o fluxo padrão e consultar o manual específico é a prática profissional segura.',5,1);
insert into public.quiz_options (question_id,texto,correta,ordem) values ('e3a148bf-5595-4226-8a7e-9519c0276568','Improvisar pelos botões',false,1);
insert into public.quiz_options (question_id,texto,correta,ordem) values ('e3a148bf-5595-4226-8a7e-9519c0276568','Estudar o manual do fabricante e treinar no software offline',true,2);
insert into public.quiz_options (question_id,texto,correta,ordem) values ('e3a148bf-5595-4226-8a7e-9519c0276568','Trocar a mesa por outra',false,3);
insert into public.quiz_options (question_id,texto,correta,ordem) values ('e3a148bf-5595-4226-8a7e-9519c0276568','Operar só no blackout',false,4);
insert into public.lessons (id,module_id,titulo,tipo,conteudo_rico,duracao_min,ordem,tem_quiz,preview_gratis) values ('91591c48-6a2f-4b35-95bd-6a7c311009e3','7c6983f9-976d-4ebb-a1c1-ba438bcfd9be','Navegação da mesa, grupos e paletas','texto','<p><strong>Para começar:</strong> Programar luz é organizar atalhos. Grupos e paletas são o que tornam um show grande operável por uma pessoa.</p><p>Toda mesa moderna segue um fluxo parecido: você seleciona fixtures, dá um parâmetro (cor, posição, gobo, intensidade), e guarda esse estado. Para não repetir trabalho, você cria GRUPOS (conjuntos de fixtures) e PALETAS/presets (estados reutilizáveis de cor, posição e beam). Esta aula ensina essa lógica universal e a sintaxe de seleção que se repete na maioria dos consoles.</p><ul><li><strong>O fluxo universal: selecionar → ajustar → guardar:</strong> Quase todo console segue: 1) selecione as fixtures; 2) ajuste os parâmetros (dimmer, cor, pan/tilt, gobo, etc.); 3) grave (Record/Store) num grupo, paleta, cena ou cue. Os botões mudam de nome entre marcas, mas a lógica é a mesma. Dominar esse ciclo é dominar qualquer mesa.</li><li><strong>Sintaxe de seleção (command line):</strong> Muitas mesas têm linha de comando com lógica tipo ''1 THRU 8 ENTER'' (seleciona fixtures 1 a 8), ''+ '' para somar, ''- '' para excluir. Encoders (knobs) ajustam parâmetros do atributo ativo (cor, posição...). Aprender a selecionar rápido é o que dá agilidade no busking.</li><li><strong>Grupos:</strong> Grupo é um conjunto salvo de fixtures (ex.: ''todos os beams de trás'', ''PARs frontais'', ''movings ímpares''). Em vez de selecionar uma a uma toda vez, você chama o grupo com um toque. Bons grupos (por tipo, por posição, por par/ímpar) aceleram radicalmente a operação.</li><li><strong>Paletas de cor:</strong> Paleta/preset de cor guarda uma cor pronta (ex.: ''âmbar quente'', ''magenta'', ''ciano''). Você cria uma vez e reaplica em qualquer fixture/cena. Vantagem enorme: se mudar a definição da paleta, todas as cenas que a usam atualizam juntas (referência viva). Padronize a paleta no início da programação.</li><li><strong>Paletas de posição:</strong> Position palettes guardam combinações de pan/tilt (ex.: ''vocalista'', ''bateria'', ''centro do palco'', ''plateia''). Em vez de mirar manualmente toda vez, você chama a posição. Crie posições para os pontos-chave do palco logo no foco — é a base de todo movimento limpo.</li><li><strong>Paletas de beam/gobo e a referência viva:</strong> Da mesma forma, guarde gobos, prismas, foco e zoom como paletas de beam. O grande poder das paletas é serem referenciadas: as cenas apontam para a paleta, não para valores fixos. Se o palco mudar de tamanho, basta reajustar a posição na paleta e todas as cenas seguem corretas.</li></ul><h4>Equipamentos / detalhes</h4><ul><li><strong>Console com encoders e telas de atributo:</strong> A maioria das mesas profissionais tem encoders (knobs) que mudam de função conforme o atributo selecionado (cor, posição, gobo, beam) e telas que mostram presets/paletas. Use-os para ajustar parâmetros e gravar paletas.</li><li><strong>Superfície/PC wing:</strong> Wings e superfícies USB adicionam faders e botões físicos a softwares de PC (MagicQ, Onyx, Avolites Go, grandMA3 onPC), permitindo grupos e paletas em botões físicos sem um console completo.</li></ul><h4>Passo a passo</h4><ol><li><strong>Criar um grupo:</strong> 1) Selecione as fixtures desejadas (ex.: ''1 THRU 8'' ou clicando). 2) Acione Record/Store Group. 3) Toque um botão livre de grupo e nomeie (ex.: ''Beams Trás''). 4) Teste chamando o grupo e abrindo o dimmer.</li><li><strong>Criar uma paleta de cor:</strong> 1) Selecione fixtures (de preferência todas as do mesmo tipo). 2) Ajuste a cor desejada nos encoders/picker. 3) Record/Store na área de paletas de cor. 4) Nomeie (''Âmbar Quente''). 5) Reaplique a outras fixtures para confirmar.</li><li><strong>Criar uma paleta de posição:</strong> 1) Selecione os movings. 2) Mire pan/tilt no alvo (ex.: vocalista). 3) Grave como position palette e nomeie. 4) Repita para ''Bateria'', ''Centro'', ''Plateia''. Use só pan/tilt no preset para mantê-lo reutilizável.</li><li><strong>Combinar grupo + paletas:</strong> Chame o grupo ''Beams Trás'', aplique a paleta ''Ciano'' e a posição ''Leque Aberto''. Em três toques você tem um look pronto — e é exatamente assim que se opera rápido ao vivo.</li></ol><p><strong>Na prática:</strong> Antes de um show, o operador criou grupos (''Frente'', ''Trás'', ''Spots'', ''Washes'', ''Ímpares'', ''Pares''), uma paleta de 8 cores e posições para vocalista, guitarra, bateria, centro e plateia. À noite, no busking, ele montava looks em segundos: ''Trás'' + ''Magenta'' + ''Leque'', depois ''Spots'' + ''Branco'' + ''Vocalista''. Quando o palco foi remontado um pouco diferente no dia seguinte, bastou reajustar a posição ''Vocalista'' na paleta e tudo voltou a focar certo.</p><h4>Resumo</h4><ul><li>Toda mesa segue o ciclo: selecionar fixtures, ajustar parâmetros, gravar o estado.</li><li>Grupos agrupam fixtures; paletas guardam cor, posição e beam reutilizáveis.</li><li>Paletas são referência viva — mude a paleta e todas as cenas que a usam acompanham.</li></ul>',32,2,true,false);
insert into public.quizzes (id,lesson_id,titulo) values ('5b4411b5-56a1-463d-ae8e-981ff1c637f6','91591c48-6a2f-4b35-95bd-6a7c311009e3','Quiz — Navegação da mesa, grupos e paletas');
insert into public.quiz_questions (id,quiz_id,texto,explicacao,ordem,pontos) values ('db929dbe-7de8-4aa8-9611-43f770d725be','5b4411b5-56a1-463d-ae8e-981ff1c637f6','O ciclo universal de programação em quase toda mesa é:','Selecionar, ajustar e gravar (Record/Store) é a lógica comum a praticamente todos os consoles.',1,1);
insert into public.quiz_options (question_id,texto,correta,ordem) values ('db929dbe-7de8-4aa8-9611-43f770d725be','Apagar → ligar → repetir',false,1);
insert into public.quiz_options (question_id,texto,correta,ordem) values ('db929dbe-7de8-4aa8-9611-43f770d725be','Selecionar fixtures → ajustar parâmetros → gravar',true,2);
insert into public.quiz_options (question_id,texto,correta,ordem) values ('db929dbe-7de8-4aa8-9611-43f770d725be','Patch → blackout → desligar',false,3);
insert into public.quiz_options (question_id,texto,correta,ordem) values ('db929dbe-7de8-4aa8-9611-43f770d725be','Cor → som → vídeo',false,4);
insert into public.quiz_questions (id,quiz_id,texto,explicacao,ordem,pontos) values ('2357b089-70b2-4cda-8564-a91540049bc8','5b4411b5-56a1-463d-ae8e-981ff1c637f6','Um ''grupo'' em uma mesa de luz é:','Grupo é um conjunto de fixtures salvo para seleção rápida (ex.: todos os beams de trás).',2,1);
insert into public.quiz_options (question_id,texto,correta,ordem) values ('2357b089-70b2-4cda-8564-a91540049bc8','Uma cor salva',false,1);
insert into public.quiz_options (question_id,texto,correta,ordem) values ('2357b089-70b2-4cda-8564-a91540049bc8','Um conjunto salvo de fixtures',true,2);
insert into public.quiz_options (question_id,texto,correta,ordem) values ('2357b089-70b2-4cda-8564-a91540049bc8','Uma música',false,3);
insert into public.quiz_options (question_id,texto,correta,ordem) values ('2357b089-70b2-4cda-8564-a91540049bc8','Um cabo DMX',false,4);
insert into public.quiz_questions (id,quiz_id,texto,explicacao,ordem,pontos) values ('38e63bdc-c969-4272-a7ec-558866469719','5b4411b5-56a1-463d-ae8e-981ff1c637f6','A grande vantagem das paletas serem ''referência viva'' é que:','Como as cenas apontam para a paleta, ajustar a paleta corrige todas as cenas de uma vez.',3,1);
insert into public.quiz_options (question_id,texto,correta,ordem) values ('38e63bdc-c969-4272-a7ec-558866469719','Elas gastam menos energia',false,1);
insert into public.quiz_options (question_id,texto,correta,ordem) values ('38e63bdc-c969-4272-a7ec-558866469719','Ao alterar a paleta, todas as cenas que a usam se atualizam juntas',true,2);
insert into public.quiz_options (question_id,texto,correta,ordem) values ('38e63bdc-c969-4272-a7ec-558866469719','Elas dispensam DMX',false,3);
insert into public.quiz_options (question_id,texto,correta,ordem) values ('38e63bdc-c969-4272-a7ec-558866469719','Elas mudam a marca da mesa',false,4);
insert into public.quiz_questions (id,quiz_id,texto,explicacao,ordem,pontos) values ('b6d64fdd-0a84-4fd8-ad73-80df3b8c426a','5b4411b5-56a1-463d-ae8e-981ff1c637f6','Uma paleta de posição guarda principalmente:','Position palettes guardam combinações de pan/tilt (ex.: vocalista, bateria, plateia) para reuso.',4,1);
insert into public.quiz_options (question_id,texto,correta,ordem) values ('b6d64fdd-0a84-4fd8-ad73-80df3b8c426a','Cor RGB',false,1);
insert into public.quiz_options (question_id,texto,correta,ordem) values ('b6d64fdd-0a84-4fd8-ad73-80df3b8c426a','Valores de pan/tilt para um alvo',true,2);
insert into public.quiz_options (question_id,texto,correta,ordem) values ('b6d64fdd-0a84-4fd8-ad73-80df3b8c426a','A intensidade do dimmer',false,3);
insert into public.quiz_options (question_id,texto,correta,ordem) values ('b6d64fdd-0a84-4fd8-ad73-80df3b8c426a','O endereço DMX',false,4);
insert into public.quiz_questions (id,quiz_id,texto,explicacao,ordem,pontos) values ('14a27ff4-3c26-42bf-b3cc-905ee1137ea4','5b4411b5-56a1-463d-ae8e-981ff1c637f6','A sintaxe ''1 THRU 8 ENTER'' normalmente serve para:','Na linha de comando, ''THRU'' seleciona um intervalo contínuo de fixtures (1 a 8).',5,1);
insert into public.quiz_options (question_id,texto,correta,ordem) values ('14a27ff4-3c26-42bf-b3cc-905ee1137ea4','Apagar as fixtures 1 a 8',false,1);
insert into public.quiz_options (question_id,texto,correta,ordem) values ('14a27ff4-3c26-42bf-b3cc-905ee1137ea4','Selecionar as fixtures de 1 a 8',true,2);
insert into public.quiz_options (question_id,texto,correta,ordem) values ('14a27ff4-3c26-42bf-b3cc-905ee1137ea4','Gravar 8 cenas',false,3);
insert into public.quiz_options (question_id,texto,correta,ordem) values ('14a27ff4-3c26-42bf-b3cc-905ee1137ea4','Endereçar no universo 8',false,4);
insert into public.lessons (id,module_id,titulo,tipo,conteudo_rico,duracao_min,ordem,tem_quiz,preview_gratis) values ('c906f979-72c0-4466-9dee-73c36ee42969','7c6983f9-976d-4ebb-a1c1-ba438bcfd9be','Cenas, cues e cuelists: do estado estático ao show inteiro','texto','<p><strong>Para começar:</strong> Uma cena é uma fotografia de luz. Uma cuelist é o filme. Aqui você aprende a montar o show do começo ao fim.</p><p>Com fixtures patcheadas, grupos e paletas prontos, você passa a construir o show: cenas (estados de luz salvos), cues (deixas com tempos de transição) e cuelists (sequências de cues que rodam em ordem). Esta aula cobre como gravar cenas, definir fade/delay, encadear cues numa lista, e os conceitos de tracking vs. cue-only que diferenciam o fluxo de teatro do de show.</p><ul><li><strong>Cena (look) e cue:</strong> Cena é um estado de luz gravado: quais fixtures, em que intensidade, cor, posição e gobo. Um cue é essa cena dentro de uma sequência, com tempos: fade in, fade out, delay e às vezes tempos por atributo. Apertar GO executa o próximo cue com sua transição programada.</li><li><strong>Tempos: fade, delay e crossfade:</strong> Fade é o tempo da transição (ex.: 3 s para a luz mudar suavemente). Delay atrasa o início. Crossfade é a passagem suave de um look para outro. Tempos bem escolhidos são a diferença entre uma virada elegante e um ''corte seco'' — cada cue pode ter o seu.</li><li><strong>Cuelist (lista de cues):</strong> Cuelist é a sequência ordenada de cues, executada com GO (avança), GO BACK (volta) e às vezes GOTO (pula). É a espinha dorsal de espetáculos de teatro e de shows com setlist fixo: cue 1 abertura, cue 2 música 1, cue 3 refrão... O operador apenas segue a deixa apertando GO.</li><li><strong>Playbacks, executors e faders:</strong> Cues e cuelists vivem em playbacks (faders/botões, chamados executors em algumas mesas). Você pode ter a cuelist principal num fader e efeitos avulsos (strobe, blinder, chase) em outros botões para disparar ao vivo. Organizar bem os playbacks é meio caminho para um show fluido.</li><li><strong>Tracking vs. Cue-Only:</strong> No modo tracking (típico de ETC/teatro), um valor permanece nos cues seguintes até ser alterado — eficiente para longas sequências. No modo cue-only, cada cue guarda um estado completo e isolado. Saber em qual modo a mesa está evita o clássico ''mexi no cue 5 e bagunçou o cue 30''.</li><li><strong>Chases e efeitos dentro de cues:</strong> Chase é uma sequência rítmica automática (ex.: PARs piscando em ordem) com velocidade/BPM ajustável. Efeitos (effect engine) geram movimentos e variações cíclicas (círculos de pan/tilt, ondas de cor). Podem ser gravados dentro de cues ou ficar em playbacks separados para o busking.</li></ul><h4>Equipamentos / detalhes</h4><ul><li><strong>Console com playbacks/executors e botão GO:</strong> Faders e botões que reproduzem cuelists e cues, com GO/GO BACK. O coração da operação ao vivo: a cuelist principal num playback e efeitos em outros. Cada marca nomeia diferente, mas a função é a mesma.</li><li><strong>Effect engine / chase do console:</strong> Motor interno que cria movimentos e variações cíclicas (círculos, ondas, chases de cor/dimmer) ajustáveis em tamanho, velocidade e fase. Acelera muito a criação de looks dinâmicos sem programar quadro a quadro.</li></ul><h4>Passo a passo</h4><ol><li><strong>Gravar uma cena/cue:</strong> 1) Monte o look (grupos + paletas + intensidades). 2) Record/Store. 3) Direcione para a cuelist e o número de cue desejado. 4) Defina o tempo de fade (ex.: 3 s). 5) Limpe a programação (clear) e teste com GO.</li><li><strong>Encadear uma cuelist:</strong> 1) Grave o cue 1 (abertura). 2) Monte o próximo look e grave como cue 2, com seu fade. 3) Repita criando cues em ordem. 4) Ajuste fades/delays cue a cue. 5) Rode a lista inteira com GO do início ao fim para validar as transições.</li><li><strong>Adicionar um efeito/chase:</strong> 1) Selecione um grupo. 2) Abra o effect engine e escolha um efeito (ex.: círculo de pan/tilt ou chase de dimmer). 3) Ajuste tamanho, velocidade e fase. 4) Grave dentro de um cue ou num playback separado para disparar ao vivo.</li><li><strong>Organizar os playbacks para o show:</strong> Coloque a cuelist principal num fader central. Distribua nos botões: strobe, blinder/bump, chase de cor, blackout. Rotule tudo. Assim, durante o show, você apenas segue a cuelist e tempera com os efeitos.</li></ol><p><strong>Na prática:</strong> Para um musical de teatro, o LD programou uma cuelist com 120 cues seguindo o roteiro: cada deixa do diretor virou um cue com fade preciso (abertura em 5 s, blackout seco em 0 s no fim de cena). Em modo tracking, a luz base da cena permanecia entre cues, e ele só alterava o que mudava. O operador rodou o espetáculo inteiro apertando GO nas deixas marcadas no roteiro — repetível noite após noite com exatidão.</p><h4>Resumo</h4><ul><li>Cena é um estado de luz; cue é esse estado com tempos; cuelist é a sequência rodada com GO.</li><li>Fade, delay e crossfade definem a elegância das transições; cada cue tem os seus.</li><li>Tracking propaga valores entre cues; cue-only isola cada um — saiba em qual modo está.</li></ul>',32,3,true,false);
insert into public.quizzes (id,lesson_id,titulo) values ('a54d7455-c78e-4631-b138-a8b1d3c95c36','c906f979-72c0-4466-9dee-73c36ee42969','Quiz — Cenas, cues e cuelists: do estado estático ao show inteiro');
insert into public.quiz_questions (id,quiz_id,texto,explicacao,ordem,pontos) values ('152310ab-47ab-4fb0-8d60-f3685d163ad0','a54d7455-c78e-4631-b138-a8b1d3c95c36','A sequência ordenada de cues executada com GO durante o show chama-se:','A cuelist é a lista de cues rodada em ordem; o operador avança com GO.',1,1);
insert into public.quiz_options (question_id,texto,correta,ordem) values ('152310ab-47ab-4fb0-8d60-f3685d163ad0','Patch',false,1);
insert into public.quiz_options (question_id,texto,correta,ordem) values ('152310ab-47ab-4fb0-8d60-f3685d163ad0','Cuelist',true,2);
insert into public.quiz_options (question_id,texto,correta,ordem) values ('152310ab-47ab-4fb0-8d60-f3685d163ad0','Grupo',false,3);
insert into public.quiz_options (question_id,texto,correta,ordem) values ('152310ab-47ab-4fb0-8d60-f3685d163ad0','Universo',false,4);
insert into public.quiz_questions (id,quiz_id,texto,explicacao,ordem,pontos) values ('f7d0e196-8dd4-4b2c-9ef3-6027a237b6c1','a54d7455-c78e-4631-b138-a8b1d3c95c36','O tempo de ''fade'' de um cue define:','Fade é o tempo que a luz leva para transitar de um estado a outro.',2,1);
insert into public.quiz_options (question_id,texto,correta,ordem) values ('f7d0e196-8dd4-4b2c-9ef3-6027a237b6c1','O endereço DMX',false,1);
insert into public.quiz_options (question_id,texto,correta,ordem) values ('f7d0e196-8dd4-4b2c-9ef3-6027a237b6c1','A duração da transição entre os looks',true,2);
insert into public.quiz_options (question_id,texto,correta,ordem) values ('f7d0e196-8dd4-4b2c-9ef3-6027a237b6c1','A cor da luz',false,3);
insert into public.quiz_options (question_id,texto,correta,ordem) values ('f7d0e196-8dd4-4b2c-9ef3-6027a237b6c1','O número de fixtures',false,4);
insert into public.quiz_questions (id,quiz_id,texto,explicacao,ordem,pontos) values ('cf643f4c-0c06-4bc1-8392-4846d645c506','a54d7455-c78e-4631-b138-a8b1d3c95c36','No modo ''tracking'', um valor de canal:','Em tracking, os valores propagam-se pelos cues seguintes até serem mudados — típico do fluxo de teatro/ETC.',3,1);
insert into public.quiz_options (question_id,texto,correta,ordem) values ('cf643f4c-0c06-4bc1-8392-4846d645c506','É apagado a cada cue',false,1);
insert into public.quiz_options (question_id,texto,correta,ordem) values ('cf643f4c-0c06-4bc1-8392-4846d645c506','Permanece nos cues seguintes até ser alterado',true,2);
insert into public.quiz_options (question_id,texto,correta,ordem) values ('cf643f4c-0c06-4bc1-8392-4846d645c506','Dobra de intensidade',false,3);
insert into public.quiz_options (question_id,texto,correta,ordem) values ('cf643f4c-0c06-4bc1-8392-4846d645c506','Vira efeito automático',false,4);
insert into public.quiz_questions (id,quiz_id,texto,explicacao,ordem,pontos) values ('26863799-9c1d-470c-8068-bded488be577','a54d7455-c78e-4631-b138-a8b1d3c95c36','Um ''chase'' é:','Chase é uma sequência automática e cíclica, com velocidade/BPM ajustável.',4,1);
insert into public.quiz_options (question_id,texto,correta,ordem) values ('26863799-9c1d-470c-8068-bded488be577','Um conjunto de fixtures',false,1);
insert into public.quiz_options (question_id,texto,correta,ordem) values ('26863799-9c1d-470c-8068-bded488be577','Uma sequência rítmica automática (ex.: PARs piscando em ordem)',true,2);
insert into public.quiz_options (question_id,texto,correta,ordem) values ('26863799-9c1d-470c-8068-bded488be577','Um endereço DMX',false,3);
insert into public.quiz_options (question_id,texto,correta,ordem) values ('26863799-9c1d-470c-8068-bded488be577','Um tipo de gobo',false,4);
insert into public.quiz_questions (id,quiz_id,texto,explicacao,ordem,pontos) values ('e2c5b5db-5cdc-49c2-b810-8b3da0704474','a54d7455-c78e-4631-b138-a8b1d3c95c36','Por que organizar a cuelist principal num fader e os efeitos em botões separados?','Separar a cuelist dos efeitos permite ao operador seguir o show e ''temperar'' com strobe/blinder/chase ao vivo.',5,1);
insert into public.quiz_options (question_id,texto,correta,ordem) values ('e2c5b5db-5cdc-49c2-b810-8b3da0704474','Para gastar menos energia',false,1);
insert into public.quiz_options (question_id,texto,correta,ordem) values ('e2c5b5db-5cdc-49c2-b810-8b3da0704474','Para seguir a cuelist e disparar efeitos ao vivo de forma fluida',true,2);
insert into public.quiz_options (question_id,texto,correta,ordem) values ('e2c5b5db-5cdc-49c2-b810-8b3da0704474','Porque o DMX exige',false,3);
insert into public.quiz_options (question_id,texto,correta,ordem) values ('e2c5b5db-5cdc-49c2-b810-8b3da0704474','Para mudar a marca da mesa',false,4);
insert into public.lessons (id,module_id,titulo,tipo,conteudo_rico,duracao_min,ordem,tem_quiz,preview_gratis) values ('21733fd6-a5d2-431f-84b7-fe038e8bd7a2','7c6983f9-976d-4ebb-a1c1-ba438bcfd9be','Busking: operar no improviso e ler a música ao vivo','texto','<p><strong>Para começar:</strong> Quando a banda muda o setlist no meio do show, a cuelist trava. O operador que sabe busking, brilha.</p><p>Nem todo show é pré-programado. Em muita banda ao vivo, o operador toca a luz como um instrumento, reagindo à música em tempo real — isso é busking. Esta aula ensina a preparar a mesa para o improviso (grupos, paletas, efeitos e blinders em botões), a sincronizar com o ritmo (tap tempo/BPM), e a estrutura mental de looks que permite reagir a refrão, drop, balada e silêncio sem travar.</p><ul><li><strong>O que é busking:</strong> Busking é operar ao vivo, montando looks na hora em resposta à música, sem uma cuelist amarrada. Exige a mesa muito bem preparada com grupos, paletas e efeitos prontos em botões, e um operador com ouvido musical e reflexo. É o modo dominante em shows de banda com setlist flexível.</li><li><strong>Preparar a mesa para improviso:</strong> Antes do show, deixe à mão: grupos por posição/tipo, uma paleta de cores, posições-chave, e botões dedicados a strobe, blinder/bump, chases e blackout. Quanto menos você tiver que pensar onde está cada coisa, mais você reage à música. Rotular tudo é essencial.</li><li><strong>Sincronizar com o ritmo (tap tempo / BPM):</strong> Efeitos e chases têm velocidade que você pode ''bater'' no ritmo da música via tap tempo (você toca o botão na batida e o efeito assume o BPM). Sincronizar strobes e movimentos com a batida é o que faz a luz ''dançar'' junto com a banda.</li><li><strong>Estrutura de looks por momento musical:</strong> Tenha looks mentais para cada situação: verso (suave, cor base, pouco movimento), refrão (mais intensidade e cor, movimento médio), drop/clímax (strobe, blinder, beams no ar), balada (quente, baixo, estático), break/silêncio (blackout ou um único spot). Trocar de look na transição certa é a alma do busking.</li><li><strong>Construir e derrubar looks ao vivo:</strong> A técnica é somar camadas: base de cor (washes) + posição (movings) + efeito (chase/movimento) + tempero (strobe/blinder nos picos). Nos momentos de respiro, derrube camadas (tire o efeito, baixe a intensidade). Pensar em camadas evita o caos de mexer em fixture por fixture no calor do show.</li><li><strong>Erros comuns e disciplina:</strong> Excesso de strobe cansa e arrisca a saúde do público; movimento o tempo todo vira poluição visual; blinder mantido demais ofusca. A disciplina do bom operador é guardar os efeitos fortes para os picos e respeitar os respiros — contraste é o que dá impacto.</li></ul><h4>Equipamentos / detalhes</h4><ul><li><strong>Console com tap tempo e botões de efeito:</strong> Mesas com tap tempo permitem casar chases e efeitos com o BPM batendo no ritmo. Botões dedicados (strobe, bump, blackout) são a interface do busking. Avolites e ChamSys são especialmente celebradas para esse uso.</li><li><strong>Faders de submaster / intensidade por grupo:</strong> Faders que controlam a intensidade de grupos inteiros (frente, trás, washes) permitem dosar a luz ao vivo como um mixer — subir o refrão, baixar o verso — sem tocar em cada fixture.</li></ul><h4>Passo a passo</h4><ol><li><strong>Preparar a mesa para busking:</strong> 1) Crie grupos por posição e tipo. 2) Monte a paleta de cores e as posições-chave. 3) Coloque strobe, blinder/bump, chases e blackout em botões rotulados. 4) Mapeie faders de submaster por grupo. 5) Faça um ''ensaio seco'' montando e derrubando looks.</li><li><strong>Casar o efeito com a batida:</strong> 1) Inicie um chase/efeito num grupo. 2) Use tap tempo batendo no ritmo da música. 3) Ajuste fino da velocidade. 4) Combine com strobe nos acentos. O movimento agora ''respira'' com a banda.</li><li><strong>Operar por momento musical:</strong> Verso: cor base + pouco movimento. Pré-refrão: suba a intensidade. Refrão/drop: adicione efeito, beams no ar e bump de blinder/strobe nos acentos. Break: derrube tudo para um spot ou blackout. Volte a construir na próxima parte.</li><li><strong>Derrubar com elegância:</strong> No fim de uma música ou numa pausa, baixe os submasters, tire os efeitos e leve a um blackout suave ou a um único foco. Evite cortes bruscos a menos que a música peça.</li></ol><p><strong>Na prática:</strong> Numa banda que mudou o setlist em cima da hora, a cuelist seria inútil. O operador estava preparado para busking: no verso, washes âmbar e leve movimento dos spots; no refrão, subiu os submasters, jogou os beams num leque casado por tap tempo com a batida e deu bumps de blinder nos acentos; no drop, soltou strobe em rajadas curtas; na ponte melódica, derrubou tudo num único spot quente no vocalista. A luz acompanhou a banda batida a batida.</p><h4>Resumo</h4><ul><li>Busking é tocar a luz como instrumento, reagindo à música em tempo real.</li><li>A mesa precisa estar preparada: grupos, paletas, posições e efeitos em botões à mão.</li><li>Pense em camadas e por momento musical; guarde os efeitos fortes para os picos.</li></ul>',28,4,true,false);
insert into public.quizzes (id,lesson_id,titulo) values ('f9974a51-c812-4b8f-98bd-e7b6a435b8ae','21733fd6-a5d2-431f-84b7-fe038e8bd7a2','Quiz — Busking: operar no improviso e ler a música ao vivo');
insert into public.quiz_questions (id,quiz_id,texto,explicacao,ordem,pontos) values ('2e3c8725-aacf-4599-9b3c-0ee10f74cf3c','f9974a51-c812-4b8f-98bd-e7b6a435b8ae','Busking é a técnica de:','Busking é montar looks na hora, improvisando em resposta à música, sem cuelist fixa.',1,1);
insert into public.quiz_options (question_id,texto,correta,ordem) values ('2e3c8725-aacf-4599-9b3c-0ee10f74cf3c','Pré-programar todos os cues',false,1);
insert into public.quiz_options (question_id,texto,correta,ordem) values ('2e3c8725-aacf-4599-9b3c-0ee10f74cf3c','Operar a luz ao vivo, reagindo à música em tempo real',true,2);
insert into public.quiz_options (question_id,texto,correta,ordem) values ('2e3c8725-aacf-4599-9b3c-0ee10f74cf3c','Endereçar fixtures',false,3);
insert into public.quiz_options (question_id,texto,correta,ordem) values ('2e3c8725-aacf-4599-9b3c-0ee10f74cf3c','Montar o truss',false,4);
insert into public.quiz_questions (id,quiz_id,texto,explicacao,ordem,pontos) values ('a0a49de9-073b-47a3-9c24-89e4e948b6bc','f9974a51-c812-4b8f-98bd-e7b6a435b8ae','O ''tap tempo'' serve para:','Tap tempo deixa o operador bater a batida e o efeito assume aquele BPM, sincronizando com a banda.',2,1);
insert into public.quiz_options (question_id,texto,correta,ordem) values ('a0a49de9-073b-47a3-9c24-89e4e948b6bc','Trocar a cor',false,1);
insert into public.quiz_options (question_id,texto,correta,ordem) values ('a0a49de9-073b-47a3-9c24-89e4e948b6bc','Casar a velocidade de chases/efeitos com o BPM da música',true,2);
insert into public.quiz_options (question_id,texto,correta,ordem) values ('a0a49de9-073b-47a3-9c24-89e4e948b6bc','Endereçar o DMX',false,3);
insert into public.quiz_options (question_id,texto,correta,ordem) values ('a0a49de9-073b-47a3-9c24-89e4e948b6bc','Aumentar a tensão',false,4);
insert into public.quiz_questions (id,quiz_id,texto,explicacao,ordem,pontos) values ('f2e9c5d0-4c06-493f-89d0-5d7762bf251b','f9974a51-c812-4b8f-98bd-e7b6a435b8ae','Para preparar a mesa para o improviso, é essencial ter à mão:','Quanto mais pronto e rotulado estiver (grupos, paletas, efeitos), mais o operador reage à música.',3,1);
insert into public.quiz_options (question_id,texto,correta,ordem) values ('f2e9c5d0-4c06-493f-89d0-5d7762bf251b','Apenas a cuelist principal',false,1);
insert into public.quiz_options (question_id,texto,correta,ordem) values ('f2e9c5d0-4c06-493f-89d0-5d7762bf251b','Grupos, paletas, posições e efeitos em botões rotulados',true,2);
insert into public.quiz_options (question_id,texto,correta,ordem) values ('f2e9c5d0-4c06-493f-89d0-5d7762bf251b','Somente o blackout',false,3);
insert into public.quiz_options (question_id,texto,correta,ordem) values ('f2e9c5d0-4c06-493f-89d0-5d7762bf251b','Nenhuma programação',false,4);
insert into public.quiz_questions (id,quiz_id,texto,explicacao,ordem,pontos) values ('622f6036-301e-4cc7-a078-b5540747a3ed','f9974a51-c812-4b8f-98bd-e7b6a435b8ae','Uma boa disciplina no busking é:','Contraste dá impacto: guardar strobe/blinder para os clímax e dar respiros evita cansaço e risco à saúde.',4,1);
insert into public.quiz_options (question_id,texto,correta,ordem) values ('622f6036-301e-4cc7-a078-b5540747a3ed','Manter strobe e blinder ligados o tempo todo',false,1);
insert into public.quiz_options (question_id,texto,correta,ordem) values ('622f6036-301e-4cc7-a078-b5540747a3ed','Reservar os efeitos fortes para os picos e respeitar os respiros',true,2);
insert into public.quiz_options (question_id,texto,correta,ordem) values ('622f6036-301e-4cc7-a078-b5540747a3ed','Mover todas as fixtures sem parar',false,3);
insert into public.quiz_options (question_id,texto,correta,ordem) values ('622f6036-301e-4cc7-a078-b5540747a3ed','Nunca usar blackout',false,4);
insert into public.quiz_questions (id,quiz_id,texto,explicacao,ordem,pontos) values ('82f8cfcf-3216-478d-8fe7-6fc087e10bf9','f9974a51-c812-4b8f-98bd-e7b6a435b8ae','Construir um look ''em camadas'' significa:','Pensar em camadas (cor, posição, efeito, tempero) organiza a operação ao vivo e facilita construir e derrubar looks.',5,1);
insert into public.quiz_options (question_id,texto,correta,ordem) values ('82f8cfcf-3216-478d-8fe7-6fc087e10bf9','Usar uma só fixture',false,1);
insert into public.quiz_options (question_id,texto,correta,ordem) values ('82f8cfcf-3216-478d-8fe7-6fc087e10bf9','Somar base de cor + posição + efeito + tempero, e derrubar camadas nos respiros',true,2);
insert into public.quiz_options (question_id,texto,correta,ordem) values ('82f8cfcf-3216-478d-8fe7-6fc087e10bf9','Programar tudo antes',false,3);
insert into public.quiz_options (question_id,texto,correta,ordem) values ('82f8cfcf-3216-478d-8fe7-6fc087e10bf9','Desligar o DMX',false,4);
insert into public.modules (id,course_id,titulo,ordem) values ('da96b649-b246-4e44-936b-c2d67c763edc','2a795665-27a5-45b2-b392-4da014b9450c','Módulo 5 — Simulador Prático: do Patch ao Show',5);
insert into public.lessons (id,module_id,titulo,tipo,conteudo_rico,duracao_min,ordem,tem_quiz,preview_gratis) values ('9262b37f-9467-42e6-92c7-8f09baa7bd22','da96b649-b246-4e44-936b-c2d67c763edc','Simulador 1 — Montar um rig básico e endereçar um moving head','texto','<p><strong>Para começar:</strong> Hora de colocar a mão na massa. Vamos montar um rig pequeno do zero e dar vida ao primeiro moving head.</p><p>Este é o primeiro ''simulador'' do curso: um passo a passo completo, do papel à luz acesa. Você vai planejar um rig básico, montar a cadeia de energia e DMX, endereçar fisicamente um moving head, fazer o patch na mesa e verificar. É a síntese aplicada dos Módulos 2 e 3. Os nomes exatos de menu mudam por console — siga o fluxo e consulte o manual do seu modelo.</p><ul><li><strong>O rig de exemplo:</strong> Vamos montar: 4 PARs LED (8ch cada), 2 moving spots (16ch cada) e 1 máquina de hazer (1ch). Tudo num universo. Total de canais: 4×8 + 2×16 + 1 = 32 + 32 + 1 = 65 canais — folgado dentro dos 512 de um universo.</li><li><strong>Planejar antes de tocar em cabo:</strong> Desenhe um mini-plot: onde fica cada fixture, por onde passa o DMX (daisy chain) e a AC. Monte a tabela de patch com a regra ''próximo = atual + canais''. Esse planejamento de 10 minutos economiza uma hora de confusão na montagem.</li><li><strong>Cadeia de energia:</strong> PARs e movings LED em força constante (non-dim); some os watts e confira a fase/disjuntor. O hazer também em AC própria. Use cabos e plugues adequados, com alça nos conectores. Nunca ligue LED em circuito de dimmer.</li><li><strong>Cadeia de dados:</strong> Da mesa, um cabo DMX entra no primeiro PAR; OUT do PAR 1 → IN do PAR 2... até o último moving; no DMX OUT da última fixture, o terminador de 120 Ω. Cabo de dados, não de áudio.</li><li><strong>Endereçar o moving head:</strong> No display do moving spot, entre no menu de endereço (Address/DMX Address), e ajuste o modo (16ch) e o endereço inicial conforme a tabela. Confirme que o modo bate com o que será posto no patch.</li><li><strong>Verificar antes de programar:</strong> Após patch (próxima parte do passo a passo), selecione cada fixture na mesa e abra o dimmer/cor para confirmar que a luz física certa responde. Só depois siga para grupos, paletas e cenas.</li></ul><h4>Equipamentos / detalhes</h4><ul><li><strong>4× PAR LED (8ch):</strong> Base de cor do rig. Endereços calculados na tabela. Ligados em força constante e em daisy chain DMX.</li><li><strong>2× Moving Spot (16ch):</strong> Padrões, posição e cor móveis. Endereçados no display e patcheados em modo 16ch idêntico na mesa.</li><li><strong>1× Hazer (1ch):</strong> Cria a neblina que torna os fachos visíveis. Um canal DMX controla a densidade. AC própria e ventilação.</li><li><strong>Terminador DMX, cabos DMX e AC, splitter (opcional):</strong> Cabos de dados e de potência separados; terminador na última fixture; splitter se a linha crescer.</li></ul><h4>Passo a passo</h4><ol><li><strong>1. Montar a tabela de patch:</strong> PAR1=1–8, PAR2=9–16, PAR3=17–24, PAR4=25–32; Spot1=33–48, Spot2=49–64; Hazer=65. Anote modelo, modo, universo e endereço de cada fixture.</li><li><strong>2. Energizar com segurança:</strong> Some os watts, confira a fase e o disjuntor, ligue as fixtures em força constante. Deixe os movings fazerem o reset/homing.</li><li><strong>3. Passar o DMX em daisy chain:</strong> Mesa → PAR1 IN; PAR1 OUT → PAR2 IN; ... → Spot2 IN; Spot2 OUT → Hazer IN; Hazer OUT → terminador 120 Ω.</li><li><strong>4. Endereçar cada fixture no display:</strong> Ajuste endereço e modo conforme a tabela (PAR1 em 1/8ch; ...; Spot1 em 33/16ch; Spot2 em 49/16ch; Hazer em 65/1ch).</li><li><strong>5. Fazer o patch na mesa:</strong> Selecione cada modelo/modo na biblioteca e informe universo e endereço idênticos. Atribua números lógicos de fixture (1 a 7).</li><li><strong>6. Verificar fixture a fixture:</strong> Selecione cada uma e abra o dimmer/cor. Se a luz errada acender, corrija endereço ou modo antes de seguir.</li></ol><p><strong>Na prática:</strong> Um operador montou exatamente esse rig para um evento pequeno. Levou 10 minutos na tabela de patch, energizou conferindo a fase, passou o DMX com terminador, endereçou no display e patcheou batendo os modos. Na verificação, o Spot2 acendeu junto com o Spot1: ambos estavam no endereço 33. Ajustou o Spot2 para 49 no display, testou de novo — perfeito — e seguiu para a criação de grupos e cenas.</p><h4>Resumo</h4><ul><li>Planejar o plot e a tabela de patch antes economiza tempo e evita erros.</li><li>Energia (força constante para LED) e dados (daisy chain + terminador) são cadeias separadas.</li><li>Endereçar no display e patchar com modo idêntico, depois verificar fixture a fixture.</li></ul>',35,1,true,false);
insert into public.quizzes (id,lesson_id,titulo) values ('1b0d0cb8-e2e8-4179-8c81-dce109038cba','9262b37f-9467-42e6-92c7-8f09baa7bd22','Quiz — Simulador 1 — Montar um rig básico e endereçar um moving hea');
insert into public.quiz_questions (id,quiz_id,texto,explicacao,ordem,pontos) values ('3d39e5e4-ec6f-40ec-95fe-8b4f411e404a','1b0d0cb8-e2e8-4179-8c81-dce109038cba','No rig de exemplo (4 PARs 8ch + 2 spots 16ch + 1 hazer 1ch), o total de canais usados é:','4×8 + 2×16 + 1 = 32 + 32 + 1 = 65 canais.',1,1);
insert into public.quiz_options (question_id,texto,correta,ordem) values ('3d39e5e4-ec6f-40ec-95fe-8b4f411e404a','48',false,1);
insert into public.quiz_options (question_id,texto,correta,ordem) values ('3d39e5e4-ec6f-40ec-95fe-8b4f411e404a','65',true,2);
insert into public.quiz_options (question_id,texto,correta,ordem) values ('3d39e5e4-ec6f-40ec-95fe-8b4f411e404a','128',false,3);
insert into public.quiz_options (question_id,texto,correta,ordem) values ('3d39e5e4-ec6f-40ec-95fe-8b4f411e404a','512',false,4);
insert into public.quiz_questions (id,quiz_id,texto,explicacao,ordem,pontos) values ('20bec623-744c-4cde-bf09-b1490b8c2b0b','1b0d0cb8-e2e8-4179-8c81-dce109038cba','Se PAR4 ocupa os canais 25–32, o primeiro moving spot (16ch) começa no endereço:','Próximo endereço = 32 + 1 = 33; o spot ocupa 33–48.',2,1);
insert into public.quiz_options (question_id,texto,correta,ordem) values ('20bec623-744c-4cde-bf09-b1490b8c2b0b','24',false,1);
insert into public.quiz_options (question_id,texto,correta,ordem) values ('20bec623-744c-4cde-bf09-b1490b8c2b0b','32',false,2);
insert into public.quiz_options (question_id,texto,correta,ordem) values ('20bec623-744c-4cde-bf09-b1490b8c2b0b','33',true,3);
insert into public.quiz_options (question_id,texto,correta,ordem) values ('20bec623-744c-4cde-bf09-b1490b8c2b0b','40',false,4);
insert into public.quiz_questions (id,quiz_id,texto,explicacao,ordem,pontos) values ('5fa42047-1a0b-4fde-8d32-6cee9c415ae9','1b0d0cb8-e2e8-4179-8c81-dce109038cba','Por que NÃO ligar os PARs LED e movings em um circuito de dimmer?','LED e movings dimerizam internamente por DMX e exigem alimentação constante; dimerizar a força os danifica.',3,1);
insert into public.quiz_options (question_id,texto,correta,ordem) values ('5fa42047-1a0b-4fde-8d32-6cee9c415ae9','Porque consomem pouca energia',false,1);
insert into public.quiz_options (question_id,texto,correta,ordem) values ('5fa42047-1a0b-4fde-8d32-6cee9c415ae9','Porque têm dimmer interno e precisam de força constante (non-dim)',true,2);
insert into public.quiz_options (question_id,texto,correta,ordem) values ('5fa42047-1a0b-4fde-8d32-6cee9c415ae9','Porque o DMX não funciona',false,3);
insert into public.quiz_options (question_id,texto,correta,ordem) values ('5fa42047-1a0b-4fde-8d32-6cee9c415ae9','Porque são pesados',false,4);
insert into public.quiz_questions (id,quiz_id,texto,explicacao,ordem,pontos) values ('965f871a-fc52-4c1e-87fa-eeb58e1d8d56','1b0d0cb8-e2e8-4179-8c81-dce109038cba','Durante a verificação, dois spots acenderam juntos. A causa mais provável é:','Endereços sobrepostos fazem fixtures responderem ao mesmo comando; basta separar os endereços.',4,1);
insert into public.quiz_options (question_id,texto,correta,ordem) values ('965f871a-fc52-4c1e-87fa-eeb58e1d8d56','Falta de hazer',false,1);
insert into public.quiz_options (question_id,texto,correta,ordem) values ('965f871a-fc52-4c1e-87fa-eeb58e1d8d56','Os dois com o mesmo endereço DMX',true,2);
insert into public.quiz_options (question_id,texto,correta,ordem) values ('965f871a-fc52-4c1e-87fa-eeb58e1d8d56','Cabo de AC curto',false,3);
insert into public.quiz_options (question_id,texto,correta,ordem) values ('965f871a-fc52-4c1e-87fa-eeb58e1d8d56','Terminador a mais',false,4);
insert into public.quiz_questions (id,quiz_id,texto,explicacao,ordem,pontos) values ('c811dcb9-c68d-4b53-a4de-d5fa252a1253','1b0d0cb8-e2e8-4179-8c81-dce109038cba','A última fixture da linha DMX deve receber:','O terminador no DMX OUT da última fixture estabiliza o sinal e evita flicker.',5,1);
insert into public.quiz_options (question_id,texto,correta,ordem) values ('c811dcb9-c68d-4b53-a4de-d5fa252a1253','Outra fixture',false,1);
insert into public.quiz_options (question_id,texto,correta,ordem) values ('c811dcb9-c68d-4b53-a4de-d5fa252a1253','O terminador de 120 Ω',true,2);
insert into public.quiz_options (question_id,texto,correta,ordem) values ('c811dcb9-c68d-4b53-a4de-d5fa252a1253','Um cabo de áudio',false,3);
insert into public.quiz_options (question_id,texto,correta,ordem) values ('c811dcb9-c68d-4b53-a4de-d5fa252a1253','Dois cabos de AC',false,4);
insert into public.lessons (id,module_id,titulo,tipo,conteudo_rico,duracao_min,ordem,tem_quiz,preview_gratis) values ('6ae1bd5f-b875-4960-bad9-bb8167330217','da96b649-b246-4e44-936b-c2d67c763edc','Simulador 2 — Criar grupos, paletas e uma cena completa','texto','<p><strong>Para começar:</strong> Com o rig vivo, vamos transformar fixtures soltas em ferramentas: grupos, paletas e o primeiro look gravado.</p><p>Segundo simulador: partindo do rig já patcheado e verificado, você vai criar grupos lógicos, montar paletas de cor e posição, e gravar sua primeira cena completa com tempos. É a aplicação prática do Módulo 4. Lembre: os botões mudam de nome por console (Record, Store, Update...), mas o fluxo selecionar → ajustar → gravar é universal.</p><ul><li><strong>Definir os grupos do rig:</strong> Para o rig de exemplo, crie: ''PARs'' (todos os 4), ''PARs Ímpares'' e ''PARs Pares'' (para chases), e ''Spots'' (os 2 movings). Grupos por tipo e por par/ímpar dão flexibilidade imediata.</li><li><strong>Montar a paleta de cores:</strong> Crie pelo menos 4 cores nos PARs e spots: âmbar quente, azul profundo, magenta e branco. Grave cada uma como paleta de cor. Padronizar a paleta agora faz toda cena futura ficar coerente.</li><li><strong>Montar as paletas de posição:</strong> Nos spots, crie posições-chave: ''Centro'' (mirando o meio do palco), ''Plateia'' (apontando para cima/frente) e ''Piso'' (gobo no chão). Use só pan/tilt para mantê-las reutilizáveis.</li><li><strong>Gravar a primeira cena:</strong> Monte um look: PARs em âmbar quente a 70%, spots em branco mirando ''Centro'' com um gobo suave. Grave como cena/cue com fade de 3 s. Essa é sua primeira ''fotografia de luz''.</li><li><strong>Usar a referência viva:</strong> Como a cena aponta para as paletas, se depois você reajustar a paleta ''Centro'' (palco mudou), a cena segue correta. Teste: mude levemente a posição na paleta e veja a cena acompanhar.</li><li><strong>Limpar e testar:</strong> Sempre dê um ''clear'' na programação ativa antes de testar, para não gravar ''lixo''. Reproduza a cena do zero e confirme que o look e o fade saem como esperado.</li></ul><h4>Equipamentos / detalhes</h4><ul><li><strong>Console (ou software PC) com áreas de grupo, paleta e playback:</strong> Use MagicQ, Onyx ou grandMA3 onPC se estiver praticando sem hardware. As áreas de grupo, paleta de cor/posição e gravação existem em todas, com nomes próprios.</li><li><strong>Visualizador 3D (Capture, MagicVis, grandMA3 3D):</strong> Ferramenta que simula o rig na tela, permitindo programar grupos, paletas e cenas sem as fixtures físicas. Excelente para treinar este simulador em casa.</li></ul><h4>Passo a passo</h4><ol><li><strong>1. Criar os grupos:</strong> Selecione os 4 PARs → Record Group → botão livre → nomeie ''PARs''. Repita para ''PARs Ímpares'' (1 e 3), ''PARs Pares'' (2 e 4) e ''Spots'' (os 2 movings).</li><li><strong>2. Criar as paletas de cor:</strong> Selecione ''PARs'' + ''Spots'', ajuste âmbar quente → Record na área de cor → nomeie. Repita para azul, magenta e branco.</li><li><strong>3. Criar as paletas de posição:</strong> Selecione ''Spots'', mire o centro → Record como position palette → ''Centro''. Repita para ''Plateia'' e ''Piso'' (só pan/tilt).</li><li><strong>4. Montar e gravar a cena:</strong> Chame ''PARs'' + paleta âmbar a 70%; ''Spots'' + branco + ''Centro'' + gobo suave. Record como cue 1 com fade 3 s. Nomeie ''Abertura''.</li><li><strong>5. Limpar e validar:</strong> Dê Clear, reproduza a cena ''Abertura'' e confira o look e o tempo. Ajuste e regrave (Update) se necessário.</li></ol><p><strong>Na prática:</strong> Sobre o rig do Simulador 1, o operador criou grupos (''PARs'', ''Pares'', ''Ímpares'', ''Spots''), uma paleta de 4 cores e 3 posições para os spots. Gravou a cena ''Abertura'' (PARs âmbar 70% + spots brancos no centro). Quando reajustou a posição ''Centro'' porque o palco era mais fundo, a cena ''Abertura'' atualizou sozinha — exatamente o poder da referência viva das paletas.</p><h4>Resumo</h4><ul><li>Grupos e paletas transformam fixtures soltas em ferramentas rápidas de operação.</li><li>A primeira cena combina grupo + paleta de cor + posição + intensidade + fade.</li><li>Paletas como referência viva fazem as cenas se adaptarem quando o palco muda.</li></ul>',32,2,true,false);
insert into public.quizzes (id,lesson_id,titulo) values ('2318b31b-3461-43cf-9438-f801deef434c','6ae1bd5f-b875-4960-bad9-bb8167330217','Quiz — Simulador 2 — Criar grupos, paletas e uma cena completa');
insert into public.quiz_questions (id,quiz_id,texto,explicacao,ordem,pontos) values ('85d03930-fb79-4fb6-9176-95017b2ebd53','2318b31b-3461-43cf-9438-f801deef434c','Por que criar grupos ''Pares'' e ''Ímpares'' dos PARs?','Grupos par/ímpar permitem alternâncias e chases imediatos, agilizando a operação.',1,1);
insert into public.quiz_options (question_id,texto,correta,ordem) values ('85d03930-fb79-4fb6-9176-95017b2ebd53','Para gastar menos DMX',false,1);
insert into public.quiz_options (question_id,texto,correta,ordem) values ('85d03930-fb79-4fb6-9176-95017b2ebd53','Para facilitar chases e alternâncias rápidas',true,2);
insert into public.quiz_options (question_id,texto,correta,ordem) values ('85d03930-fb79-4fb6-9176-95017b2ebd53','Para mudar o endereço',false,3);
insert into public.quiz_options (question_id,texto,correta,ordem) values ('85d03930-fb79-4fb6-9176-95017b2ebd53','Para desligar metade do rig',false,4);
insert into public.quiz_questions (id,quiz_id,texto,explicacao,ordem,pontos) values ('11740ed0-7b92-4c97-997a-c450614340c4','2318b31b-3461-43cf-9438-f801deef434c','Ao criar uma paleta de posição, é recomendável gravar:','Position palettes devem conter só pan/tilt para serem reaplicáveis sem arrastar cor/gobo indesejados.',2,1);
insert into public.quiz_options (question_id,texto,correta,ordem) values ('11740ed0-7b92-4c97-997a-c450614340c4','Cor e gobo juntos',false,1);
insert into public.quiz_options (question_id,texto,correta,ordem) values ('11740ed0-7b92-4c97-997a-c450614340c4','Apenas pan/tilt, para mantê-la reutilizável',true,2);
insert into public.quiz_options (question_id,texto,correta,ordem) values ('11740ed0-7b92-4c97-997a-c450614340c4','Só a intensidade',false,3);
insert into public.quiz_options (question_id,texto,correta,ordem) values ('11740ed0-7b92-4c97-997a-c450614340c4','O endereço DMX',false,4);
insert into public.quiz_questions (id,quiz_id,texto,explicacao,ordem,pontos) values ('66ffb66a-2eb9-4e4d-9760-97afab170342','2318b31b-3461-43cf-9438-f801deef434c','A primeira cena ''Abertura'' combina:','A cena reúne seleção (grupo), cor, posição, intensidade e tempo de transição (fade).',3,1);
insert into public.quiz_options (question_id,texto,correta,ordem) values ('66ffb66a-2eb9-4e4d-9760-97afab170342','Apenas um canal DMX',false,1);
insert into public.quiz_options (question_id,texto,correta,ordem) values ('66ffb66a-2eb9-4e4d-9760-97afab170342','Grupo + paleta de cor + posição + intensidade + fade',true,2);
insert into public.quiz_options (question_id,texto,correta,ordem) values ('66ffb66a-2eb9-4e4d-9760-97afab170342','Somente o blackout',false,3);
insert into public.quiz_options (question_id,texto,correta,ordem) values ('66ffb66a-2eb9-4e4d-9760-97afab170342','Só o terminador',false,4);
insert into public.quiz_questions (id,quiz_id,texto,explicacao,ordem,pontos) values ('44eef2ca-5604-4bcb-bef1-e58f1b844c98','2318b31b-3461-43cf-9438-f801deef434c','Se você reajusta a paleta ''Centro'' e a cena que a usa se atualiza sozinha, isso é:','Como a cena aponta para a paleta, alterar a paleta propaga a mudança às cenas que a referenciam.',4,1);
insert into public.quiz_options (question_id,texto,correta,ordem) values ('44eef2ca-5604-4bcb-bef1-e58f1b844c98','Um bug',false,1);
insert into public.quiz_options (question_id,texto,correta,ordem) values ('44eef2ca-5604-4bcb-bef1-e58f1b844c98','A referência viva das paletas',true,2);
insert into public.quiz_options (question_id,texto,correta,ordem) values ('44eef2ca-5604-4bcb-bef1-e58f1b844c98','Perda de programação',false,3);
insert into public.quiz_options (question_id,texto,correta,ordem) values ('44eef2ca-5604-4bcb-bef1-e58f1b844c98','Sobrecarga elétrica',false,4);
insert into public.quiz_questions (id,quiz_id,texto,explicacao,ordem,pontos) values ('b757afd7-e412-475d-ab7c-f8f6a3f73e44','2318b31b-3461-43cf-9438-f801deef434c','Antes de testar uma cena recém-criada, é boa prática:','Limpar (Clear) a programação ativa evita gravar ''lixo'' e garante um teste fiel ao que foi salvo.',5,1);
insert into public.quiz_options (question_id,texto,correta,ordem) values ('b757afd7-e412-475d-ab7c-f8f6a3f73e44','Desligar a mesa',false,1);
insert into public.quiz_options (question_id,texto,correta,ordem) values ('b757afd7-e412-475d-ab7c-f8f6a3f73e44','Dar um ''Clear'' na programação ativa',true,2);
insert into public.quiz_options (question_id,texto,correta,ordem) values ('b757afd7-e412-475d-ab7c-f8f6a3f73e44','Remover o terminador',false,3);
insert into public.quiz_options (question_id,texto,correta,ordem) values ('b757afd7-e412-475d-ab7c-f8f6a3f73e44','Trocar o universo',false,4);
insert into public.lessons (id,module_id,titulo,tipo,conteudo_rico,duracao_min,ordem,tem_quiz,preview_gratis) values ('8896a57e-2a38-4b61-862f-a104b4ba1325','da96b649-b246-4e44-936b-c2d67c763edc','Simulador 3 — Montar uma cuelist para uma música','texto','<p><strong>Para começar:</strong> O exercício que junta tudo: pegar uma música real e transformar sua estrutura em uma cuelist completa.</p><p>Simulador final: você vai analisar a estrutura de uma música (intro, verso, refrão, ponte, refrão final, fim), criar um look para cada parte e encadeá-los numa cuelist com tempos. É a integração de todo o curso — patch, grupos, paletas, cenas, cuelist e a sensibilidade musical do busking, agora estruturada. Ao final, você terá um ''mini-show'' rodável com GO.</p><ul><li><strong>Analisar a estrutura musical:</strong> Ouça a música e marque as seções: Intro (atmosfera), Verso (intimista), Pré-refrão (crescendo), Refrão (energia máxima), Ponte/break (respiro), Refrão final (clímax) e Final (resolução). Cada seção vira um cue. Anote os tempos aproximados ou as deixas.</li><li><strong>Definir um look por seção:</strong> Intro: spots em azul, baixo, hazer; Verso: PARs âmbar suave + 1 spot no vocalista; Pré-refrão: subir intensidade, cor mais saturada; Refrão: tudo aberto, movimento, beams/chase; Ponte: derrubar para um único foco quente; Refrão final: clímax com strobe/blinder nos acentos; Final: fade lento ao blackout.</li><li><strong>Gravar os cues com tempos:</strong> Grave cada look como um cue na mesma cuelist, em ordem, com fades coerentes: intro entra em 4 s, verso transita em 2 s, refrão pode ''estourar'' em 0,5 s, final sai em 6 s. O tempo é o que dá a sensação musical à transição.</li><li><strong>Encadear e ensaiar a cuelist:</strong> Rode a cuelist do cue 1 ao último com GO, idealmente com a música tocando, marcando onde apertar GO em cada virada. Ajuste fades que ficaram lentos ou rápidos demais. Repita até as transições caírem no tempo da música.</li><li><strong>Combinar cuelist com efeitos ao vivo:</strong> Deixe o ''esqueleto'' na cuelist (estrutura e cores) e mantenha strobe, blinder e bumps em botões para temperar ao vivo nos acentos. Assim você tem a segurança da cuelist e a expressividade do busking ao mesmo tempo.</li><li><strong>Documentar e repetir:</strong> Anote a ordem dos cues e as deixas (ex.: ''GO no início do refrão''). Salve o show. Uma cuelist documentada pode ser repetida noite após noite ou passada a outro operador — princípio que vem direto do roteiro/rider do show.</li></ul><h4>Equipamentos / detalhes</h4><ul><li><strong>Console com cuelist em playback e botão GO:</strong> A cuelist da música vai num playback; o operador avança com GO nas viradas. Botões extras seguram strobe/blinder para os acentos. É o setup clássico de show com setlist.</li><li><strong>Player de áudio / metrônomo de referência:</strong> Tocar a música durante o ensaio (ou usar o BPM como referência) é essencial para casar os tempos de fade e marcar as deixas de GO com precisão.</li></ul><h4>Passo a passo</h4><ol><li><strong>1. Mapear as seções:</strong> Ouça a música e escreva a ordem: Intro, Verso, Pré-refrão, Refrão, Ponte, Refrão Final, Final. Marque os tempos/deixas de cada virada.</li><li><strong>2. Criar o look de cada seção:</strong> Para cada parte, monte o look com grupos + paletas (cor, posição, intensidade, efeito) conforme a energia da seção.</li><li><strong>3. Gravar a cuelist:</strong> Grave o cue 1 (Intro) com seu fade; repita para cada seção em ordem na mesma cuelist, ajustando fade/delay de acordo com a transição musical.</li><li><strong>4. Ensaiar com a música:</strong> Toque a música e rode a cuelist com GO, marcando o ponto exato de cada GO. Corrija tempos até cair certo.</li><li><strong>5. Adicionar tempero ao vivo:</strong> Mantenha strobe/blinder/bump em botões para os acentos do refrão e do clímax, disparados manualmente sobre a cuelist.</li><li><strong>6. Salvar e documentar:</strong> Anote as deixas (''GO no drop''), salve o show e faça um backup do arquivo da mesa.</li></ol><p><strong>Na prática:</strong> Para uma música pop de ~3 min, o operador mapeou 7 seções e criou 7 cues: intro azul com hazer; verso âmbar com foco no vocalista; pré-refrão subindo a cor; refrão com beams em leque e chase nos PARs; ponte num único spot quente; refrão final com strobe nos acentos; final em fade lento ao blackout em 6 s. Ensaiou com a faixa tocando, ajustou os fades, e marcou no roteiro onde apertar GO. No show, rodou a cuelist e ainda deu bumps de blinder manuais nos acentos — estrutura + expressão.</p><h4>Resumo</h4><ul><li>A estrutura da música vira a estrutura da cuelist: cada seção é um cue.</li><li>Os tempos de fade dão musicalidade às transições — estouro no refrão, fade lento no final.</li><li>Combine a segurança da cuelist com o tempero ao vivo do busking e documente tudo.</li></ul>',35,3,true,false);
insert into public.quizzes (id,lesson_id,titulo) values ('513e107f-d3e5-44a7-8fc7-d496fcfc89a1','8896a57e-2a38-4b61-862f-a104b4ba1325','Quiz — Simulador 3 — Montar uma cuelist para uma música');
insert into public.quiz_questions (id,quiz_id,texto,explicacao,ordem,pontos) values ('f696bb45-3472-4982-9a15-d197f91b74d1','513e107f-d3e5-44a7-8fc7-d496fcfc89a1','Ao montar uma cuelist para uma música, cada cue normalmente corresponde a:','A estrutura musical guia a cuelist: cada seção vira um cue com seu look.',1,1);
insert into public.quiz_options (question_id,texto,correta,ordem) values ('f696bb45-3472-4982-9a15-d197f91b74d1','Cada fixture',false,1);
insert into public.quiz_options (question_id,texto,correta,ordem) values ('f696bb45-3472-4982-9a15-d197f91b74d1','Cada seção da música (intro, verso, refrão...)',true,2);
insert into public.quiz_options (question_id,texto,correta,ordem) values ('f696bb45-3472-4982-9a15-d197f91b74d1','Cada canal DMX',false,3);
insert into public.quiz_options (question_id,texto,correta,ordem) values ('f696bb45-3472-4982-9a15-d197f91b74d1','Cada cor da paleta',false,4);
insert into public.quiz_questions (id,quiz_id,texto,explicacao,ordem,pontos) values ('4a056671-5cf5-4172-994e-84e5a611c63e','513e107f-d3e5-44a7-8fc7-d496fcfc89a1','Para um refrão explosivo, o tempo de fade ideal tende a ser:','Transições rápidas casam com o impacto do refrão; fades longos servem a entradas e finais.',2,1);
insert into public.quiz_options (question_id,texto,correta,ordem) values ('4a056671-5cf5-4172-994e-84e5a611c63e','Muito longo (10 s)',false,1);
insert into public.quiz_options (question_id,texto,correta,ordem) values ('4a056671-5cf5-4172-994e-84e5a611c63e','Curto/imediato, para ''estourar'' a energia',true,2);
insert into public.quiz_options (question_id,texto,correta,ordem) values ('4a056671-5cf5-4172-994e-84e5a611c63e','Sempre 5 s fixos',false,3);
insert into public.quiz_options (question_id,texto,correta,ordem) values ('4a056671-5cf5-4172-994e-84e5a611c63e','Indiferente',false,4);
insert into public.quiz_questions (id,quiz_id,texto,explicacao,ordem,pontos) values ('55b90857-22eb-4eef-aa58-9c1e224b7e97','513e107f-d3e5-44a7-8fc7-d496fcfc89a1','Combinar a cuelist com strobe/blinder em botões permite:','A cuelist dá o esqueleto e os botões de efeito permitem temperar os acentos manualmente.',3,1);
insert into public.quiz_options (question_id,texto,correta,ordem) values ('55b90857-22eb-4eef-aa58-9c1e224b7e97','Eliminar o DMX',false,1);
insert into public.quiz_options (question_id,texto,correta,ordem) values ('55b90857-22eb-4eef-aa58-9c1e224b7e97','Ter a estrutura segura da cuelist e a expressividade do busking ao vivo',true,2);
insert into public.quiz_options (question_id,texto,correta,ordem) values ('55b90857-22eb-4eef-aa58-9c1e224b7e97','Dispensar o ensaio',false,3);
insert into public.quiz_options (question_id,texto,correta,ordem) values ('55b90857-22eb-4eef-aa58-9c1e224b7e97','Trocar a marca da mesa',false,4);
insert into public.quiz_questions (id,quiz_id,texto,explicacao,ordem,pontos) values ('576cf26d-5954-4600-9887-2527a403323a','513e107f-d3e5-44a7-8fc7-d496fcfc89a1','Ensaiar a cuelist com a música tocando serve principalmente para:','Rodar com a faixa permite afinar fades e saber o ponto exato de cada GO.',4,1);
insert into public.quiz_options (question_id,texto,correta,ordem) values ('576cf26d-5954-4600-9887-2527a403323a','Economizar energia',false,1);
insert into public.quiz_options (question_id,texto,correta,ordem) values ('576cf26d-5954-4600-9887-2527a403323a','Ajustar os tempos de fade e marcar as deixas de GO',true,2);
insert into public.quiz_options (question_id,texto,correta,ordem) values ('576cf26d-5954-4600-9887-2527a403323a','Endereçar fixtures',false,3);
insert into public.quiz_options (question_id,texto,correta,ordem) values ('576cf26d-5954-4600-9887-2527a403323a','Mudar o universo',false,4);
insert into public.quiz_questions (id,quiz_id,texto,explicacao,ordem,pontos) values ('8be145d8-9c3a-4617-9a75-a6134d346f99','513e107f-d3e5-44a7-8fc7-d496fcfc89a1','Por que documentar as deixas e salvar/backupear o show?','Documentação e backup garantem repetibilidade e transferência — o mesmo princípio do roteiro e do rider.',5,1);
insert into public.quiz_options (question_id,texto,correta,ordem) values ('8be145d8-9c3a-4617-9a75-a6134d346f99','É opcional e irrelevante',false,1);
insert into public.quiz_options (question_id,texto,correta,ordem) values ('8be145d8-9c3a-4617-9a75-a6134d346f99','Para repetir o show com precisão e poder passá-lo a outro operador',true,2);
insert into public.quiz_options (question_id,texto,correta,ordem) values ('8be145d8-9c3a-4617-9a75-a6134d346f99','Para aumentar a tensão elétrica',false,3);
insert into public.quiz_options (question_id,texto,correta,ordem) values ('8be145d8-9c3a-4617-9a75-a6134d346f99','Para remover o terminador',false,4);
insert into public.modules (id,course_id,titulo,ordem) values ('1151c86a-5306-41f6-98a4-07279b6a5d5f','2a795665-27a5-45b2-b392-4da014b9450c','Módulo 6 — Projeto, Rider Técnico e Carreira',6);
insert into public.lessons (id,module_id,titulo,tipo,conteudo_rico,duracao_min,ordem,tem_quiz,preview_gratis) values ('e12c1798-ed6e-4649-9eef-5a0aab742f51','1151c86a-5306-41f6-98a4-07279b6a5d5f','Briefing, projeto de luz e o rider técnico','texto','<p><strong>Para começar:</strong> Todo grande show começa num documento. Saber projetar e comunicar no papel é o que separa o amador do profissional.</p><p>Antes da montagem, vem o projeto. Esta aula percorre o ciclo de planejamento: o briefing (entender objetivo, espaço, estilo e orçamento), a elaboração do projeto/roteiro de luz, e a peça-chave de comunicação técnica — o rider técnico — que diz à casa exatamente quais fixtures, energia, console e estruturas o show precisa. É o conhecimento que transforma uma ideia em algo executável e contratável.</p><ul><li><strong>O briefing:</strong> Reunião/documento que define a base do projeto: objetivos e visão, espaço e layout, estilo e atmosfera desejados, cores e temperatura, funcionalidade (o que iluminar), controle/programação, orçamento, prazos, equipe e requisitos técnicos do local. Um bom briefing alinha cliente, artista e equipe e evita mal-entendidos caros.</li><li><strong>Elaboração do projeto:</strong> Com o briefing, o LD define o conceito (paleta, ângulos, momentos), seleciona equipamentos pela necessidade e pelas specs, faz cálculos luminotécnicos básicos (cobertura, intensidade, distância) e posiciona as fixtures. Considera energia disponível, controle (console/software) e segurança. O resultado é a planta de luz (plot) e a lista de cues/cenas.</li><li><strong>O roteiro de projeto:</strong> Documento que organiza tudo em etapas: introdução, objetivos, levantamento do local, equipe, design conceitual, planta de iluminação, seleção de equipamentos, plano de energia, programação, orçamento, cronograma, testes, segurança, aprovação e apresentação. Adaptável à complexidade de cada evento.</li><li><strong>O rider técnico de luz:</strong> Documento entregue à casa/produção com TODOS os requisitos: dados do evento e horários (montagem, soundcheck, show), lista de fixtures (modelo e quantidade: washes, spots, PARs, strobes, moving heads, efeitos), posicionamento, cores/filtros, console e software, cabos DMX, requisitos de energia (potência total e pontos), estruturas (grid, truss, suportes) e equipe necessária. É o contrato técnico do show.</li><li><strong>Energia, estrutura e pessoal no rider:</strong> O rider especifica a potência total estimada e os pontos de energia (para a casa dimensionar), as estruturas de suporte (grid de iluminação, suportes de solo) e a equipe local necessária para montagem/operação. Quanto mais preciso, menos surpresa no dia.</li><li><strong>Licenças e responsabilidade:</strong> Eventos exigem alvará, laudo de segurança, autorização do Corpo de Bombeiros e, em instalações elétricas, ART de engenheiro. O projeto de luz é parte da documentação que sustenta essas licenças. Trabalhar legalizado protege o profissional e o público.</li></ul><h4>Equipamentos / detalhes</h4><ul><li><strong>Software de plot/planta de luz:</strong> Ferramentas como Vectorworks/Spotlight, WYSIWYG, Capture ou MagicQ/grandMA 3D ajudam a desenhar a planta, posicionar fixtures e pré-visualizar o desenho antes da montagem. Geram a documentação visual do rider.</li><li><strong>Modelo de rider técnico:</strong> Template com campos de evento, horários, lista de fixtures, console, DMX, energia, estruturas e equipe. Padronizar o rider acelera o orçamento e a comunicação com qualquer casa.</li></ul><h4>Passo a passo</h4><ol><li><strong>Conduzir um briefing:</strong> Pergunte: qual o objetivo e a atmosfera? Como é o espaço (dimensões, pé-direito, pontos de energia)? Qual o estilo/paleta? Há câmera? Qual o orçamento e o prazo? Quem é a equipe? Documente as respostas — elas guiam todo o projeto.</li><li><strong>Esboçar o projeto:</strong> Defina o conceito e a paleta; selecione fixtures por função (wash de cor, spots de padrão, beams de ar, blinders); posicione no plot considerando ângulos e distância; estime a energia (soma de watts) e escolha o console.</li><li><strong>Escrever o rider técnico:</strong> Preencha: dados/horários do evento; lista de fixtures com modelo e quantidade; posicionamento; cores/filtros; console e software; quantidade/comprimento de cabos DMX; potência total e pontos de energia; estruturas; equipe necessária. Anexe o plot. Assine e date.</li><li><strong>Validar com a casa:</strong> Envie o rider antecipadamente e confirme com a equipe técnica do local que a energia, as estruturas e os pontos existem. Ajuste o que a casa não puder atender antes do dia da montagem.</li></ol><p><strong>Na prática:</strong> Para um show de turnê, a LD fez o briefing com a produção (palco 12×8 m, pé-direito 7 m, paleta quente, com câmeras para telão), desenhou o plot num software, selecionou o rig (washes, spots, beams e blinders) e escreveu o rider: lista de fixtures e quantidades, console grandMA3, energia total estimada e pontos, truss frontal e de fundo, e 4 técnicos locais. Enviou à casa uma semana antes; a casa confirmou tudo, exceto um ponto de energia, que foi providenciado a tempo. No dia, a montagem fluiu sem surpresas.</p><h4>Resumo</h4><ul><li>O briefing define objetivo, espaço, estilo, orçamento e prazo — a base de tudo.</li><li>O projeto vira plot e lista de cues; o rider técnico é o contrato técnico enviado à casa.</li><li>Energia, estruturas, equipe e licenças precisam estar previstos e validados antes da montagem.</li></ul>',30,1,true,false);
insert into public.quizzes (id,lesson_id,titulo) values ('2b9f5d60-3bfd-42fa-9412-ed8721df45aa','e12c1798-ed6e-4649-9eef-5a0aab742f51','Quiz — Briefing, projeto de luz e o rider técnico');
insert into public.quiz_questions (id,quiz_id,texto,explicacao,ordem,pontos) values ('7bb16a54-0480-4361-b59d-8e4ab4a1ca4f','2b9f5d60-3bfd-42fa-9412-ed8721df45aa','O documento que reúne os requisitos técnicos do show (fixtures, energia, console, estruturas) entregue à casa é o:','O rider técnico de luz especifica todos os requisitos para a casa implementar o show conforme planejado.',1,1);
insert into public.quiz_options (question_id,texto,correta,ordem) values ('7bb16a54-0480-4361-b59d-8e4ab4a1ca4f','Briefing',false,1);
insert into public.quiz_options (question_id,texto,correta,ordem) values ('7bb16a54-0480-4361-b59d-8e4ab4a1ca4f','Rider técnico',true,2);
insert into public.quiz_options (question_id,texto,correta,ordem) values ('7bb16a54-0480-4361-b59d-8e4ab4a1ca4f','Alvará',false,3);
insert into public.quiz_options (question_id,texto,correta,ordem) values ('7bb16a54-0480-4361-b59d-8e4ab4a1ca4f','Gobo',false,4);
insert into public.quiz_questions (id,quiz_id,texto,explicacao,ordem,pontos) values ('e8460b56-8041-4dfa-a53d-0206c22697e7','2b9f5d60-3bfd-42fa-9412-ed8721df45aa','O briefing serve principalmente para:','O briefing define a base do projeto e alinha cliente, artista e equipe, evitando mal-entendidos.',2,1);
insert into public.quiz_options (question_id,texto,correta,ordem) values ('e8460b56-8041-4dfa-a53d-0206c22697e7','Endereçar fixtures',false,1);
insert into public.quiz_options (question_id,texto,correta,ordem) values ('e8460b56-8041-4dfa-a53d-0206c22697e7','Alinhar objetivo, espaço, estilo, orçamento e prazo entre as partes',true,2);
insert into public.quiz_options (question_id,texto,correta,ordem) values ('e8460b56-8041-4dfa-a53d-0206c22697e7','Substituir o terminador',false,3);
insert into public.quiz_options (question_id,texto,correta,ordem) values ('e8460b56-8041-4dfa-a53d-0206c22697e7','Gerar fumaça',false,4);
insert into public.quiz_questions (id,quiz_id,texto,explicacao,ordem,pontos) values ('c1244aa2-e9fb-4e15-be83-83d18b8b055d','2b9f5d60-3bfd-42fa-9412-ed8721df45aa','No rider, especificar a potência total e os pontos de energia serve para:','Informar a carga elétrica permite à casa preparar circuitos e pontos adequados, evitando sobrecarga.',3,1);
insert into public.quiz_options (question_id,texto,correta,ordem) values ('c1244aa2-e9fb-4e15-be83-83d18b8b055d','Escolher a cor',false,1);
insert into public.quiz_options (question_id,texto,correta,ordem) values ('c1244aa2-e9fb-4e15-be83-83d18b8b055d','A casa dimensionar a alimentação elétrica corretamente',true,2);
insert into public.quiz_options (question_id,texto,correta,ordem) values ('c1244aa2-e9fb-4e15-be83-83d18b8b055d','Definir o BPM',false,3);
insert into public.quiz_options (question_id,texto,correta,ordem) values ('c1244aa2-e9fb-4e15-be83-83d18b8b055d','Trocar o gobo',false,4);
insert into public.quiz_questions (id,quiz_id,texto,explicacao,ordem,pontos) values ('aab96d41-c442-46ea-aef7-7f46701e9ab3','2b9f5d60-3bfd-42fa-9412-ed8721df45aa','A planta de luz (plot) representa:','O plot é o desenho técnico que mostra onde cada fixture fica e como é posicionada.',4,1);
insert into public.quiz_options (question_id,texto,correta,ordem) values ('aab96d41-c442-46ea-aef7-7f46701e9ab3','A letra da música',false,1);
insert into public.quiz_options (question_id,texto,correta,ordem) values ('aab96d41-c442-46ea-aef7-7f46701e9ab3','O posicionamento das fixtures, suas posições e ângulos',true,2);
insert into public.quiz_options (question_id,texto,correta,ordem) values ('aab96d41-c442-46ea-aef7-7f46701e9ab3','O contrato financeiro',false,3);
insert into public.quiz_options (question_id,texto,correta,ordem) values ('aab96d41-c442-46ea-aef7-7f46701e9ab3','A lista de convidados',false,4);
insert into public.quiz_questions (id,quiz_id,texto,explicacao,ordem,pontos) values ('e7174eda-c551-4e0b-b4d0-7bcefcf2ec74','2b9f5d60-3bfd-42fa-9412-ed8721df45aa','Em instalações elétricas de eventos, a responsabilidade técnica é formalizada pela:','A ART (Anotação de Responsabilidade Técnica) atesta a conformidade elétrica e é parte das licenças do evento.',5,1);
insert into public.quiz_options (question_id,texto,correta,ordem) values ('e7174eda-c551-4e0b-b4d0-7bcefcf2ec74','Paleta de cores',false,1);
insert into public.quiz_options (question_id,texto,correta,ordem) values ('e7174eda-c551-4e0b-b4d0-7bcefcf2ec74','ART assinada por engenheiro eletricista',true,2);
insert into public.quiz_options (question_id,texto,correta,ordem) values ('e7174eda-c551-4e0b-b4d0-7bcefcf2ec74','Cuelist',false,3);
insert into public.quiz_options (question_id,texto,correta,ordem) values ('e7174eda-c551-4e0b-b4d0-7bcefcf2ec74','Tabela de patch',false,4);
insert into public.lessons (id,module_id,titulo,tipo,conteudo_rico,duracao_min,ordem,tem_quiz,preview_gratis) values ('eff6491c-7a57-410b-9e31-905a29ec1b10','1151c86a-5306-41f6-98a4-07279b6a5d5f','Equipe, comunicação, jargões e o caminho profissional','texto','<p><strong>Para começar:</strong> Luz é trabalho de equipe. Falar a língua do meio e saber crescer na carreira é tão técnico quanto endereçar um DMX.</p><p>Esta aula final fecha o curso pelo lado humano e profissional: como uma equipe de luz se organiza, a importância da comunicação por intercom com som, palco e direção, o vocabulário técnico (jargões) que você precisa dominar para ser entendido, e o caminho de evolução na carreira — do assistente ao light designer. É o que transforma conhecimento técnico em uma trajetória sustentável.</p><ul><li><strong>A equipe de luz:</strong> Papéis típicos: Light Designer (concepção), operador/programador (mesa), técnicos de iluminação (montagem, foco, manutenção), riggers (estrutura/altura) e chefe de equipe. Defina papéis e responsabilidades antes do evento. Em equipes pequenas, acumula-se função; em grandes turnês, cada papel é especializado.</li><li><strong>Comunicação no evento:</strong> A luz dialoga o tempo todo com som (PA), vídeo/LED, diretor de palco (stage manager) e direção. Intercom (comunicação por fone) é a ferramenta central: deixas de cena, ajustes, emergências. Comunicação clara e objetiva evita erros e acelera a resolução de problemas ao vivo.</li><li><strong>Jargões essenciais (parte 1):</strong> Foco (direcionar a luminária ao ponto certo); Patch (endereçamento DMX); Cue (estado de luz acionável); Cue List (sequência de cues); Dimmer (controle de intensidade); Gobo (placa que projeta padrões); Fader (controle deslizante de intensidade); Blackout (apagar tudo); Crossfade (transição suave entre looks).</li><li><strong>Jargões essenciais (parte 2):</strong> Strobe (luz intermitente); Fixture (uma unidade de luminária); Wash (luz ampla e suave); Color Wheel (roda de cores); LX (abreviação de iluminação); Bump (aumento momentâneo de intensidade); Top Hat (acessório que controla o espalhamento da luz); Spill (luz indesejada que vaza para onde não deveria). Dominar esse vocabulário é falar a língua do meio.</li><li><strong>Documentação e organização:</strong> Salvar e organizar arquivos de show (backups da mesa), planta, rider e roteiro garante repetibilidade e profissionalismo. Um show bem documentado pode ser remontado por qualquer técnico — e protege você se algo der errado. Versione e nomeie os arquivos com clareza.</li><li><strong>O caminho profissional:</strong> Comece como assistente/estagiário ao lado de profissionais experientes; ganhe horas reais de palco; aprenda múltiplas mesas (treine nos softwares gratuitos); cuide da segurança e das certificações (NR 35); acompanhe tendências e tecnologia; construa portfólio e reputação. Prática contínua e rede de contatos são o que sustentam a carreira.</li></ul><h4>Equipamentos / detalhes</h4><ul><li><strong>Sistema de intercom:</strong> Fones com comunicação entre FOH (luz/som), palco e direção. Essencial para deixas, ajustes e emergências ao vivo. Saber operar o intercom com objetividade é parte do profissionalismo.</li><li><strong>Armazenamento e backup de shows:</strong> Pendrive/disco e nuvem para guardar arquivos da mesa, plot, rider e roteiro organizados e versionados. Garante repetir o show e transferi-lo a outro operador.</li></ul><h4>Passo a passo</h4><ol><li><strong>Organizar a equipe para um evento:</strong> Liste as funções necessárias (LD, operador, técnicos, rigger), atribua responsabilidades por escrito, defina quem fala no intercom e estabeleça os horários (montagem, testes, ensaio, show, desmontagem).</li><li><strong>Comunicar uma deixa com clareza:</strong> No intercom, seja objetivo: ''Luz, standby cue 12... GO''. Confirme recebimento. Padronize ''standby'' (prepare) e ''GO'' (execute) para evitar ambiguidade entre luz, som e palco.</li><li><strong>Construir seu portfólio:</strong> Registre (com permissão) fotos/vídeos dos seus shows, guarde os riders e plots que você fez, e documente os equipamentos que domina. Mantenha um material que comprove sua experiência para futuros contratos.</li><li><strong>Plano de evolução:</strong> Treine nos softwares gratuitos (MagicQ, Onyx, grandMA3 onPC); faça as certificações de segurança; busque assistências em produções reais; e aprenda continuamente — a indústria muda rápido.</li></ol><p><strong>Na prática:</strong> Num teatro, a deixa funcionava por intercom: o stage manager dava ''standby LX 12'' e, no momento exato da cena, ''LX 12 GO'' — o operador executava o cue na hora certa. A equipe (LD, operador, dois técnicos e um rigger) tinha papéis definidos por escrito. O show, totalmente documentado (arquivo da mesa, plot e roteiro versionados), foi remontado em outra cidade por um operador substituto sem perder qualidade — prova do valor da comunicação e da documentação.</p><h4>Resumo</h4><ul><li>Iluminação é trabalho de equipe: papéis claros e comunicação objetiva por intercom evitam erros.</li><li>Dominar os jargões do meio é pré-requisito para ser entendido e contratado.</li><li>Carreira se constrói com prática real, segurança, domínio de várias mesas e documentação profissional.</li></ul>',28,2,true,false);
insert into public.quizzes (id,lesson_id,titulo) values ('d4182e32-a4ed-446b-8b11-b19144fdb75d','eff6491c-7a57-410b-9e31-905a29ec1b10','Quiz — Equipe, comunicação, jargões e o caminho profissional');
insert into public.quiz_questions (id,quiz_id,texto,explicacao,ordem,pontos) values ('d68929ca-f9b9-4736-9fbc-4f58e0559847','d4182e32-a4ed-446b-8b11-b19144fdb75d','No jargão de iluminação, ''patch'' significa:','Patch é a configuração dos endereços/atribuições DMX das luminárias controladas pela mesa.',1,1);
insert into public.quiz_options (question_id,texto,correta,ordem) values ('d68929ca-f9b9-4736-9fbc-4f58e0559847','Apagar todas as luzes',false,1);
insert into public.quiz_options (question_id,texto,correta,ordem) values ('d68929ca-f9b9-4736-9fbc-4f58e0559847','Configurar endereços e atribuições DMX das fixtures na mesa',true,2);
insert into public.quiz_options (question_id,texto,correta,ordem) values ('d68929ca-f9b9-4736-9fbc-4f58e0559847','Aumentar a intensidade',false,3);
insert into public.quiz_options (question_id,texto,correta,ordem) values ('d68929ca-f9b9-4736-9fbc-4f58e0559847','Projetar um padrão',false,4);
insert into public.quiz_questions (id,quiz_id,texto,explicacao,ordem,pontos) values ('ed85f907-6a3e-4dec-bc9a-d5a6717c98ef','d4182e32-a4ed-446b-8b11-b19144fdb75d','''Spill'' refere-se a:','Spill é o vazamento de luz para onde ela não deveria ir, geralmente controlado com top hats e flags.',2,1);
insert into public.quiz_options (question_id,texto,correta,ordem) values ('ed85f907-6a3e-4dec-bc9a-d5a6717c98ef','Uma cor saturada',false,1);
insert into public.quiz_options (question_id,texto,correta,ordem) values ('ed85f907-6a3e-4dec-bc9a-d5a6717c98ef','Luz indesejada que vaza para áreas não pretendidas',true,2);
insert into public.quiz_options (question_id,texto,correta,ordem) values ('ed85f907-6a3e-4dec-bc9a-d5a6717c98ef','Um tipo de console',false,3);
insert into public.quiz_options (question_id,texto,correta,ordem) values ('ed85f907-6a3e-4dec-bc9a-d5a6717c98ef','Uma deixa de cena',false,4);
insert into public.quiz_questions (id,quiz_id,texto,explicacao,ordem,pontos) values ('c5aff780-8561-4086-a48b-71df91a54330','d4182e32-a4ed-446b-8b11-b19144fdb75d','No intercom, a sequência padrão para executar uma deixa costuma ser:','Primeiro ''standby'' para preparar a equipe, depois ''GO'' para executar no momento exato.',3,1);
insert into public.quiz_options (question_id,texto,correta,ordem) values ('c5aff780-8561-4086-a48b-71df91a54330','GO... standby',false,1);
insert into public.quiz_options (question_id,texto,correta,ordem) values ('c5aff780-8561-4086-a48b-71df91a54330','Standby (prepare) seguido de GO (execute)',true,2);
insert into public.quiz_options (question_id,texto,correta,ordem) values ('c5aff780-8561-4086-a48b-71df91a54330','Blackout... patch',false,3);
insert into public.quiz_options (question_id,texto,correta,ordem) values ('c5aff780-8561-4086-a48b-71df91a54330','Bump... spill',false,4);
insert into public.quiz_questions (id,quiz_id,texto,explicacao,ordem,pontos) values ('932b9aab-a1a4-4f14-a306-8b6a6b5f0f20','d4182e32-a4ed-446b-8b11-b19144fdb75d','Um ''bump'' em iluminação é:','Bump é elevar a intensidade por um instante, muito usado em acentos rítmicos.',4,1);
insert into public.quiz_options (question_id,texto,correta,ordem) values ('932b9aab-a1a4-4f14-a306-8b6a6b5f0f20','Apagar tudo',false,1);
insert into public.quiz_options (question_id,texto,correta,ordem) values ('932b9aab-a1a4-4f14-a306-8b6a6b5f0f20','Um aumento momentâneo da intensidade de uma luminária',true,2);
insert into public.quiz_options (question_id,texto,correta,ordem) values ('932b9aab-a1a4-4f14-a306-8b6a6b5f0f20','Um cabo DMX',false,3);
insert into public.quiz_options (question_id,texto,correta,ordem) values ('932b9aab-a1a4-4f14-a306-8b6a6b5f0f20','Uma máquina de fumaça',false,4);
insert into public.quiz_questions (id,quiz_id,texto,explicacao,ordem,pontos) values ('b7bf525f-a394-47f4-ab6c-a5aa3c64cfa0','d4182e32-a4ed-446b-8b11-b19144fdb75d','A forma mais recomendada de iniciar uma carreira sólida em iluminação é:','Experiência prática ao lado de profissionais, treino nos softwares e certificações constroem a carreira.',5,1);
insert into public.quiz_options (question_id,texto,correta,ordem) values ('b7bf525f-a394-47f4-ab6c-a5aa3c64cfa0','Comprar a mesa mais cara primeiro',false,1);
insert into public.quiz_options (question_id,texto,correta,ordem) values ('b7bf525f-a394-47f4-ab6c-a5aa3c64cfa0','Começar como assistente/estagiário com profissionais experientes e praticar em softwares gratuitos',true,2);
insert into public.quiz_options (question_id,texto,correta,ordem) values ('b7bf525f-a394-47f4-ab6c-a5aa3c64cfa0','Operar sozinho sem treino',false,3);
insert into public.quiz_options (question_id,texto,correta,ordem) values ('b7bf525f-a394-47f4-ab6c-a5aa3c64cfa0','Evitar certificações de segurança',false,4);
insert into public.modules (id,course_id,titulo,ordem) values ('96de6245-3fed-4e6a-a40d-80be23fd6c4e','2a795665-27a5-45b2-b392-4da014b9450c','Equipamentos de Luz: Modelos e Detalhes',7);
insert into public.lessons (id,module_id,titulo,tipo,conteudo_rico,duracao_min,ordem,tem_quiz,preview_gratis) values ('0ced66e6-4955-41cd-b0e5-e018fcd8c4e2','96de6245-3fed-4e6a-a40d-80be23fd6c4e','Consoles e Mesas de Luz: o cérebro do show','texto','<p><strong>Para começar:</strong> Antes de qualquer refletor acender, alguém precisa dizer a ele o que fazer. Esse alguém é o console. Nesta aula você conhece as mesas que comandam os maiores palcos do mundo e entende a lógica comum por trás de todas elas.</p><p>O console (ou mesa de luz) é o computador que gera e envia os sinais DMX/sACN para todos os aparelhos. Dominar o console é dominar o show: é onde você faz o patch (registra os equipamentos), programa as cenas e dispara tudo ao vivo. Vamos do conceito de patch/fixture até executors e cuelists, passando pelas plataformas de referência do mercado.</p><ul><li><strong>O que um console realmente faz:</strong> Um console não ''tem'' luz nenhuma. Ele calcula valores de canais (intensidade, pan, tilt, cor, gobo...) e os transmite por protocolos como DMX512 (até 512 canais por universo) e, em rede, Art-Net e sACN (centenas de universos). A inteligência está em como ele organiza esses canais em objetos chamados fixtures.</li><li><strong>Patch: registrar os equipamentos:</strong> Patch é dizer ao console QUAL aparelho está em QUAL endereço DMX, usando QUAL personality (perfil/library do fabricante). Você escolhe o modelo e o modo (ex.: 16-bit, modo estendido), define o universo e o endereço inicial, e o console passa a controlar aquele fixture por atributos (Dimmer, Color, Gobo) em vez de números crus de canal.</li><li><strong>Programação: do preset ao cue:</strong> Você ajusta os fixtures (manualmente ou via presets de cor/posição/beam), captura esse estado em um cue (cena) e organiza cues em sequência dentro de uma cuelist (sequência). Cada cue carrega tempos de fade-in/fade-out e delays. Presets e paletas tornam tudo reutilizável: muda a paleta ''Azul'' e todos os cues que a usam atualizam.</li><li><strong>Disparo ao vivo: executors e playbacks:</strong> Executors (grandMA), playbacks (ChamSys/Avolites) ou faders/botões (ETC) são os ''gatilhos'' físicos. Você atribui cuelists, chasers e efeitos a faders e botões e os dispara na hora certa, sozinho ou seguindo timecode/música. É a interface entre a programação e a performance.</li></ul><h4>Equipamentos / detalhes</h4><ul><li><strong>MA Lighting grandMA2 (full-size / light / onPC):</strong> Console de referência mundial em grandes turnês e TV. Trabalha por executors (faders e botões físicos), com até milhares de canais via nodes/NPU. Sintaxe de linha de comando forte (Channel/Fixture, At, Thru, Store). grandMA2 ainda é padrão de mercado por confiabilidade; sucessor é o grandMA3, que roda em hardware MA3 e também em modo MA2.</li><li><strong>MA Lighting grandMA3 (full-size / light / compact / onPC):</strong> Plataforma atual da MA. Engine totalmente novo, fixtures multi-instância, phasers (efeitos baseados em fases), encoders de alta resolução e tela touch ampla. Usado em festivais e grandes shows. Curva de aprendizado maior, mas é o caminho de futuro; roda software grandMA3 onPC grátis para estudo (com saída limitada sem dongle/node).</li><li><strong>ChamSys MagicQ (MQ80, MQ250M Stadium, PC/Mac):</strong> Forte em custo-benefício e em mídia/pixel mapping nativo. MagicQ onPC é gratuito e completo para programar (até 4 universos sem hardware; mais com licença/nodes). Trabalha com playbacks, e tem ferramentas de efeitos e media server interno. Muito usado por LDs independentes, igrejas e produtoras de médio porte.</li><li><strong>Avolites Titan (Quartz, Tiger Touch II, Arena, Sapphire Touch):</strong> Sistema operacional Titan, conhecido pela velocidade de programação ao vivo (busking) e pelo Pixel Mapper. Fixtures em handles, key-frame shapes (efeitos) muito intuitivos. Popular em shows com muita improvisação e em palcos de música eletrônica. Titan Go/Titan Simulator para estudo.</li><li><strong>Obsidian Control Onyx (NX1, NX2, NX Wing, PC):</strong> Sucessor do Martin M-PC/M-Series. Onyx é gratuito no PC (libera 1 universo full; mais com chave/hardware). Interface moderna, bom motor de efeitos e integração com fixtures. Boa porta de entrada profissional de baixo custo.</li><li><strong>ETC Eos Family (Gio @5, Ion Xe, Element 2, Nomad/ETCnomad):</strong> Padrão absoluto em teatro e Broadway. Filosofia ''tracking'' (um valor permanece até ser mudado) e magic sheets. Forte em controle de elipsoidais e dimmers convencionais, integra perfeitamente dimmers ETC Sensor. ETCnomad roda o software Eos no PC. Eos é a referência para teatro; MA/Chamsys/Avo dominam shows de música.</li></ul><h4>Passo a passo</h4><ol><li><strong>1. Definir o rig:</strong> Liste todos os aparelhos (moving heads, PARs, strobes) e o universo/endereço de cada um, evitando sobreposição de canais.</li><li><strong>2. Fazer o patch:</strong> No console, selecione modelo + modo (personality correta), atribua número de fixture, universo e endereço inicial igual ao configurado no aparelho.</li><li><strong>3. Criar paletas/presets:</strong> Programe paletas de cor, posição (focus) e beam para reutilização rápida.</li><li><strong>4. Programar cues:</strong> Ajuste a cena, defina tempos de fade e armazene em uma cuelist na ordem do show.</li><li><strong>5. Atribuir executors/playbacks:</strong> Coloque cuelists, chasers e efeitos em faders/botões para disparo ao vivo.</li><li><strong>6. Testar GO e tempos:</strong> Rode a cuelist do início ao fim conferindo transições, blackout e cue de emergência.</li></ol><p><strong>Na prática:</strong> Num festival, o LD residente costuma rodar grandMA2/MA3 ou MagicQ. O fixture do aparelho que vem ''errado'' na tela quase sempre é patch torto: modo DMX do aparelho diferente da personality escolhida no console. Antes de culpar o cabo, confira modo e endereço — é a causa nº 1 de moving head que ''não anda''.</p><h4>Resumo</h4><ul><li>O console gera e envia DMX/sACN; o patch liga cada fixture a um endereço e a um perfil.</li><li>Programação vira cues e cuelists; o disparo ao vivo acontece por executors/playbacks.</li><li>grandMA2/MA3 e MagicQ/Avolites/Onyx dominam shows; ETC Eos é referência em teatro.</li></ul>',55,1,true,false);
insert into public.quizzes (id,lesson_id,titulo) values ('7674eec2-af04-46a0-a308-5ba5aca45d06','0ced66e6-4955-41cd-b0e5-e018fcd8c4e2','Quiz — Consoles e Mesas de Luz: o cérebro do show');
insert into public.quiz_questions (id,quiz_id,texto,explicacao,ordem,pontos) values ('a88d18e4-2c51-48fb-a09d-24f3f053208e','7674eec2-af04-46a0-a308-5ba5aca45d06','O que é o ''patch'' em um console de luz?','Patch associa cada fixture ao seu endereço DMX, universo e personality correta.',1,1);
insert into public.quiz_options (question_id,texto,correta,ordem) values ('a88d18e4-2c51-48fb-a09d-24f3f053208e','Ajustar o foco do refletor',false,1);
insert into public.quiz_options (question_id,texto,correta,ordem) values ('a88d18e4-2c51-48fb-a09d-24f3f053208e','Registrar qual aparelho está em qual endereço/universo e com qual perfil',true,2);
insert into public.quiz_options (question_id,texto,correta,ordem) values ('a88d18e4-2c51-48fb-a09d-24f3f053208e','Criar a sequência de cues do show',false,3);
insert into public.quiz_options (question_id,texto,correta,ordem) values ('a88d18e4-2c51-48fb-a09d-24f3f053208e','Limpar a memória do console',false,4);
insert into public.quiz_questions (id,quiz_id,texto,explicacao,ordem,pontos) values ('ff5fcd0a-836c-4ff5-9c23-2932c5338a77','7674eec2-af04-46a0-a308-5ba5aca45d06','Qual console é considerado padrão de referência em teatro/Broadway?','A família ETC Eos, com sua filosofia de tracking, é o padrão do teatro profissional.',2,1);
insert into public.quiz_options (question_id,texto,correta,ordem) values ('ff5fcd0a-836c-4ff5-9c23-2932c5338a77','ChamSys MagicQ',false,1);
insert into public.quiz_options (question_id,texto,correta,ordem) values ('ff5fcd0a-836c-4ff5-9c23-2932c5338a77','Avolites Titan',false,2);
insert into public.quiz_options (question_id,texto,correta,ordem) values ('ff5fcd0a-836c-4ff5-9c23-2932c5338a77','ETC Eos',true,3);
insert into public.quiz_options (question_id,texto,correta,ordem) values ('ff5fcd0a-836c-4ff5-9c23-2932c5338a77','Obsidian Onyx',false,4);
insert into public.quiz_questions (id,quiz_id,texto,explicacao,ordem,pontos) values ('f11fdf35-7438-4b93-a515-0b673006c3ee','7674eec2-af04-46a0-a308-5ba5aca45d06','Uma ''cuelist'' é:','Cuelist é a sequência de cenas (cues) disparada na ordem do show.',3,1);
insert into public.quiz_options (question_id,texto,correta,ordem) values ('f11fdf35-7438-4b93-a515-0b673006c3ee','Uma lista de aparelhos do rig',false,1);
insert into public.quiz_options (question_id,texto,correta,ordem) values ('f11fdf35-7438-4b93-a515-0b673006c3ee','Uma sequência ordenada de cues com seus tempos',true,2);
insert into public.quiz_options (question_id,texto,correta,ordem) values ('f11fdf35-7438-4b93-a515-0b673006c3ee','O perfil DMX de um fixture',false,3);
insert into public.quiz_options (question_id,texto,correta,ordem) values ('f11fdf35-7438-4b93-a515-0b673006c3ee','O cabo que liga os universos',false,4);
insert into public.quiz_questions (id,quiz_id,texto,explicacao,ordem,pontos) values ('cee27e77-dcd0-423d-90f3-94d692293847','7674eec2-af04-46a0-a308-5ba5aca45d06','Por que grandMA3 onPC e MagicQ onPC são úteis para estudo?','As versões onPC permitem aprender e programar no computador, com universos limitados sem node/chave.',4,1);
insert into public.quiz_options (question_id,texto,correta,ordem) values ('cee27e77-dcd0-423d-90f3-94d692293847','Controlam aparelhos sem nenhum limite',false,1);
insert into public.quiz_options (question_id,texto,correta,ordem) values ('cee27e77-dcd0-423d-90f3-94d692293847','Permitem programar no PC, com saída limitada sem hardware/dongle',true,2);
insert into public.quiz_options (question_id,texto,correta,ordem) values ('cee27e77-dcd0-423d-90f3-94d692293847','Substituem o aparelho físico',false,3);
insert into public.quiz_options (question_id,texto,correta,ordem) values ('cee27e77-dcd0-423d-90f3-94d692293847','Funcionam só com internet',false,4);
insert into public.quiz_questions (id,quiz_id,texto,explicacao,ordem,pontos) values ('c452ff2b-bee3-45e2-8339-e3120a490531','7674eec2-af04-46a0-a308-5ba5aca45d06','O moving head ''não anda'' e fica embaralhado. Causa mais comum?','Descasamento entre o modo do aparelho e o perfil no console é a causa nº 1 de controle errado.',5,1);
insert into public.quiz_options (question_id,texto,correta,ordem) values ('c452ff2b-bee3-45e2-8339-e3120a490531','Cabo DMX curto demais',false,1);
insert into public.quiz_options (question_id,texto,correta,ordem) values ('c452ff2b-bee3-45e2-8339-e3120a490531','Modo DMX do aparelho diferente da personality no console',true,2);
insert into public.quiz_options (question_id,texto,correta,ordem) values ('c452ff2b-bee3-45e2-8339-e3120a490531','Falta de máquina de fumaça',false,3);
insert into public.quiz_options (question_id,texto,correta,ordem) values ('c452ff2b-bee3-45e2-8339-e3120a490531','Console descarregado',false,4);
insert into public.lessons (id,module_id,titulo,tipo,conteudo_rico,duracao_min,ordem,tem_quiz,preview_gratis) values ('a65330d1-b068-48d2-886b-262f1d2df143','96de6245-3fed-4e6a-a40d-80be23fd6c4e','Moving Heads: Spot, Beam, Wash e Híbridos','texto','<p><strong>Para começar:</strong> Eles giram, abrem leques de luz, projetam logos e cortam o ar com feixes finos. O moving head é a estrela móvel do palco moderno. Nesta aula você aprende a diferenciar cada tipo e a reconhecer os modelos que aparecem nas riders do mundo todo.</p><p>Moving head (cabeça móvel) é um refletor motorizado com pan (giro horizontal) e tilt (giro vertical) controlados por DMX. A grande divisão é por óptica/função: Spot (gobos e nitidez), Beam (feixe fino e intenso), Wash (banho de cor amplo) e Híbrido (faz mais de um papel). Entender isso evita comprar/alugar o aparelho errado para o efeito desejado.</p><ul><li><strong>Spot: o projetor:</strong> Tem óptica de projeção, rodas de gobo (fixos e rotativos), íris, foco e zoom. Serve para projetar texturas, logos e desenhos definidos no chão, cenário ou plateia. Pense nele como um projetor móvel: nitidez é a palavra-chave.</li><li><strong>Beam: o feixe:</strong> Óptica de feixe muito estreito (geralmente 1,5° a 4°) e altíssima intensidade aparente. Não ''lava'' superfícies; ele desenha colunas de luz no ar (precisa de fumaça/haze para aparecer). Ótimo para ''pencil beams'', leques aéreos e efeitos de impacto.</li><li><strong>Wash: o banho:</strong> Óptica de banho com zoom amplo, mistura de cor (CMY ou RGBW) e feixe suave. Cobre grandes áreas, faz cores de fundo, banho de palco e ciclorama. Não projeta gobos nítidos; o forte é cor homogênea e cobertura.</li><li><strong>Híbrido: o coringa:</strong> Combina dois ou três modos (Spot + Beam, ou Spot + Beam + Wash) num só corpo, trocando óptica/zoom. Reduz quantidade de aparelhos e é ideal quando há pouca posição de truss. Em troca, costuma ser mais caro e nenhum modo é tão ''puro'' quanto um dedicado.</li><li><strong>Fonte de luz e óptica:</strong> A maioria moderna é LED (vida longa, cor estável) ou descarga (lâmpadas Osram/Philips tipo Sirius/MSD para máximo brilho). Atributos comuns: pan/tilt (8/16-bit), CMY ou roda de cor, gobos, prisma, frost, foco, zoom, dimmer e shutter/strobe.</li></ul><h4>Equipamentos / detalhes</h4><ul><li><strong>Clay Paky Sharpy (Beam):</strong> Ícone que popularizou o beam moderno. Lâmpada de descarga 189W, feixe de ~3°, extremamente brilhante para o tamanho. Usado em colunas de luz e leques aéreos. Existem evoluções (Sharpy Plus com spot/wash). Quando a rider pede ''beam clássico'', muitas vezes é Sharpy.</li><li><strong>Clay Paky Mythos / Mythos 2 (Híbrido Spot+Beam):</strong> Híbrido de referência: alterna entre spot (com gobos e zoom) e beam estreito. Lâmpada de descarga ~470W. Muito usado em TV e grandes shows por entregar dois aparelhos em um corpo.</li><li><strong>Robe Pointe (Híbrido Beam/Spot/Wash):</strong> Híbrido compacto e versátil que ajudou a definir a categoria: faz beam, spot com gobos/prismas e até efeito wash. Leve, popular em locação. Da Robe também: MegaPointe e Forte (Robe iForte) — fixtures de descarga de alto brilho para grandes palcos.</li><li><strong>Robe MegaPointe / iForte / Esprite (Spot/LED de alto brilho):</strong> MegaPointe é a evolução híbrida do Pointe, muito brilhante. iForte e Forte são LED de altíssima saída para longas distâncias. Esprite (LED spot) com engine de cor calibrável (TE) muito usada em TV/broadcast pela fidelidade de cor.</li><li><strong>Martin MAC (Aura, Quantum, Viper, Encore):</strong> Linha tradicional da Martin (Harman). MAC Aura (wash LED com efeito de ''aura''/anel de pixels, clássico de TV), MAC Quantum (spot/wash), MAC Viper (spot de descarga potente), MAC Encore (LED com qualidade de cor cinematográfica, Performance e Wash). Referência em qualidade de cor e construção.</li><li><strong>Chauvet Professional Maverick / Rogue (Spot/Beam/Wash LED):</strong> Linhas profissionais da Chauvet com ótimo custo-benefício. Maverick (ex.: MK Pyxis, Force series) e Rogue (ex.: R2/R3 Spot, Beam, Wash, e o R3X). Muito presentes em locação de médio porte, igrejas e turnês regionais.</li><li><strong>Robe / Ayrton (séries Ayrton Khamsin, Diablo, Domino, Eurus):</strong> Ayrton é marca francesa premium de LED de alta potência e óptica de qualidade, forte em TV e grandes eventos (Khamsin, Domino, Diablo são spots; Eurus wash). Reconhecida pelo brilho e pela engenharia óptica.</li><li><strong>Elation (Proteus series, Fuze, Smarty):</strong> Elation tem forte linha IP65 (à prova de tempo) com a série Proteus (Hybrid, Maximus, Excalibur), ideal para shows ao ar livre e festivais. Fuze (LED wash/spot) e Smarty Hybrid (compacto). Boa escolha quando há risco de chuva.</li></ul><h4>Passo a passo</h4><ol><li><strong>1. Definir a função:</strong> Decida o efeito: projetar gobo (Spot), feixe aéreo (Beam), banho de cor (Wash) ou tudo (Híbrido).</li><li><strong>2. Conferir o brilho/distância:</strong> Quanto maior a distância (trim de truss alto, palco grande), maior a potência necessária (descarga ou LED de alta saída).</li><li><strong>3. Escolher fonte:</strong> LED para cor estável e vida longa; descarga para máximo brilho aparente em beams.</li><li><strong>4. Patch no modo certo:</strong> Use o modo DMX (ex.: 16-bit/extended) compatível com o que o show exige; confira nº de canais.</li><li><strong>5. Calibrar home/orientação:</strong> Faça o reset (home) e cheque pan/tilt invertidos conforme a posição de pendura.</li><li><strong>6. Validar com haze:</strong> Para beams/híbridos, só dá para avaliar o feixe com haze no ar.</li></ol><p><strong>Na prática:</strong> Iniciante confunde Beam com Wash e reclama que ''o wash não desenha colunas''. Não desenha mesmo — wash banha, beam corta. Regra prática: se você quer ver o feixe no ar, é Beam (e precisa de haze); se quer pintar a parede/palco de cor, é Wash; se quer logo/gobo nítido no chão, é Spot. Para palco com pouca posição de truss, o Híbrido resolve, ao custo de orçamento.</p><h4>Resumo</h4><ul><li>Spot projeta gobos, Beam desenha feixes, Wash banha de cor, Híbrido combina os papéis.</li><li>Modelos de referência: Sharpy/Mythos (Clay Paky), Pointe/MegaPointe/Forte (Robe), MAC (Martin), Maverick/Rogue (Chauvet), Ayrton e Elation Proteus.</li><li>A escolha depende de função, distância/brilho, fonte (LED x descarga) e clima (IP).</li></ul>',60,2,true,false);
insert into public.quizzes (id,lesson_id,titulo) values ('e9511a78-9bb6-426d-9279-2612a37770db','a65330d1-b068-48d2-886b-262f1d2df143','Quiz — Moving Heads: Spot, Beam, Wash e Híbridos');
insert into public.quiz_questions (id,quiz_id,texto,explicacao,ordem,pontos) values ('22355385-c7e9-4dcd-81f6-4fb029b8c0b8','e9511a78-9bb6-426d-9279-2612a37770db','Qual tipo é o melhor para projetar um logo nítido no chão?','O Spot tem óptica de projeção, gobos e foco para imagens definidas.',1,1);
insert into public.quiz_options (question_id,texto,correta,ordem) values ('22355385-c7e9-4dcd-81f6-4fb029b8c0b8','Beam',false,1);
insert into public.quiz_options (question_id,texto,correta,ordem) values ('22355385-c7e9-4dcd-81f6-4fb029b8c0b8','Wash',false,2);
insert into public.quiz_options (question_id,texto,correta,ordem) values ('22355385-c7e9-4dcd-81f6-4fb029b8c0b8','Spot',true,3);
insert into public.quiz_options (question_id,texto,correta,ordem) values ('22355385-c7e9-4dcd-81f6-4fb029b8c0b8','Strobe',false,4);
insert into public.quiz_questions (id,quiz_id,texto,explicacao,ordem,pontos) values ('2d6617e4-4edb-4695-904d-46841a5d8cb4','e9511a78-9bb6-426d-9279-2612a37770db','O feixe estreito e intenso que ''desenha colunas'' no ar é típico de qual tipo?','O Beam tem feixe muito estreito e alto brilho, ideal para colunas aéreas (com haze).',2,1);
insert into public.quiz_options (question_id,texto,correta,ordem) values ('2d6617e4-4edb-4695-904d-46841a5d8cb4','Wash',false,1);
insert into public.quiz_options (question_id,texto,correta,ordem) values ('2d6617e4-4edb-4695-904d-46841a5d8cb4','Beam',true,2);
insert into public.quiz_options (question_id,texto,correta,ordem) values ('2d6617e4-4edb-4695-904d-46841a5d8cb4','Spot',false,3);
insert into public.quiz_options (question_id,texto,correta,ordem) values ('2d6617e4-4edb-4695-904d-46841a5d8cb4','Fresnel',false,4);
insert into public.quiz_questions (id,quiz_id,texto,explicacao,ordem,pontos) values ('08a32cec-e8c7-476c-86d7-ea19fbe6c050','e9511a78-9bb6-426d-9279-2612a37770db','O Clay Paky Sharpy ficou famoso por popularizar qual categoria?','O Sharpy definiu o beam moderno: pequeno, lâmpada de descarga e muito brilhante.',3,1);
insert into public.quiz_options (question_id,texto,correta,ordem) values ('08a32cec-e8c7-476c-86d7-ea19fbe6c050','Wash LED',false,1);
insert into public.quiz_options (question_id,texto,correta,ordem) values ('08a32cec-e8c7-476c-86d7-ea19fbe6c050','Beam de descarga compacto e brilhante',true,2);
insert into public.quiz_options (question_id,texto,correta,ordem) values ('08a32cec-e8c7-476c-86d7-ea19fbe6c050','Elipsoidal de teatro',false,3);
insert into public.quiz_options (question_id,texto,correta,ordem) values ('08a32cec-e8c7-476c-86d7-ea19fbe6c050','Strobe',false,4);
insert into public.quiz_questions (id,quiz_id,texto,explicacao,ordem,pontos) values ('3139602d-1983-4fac-9915-8970ded2af49','e9511a78-9bb6-426d-9279-2612a37770db','Para um show ao ar livre com risco de chuva, qual linha é mais indicada?','A série Proteus da Elation é IP65, feita para uso externo.',4,1);
insert into public.quiz_options (question_id,texto,correta,ordem) values ('3139602d-1983-4fac-9915-8970ded2af49','Aparelhos sem proteção IP',false,1);
insert into public.quiz_options (question_id,texto,correta,ordem) values ('3139602d-1983-4fac-9915-8970ded2af49','Elation Proteus (IP65)',true,2);
insert into public.quiz_options (question_id,texto,correta,ordem) values ('3139602d-1983-4fac-9915-8970ded2af49','Apenas PAR LED comum',false,3);
insert into public.quiz_options (question_id,texto,correta,ordem) values ('3139602d-1983-4fac-9915-8970ded2af49','Qualquer um, IP não importa',false,4);
insert into public.quiz_questions (id,quiz_id,texto,explicacao,ordem,pontos) values ('2ea674af-f464-47ad-926a-d124b4cebc43','e9511a78-9bb6-426d-9279-2612a37770db','Por que um ''wash'' não serve para fazer colunas de luz no ar?','Wash tem óptica ampla para cobertura/cor; quem corta o ar é o Beam.',5,1);
insert into public.quiz_options (question_id,texto,correta,ordem) values ('2ea674af-f464-47ad-926a-d124b4cebc43','Porque não tem cor',false,1);
insert into public.quiz_options (question_id,texto,correta,ordem) values ('2ea674af-f464-47ad-926a-d124b4cebc43','Porque seu feixe é largo e suave, feito para banhar áreas',true,2);
insert into public.quiz_options (question_id,texto,correta,ordem) values ('2ea674af-f464-47ad-926a-d124b4cebc43','Porque não tem DMX',false,3);
insert into public.quiz_options (question_id,texto,correta,ordem) values ('2ea674af-f464-47ad-926a-d124b4cebc43','Porque é sempre branco',false,4);
insert into public.lessons (id,module_id,titulo,tipo,conteudo_rico,duracao_min,ordem,tem_quiz,preview_gratis) values ('8905d700-074e-4462-a61c-946246268da8','96de6245-3fed-4e6a-a40d-80be23fd6c4e','Refletores Fixos e LED: PAR, Fresnel, Elipsoidal e Pixel','texto','<p><strong>Para começar:</strong> Nem tudo precisa girar. Boa parte da luz de um palco vem de aparelhos fixos, baratos e confiáveis. Saber escolher entre PAR, Fresnel, elipsoidal, pixel bar e blinder é o que separa um palco amador de um palco bem desenhado.</p><p>Refletores fixos não têm pan/tilt: você aponta na montagem e eles ficam. São a base da luz de cena (key, fill, back) e dos efeitos de fundo. Hoje a maioria é LED, mas elipsoidais e Fresnels convencionais ainda reinam no teatro. Vamos ver o que cada óptica faz e quando usar.</p><ul><li><strong>PAR / PAR LED:</strong> O cavalo de batalha. Feixe relativamente fixo (definido pela lente/ângulo), muita potência por watt e baixo custo. Em LED, faz RGBW/RGBA com mistura de cor por DMX. Usado em banho de cor de palco, contraluz e iluminação de fundo. PAR 64 convencional é tradição; PAR LED dominou pela cor e economia.</li><li><strong>Fresnel:</strong> Lente Fresnel (anéis concêntricos) dá um feixe suave de bordas difusas, fácil de fundir entre aparelhos. Tem ajuste spot/flood (estreita/abre o feixe). Clássico de luz de cena em teatro e TV por ser controlável e ''doce''. Em LED, mantém a qualidade com economia.</li><li><strong>Elipsoidal (ERS / Leko / Profile):</strong> O bisturi da luz: feixe duro e recortável. Tem facas (shutters) para cortar o feixe em formas retas, porta-gobo e íris. Usado para isolar um ator, projetar gobos definidos e recortar cenário. Marcas-chave: ETC Source Four (referência absoluta) e versões LED (Source Four LED Series 3).</li><li><strong>Ribalta / Pixel Bar / Batten:</strong> Barras de LED com pixels endereçáveis individualmente, para efeitos de chase, pixel mapping e contraluz com ''olhos''. Muitas têm fonte branca quente + pixels coloridos. Usadas em fundo de palco, riser e como elemento cenográfico.</li><li><strong>Blinder / Audience Light:</strong> Aparelhos de alta saída apontados para a plateia, criando o efeito ''estourado'' nos refrões. Tradicionalmente lâmpadas DWE (2 ou 4 ''lâmpadas''); hoje versões LED brancas quentes. Pouca sutileza, muito impacto.</li></ul><h4>Equipamentos / detalhes</h4><ul><li><strong>ETC Source Four / Source Four LED Series 3 (Elipsoidal):</strong> Padrão mundial de elipsoidal. Versão convencional (lâmpada HPL) com lentes intercambiáveis (19°, 26°, 36°, 50°). A LED Series 3 traz arrays de até 7 cores (Lustr) com excelente qualidade de cor e CRI alto. Indispensável em teatro e TV.</li><li><strong>Chauvet Professional COLORado / Ovation (PAR/Fresnel/Elipsoidal LED):</strong> Linha pro da Chauvet: COLORado (PAR LED robusto, muitos com IP) e Ovation (série de teatro: E-series elipsoidal, F-series Fresnel) com foco em qualidade de cor e silêncio. Boa para teatros e estúdios com orçamento controlado.</li><li><strong>ADJ (American DJ) — séries 5PX/7PX HEX, Vizi, Encore (PAR LED e blinders):</strong> ADJ é forte em entrada/médio porte: PARs LED HEX (6 cores, melhor branco), barras e blinders acessíveis. Encore é a linha mais profissional. Ótimo custo para igrejas, bares e produtoras iniciantes.</li><li><strong>GLP (German Light Products) — impression X4 / JDC blinder-strobe:</strong> GLP é referência premium. A série impression X4 (X4, X4 Bar, X4 atom) é wash/pixel de altíssima qualidade com zoom. O JDC1/JDC2 é um híbrido blinder + strobe LED muito usado em festivais (faixa de strobe RGB + tubo de blinder).</li><li><strong>SGM — P-series e Q-series (PAR/Wash LED IP65):</strong> SGM (dinamarquesa) é especialista em IP65 robusto para uso externo permanente e festivais. P-5/P-6 (PAR/wash potentes), Q-series. Famosa por aguentar chuva e sol e por brilho elevado.</li><li><strong>Lit/legacy convencional — PAR 64, Fresnel 1kW/2kW, ciclorama:</strong> Os convencionais ainda existem: PAR 64 (lâmpada CP60/61/62), Fresnels de 1kW/2kW e refletores de ciclorama (asymmetric flood) para fundos uniformes. Exigem dimmer externo (não têm eletrônica de cor) e gelatinas para cor.</li></ul><h4>Passo a passo</h4><ol><li><strong>1. Definir a função da luz:</strong> Key/fill (Fresnel), recorte/gobo (elipsoidal), banho de cor (PAR LED), efeito/pixel (bar), impacto na plateia (blinder).</li><li><strong>2. Escolher o ângulo:</strong> Em elipsoidais, selecione a lente (19°/26°/36°/50°) conforme distância e tamanho do alvo.</li><li><strong>3. Alimentação x dimmer:</strong> LED autônomo recebe DMX direto; convencional precisa de canal de dimmer.</li><li><strong>4. Cor:</strong> LED faz cor por DMX (RGBW/RGBA/HEX); convencional usa gelatina (gel) no porta-gelatina.</li><li><strong>5. Recorte/foco:</strong> No elipsoidal, ajuste facas, íris e foco; no Fresnel, ajuste spot/flood.</li><li><strong>6. Mascarar spill:</strong> Use barndoors no Fresnel/PAR para conter luz onde não deve ir.</li></ol><p><strong>Na prática:</strong> Quer recortar exatamente um quadro ou isolar um locutor? É elipsoidal — só ele tem facas para cortes retos. Quer um banho suave que se funde sem emendas? Fresnel. Quer cor barata cobrindo o palco? PAR LED. Erro comum de iniciante: tentar ''recortar'' com PAR (impossível) ou querer projetar gobo nítido com Fresnel (a borda é sempre difusa).</p><h4>Resumo</h4><ul><li>Fixos são a base barata e confiável: PAR (cor), Fresnel (suave), elipsoidal (recorte/gobo), bar (pixel), blinder (impacto).</li><li>Source Four é o padrão de elipsoidal; PAR LED domina o banho de cor; GLP/SGM são premium.</li><li>Elipsoidal recorta, Fresnel funde; convencional precisa de dimmer e gelatina.</li></ul>',55,3,true,false);
insert into public.quizzes (id,lesson_id,titulo) values ('30b53488-353b-4a53-9a22-05a2482ba8e3','8905d700-074e-4462-a61c-946246268da8','Quiz — Refletores Fixos e LED: PAR, Fresnel, Elipsoidal e Pixel');
insert into public.quiz_questions (id,quiz_id,texto,explicacao,ordem,pontos) values ('b03b7287-744a-4c21-93c5-4419ce0a48f3','30b53488-353b-4a53-9a22-05a2482ba8e3','Qual aparelho permite cortar o feixe em linhas retas (recorte)?','Só o elipsoidal tem facas (shutters) para recortes precisos.',1,1);
insert into public.quiz_options (question_id,texto,correta,ordem) values ('b03b7287-744a-4c21-93c5-4419ce0a48f3','PAR LED',false,1);
insert into public.quiz_options (question_id,texto,correta,ordem) values ('b03b7287-744a-4c21-93c5-4419ce0a48f3','Fresnel',false,2);
insert into public.quiz_options (question_id,texto,correta,ordem) values ('b03b7287-744a-4c21-93c5-4419ce0a48f3','Elipsoidal',true,3);
insert into public.quiz_options (question_id,texto,correta,ordem) values ('b03b7287-744a-4c21-93c5-4419ce0a48f3','Blinder',false,4);
insert into public.quiz_questions (id,quiz_id,texto,explicacao,ordem,pontos) values ('3f423716-0b0d-458c-9223-f2b85464d75a','30b53488-353b-4a53-9a22-05a2482ba8e3','O ETC Source Four é referência de qual tipo de refletor?','O Source Four é o elipsoidal padrão do teatro mundial.',2,1);
insert into public.quiz_options (question_id,texto,correta,ordem) values ('3f423716-0b0d-458c-9223-f2b85464d75a','Wash móvel',false,1);
insert into public.quiz_options (question_id,texto,correta,ordem) values ('3f423716-0b0d-458c-9223-f2b85464d75a','Elipsoidal',true,2);
insert into public.quiz_options (question_id,texto,correta,ordem) values ('3f423716-0b0d-458c-9223-f2b85464d75a','Strobe',false,3);
insert into public.quiz_options (question_id,texto,correta,ordem) values ('3f423716-0b0d-458c-9223-f2b85464d75a','Pixel bar',false,4);
insert into public.quiz_questions (id,quiz_id,texto,explicacao,ordem,pontos) values ('8d8f999a-58f6-4815-9e20-1d0292037775','30b53488-353b-4a53-9a22-05a2482ba8e3','Para um banho de cor amplo e barato no palco, o ideal é:','PAR LED entrega cor por DMX com bom custo e cobertura.',3,1);
insert into public.quiz_options (question_id,texto,correta,ordem) values ('8d8f999a-58f6-4815-9e20-1d0292037775','Elipsoidal',false,1);
insert into public.quiz_options (question_id,texto,correta,ordem) values ('8d8f999a-58f6-4815-9e20-1d0292037775','PAR LED',true,2);
insert into public.quiz_options (question_id,texto,correta,ordem) values ('8d8f999a-58f6-4815-9e20-1d0292037775','Laser',false,3);
insert into public.quiz_options (question_id,texto,correta,ordem) values ('8d8f999a-58f6-4815-9e20-1d0292037775','Hazer',false,4);
insert into public.quiz_questions (id,quiz_id,texto,explicacao,ordem,pontos) values ('dd579a13-594b-4405-ad82-8d87122f9628','30b53488-353b-4a53-9a22-05a2482ba8e3','Um refletor convencional (PAR 64) precisa de quê para acender e variar intensidade?','Convencionais não têm eletrônica de intensidade; usam dimmer externo.',4,1);
insert into public.quiz_options (question_id,texto,correta,ordem) values ('dd579a13-594b-4405-ad82-8d87122f9628','Apenas DMX direto',false,1);
insert into public.quiz_options (question_id,texto,correta,ordem) values ('dd579a13-594b-4405-ad82-8d87122f9628','Um canal de dimmer externo',true,2);
insert into public.quiz_options (question_id,texto,correta,ordem) values ('dd579a13-594b-4405-ad82-8d87122f9628','Bateria interna',false,3);
insert into public.quiz_options (question_id,texto,correta,ordem) values ('dd579a13-594b-4405-ad82-8d87122f9628','Wireless DMX',false,4);
insert into public.quiz_questions (id,quiz_id,texto,explicacao,ordem,pontos) values ('eadf5434-3650-418b-acef-5a9833e33478','30b53488-353b-4a53-9a22-05a2482ba8e3','O JDC1 da GLP é conhecido como:','O GLP JDC1/JDC2 combina blinder e strobe num só aparelho, popular em festivais.',5,1);
insert into public.quiz_options (question_id,texto,correta,ordem) values ('eadf5434-3650-418b-acef-5a9833e33478','Elipsoidal de teatro',false,1);
insert into public.quiz_options (question_id,texto,correta,ordem) values ('eadf5434-3650-418b-acef-5a9833e33478','Híbrido blinder + strobe LED',true,2);
insert into public.quiz_options (question_id,texto,correta,ordem) values ('eadf5434-3650-418b-acef-5a9833e33478','Console de luz',false,3);
insert into public.quiz_options (question_id,texto,correta,ordem) values ('eadf5434-3650-418b-acef-5a9833e33478','Máquina de fumaça',false,4);
insert into public.lessons (id,module_id,titulo,tipo,conteudo_rico,duracao_min,ordem,tem_quiz,preview_gratis) values ('6e332f9e-d9fe-4de4-84bd-9ecabfdb4409','96de6245-3fed-4e6a-a40d-80be23fd6c4e','Strobe, Laser e Efeitos de Luz','texto','<p><strong>Para começar:</strong> Existem aparelhos cujo único trabalho é causar impacto: o flash que congela o tempo, o feixe verde que rasga o céu, o efeito que faz a plateia gritar. Nesta aula você conhece strobes, lasers e efeitos especiais — e os cuidados de segurança que vêm com eles.</p><p>Esta categoria não ''ilumina a cena'' no sentido clássico; ela cria momentos. Strobe entrega flashes de altíssima intensidade; laser desenha feixes e formas geométricas com luz coerente; efeitos diversos (RGB strobe, blinder-strobe, efeito de ''olhos'') criam textura. Aqui, segurança (epilepsia/fotossensibilidade e segurança ocular do laser) é parte do conhecimento técnico.</p><ul><li><strong>Strobe: o flash:</strong> Dispara pulsos curtíssimos de luz muito intensa. Controla-se taxa (rate), duração (duration) e, em LED RGB, cor. Usado em quedas, drops e momentos de impacto. Atenção: flashes acima de ~3 Hz podem desencadear crises em pessoas fotossensíveis — avise e modere.</li><li><strong>Laser: luz coerente:</strong> Lasers profissionais (mostrados por cor: vermelho, verde, azul, RGB combinado em branco) projetam feixes finíssimos e padrões via scanners (galvos) controlados por ILDA, além de DMX para acionamento. São classificados (Classe 3R/3B/4) e exigem cuidados rígidos de segurança ocular e, em muitos países, operador habilitado e zonas de varredura controladas (audience scanning regulado).</li><li><strong>Efeitos híbridos e de textura:</strong> Blinder-strobe (ex.: GLP JDC1), barras de strobe RGB, aparelhos de ''efeito'' com muitas mini-fontes (eyes/pixels) e até moving heads com função strobe. Eles preenchem o palco de movimento e textura entre os momentos de cena.</li><li><strong>Segurança e responsabilidade:</strong> Para strobe: comunicar a presença de luzes estroboscópicas ao público (questão de fotossensibilidade). Para laser: nunca apontar para olhos, respeitar zonas de segurança, não improvisar audience scanning, e seguir normas locais. É parte do trabalho profissional, não opcional.</li></ul><h4>Equipamentos / detalhes</h4><ul><li><strong>Martin Atomic 3000 (LED e DMX/strobe):</strong> O strobe mais icônico do mundo. Versão convencional (lâmpada) e Atomic 3000 LED, com altíssima saída, função de ''aura''/cor de fundo e efeitos. Sinônimo de strobe profissional em turnês e festivais.</li><li><strong>GLP JDC1 / JDC2 (strobe + blinder híbrido):</strong> Tubo de strobe LED RGB combinado a um painel blinder de branco quente, com pixels controláveis. Extremamente popular como aparelho ''duplo'' de impacto em palcos de música.</li><li><strong>Chauvet Professional Strike / Color STRIKE (blinder-strobe):</strong> Linha Strike combina blinder de branco quente com strobe e pixels coloridos (Color STRIKE M é motorizado). Bom custo-benefício para o efeito de ''estourar'' a plateia com cor.</li><li><strong>SGM Q-7 / X-5 (strobe/blinder IP65):</strong> SGM tem strobes/wash de altíssima potência e IP65 para uso externo. O Q-7 é um wash-strobe potente; muito usado em grandes festivais ao ar livre pela robustez e brilho.</li><li><strong>Robe Spiider / Tarrantula (efeito multi-fonte / wash-beam-strobe):</strong> Aparelhos de efeito com flower de pixels (Spiider) e wash/beam/strobe combinados (Tarrantula), criando texturas ricas e ''olhos'' animados. Queridinhos de TV e turnês por versatilidade visual.</li><li><strong>Lasers Kvant / Laserworld / Pangolin (sistemas e controle):</strong> Kvant (premium) e Laserworld (custo-benefício) fabricam projetores RGB de vários watts; Pangolin (BEYOND/QuickShow) é o software/hardware padrão de controle e segurança de laser (zonas, scanning). Operação séria de laser quase sempre passa por Pangolin.</li></ul><h4>Passo a passo</h4><ol><li><strong>1. Definir o momento:</strong> Strobe/efeito para drops e impactos; laser para números específicos planejados.</li><li><strong>2. Posicionar com segurança:</strong> Lasers: mapear zonas de varredura, manter feixes acima da cabeça do público se não houver scanning aprovado.</li><li><strong>3. Configurar controle:</strong> Strobe por DMX (rate/duration/cor); laser por ILDA + software (Pangolin) e/ou DMX de acionamento.</li><li><strong>4. Avisar o público:</strong> Sinalizar uso de luzes estroboscópicas e de laser (placas/aviso de palco).</li><li><strong>5. Moderar a taxa:</strong> Evitar frequências de strobe prolongadas que aumentam risco de fotossensibilidade.</li><li><strong>6. Teste com responsável:</strong> Para laser, testar com operador habilitado e e-stop acessível.</li></ol><p><strong>Na prática:</strong> O erro perigoso de iniciante é tratar laser como ''mais um refletor''. Não é: é um equipamento de classe de segurança que pode causar lesão ocular permanente. Audience scanning (varrer a plateia) é regulado e exige potência calibrada e zonas medidas — nunca improvise. Já o strobe: lindo no drop, mas comunique ao público e não deixe piscando por minutos.</p><h4>Resumo</h4><ul><li>Strobe cria flashes de impacto; laser desenha feixes/formas; efeitos híbridos dão textura.</li><li>Modelos-chave: Martin Atomic, GLP JDC1, Chauvet Strike, Robe Spiider; lasers Kvant/Laserworld com Pangolin.</li><li>Segurança não é opcional: fotossensibilidade no strobe e segurança ocular/zonas no laser.</li></ul>',50,4,true,false);
insert into public.quizzes (id,lesson_id,titulo) values ('989f4e4e-df95-4151-a3c5-c1ac47f5a031','6e332f9e-d9fe-4de4-84bd-9ecabfdb4409','Quiz — Strobe, Laser e Efeitos de Luz');
insert into public.quiz_questions (id,quiz_id,texto,explicacao,ordem,pontos) values ('3e3adca5-bf5c-4726-bcc0-16781f115a19','989f4e4e-df95-4151-a3c5-c1ac47f5a031','Qual parâmetro NÃO é típico de controle de um strobe?','Recorte por facas é de elipsoidal; strobe controla taxa, duração e (em LED) cor.',1,1);
insert into public.quiz_options (question_id,texto,correta,ordem) values ('3e3adca5-bf5c-4726-bcc0-16781f115a19','Rate (taxa)',false,1);
insert into public.quiz_options (question_id,texto,correta,ordem) values ('3e3adca5-bf5c-4726-bcc0-16781f115a19','Duration (duração)',false,2);
insert into public.quiz_options (question_id,texto,correta,ordem) values ('3e3adca5-bf5c-4726-bcc0-16781f115a19','Recorte por facas',true,3);
insert into public.quiz_options (question_id,texto,correta,ordem) values ('3e3adca5-bf5c-4726-bcc0-16781f115a19','Cor (em LED RGB)',false,4);
insert into public.quiz_questions (id,quiz_id,texto,explicacao,ordem,pontos) values ('43afeaa5-56f4-483a-82e5-841f2674c94b','989f4e4e-df95-4151-a3c5-c1ac47f5a031','O Martin Atomic 3000 é referência de qual categoria?','O Atomic é o strobe profissional mais icônico do mercado.',2,1);
insert into public.quiz_options (question_id,texto,correta,ordem) values ('43afeaa5-56f4-483a-82e5-841f2674c94b','Elipsoidal',false,1);
insert into public.quiz_options (question_id,texto,correta,ordem) values ('43afeaa5-56f4-483a-82e5-841f2674c94b','Strobe',true,2);
insert into public.quiz_options (question_id,texto,correta,ordem) values ('43afeaa5-56f4-483a-82e5-841f2674c94b','Laser',false,3);
insert into public.quiz_options (question_id,texto,correta,ordem) values ('43afeaa5-56f4-483a-82e5-841f2674c94b','Console',false,4);
insert into public.quiz_questions (id,quiz_id,texto,explicacao,ordem,pontos) values ('282cf5d0-3732-4dff-a12b-b07ef94e8b20','989f4e4e-df95-4151-a3c5-c1ac47f5a031','Sobre ''audience scanning'' (varrer a plateia com laser):','Audience scanning é regulado por segurança ocular e exige operação especializada.',3,1);
insert into public.quiz_options (question_id,texto,correta,ordem) values ('282cf5d0-3732-4dff-a12b-b07ef94e8b20','É livre e sem riscos',false,1);
insert into public.quiz_options (question_id,texto,correta,ordem) values ('282cf5d0-3732-4dff-a12b-b07ef94e8b20','É regulado e exige potência calibrada e zonas medidas',true,2);
insert into public.quiz_options (question_id,texto,correta,ordem) values ('282cf5d0-3732-4dff-a12b-b07ef94e8b20','Só depende do DMX',false,3);
insert into public.quiz_options (question_id,texto,correta,ordem) values ('282cf5d0-3732-4dff-a12b-b07ef94e8b20','Funciona com qualquer laser caseiro',false,4);
insert into public.quiz_questions (id,quiz_id,texto,explicacao,ordem,pontos) values ('e7818b65-4d51-479c-8e8e-8dfb1a2813f6','989f4e4e-df95-4151-a3c5-c1ac47f5a031','Qual software/hardware é padrão para controle e segurança de laser?','Pangolin é o padrão de controle e segurança de shows de laser.',4,1);
insert into public.quiz_options (question_id,texto,correta,ordem) values ('e7818b65-4d51-479c-8e8e-8dfb1a2813f6','MagicQ',false,1);
insert into public.quiz_options (question_id,texto,correta,ordem) values ('e7818b65-4d51-479c-8e8e-8dfb1a2813f6','Pangolin (BEYOND/QuickShow)',true,2);
insert into public.quiz_options (question_id,texto,correta,ordem) values ('e7818b65-4d51-479c-8e8e-8dfb1a2813f6','ETC Eos',false,3);
insert into public.quiz_options (question_id,texto,correta,ordem) values ('e7818b65-4d51-479c-8e8e-8dfb1a2813f6','Art-Net',false,4);
insert into public.quiz_questions (id,quiz_id,texto,explicacao,ordem,pontos) values ('6f91bb8b-8c2e-4ae7-9664-7652c04c99ca','989f4e4e-df95-4151-a3c5-c1ac47f5a031','Por que o LD deve comunicar o uso de strobe ao público?','Flashes podem desencadear crises em pessoas fotossensíveis; o aviso é responsabilidade profissional.',5,1);
insert into public.quiz_options (question_id,texto,correta,ordem) values ('6f91bb8b-8c2e-4ae7-9664-7652c04c99ca','Por exigência de cor',false,1);
insert into public.quiz_options (question_id,texto,correta,ordem) values ('6f91bb8b-8c2e-4ae7-9664-7652c04c99ca','Por risco a pessoas fotossensíveis/epilépticas',true,2);
insert into public.quiz_options (question_id,texto,correta,ordem) values ('6f91bb8b-8c2e-4ae7-9664-7652c04c99ca','Para economizar energia',false,3);
insert into public.quiz_options (question_id,texto,correta,ordem) values ('6f91bb8b-8c2e-4ae7-9664-7652c04c99ca','Para sincronizar o áudio',false,4);
insert into public.lessons (id,module_id,titulo,tipo,conteudo_rico,duracao_min,ordem,tem_quiz,preview_gratis) values ('f9779120-9290-44a4-9b6b-e8bce11a853c','96de6245-3fed-4e6a-a40d-80be23fd6c4e','Máquinas de Atmosfera: o ar que revela a luz','texto','<p><strong>Para começar:</strong> Um beam lindíssimo no escuro... que ninguém vê, porque não há nada no ar para refletir o feixe. A atmosfera é o ingrediente secreto: sem haze ou fumaça, metade dos seus efeitos de luz simplesmente desaparece.</p><p>Máquinas de atmosfera produzem partículas suspensas no ar que tornam o feixe de luz visível. Existem famílias diferentes — haze (névoa fina e durável), fog/smoke (fumaça densa), low fog (fumaça baixa que fica no chão) — cada uma com fluido próprio. Entender a diferença evita o erro clássico de ''encher o palco de fumaça'' quando o que você queria era um haze sutil.</p><ul><li><strong>Haze: a névoa que faz beams aparecerem:</strong> Produz uma neblina fina, homogênea e de longa duração. É o que revela feixes e colunas de luz de forma elegante, sem ''nuvem''. Hazers a base de água ou de óleo (glicol). O haze de óleo costuma durar mais no ar; o de água dissipa mais rápido e suja menos. É o padrão para shows com moving heads/beams.</li><li><strong>Fog / Smoke: a fumaça densa:</strong> Solta nuvens densas e visíveis (efeito ''explosão de fumaça''), ótimo para momentos pontuais e entradas. Dissipa mais rápido que haze e tende a ''subir''. Máquinas de fog usam fluido específico; em excesso, podem disparar alarmes de incêndio e tirar a visibilidade.</li><li><strong>Low fog: fumaça rasteira:</strong> Cria o tapete de fumaça no chão (efeito ''nuvem nos pés''). Conseguido por resfriamento da fumaça (gelo, CO2 ou unidades dedicadas com chiller). Usado em entradas dramáticas, balés e casamentos. Não sobe porque é fumaça resfriada/pesada.</li><li><strong>Fluidos, segurança e ventilação:</strong> Cada máquina pede o fluido correto do fabricante (água, glicol/óleo). Ambientes precisam de ventilação e atenção a sensores de fumaça/incêndio. Em estúdios de TV, prefere-se haze controlado e fluidos de baixa densidade. Nunca misture fluidos incompatíveis: entope e danifica a máquina.</li></ul><h4>Equipamentos / detalhes</h4><ul><li><strong>Antari (HZ-series hazers, F/Z-series fog, ICE low fog):</strong> Marca muito difundida e acessível. HZ-400/HZ-500 e linha Pro de hazers (água e óleo), máquinas de fog F-series/Z-series e low fog (ICE). Boa relação custo-benefício para produtoras, bandas e igrejas; muitas com DMX e timer.</li><li><strong>Look Solutions (Unique, Viper, Tiny, Power Tiny):</strong> Fabricante alemão premium de hazers e fog. O Unique 2.1 é referência mundial de haze de altíssima qualidade (sistema que mantém o fluido sem entupir). Viper e Tiny são fog/haze compactos muito confiáveis. Padrão em TV, teatro e turnês exigentes.</li><li><strong>MDG (Atmosphere / theONE / Me1):</strong> Canadense top de linha. theONE e Atmosphere APS produzem haze finíssimo e estável usando fluido de alta pureza e, em alguns modelos, CO2/N2 para máxima durabilidade e controle. Padrão em grandes produções, ópera e TV de altíssimo nível.</li><li><strong>Le Maitre / Smoke Factory / DF-50 (haze de óleo clássico):</strong> O DF-50 (Diffusion) é um hazer de óleo lendário em cinema e TV pelo haze atmosférico que ''pinta'' o ar de forma cinematográfica. Le Maitre e Smoke Factory também são marcas tradicionais de fog/haze profissional.</li><li><strong>Geradores de low fog dedicados (Antari ICE, MagicFX, CO2/dry ice):</strong> Para o tapete rasteiro: máquinas com chiller, sistemas a CO2 (jatos/criojets) e dry ice. MagicFX e Antari ICE são exemplos. Exigem planejamento (gelo/CO2) e segurança (asfixia/oxigênio em espaços fechados).</li></ul><h4>Passo a passo</h4><ol><li><strong>1. Escolher o efeito:</strong> Haze para revelar beams o show inteiro; fog para impacto pontual; low fog para tapete no chão.</li><li><strong>2. Selecionar a máquina e o fluido:</strong> Use o fluido recomendado pelo fabricante para a família correta (água/óleo).</li><li><strong>3. Posicionar e ventilar:</strong> Coloque a máquina para distribuir uniformemente; controle correntes de ar e sensores de incêndio.</li><li><strong>4. Controlar por DMX/timer:</strong> Defina densidade (output) e intervalos; haze geralmente em nível baixo e contínuo.</li><li><strong>5. Pré-encher o ambiente:</strong> Crie o haze antes do show e mantenha um nível constante, não ''soque'' fumaça durante.</li><li><strong>6. Avaliar com a luz ligada:</strong> Só dá para julgar a quantidade certa com os beams acesos.</li></ol><p><strong>Na prática:</strong> O segredo do haze é constância, não quantidade: um nível baixo e estável durante todo o show revela os feixes sem virar nuvem. Iniciante erra de dois jeitos — esquece a atmosfera (e os beams somem) ou exagera (e o palco vira fumaça leitosa que mata o contraste). Em locais com detector de incêndio, avise a produção: haze pode disparar alarme se o sensor não for isolado/avisado.</p><h4>Resumo</h4><ul><li>Sem atmosfera, beams e colunas de luz não aparecem; haze é o padrão para revelá-los.</li><li>Haze (névoa fina e durável), fog (denso/pontual) e low fog (rasteiro) têm fluidos e usos distintos.</li><li>Marcas-chave: Antari (acessível), Look Solutions e MDG (premium), DF-50 (cinema/TV).</li></ul>',45,5,true,false);
insert into public.quizzes (id,lesson_id,titulo) values ('e80aa660-48aa-423f-8520-5f550cc736fc','f9779120-9290-44a4-9b6b-e8bce11a853c','Quiz — Máquinas de Atmosfera: o ar que revela a luz');
insert into public.quiz_questions (id,quiz_id,texto,explicacao,ordem,pontos) values ('4f185912-8b30-4f87-a40d-034d6b28d754','e80aa660-48aa-423f-8520-5f550cc736fc','Por que beams ''somem'' num palco sem atmosfera?','O feixe só fica visível quando há partículas (haze/fumaça) refletindo a luz no ar.',1,1);
insert into public.quiz_options (question_id,texto,correta,ordem) values ('4f185912-8b30-4f87-a40d-034d6b28d754','Porque o DMX falha',false,1);
insert into public.quiz_options (question_id,texto,correta,ordem) values ('4f185912-8b30-4f87-a40d-034d6b28d754','Porque não há partículas no ar para revelar o feixe',true,2);
insert into public.quiz_options (question_id,texto,correta,ordem) values ('4f185912-8b30-4f87-a40d-034d6b28d754','Porque a cor está errada',false,3);
insert into public.quiz_options (question_id,texto,correta,ordem) values ('4f185912-8b30-4f87-a40d-034d6b28d754','Porque o console está em blackout',false,4);
insert into public.quiz_questions (id,quiz_id,texto,explicacao,ordem,pontos) values ('0b070ed5-4ca0-4fcc-a113-baf2374c1fed','e80aa660-48aa-423f-8520-5f550cc736fc','Qual família é a ideal para revelar feixes de forma sutil durante todo o show?','Haze cria névoa fina e durável, ideal para revelar beams sem virar nuvem.',2,1);
insert into public.quiz_options (question_id,texto,correta,ordem) values ('0b070ed5-4ca0-4fcc-a113-baf2374c1fed','Fog denso',false,1);
insert into public.quiz_options (question_id,texto,correta,ordem) values ('0b070ed5-4ca0-4fcc-a113-baf2374c1fed','Haze',true,2);
insert into public.quiz_options (question_id,texto,correta,ordem) values ('0b070ed5-4ca0-4fcc-a113-baf2374c1fed','Low fog',false,3);
insert into public.quiz_options (question_id,texto,correta,ordem) values ('0b070ed5-4ca0-4fcc-a113-baf2374c1fed','Nenhuma',false,4);
insert into public.quiz_questions (id,quiz_id,texto,explicacao,ordem,pontos) values ('f957ae29-636a-4b86-bc60-a35e1b7451f3','e80aa660-48aa-423f-8520-5f550cc736fc','O efeito de ''tapete de fumaça no chão'' é produzido por:','Low fog é fumaça resfriada que fica rasteira por ser mais densa/pesada.',3,1);
insert into public.quiz_options (question_id,texto,correta,ordem) values ('f957ae29-636a-4b86-bc60-a35e1b7451f3','Hazer comum',false,1);
insert into public.quiz_options (question_id,texto,correta,ordem) values ('f957ae29-636a-4b86-bc60-a35e1b7451f3','Low fog (fumaça resfriada/CO2/dry ice)',true,2);
insert into public.quiz_options (question_id,texto,correta,ordem) values ('f957ae29-636a-4b86-bc60-a35e1b7451f3','Strobe',false,3);
insert into public.quiz_options (question_id,texto,correta,ordem) values ('f957ae29-636a-4b86-bc60-a35e1b7451f3','Wash LED',false,4);
insert into public.quiz_questions (id,quiz_id,texto,explicacao,ordem,pontos) values ('136ebd06-96ba-4763-a21b-6f5d43692a1c','e80aa660-48aa-423f-8520-5f550cc736fc','O DF-50 é famoso em cinema/TV por qual característica?','O DF-50 produz um haze de óleo fino que ''pinta'' o ar, muito usado em cinema/TV.',4,1);
insert into public.quiz_options (question_id,texto,correta,ordem) values ('136ebd06-96ba-4763-a21b-6f5d43692a1c','Fumaça densa e rápida',false,1);
insert into public.quiz_options (question_id,texto,correta,ordem) values ('136ebd06-96ba-4763-a21b-6f5d43692a1c','Haze de óleo atmosférico e cinematográfico',true,2);
insert into public.quiz_options (question_id,texto,correta,ordem) values ('136ebd06-96ba-4763-a21b-6f5d43692a1c','Ser um console',false,3);
insert into public.quiz_options (question_id,texto,correta,ordem) values ('136ebd06-96ba-4763-a21b-6f5d43692a1c','Fazer low fog',false,4);
insert into public.quiz_questions (id,quiz_id,texto,explicacao,ordem,pontos) values ('dc3690ae-2065-4f3f-8ce0-a7969b08c9ef','e80aa660-48aa-423f-8520-5f550cc736fc','Qual é a boa prática de uso de haze num show?','Constância em nível baixo revela os feixes sem matar o contraste do palco.',5,1);
insert into public.quiz_options (question_id,texto,correta,ordem) values ('dc3690ae-2065-4f3f-8ce0-a7969b08c9ef','Soltar muita fumaça nos refrões',false,1);
insert into public.quiz_options (question_id,texto,correta,ordem) values ('dc3690ae-2065-4f3f-8ce0-a7969b08c9ef','Manter um nível baixo e constante o show inteiro',true,2);
insert into public.quiz_options (question_id,texto,correta,ordem) values ('dc3690ae-2065-4f3f-8ce0-a7969b08c9ef','Ligar só no final',false,3);
insert into public.quiz_options (question_id,texto,correta,ordem) values ('dc3690ae-2065-4f3f-8ce0-a7969b08c9ef','Encher o palco antes de abrir as portas e desligar',false,4);
insert into public.lessons (id,module_id,titulo,tipo,conteudo_rico,duracao_min,ordem,tem_quiz,preview_gratis) values ('0b4b75a0-d01c-4bf2-bc39-c3074ed2a6ef','96de6245-3fed-4e6a-a40d-80be23fd6c4e','Distribuição e Estrutura: DMX, dimmer, wireless, truss e talha','texto','<p><strong>Para começar:</strong> Os aparelhos de luz são as estrelas, mas nada acende nem fica pendurado sem a infraestrutura. Cabos, splitters, dimmers, wireless DMX, truss e talhas são o esqueleto e o sistema nervoso do rig — e onde a maioria dos problemas (e dos acidentes) acontece.</p><p>Esta aula cobre como o sinal chega a cada aparelho (distribuição DMX), como convivenciais recebem energia controlada (dimmer), como cortar cabos pelo ar (wireless DMX), e como tudo fica pendurado com segurança (truss e talha). É a base que sustenta — literal e eletricamente — todo o resto.</p><ul><li><strong>Cadeia e topologia DMX:</strong> DMX512 é serial e em cadeia (daisy chain): sai do console, entra num aparelho, sai (DMX Thru) para o próximo, até 32 dispositivos por linha e máx. ~512 canais por universo. A linha deve ser terminada com um terminador de 120 ohm no último aparelho. Cabo correto é DMX (impedância 110-120 ohm), não cabo de microfone — usar XLR de áudio causa erros.</li><li><strong>Splitter / Booster DMX:</strong> Quando há muitos aparelhos ou cabos longos, um splitter/booster recebe um sinal DMX e o regenera em várias saídas isoladas (opto-isoladas), evitando flicker e protegendo o console. Também separa o rig em ramos independentes (um curto num ramo não derruba os outros).</li><li><strong>Dimmer e energia:</strong> Aparelhos convencionais (PAR 64, Fresnel) não têm eletrônica de intensidade: precisam de um dimmer que varia a potência elétrica conforme o DMX. Racks de dimmer (ex.: ETC Sensor) controlam dezenas de circuitos. Aparelhos LED/moving são ''intelligent power'' (recebem energia direta e dimerizam internamente) — nunca ligue aparelho LED num canal de dimmer.</li><li><strong>Wireless DMX:</strong> Transmite DMX por rádio, eliminando cabos em estruturas móveis, externas ou de difícil passagem. Padrão de mercado: LumenRadio (CRMX), com transmissor e receptores embutidos em muitos aparelhos. Funciona em 2,4 GHz com salto de frequência; é estável, mas exige planejamento de RF em ambientes saturados.</li><li><strong>Truss e rigging:</strong> Truss é a estrutura de alumínio (treliça) que sustenta os aparelhos. Tipos por seção: quadrada (4 banzos) para carga, triangular (3 banzos) mais leve. A montagem precisa respeitar carga (SWL), pontos de pendura e normas. Acessórios: clamps (garras), corrente de segurança (safety) obrigatória em cada aparelho.</li><li><strong>Talhas e movimentação:</strong> Talhas elétricas (chain hoists) levantam o truss até o trim. A CM Lodestar é referência mundial. Capacidades comuns: 1/4, 1/2, 1 e 2 toneladas. Controle por motor controller. Rigging é a área de maior risco — exige rigger qualificado, cálculo de carga e dupla segurança.</li></ul><h4>Equipamentos / detalhes</h4><ul><li><strong>Splitters/boosters DMX (ETC, Swisson, DMXKing, Botex):</strong> Distribuidores opto-isolados que regeneram o sinal em várias saídas. Swisson (XSR/XND) e ETC são referências profissionais; DMXKing e Botex atendem custo-benefício. Essenciais em rigs grandes para estabilidade e proteção contra curtos no cabeamento.</li><li><strong>Nodes Art-Net/sACN (Luminex GigaCore/LumiNode, ELC, Pathway):</strong> Convertem rede (Art-Net/sACN) em saídas DMX físicas. Luminex (switches GigaCore e nodes LumiNode) é padrão de turnê; Pathway e ELC também. Permitem dezenas de universos por um único cabo de rede até os nodes, que então ''quebram'' em DMX.</li><li><strong>Racks de dimmer (ETC Sensor3 / Sensor+):</strong> Padrão de mercado para controle de convencionais: módulos de dimmer e/ou relay, proteção por disjuntor, curvas configuráveis. ETC Sensor é a referência em teatro e estúdio. Para LED/moving, usa-se distribuição de energia direta (power distro), não dimmer.</li><li><strong>LumenRadio CRMX (TX2 / various RX, TimoTwo embutido):</strong> Padrão de wireless DMX. Transmissores (ex.: TX2) e receptores; muitos aparelhos já vêm com módulo TimoTwo de fábrica. Salto de frequência adaptativo em 2,4 GHz, alta estabilidade. Há também W-DMX (Wireless Solution) como alternativa profissional.</li><li><strong>Global Truss (F31/F32/F33/F34) e Prolyte (H30V/S52/X30):</strong> Global Truss é muito difundida e econômica (F34 é o quadrado popular de 290mm). Prolyte (belga) é premium, com séries H/S/X para diferentes cargas e vãos. A escolha depende de carga (SWL), vão livre e compatibilidade de conexão (cônica/parafusada).</li><li><strong>CM Lodestar / Columbus McKinnon (chain hoists) + controllers:</strong> A talha elétrica de corrente padrão do mercado de eventos. Modelos por capacidade (1/4t a 2t) e velocidade. Operadas por controladores de motor (single/multi). Exigem inspeção, corrente de segurança e operação por rigger qualificado. Alternativas: Liftket, ChainMaster.</li><li><strong>Clamps, safeties e couplers (Doughty/Manfrotto, Riggatec):</strong> Acessórios de pendura: garras (clamps) que prendem o aparelho ao truss, half-couplers, e a corrente/cabo de segurança (safety) obrigatória como segunda linha. Doughty e Riggatec são marcas comuns. Nenhum aparelho sobe sem safety.</li></ul><h4>Passo a passo</h4><ol><li><strong>1. Planejar universos e ramos:</strong> Divida o rig em universos e ramos DMX lógicos; insira splitters onde houver muitos aparelhos/cabos longos.</li><li><strong>2. Cabear com DMX correto:</strong> Use cabo DMX (110-120 ohm), conexões em daisy chain e terminador de 120 ohm no fim de cada linha.</li><li><strong>3. Separar energias:</strong> Convencionais no rack de dimmer; LED/moving em power distro direta. Nunca LED no dimmer.</li><li><strong>4. Configurar wireless quando preciso:</strong> Pareie TX/RX CRMX, escolha universo e verifique RF do local.</li><li><strong>5. Montar truss com carga calculada:</strong> Respeite SWL, distribua peso, use clamps e safety em cada aparelho.</li><li><strong>6. Subir com talha e travar trim:</strong> Eleve com chain hoists, confira nível, trave o trim e faça dupla segurança no rigging.</li></ol><p><strong>Na prática:</strong> Dois erros que queimam show e dinheiro: (1) usar cabo de microfone XLR no lugar de cabo DMX — pode ''funcionar'' em casa e falhar no palco com flicker aleatório; e (2) ligar um moving head/LED num canal de dimmer — a eletrônica do aparelho não tolera a forma de onda do dimmer e pode danificar. E o erro que mata: aparelho sem corrente de safety. Safety é inegociável.</p><h4>Resumo</h4><ul><li>DMX é cadeia serial com terminador; splitters regeneram e isolam ramos; nodes levam Art-Net/sACN até DMX.</li><li>Convencionais precisam de dimmer; LED/moving recebem energia direta; CRMX (LumenRadio) é o padrão wireless.</li><li>Truss (Global/Prolyte) e talhas (CM Lodestar) sustentam o rig — sempre com SWL respeitado e safety obrigatório.</li></ul>',55,6,true,false);
insert into public.quizzes (id,lesson_id,titulo) values ('777b20a6-793c-42dc-a0c4-93e7c0aea996','0b4b75a0-d01c-4bf2-bc39-c3074ed2a6ef','Quiz — Distribuição e Estrutura: DMX, dimmer, wireless, truss e tal');
insert into public.quiz_questions (id,quiz_id,texto,explicacao,ordem,pontos) values ('2f11ced2-da41-431f-aba0-bd723c5092d5','777b20a6-793c-42dc-a0c4-93e7c0aea996','Qual cabo deve ser usado para sinal DMX?','DMX exige cabo de impedância correta (110-120 ohm); cabo de áudio causa erros/flicker.',1,1);
insert into public.quiz_options (question_id,texto,correta,ordem) values ('2f11ced2-da41-431f-aba0-bd723c5092d5','Cabo de microfone XLR comum',false,1);
insert into public.quiz_options (question_id,texto,correta,ordem) values ('2f11ced2-da41-431f-aba0-bd723c5092d5','Cabo DMX de impedância 110-120 ohm',true,2);
insert into public.quiz_options (question_id,texto,correta,ordem) values ('2f11ced2-da41-431f-aba0-bd723c5092d5','Cabo de rede RJ45 sempre',false,3);
insert into public.quiz_options (question_id,texto,correta,ordem) values ('2f11ced2-da41-431f-aba0-bd723c5092d5','Qualquer cabo blindado',false,4);
insert into public.quiz_questions (id,quiz_id,texto,explicacao,ordem,pontos) values ('7ef3fba6-b178-43a5-8155-7db023242fa5','777b20a6-793c-42dc-a0c4-93e7c0aea996','O que deve ir no último aparelho de uma linha DMX?','A linha DMX deve ser terminada com 120 ohm no último dispositivo para evitar reflexões.',2,1);
insert into public.quiz_options (question_id,texto,correta,ordem) values ('7ef3fba6-b178-43a5-8155-7db023242fa5','Outro console',false,1);
insert into public.quiz_options (question_id,texto,correta,ordem) values ('7ef3fba6-b178-43a5-8155-7db023242fa5','Um terminador de 120 ohm',true,2);
insert into public.quiz_options (question_id,texto,correta,ordem) values ('7ef3fba6-b178-43a5-8155-7db023242fa5','Um dimmer',false,3);
insert into public.quiz_options (question_id,texto,correta,ordem) values ('7ef3fba6-b178-43a5-8155-7db023242fa5','Um clamp',false,4);
insert into public.quiz_questions (id,quiz_id,texto,explicacao,ordem,pontos) values ('26646f82-ae32-43e6-84db-f218568c5c5e','777b20a6-793c-42dc-a0c4-93e7c0aea996','Por que NÃO se liga um moving head/LED num canal de dimmer?','Aparelhos inteligentes precisam de energia direta; o dimmer pode danificá-los.',3,1);
insert into public.quiz_options (question_id,texto,correta,ordem) values ('26646f82-ae32-43e6-84db-f218568c5c5e','Porque gasta mais energia',false,1);
insert into public.quiz_options (question_id,texto,correta,ordem) values ('26646f82-ae32-43e6-84db-f218568c5c5e','Porque a eletrônica do aparelho não tolera a forma de onda do dimmer e pode danificar',true,2);
insert into public.quiz_options (question_id,texto,correta,ordem) values ('26646f82-ae32-43e6-84db-f218568c5c5e','Porque o DMX para de funcionar',false,3);
insert into public.quiz_options (question_id,texto,correta,ordem) values ('26646f82-ae32-43e6-84db-f218568c5c5e','Porque fica fraco',false,4);
insert into public.quiz_questions (id,quiz_id,texto,explicacao,ordem,pontos) values ('b6962a1c-2bbc-4201-b235-5c9659aa3ec7','777b20a6-793c-42dc-a0c4-93e7c0aea996','Qual é o padrão de mercado de wireless DMX embutido em muitos aparelhos?','CRMX da LumenRadio é o padrão de wireless DMX profissional (módulo TimoTwo).',4,1);
insert into public.quiz_options (question_id,texto,correta,ordem) values ('b6962a1c-2bbc-4201-b235-5c9659aa3ec7','Bluetooth',false,1);
insert into public.quiz_options (question_id,texto,correta,ordem) values ('b6962a1c-2bbc-4201-b235-5c9659aa3ec7','LumenRadio CRMX',true,2);
insert into public.quiz_options (question_id,texto,correta,ordem) values ('b6962a1c-2bbc-4201-b235-5c9659aa3ec7','Wi-Fi comum',false,3);
insert into public.quiz_options (question_id,texto,correta,ordem) values ('b6962a1c-2bbc-4201-b235-5c9659aa3ec7','Infravermelho',false,4);
insert into public.quiz_questions (id,quiz_id,texto,explicacao,ordem,pontos) values ('a34c0015-68d6-4457-9c83-6ac965ae0ce0','777b20a6-793c-42dc-a0c4-93e7c0aea996','No rigging, o que é inegociável em todo aparelho pendurado?','A safety é a segunda linha de segurança obrigatória em cada aparelho.',5,1);
insert into public.quiz_options (question_id,texto,correta,ordem) values ('a34c0015-68d6-4457-9c83-6ac965ae0ce0','Uma cor de gel',false,1);
insert into public.quiz_options (question_id,texto,correta,ordem) values ('a34c0015-68d6-4457-9c83-6ac965ae0ce0','A corrente/cabo de segurança (safety)',true,2);
insert into public.quiz_options (question_id,texto,correta,ordem) values ('a34c0015-68d6-4457-9c83-6ac965ae0ce0','Um gobo',false,3);
insert into public.quiz_options (question_id,texto,correta,ordem) values ('a34c0015-68d6-4457-9c83-6ac965ae0ce0','Um terminador DMX',false,4);

-- CURSO: Pleno — Vídeo
insert into public.courses (id,titulo,slug,descricao_curta,nivel,categoria,categorias,tipo,carga_horaria,total_aulas,ativo,destaque,ordem) values
  ('c8ee74bd-37a4-4ca1-bac4-00d6535d7a5e','Pleno — Vídeo','pleno-video','Curso Pleno — Vídeo — SMU PRO','pleno','vj','{}','free',603,21,false,false,6);
insert into public.modules (id,course_id,titulo,ordem) values ('e5f47a97-042a-4297-9121-5b2009bc7a61','c8ee74bd-37a4-4ca1-bac4-00d6535d7a5e','Módulo 1 - Fundamentos do Sinal de Vídeo e da Função do VJ/Técnico',1);
insert into public.lessons (id,module_id,titulo,tipo,conteudo_rico,duracao_min,ordem,tem_quiz,preview_gratis) values ('86afa2ea-8e43-4458-96fc-7a12b6b6dec1','e5f47a97-042a-4297-9121-5b2009bc7a61','O que faz um técnico de vídeo/VJ em eventos ao vivo','texto','<p><strong>Para começar:</strong> Antes de tocar em qualquer cabo, você precisa entender o que está sendo entregue ao público e qual é a sua responsabilidade na cadeia.</p><p>O técnico de vídeo ao vivo é o profissional que garante que a imagem certa chegue à tela certa, no momento certo e na qualidade certa. Diferente do editor de pós-produção (que trabalha offline, com tempo), o técnico de vídeo ao vivo opera em tempo real: não há segunda chance. Nesta aula você entende o escopo da função, os papéis que existem dentro de uma operação (VJ, switcher/cortador, operador de mídia server, operador de LED, engenheiro de sinal) e como eles se articulam num evento real, de um culto a um show de arena.</p><ul><li><strong>VJ (Video Jockey):</strong> Profissional que cria e manipula conteúdo visual em tempo real, geralmente sincronizado com a música, usando software como Resolume Arena. É o equivalente visual do DJ: mistura clips, aplica efeitos e reage ao ambiente. Atua muito em festas, raves, shows eletrônicos e cenografia de palco.</li><li><strong>Operador de corte (switcher/TD):</strong> Também chamado de Technical Director em broadcast. Recebe várias fontes (câmeras, slides, vídeos) e decide qual vai para a tela principal e para o telão, fazendo cortes e transições. É a função central em conferências, cultos, transmissões e eventos corporativos.</li><li><strong>Operador de mídia server / playback:</strong> Responsável por reproduzir conteúdo pré-produzido (aberturas, vinhetas, lower-thirds, fundos de palco) de forma confiável e sincronizada. Usa servidores como Watchout, Resolume, Modulo Pi, disguise (d3) ou PlaybackPro.</li><li><strong>Operador de LED / engenheiro de sinal:</strong> Cuida do telão físico: configura o processador de LED, mapeia os módulos, garante resolução e calibração de cor. Em estruturas grandes, é uma especialidade própria.</li><li><strong>Diferença entre ao vivo e pós-produção:</strong> Na pós você renderiza, revisa e refaz. Ao vivo tudo é processado e exibido em frações de segundo (latência baixa é crítica). O erro vai ao ar instantaneamente — por isso redundância, ensaio e checklist são obrigatórios.</li><li><strong>Cadeia de sinal (signal flow):</strong> É o caminho que a imagem percorre: fonte (câmera/computador) → conversor/distribuidor → switcher/mídia server → processador → tela/projetor. Entender essa cadeia é a base de todo diagnóstico de problema.</li><li><strong>Atribuições típicas do cargo:</strong> Mixagem de vídeo ao vivo, mapeamento (mapping), efeitos e transições, integração com áudio (timecode/SMPTE), controle por MIDI e OSC, suporte a múltiplas telas, compatibilidade com diversas fontes e hardware, e flexibilidade para reconfigurar rápido em campo.</li></ul><h4>Equipamentos / detalhes</h4><ul><li><strong>Notebook/PC de operação:</strong> Máquina robusta (i7/i9 ou Ryzen 7/9, 32 GB RAM, GPU dedicada) rodando o software de VJ ou playback. É a ''mesa'' do operador moderno.</li><li><strong>Switcher de vídeo (ex.: Blackmagic ATEM, Roland V-60HD):</strong> Mesa de corte que recebe múltiplas fontes e entrega o programa final. Usado pelo operador de corte.</li><li><strong>Monitor de preview/program:</strong> Telas de referência para o operador ver o que está no ar (Program) e o que vem a seguir (Preview), evitando cortar ''às cegas''.</li></ul><h4>Passo a passo</h4><ol><li><strong>1. Mapeie os papéis do evento:</strong> Pergunte ao produtor: vai ter câmera ao vivo? Telão de LED ou projeção? Conteúdo pré-produzido? Isso define quantas funções e que equipamento serão necessários.</li><li><strong>2. Desenhe a cadeia de sinal no papel:</strong> Liste todas as fontes (PCs, câmeras, players) e todos os destinos (telão, projetor, gravação, streaming). Una-os com setas. Esse diagrama vira seu mapa de montagem.</li><li><strong>3. Defina a resolução de trabalho:</strong> Escolha a resolução comum do evento (ex.: 1920x1080@60) e garanta que todas as fontes e destinos a suportem, para evitar reescalas e atrasos.</li></ol><p><strong>Na prática:</strong> Num culto médio, o operador de corte fica numa mesa Roland V-60HD recebendo 3 câmeras e o computador da letra/slides; ele corta entre câmeras durante o louvor e abre a letra no telão no momento certo. O telão é LED P3 alimentado por um processador Novastar. Entender que esse computador de slides é só mais uma ''fonte'' na cadeia muda completamente a forma como você diagnostica uma tela preta.</p><h4>Resumo</h4><ul><li>O técnico de vídeo ao vivo entrega a imagem certa, na tela certa, em tempo real, sem segunda chance.</li><li>Existem papéis distintos: VJ, operador de corte, operador de mídia server e operador de LED.</li><li>Tudo começa por entender a cadeia de sinal — fonte, processamento e destino.</li></ul>',25,1,true,true);
insert into public.quizzes (id,lesson_id,titulo) values ('802d4d74-e568-4b2d-9f24-fec11e406bd4','86afa2ea-8e43-4458-96fc-7a12b6b6dec1','Quiz — O que faz um técnico de vídeo/VJ em eventos ao vivo');
insert into public.quiz_questions (id,quiz_id,texto,explicacao,ordem,pontos) values ('76f7fd6a-ab89-43fa-8d11-89c2d75bd095','802d4d74-e568-4b2d-9f24-fec11e406bd4','Qual a diferença central entre vídeo ao vivo e pós-produção?','No ao vivo o erro vai ao ar instantaneamente; não há renderização nem segunda chance, por isso a redundância é vital.',1,1);
insert into public.quiz_options (question_id,texto,correta,ordem) values ('76f7fd6a-ab89-43fa-8d11-89c2d75bd095','A pós usa melhores câmeras',false,1);
insert into public.quiz_options (question_id,texto,correta,ordem) values ('76f7fd6a-ab89-43fa-8d11-89c2d75bd095','O ao vivo é processado e exibido em tempo real, sem refazer',true,2);
insert into public.quiz_options (question_id,texto,correta,ordem) values ('76f7fd6a-ab89-43fa-8d11-89c2d75bd095','A pós não usa computador',false,3);
insert into public.quiz_options (question_id,texto,correta,ordem) values ('76f7fd6a-ab89-43fa-8d11-89c2d75bd095','O ao vivo não tem áudio',false,4);
insert into public.quiz_questions (id,quiz_id,texto,explicacao,ordem,pontos) values ('c5cd3c1d-7dad-416f-8bab-8c049210b144','802d4d74-e568-4b2d-9f24-fec11e406bd4','O que faz o operador de corte (switcher/TD)?','Ele recebe várias fontes e seleciona em tempo real o que vai para o programa e o telão.',2,1);
insert into public.quiz_options (question_id,texto,correta,ordem) values ('c5cd3c1d-7dad-416f-8bab-8c049210b144','Edita o vídeo no dia seguinte',false,1);
insert into public.quiz_options (question_id,texto,correta,ordem) values ('c5cd3c1d-7dad-416f-8bab-8c049210b144','Decide qual fonte vai ao ar e faz as transições',true,2);
insert into public.quiz_options (question_id,texto,correta,ordem) values ('c5cd3c1d-7dad-416f-8bab-8c049210b144','Apenas liga os cabos',false,3);
insert into public.quiz_options (question_id,texto,correta,ordem) values ('c5cd3c1d-7dad-416f-8bab-8c049210b144','Controla só o áudio',false,4);
insert into public.quiz_questions (id,quiz_id,texto,explicacao,ordem,pontos) values ('e0985be5-6a3b-4932-86a2-11a5a47bdedb','802d4d74-e568-4b2d-9f24-fec11e406bd4','Por que desenhar a cadeia de sinal é importante?','A cadeia de sinal é o mapa que guia tanto a montagem quanto o diagnóstico de falhas.',3,1);
insert into public.quiz_options (question_id,texto,correta,ordem) values ('e0985be5-6a3b-4932-86a2-11a5a47bdedb','Para decorar a sala',false,1);
insert into public.quiz_options (question_id,texto,correta,ordem) values ('e0985be5-6a3b-4932-86a2-11a5a47bdedb','Para diagnosticar problemas e planejar a montagem',true,2);
insert into public.quiz_options (question_id,texto,correta,ordem) values ('e0985be5-6a3b-4932-86a2-11a5a47bdedb','Para impressionar o cliente',false,3);
insert into public.quiz_options (question_id,texto,correta,ordem) values ('e0985be5-6a3b-4932-86a2-11a5a47bdedb','Não é importante',false,4);
insert into public.lessons (id,module_id,titulo,tipo,conteudo_rico,duracao_min,ordem,tem_quiz,preview_gratis) values ('fe816937-1c38-4c2b-92d2-f03af6cfb138','e5f47a97-042a-4297-9121-5b2009bc7a61','Resolução, frame rate, pixels e relação de aspecto','texto','<p><strong>Para começar:</strong> Toda imagem digital é uma grade de pixels atualizada N vezes por segundo. Dominar esses números evita 90% dos problemas de tela cortada, esticada ou tremida.</p><p>Antes de operar qualquer equipamento, é preciso falar a língua do vídeo: o que é resolução, o que é frame rate, o que é progressivo e entrelaçado, o que é aspect ratio, e por que misturar 50 Hz com 60 Hz dá dor de cabeça. Esta aula constrói a base numérica que sustenta tudo o que vem depois.</p><ul><li><strong>Pixel:</strong> Menor unidade de uma imagem digital — um ponto colorido. A imagem é uma matriz de pixels (largura x altura). Mais pixels = mais detalhe, mais peso de processamento.</li><li><strong>Resolução:</strong> Número de pixels na horizontal x vertical. Padrões comuns: HD 1280x720, Full HD 1920x1080, 4K UHD 3840x2160. Em LED, a resolução real depende de quantos painéis você junta (ex.: 10 painéis de 128x128 px = 1280 px de largura).</li><li><strong>Frame rate (taxa de quadros):</strong> Quantas imagens por segundo são exibidas: 24, 25, 30, 50, 60 fps. Cinema é 24; TV no Brasil historicamente 30/60 (padrão 60 Hz); Europa 25/50. Frame rate mais alto = movimento mais fluido.</li><li><strong>Progressivo (p) vs Entrelaçado (i):</strong> Em progressivo (1080p) cada quadro é desenhado inteiro. Em entrelaçado (1080i) cada quadro é dividido em dois campos (linhas ímpares e pares). Para LED e VJ, prefira sempre progressivo — entrelaçado causa serrilhado em movimento.</li><li><strong>Aspect ratio (relação de aspecto):</strong> Proporção largura:altura. 16:9 é o padrão de tela larga. Telões de LED muitas vezes têm proporções ''malucas'' (ex.: 21:9, 32:9 ou painéis verticais 9:16) — você precisa produzir conteúdo na proporção exata do telão para não distorcer.</li><li><strong>Resolução nativa vs escalonamento:</strong> Cada display tem uma resolução nativa. Enviar um sinal diferente força o equipamento a reescalar (scaling), o que adiciona latência e pode borrar. O ideal é sempre casar a saída com a resolução nativa do destino.</li><li><strong>Refresh rate em LED:</strong> Diferente do frame rate do conteúdo, é a frequência com que o painel de LED ''pisca'' internamente (ex.: 1920 Hz, 3840 Hz). Refresh alto evita o efeito de scan lines (faixas pretas) quando a tela é filmada por câmera.</li></ul><h4>Equipamentos / detalhes</h4><ul><li><strong>Gerador de barras/test pattern:</strong> Equipamento ou software que gera padrões (barras SMPTE, grade, círculos) para verificar resolução, proporção e cor de uma tela antes do evento.</li><li><strong>Scaler/processador (ex.: Analog Way, Barco):</strong> Converte uma resolução de entrada para a nativa do destino, casando frame rate. Essencial quando fontes e telas não batem.</li></ul><h4>Passo a passo</h4><ol><li><strong>1. Descubra a resolução nativa do destino:</strong> Conte os painéis de LED ou leia a ficha do projetor/monitor. Ex.: parede de 12x6 cabinets de 168x168 px → 2016x1008 px.</li><li><strong>2. Defina a resolução de canvas do conteúdo:</strong> Produza o conteúdo exatamente nessa resolução para mapear pixel a pixel, sem reescala.</li><li><strong>3. Fixe um único frame rate:</strong> Escolha 50 ou 60 Hz para o evento inteiro e configure todas as fontes e processadores nele, evitando ''tearing'' e travadinhas.</li><li><strong>4. Verifique com test pattern:</strong> Mande uma grade e um círculo para a tela: se o círculo virar elipse, a proporção está errada; se a grade não bater nas bordas, há reescala.</li></ol><p><strong>Na prática:</strong> Um cliente entrega um vídeo de abertura em 4K 24p, mas o telão é de 2016x1008 rodando a 60 Hz. Se você simplesmente joga o arquivo, o processador reescala e converte 24→60, podendo causar ''judder'' (movimento irregular). O profissional re-renderiza o conteúdo na resolução exata do telão e a 60p, eliminando o problema na origem.</p><h4>Resumo</h4><ul><li>Resolução é a grade de pixels; frame rate é quantas vezes por segundo ela atualiza.</li><li>Sempre case a saída com a resolução nativa do destino para evitar reescala e latência.</li><li>Fixe um único frame rate progressivo no evento inteiro.</li></ul>',30,2,true,false);
insert into public.quizzes (id,lesson_id,titulo) values ('7d6773af-2b76-4f13-8222-98a0a3ff42a3','fe816937-1c38-4c2b-92d2-f03af6cfb138','Quiz — Resolução, frame rate, pixels e relação de aspecto');
insert into public.quiz_questions (id,quiz_id,texto,explicacao,ordem,pontos) values ('aaff7252-4cfd-4846-bee1-fe61b2269329','7d6773af-2b76-4f13-8222-98a0a3ff42a3','O que é a resolução nativa de um display?','É a contagem física de pixels do display; enviar outra resolução força reescala.',1,1);
insert into public.quiz_options (question_id,texto,correta,ordem) values ('aaff7252-4cfd-4846-bee1-fe61b2269329','A maior resolução que ele aceita na entrada',false,1);
insert into public.quiz_options (question_id,texto,correta,ordem) values ('aaff7252-4cfd-4846-bee1-fe61b2269329','O número físico de pixels do painel',true,2);
insert into public.quiz_options (question_id,texto,correta,ordem) values ('aaff7252-4cfd-4846-bee1-fe61b2269329','A resolução do conteúdo',false,3);
insert into public.quiz_options (question_id,texto,correta,ordem) values ('aaff7252-4cfd-4846-bee1-fe61b2269329','A frequência de refresh',false,4);
insert into public.quiz_questions (id,quiz_id,texto,explicacao,ordem,pontos) values ('aca2c79b-2157-4746-868d-0bacb7b84e53','7d6773af-2b76-4f13-8222-98a0a3ff42a3','Por que preferir sinal progressivo a entrelaçado em LED/VJ?','Entrelaçado divide o quadro em campos e gera serrilhado em cenas com movimento.',2,1);
insert into public.quiz_options (question_id,texto,correta,ordem) values ('aca2c79b-2157-4746-868d-0bacb7b84e53','É mais leve no HD',false,1);
insert into public.quiz_options (question_id,texto,correta,ordem) values ('aca2c79b-2157-4746-868d-0bacb7b84e53','Evita serrilhado em movimento',true,2);
insert into public.quiz_options (question_id,texto,correta,ordem) values ('aca2c79b-2157-4746-868d-0bacb7b84e53','Permite áudio embutido',false,3);
insert into public.quiz_options (question_id,texto,correta,ordem) values ('aca2c79b-2157-4746-868d-0bacb7b84e53','Reduz o brilho',false,4);
insert into public.quiz_questions (id,quiz_id,texto,explicacao,ordem,pontos) values ('d4ce5b94-fffc-428e-830a-4644ff22757a','7d6773af-2b76-4f13-8222-98a0a3ff42a3','Um vídeo 24p num telão a 60 Hz pode causar o quê?','A conversão de cadência 24→60 sem cuidado gera judder; o ideal é renderizar a 60p.',3,1);
insert into public.quiz_options (question_id,texto,correta,ordem) values ('d4ce5b94-fffc-428e-830a-4644ff22757a','Perda de áudio',false,1);
insert into public.quiz_options (question_id,texto,correta,ordem) values ('d4ce5b94-fffc-428e-830a-4644ff22757a','Judder/movimento irregular',true,2);
insert into public.quiz_options (question_id,texto,correta,ordem) values ('d4ce5b94-fffc-428e-830a-4644ff22757a','Mudança de cor',false,3);
insert into public.quiz_options (question_id,texto,correta,ordem) values ('d4ce5b94-fffc-428e-830a-4644ff22757a','Aumento de resolução',false,4);
insert into public.quiz_questions (id,quiz_id,texto,explicacao,ordem,pontos) values ('a9399d83-371d-4e64-9b43-f0328194e0c2','7d6773af-2b76-4f13-8222-98a0a3ff42a3','O que indica um círculo virando elipse no test pattern?','Distorção de forma indica que a relação de aspecto não casa com a do destino.',4,1);
insert into public.quiz_options (question_id,texto,correta,ordem) values ('a9399d83-371d-4e64-9b43-f0328194e0c2','Frame rate errado',false,1);
insert into public.quiz_options (question_id,texto,correta,ordem) values ('a9399d83-371d-4e64-9b43-f0328194e0c2','Proporção (aspect ratio) errada',true,2);
insert into public.quiz_options (question_id,texto,correta,ordem) values ('a9399d83-371d-4e64-9b43-f0328194e0c2','Cabo ruim',false,3);
insert into public.quiz_options (question_id,texto,correta,ordem) values ('a9399d83-371d-4e64-9b43-f0328194e0c2','Falta de brilho',false,4);
insert into public.modules (id,course_id,titulo,ordem) values ('41103baa-5f61-434f-8b5b-941ab2c2e82b','c8ee74bd-37a4-4ca1-bac4-00d6535d7a5e','Módulo 2 - Hardware: Computador, Cabos, Conexões e Conversão',2);
insert into public.lessons (id,module_id,titulo,tipo,conteudo_rico,duracao_min,ordem,tem_quiz,preview_gratis) values ('0d50ba2c-29f5-40a2-809c-7e3467852c18','41103baa-5f61-434f-8b5b-941ab2c2e82b','Montando a estação de trabalho de vídeo (PC para VJ/playback)','texto','<p><strong>Para começar:</strong> O computador do VJ não é um PC comum: ele precisa despejar pixels em tempo real sem engasgar. Saber especificá-lo é o que separa um show fluido de um show travado.</p><p>Software como Resolume, Watchout e TouchDesigner são vorazes por GPU, RAM e disco rápido. Esta aula detalha cada componente, por que ele importa para vídeo ao vivo e como dimensionar a máquina para o porte do evento — de uma festa pequena a uma projeção em 4 telas 4K.</p><ul><li><strong>Processador (CPU):</strong> Multicore de última geração (Intel Core i7/i9 ou AMD Ryzen 7/9). Decodifica vídeo, gerencia efeitos e controla o sistema. Para várias camadas simultâneas, mais núcleos ajudam.</li><li><strong>Placa de vídeo (GPU):</strong> O componente mais crítico para VJ. NVIDIA GeForce RTX (ex.: RTX 4070/4080) ou linha profissional (RTX A-series/antiga Quadro) aceleram playback, efeitos e múltiplas saídas. A GPU define quantas camadas e que resolução você roda sem cair de FPS.</li><li><strong>Memória RAM:</strong> Mínimo 32 GB para trabalho profissional. Vídeo em alta resolução e muitos clips carregados consomem muita RAM; pouca memória causa travadas e gargalo.</li><li><strong>Armazenamento SSD/NVMe:</strong> SSD NVMe rápido para sistema e mídia ativa — vídeo 4K exige taxas de leitura altas (centenas de MB/s a GB/s). HDD só para arquivamento, nunca para playback ao vivo.</li><li><strong>Saídas de vídeo e quantidade de displays:</strong> Verifique quantas saídas (HDMI/DisplayPort) a GPU tem. Para várias telas/projetores, pode-se usar GPU com múltiplas saídas ou um expansor como Datapath FX4/Matrox para dividir uma saída em várias regiões.</li><li><strong>Resfriamento e fonte:</strong> Sob carga total a máquina esquenta; refrigeração eficiente evita throttling (queda de desempenho). Fonte de alta qualidade garante energia estável — instabilidade derruba show.</li><li><strong>Conectividade e rede:</strong> Thunderbolt/USB para placas de captura e controladores; rede rápida (Gigabit) para Art-Net/sACN (controle de LED via rede), NDI (vídeo sobre rede) e transferência de mídia.</li></ul><h4>Equipamentos / detalhes</h4><ul><li><strong>Notebook de VJ (ex.: laptop com RTX 4080, 32-64 GB, NVMe):</strong> Solução portátil para festas e shows; cuidado com superaquecimento e número limitado de saídas.</li><li><strong>Workstation desktop (ex.: torre com RTX A5000/4090):</strong> Para projeção multicanal e mídia server caseiro; mais saídas, melhor refrigeração, mais estável.</li><li><strong>Datapath FX4 / Matrox TripleHead:</strong> Expansor que pega uma saída da GPU e a divide em até 4 monitores/projetores como uma área de trabalho única — clássico para mapping multitela.</li><li><strong>Placa de captura (ex.: Blackmagic DeckLink/UltraStudio, Magewell):</strong> Entra sinal externo (câmera, outro PC) no software como uma fonte ao vivo.</li></ul><h4>Passo a passo</h4><ol><li><strong>1. Dimensione pela carga:</strong> Conte camadas simultâneas, resolução e número de saídas. Quanto maior, mais GPU/RAM/SSD você precisa.</li><li><strong>2. Priorize GPU e disco:</strong> Para VJ, GPU forte e NVMe rápido importam mais que CPU topo de linha.</li><li><strong>3. Confira saídas físicas:</strong> Garanta que há saídas suficientes (ou um expansor) para todas as telas do evento.</li><li><strong>4. Teste sob carga real:</strong> Antes do evento, rode a composição completa por 30+ minutos vendo FPS e temperatura — simule o pior caso.</li><li><strong>5. Desative atualizações e energia:</strong> No SO, desligue updates automáticos, modo de suspensão e economia de energia que possam interromper o show.</li></ol><p><strong>Na prática:</strong> Para um show eletrônico com Resolume rodando 6 camadas de clips 1080p + efeitos, saindo para um telão P3, o operador usa um laptop RTX 4080 com 64 GB e NVMe. Ele desliga o Wi-Fi, fixa o plano de energia em ''alto desempenho'', e monitora o FPS no canto da tela do Resolume — se cair de 60, ele reduz resolução de saída ou simplifica efeitos antes que trave no palco.</p><h4>Resumo</h4><ul><li>Para VJ/playback, GPU e disco NVMe são os componentes mais críticos.</li><li>Mínimo prático: i7/Ryzen 7, 32 GB RAM, NVMe e GPU dedicada.</li><li>Sempre teste sob carga real e desative o que pode interromper o show.</li></ul>',28,1,true,false);
insert into public.quizzes (id,lesson_id,titulo) values ('b35615d3-0f23-43e3-874a-3e3830499c04','0d50ba2c-29f5-40a2-809c-7e3467852c18','Quiz — Montando a estação de trabalho de vídeo (PC para VJ/playback');
insert into public.quiz_questions (id,quiz_id,texto,explicacao,ordem,pontos) values ('0172f10b-1b40-41ec-a57f-9bc91e9c5b7e','b35615d3-0f23-43e3-874a-3e3830499c04','Qual componente é mais crítico para um PC de VJ?','A GPU acelera playback, efeitos e múltiplas saídas, definindo quantas camadas você roda.',1,1);
insert into public.quiz_options (question_id,texto,correta,ordem) values ('0172f10b-1b40-41ec-a57f-9bc91e9c5b7e','A CPU mais cara',false,1);
insert into public.quiz_options (question_id,texto,correta,ordem) values ('0172f10b-1b40-41ec-a57f-9bc91e9c5b7e','A GPU dedicada',true,2);
insert into public.quiz_options (question_id,texto,correta,ordem) values ('0172f10b-1b40-41ec-a57f-9bc91e9c5b7e','O HDD grande',false,3);
insert into public.quiz_options (question_id,texto,correta,ordem) values ('0172f10b-1b40-41ec-a57f-9bc91e9c5b7e','A placa de som',false,4);
insert into public.quiz_questions (id,quiz_id,texto,explicacao,ordem,pontos) values ('86ef4086-62d9-4d75-9de3-c1419655f5de','b35615d3-0f23-43e3-874a-3e3830499c04','Por que não usar HDD para playback ao vivo?','Vídeo 4K exige leitura muito rápida; HDD causa travadas. Use NVMe/SSD.',2,1);
insert into public.quiz_options (question_id,texto,correta,ordem) values ('86ef4086-62d9-4d75-9de3-c1419655f5de','Faz barulho',false,1);
insert into public.quiz_options (question_id,texto,correta,ordem) values ('86ef4086-62d9-4d75-9de3-c1419655f5de','Não tem taxa de leitura suficiente para vídeo de alta resolução',true,2);
insert into public.quiz_options (question_id,texto,correta,ordem) values ('86ef4086-62d9-4d75-9de3-c1419655f5de','Não tem capacidade',false,3);
insert into public.quiz_options (question_id,texto,correta,ordem) values ('86ef4086-62d9-4d75-9de3-c1419655f5de','Não é compatível',false,4);
insert into public.quiz_questions (id,quiz_id,texto,explicacao,ordem,pontos) values ('341230ee-e736-4292-9aad-904d33968995','b35615d3-0f23-43e3-874a-3e3830499c04','Para que serve um Datapath FX4?','Ele expande uma saída em até 4 displays tratados como uma área única, ideal para multitela.',3,1);
insert into public.quiz_options (question_id,texto,correta,ordem) values ('341230ee-e736-4292-9aad-904d33968995','Capturar câmera',false,1);
insert into public.quiz_options (question_id,texto,correta,ordem) values ('341230ee-e736-4292-9aad-904d33968995','Dividir uma saída de GPU em várias telas/regiões',true,2);
insert into public.quiz_options (question_id,texto,correta,ordem) values ('341230ee-e736-4292-9aad-904d33968995','Aumentar a RAM',false,3);
insert into public.quiz_options (question_id,texto,correta,ordem) values ('341230ee-e736-4292-9aad-904d33968995','Converter SDI em HDMI',false,4);
insert into public.quiz_questions (id,quiz_id,texto,explicacao,ordem,pontos) values ('51a9612e-e3cc-4461-b24e-96bf4cb340c0','b35615d3-0f23-43e3-874a-3e3830499c04','O que fazer no SO antes do show?','Qualquer interrupção do SO pode derrubar o show; desative tudo que pode pausar a máquina.',4,1);
insert into public.quiz_options (question_id,texto,correta,ordem) values ('51a9612e-e3cc-4461-b24e-96bf4cb340c0','Instalar updates',false,1);
insert into public.quiz_options (question_id,texto,correta,ordem) values ('51a9612e-e3cc-4461-b24e-96bf4cb340c0','Desativar suspensão e atualizações automáticas',true,2);
insert into public.quiz_options (question_id,texto,correta,ordem) values ('51a9612e-e3cc-4461-b24e-96bf4cb340c0','Ligar Wi-Fi',false,3);
insert into public.quiz_options (question_id,texto,correta,ordem) values ('51a9612e-e3cc-4461-b24e-96bf4cb340c0','Ativar economia de energia',false,4);
insert into public.lessons (id,module_id,titulo,tipo,conteudo_rico,duracao_min,ordem,tem_quiz,preview_gratis) values ('1e38a69a-2351-4d7d-ad41-27f278f9e49e','41103baa-5f61-434f-8b5b-941ab2c2e82b','Cabos, conectores e conexões: HDMI, SDI, fibra e DisplayPort','texto','<p><strong>Para começar:</strong> Um show não cai por falta de talento — cai por um cabo errado, longo demais ou mal encaixado. Conhecer conexões é conhecimento de sobrevivência.</p><p>Cada tipo de conexão tem limite de distância, banda e robustez. Esta aula cobre as principais conexões de vídeo profissional, quando usar cada uma, e por que SDI e fibra dominam o palco enquanto HDMI vive nos cantos.</p><ul><li><strong>HDMI:</strong> Conector de consumo onipresente. Carrega vídeo + áudio. Versões: 1.4 (até 4K30), 2.0 (4K60), 2.1 (4K120/8K). Ponto fraco: distância — sinal degrada rápido após ~5-10 m sem cabo ativo ou extensor. Conector frágil, sem trava.</li><li><strong>SDI (Serial Digital Interface):</strong> Padrão profissional/broadcast sobre cabo coaxial com conector BNC (que trava). HD-SDI (1.5 Gbps, até 1080i/p), 3G-SDI (1080p60), 6G/12G-SDI (4K). Vantagem: roda 100+ m em coaxial, conector firme. É o padrão de câmeras e switchers profissionais.</li><li><strong>DisplayPort:</strong> Conexão de computador de alta banda, comum em GPUs. Suporta 4K e múltiplas telas (MST). Ponto fraco também é distância. Muito usado entre PC e processador/expansor.</li><li><strong>Fibra óptica:</strong> Para longas distâncias (centenas de metros a km) e ambientes com interferência, converte-se o sinal (SDI/HDMI) para fibra. Imune a ruído elétrico, leve. Padrão em arenas e palcos grandes.</li><li><strong>DVI e VGA:</strong> DVI é digital (legado de monitores/processadores antigos); VGA é analógico (azul, 15 pinos) — em extinção, mas ainda aparece em equipamentos antigos. Evite VGA quando possível pela perda de qualidade.</li><li><strong>RJ45 / Cat (Ethernet):</strong> Cabo de rede usado para sinais sobre IP: Art-Net e sACN (controle de LED), NDI (vídeo via rede) e HDBaseT (vídeo+controle por cabo de rede até ~100 m). Versátil e barato para distância.</li><li><strong>Cuidados físicos:</strong> Sempre deixe folga e laço de alívio nos conectores; trave BNC e parafuse DVI/VGA; identifique cada cabo com fita/etiqueta; tenha cabos reserva. Cabo longo demais = sinal fraco; cabo fino demais = perda.</li></ul><h4>Equipamentos / detalhes</h4><ul><li><strong>Cabo SDI (coaxial Belden + BNC):</strong> Padrão de palco para câmeras e switchers; roda longas distâncias com conector que trava.</li><li><strong>Cabo HDMI ativo / óptico:</strong> Para HDMI acima de ~10 m, use cabo ativo ou HDMI sobre fibra para não perder sinal.</li><li><strong>Conversor SDI↔HDMI (ex.: Blackmagic Mini Converter):</strong> Ponte entre o mundo broadcast (SDI) e equipamentos HDMI (projetores, monitores de consumo).</li><li><strong>Transmissor/receptor de fibra (ex.: Blackmagic, AJA):</strong> Converte SDI/HDMI em óptico para grandes distâncias em arenas.</li><li><strong>Extensor HDBaseT (par TX/RX):</strong> Leva HDMI por cabo Cat até ~100 m com um par de caixas; comum em corporativo.</li></ul><h4>Passo a passo</h4><ol><li><strong>1. Escolha a conexão pela distância:</strong> Curta (&lt;5 m) e equipamento de consumo: HDMI. Palco e câmeras: SDI. Muito longe ou interferência: fibra. Por rede: HDBaseT/NDI.</li><li><strong>2. Confira a versão/banda:</strong> Para 4K60 confirme HDMI 2.0+, 3G/6G/12G-SDI ou DisplayPort adequado — versão antiga limita resolução.</li><li><strong>3. Converta quando necessário:</strong> Use conversores SDI↔HDMI para casar mundos diferentes; não force adaptadores passivos onde precisa de conversor ativo.</li><li><strong>4. Trave, alivie e etiquete:</strong> Trave BNC, dê laço de alívio em HDMI, etiquete cada ponta (origem→destino).</li><li><strong>5. Tenha redundância:</strong> Leve cabos reserva e, em pontos críticos, passe um caminho secundário.</li></ol><p><strong>Na prática:</strong> Numa arena, a câmera no fundo da plateia fica a 80 m do switcher. HDMI não chega lá. O técnico usa SDI da câmera até um conversor de fibra perto do palco, manda por fibra até o PA/back, e converte de volta para SDI no switcher ATEM. No telão, o sinal sai do processador em HDMI curto. Cada escolha de cabo é ditada pela distância e pelo ambiente.</p><h4>Resumo</h4><ul><li>HDMI para curto e consumo; SDI/BNC para palco e câmeras; fibra para longas distâncias.</li><li>Confira sempre a versão/banda — ela limita a resolução máxima.</li><li>Trave, alivie, etiquete e leve reserva: a maioria das falhas é física.</li></ul>',30,2,true,false);
insert into public.quizzes (id,lesson_id,titulo) values ('1dd04c0b-45e3-4d6f-a2c2-5b94fa465d80','1e38a69a-2351-4d7d-ad41-27f278f9e49e','Quiz — Cabos, conectores e conexões: HDMI, SDI, fibra e DisplayPort');
insert into public.quiz_questions (id,quiz_id,texto,explicacao,ordem,pontos) values ('8b950adc-62c2-42ed-9b54-af9de944b28b','1dd04c0b-45e3-4d6f-a2c2-5b94fa465d80','Qual conexão é padrão para câmeras e switchers profissionais por travar e rodar longas distâncias?','SDI sobre coaxial com BNC roda 100+ m e tem conector firme, ideal para broadcast.',1,1);
insert into public.quiz_options (question_id,texto,correta,ordem) values ('8b950adc-62c2-42ed-9b54-af9de944b28b','HDMI',false,1);
insert into public.quiz_options (question_id,texto,correta,ordem) values ('8b950adc-62c2-42ed-9b54-af9de944b28b','VGA',false,2);
insert into public.quiz_options (question_id,texto,correta,ordem) values ('8b950adc-62c2-42ed-9b54-af9de944b28b','SDI (BNC)',true,3);
insert into public.quiz_options (question_id,texto,correta,ordem) values ('8b950adc-62c2-42ed-9b54-af9de944b28b','DisplayPort',false,4);
insert into public.quiz_questions (id,quiz_id,texto,explicacao,ordem,pontos) values ('e1fb05ac-3504-48d8-ad19-48f1899d8bf4','1dd04c0b-45e3-4d6f-a2c2-5b94fa465d80','Para levar vídeo a centenas de metros sem interferência, o melhor é:','Fibra é imune a ruído elétrico e cobre distâncias muito grandes.',2,1);
insert into public.quiz_options (question_id,texto,correta,ordem) values ('e1fb05ac-3504-48d8-ad19-48f1899d8bf4','HDMI passivo longo',false,1);
insert into public.quiz_options (question_id,texto,correta,ordem) values ('e1fb05ac-3504-48d8-ad19-48f1899d8bf4','Fibra óptica',true,2);
insert into public.quiz_options (question_id,texto,correta,ordem) values ('e1fb05ac-3504-48d8-ad19-48f1899d8bf4','VGA',false,3);
insert into public.quiz_options (question_id,texto,correta,ordem) values ('e1fb05ac-3504-48d8-ad19-48f1899d8bf4','USB',false,4);
insert into public.quiz_questions (id,quiz_id,texto,explicacao,ordem,pontos) values ('a179c6af-2a7e-4acf-989e-75336f64e268','1dd04c0b-45e3-4d6f-a2c2-5b94fa465d80','Qual o principal ponto fraco do HDMI em eventos?','HDMI degrada com a distância e o conector solta facilmente; em palco prefira SDI.',3,1);
insert into public.quiz_options (question_id,texto,correta,ordem) values ('a179c6af-2a7e-4acf-989e-75336f64e268','Não carrega áudio',false,1);
insert into public.quiz_options (question_id,texto,correta,ordem) values ('a179c6af-2a7e-4acf-989e-75336f64e268','Distância e conector sem trava',true,2);
insert into public.quiz_options (question_id,texto,correta,ordem) values ('a179c6af-2a7e-4acf-989e-75336f64e268','Baixa resolução sempre',false,3);
insert into public.quiz_options (question_id,texto,correta,ordem) values ('a179c6af-2a7e-4acf-989e-75336f64e268','Incompatível com 4K',false,4);
insert into public.quiz_questions (id,quiz_id,texto,explicacao,ordem,pontos) values ('d977aa27-c62d-4efe-a7ef-dc47e5efd498','1dd04c0b-45e3-4d6f-a2c2-5b94fa465d80','O que trafega por cabo de rede RJ45 em vídeo?','Cabo de rede leva controle de LED (Art-Net/sACN), vídeo por NDI e HDMI por HDBaseT.',4,1);
insert into public.quiz_options (question_id,texto,correta,ordem) values ('d977aa27-c62d-4efe-a7ef-dc47e5efd498','Só energia',false,1);
insert into public.quiz_options (question_id,texto,correta,ordem) values ('d977aa27-c62d-4efe-a7ef-dc47e5efd498','Art-Net/sACN, NDI e HDBaseT',true,2);
insert into public.quiz_options (question_id,texto,correta,ordem) values ('d977aa27-c62d-4efe-a7ef-dc47e5efd498','Apenas SDI',false,3);
insert into public.quiz_options (question_id,texto,correta,ordem) values ('d977aa27-c62d-4efe-a7ef-dc47e5efd498','Nada de vídeo',false,4);
insert into public.lessons (id,module_id,titulo,tipo,conteudo_rico,duracao_min,ordem,tem_quiz,preview_gratis) values ('b7a403fa-e75c-4240-8988-bf6949592d06','41103baa-5f61-434f-8b5b-941ab2c2e82b','Conversores, distribuidores, splitters, scalers e captura','texto','<p><strong>Para começar:</strong> Entre a fonte e a tela há um exército de caixinhas que convertem, dividem, casam e capturam sinal. Conhecê-las é o que torna qualquer configuração possível.</p><p>Raramente uma fonte se conecta diretamente ao destino sem ajuda. Esta aula apresenta as caixas de apoio essenciais — conversores, DAs, splitters, switches/matrizes, scalers e placas de captura — explicando a função exata de cada uma e quando você vai precisar delas.</p><ul><li><strong>Conversor:</strong> Muda o tipo de sinal: SDI↔HDMI, HDMI→fibra, analógico→digital. Não muda resolução — só o ''idioma'' físico do sinal. Ex.: Blackmagic Mini Converters.</li><li><strong>Distribuidor de vídeo (DA - Distribution Amplifier / Splitter):</strong> Pega uma fonte e replica para várias saídas idênticas (1 entra, 4-8 saem). Usado para mandar o mesmo conteúdo a vários telões/monitores. Atenção: splitter HDMI barato pode falhar em handshake HDCP.</li><li><strong>Switch / Matriz de vídeo:</strong> Permite rotear N entradas para M saídas (matriz). Diferente do splitter (que copia), a matriz escolhe qual fonte vai para qual destino, sem mixar/cortar com transição — é roteamento.</li><li><strong>Scaler / Processador:</strong> Converte resolução e frame rate da entrada para a nativa do destino, casando sinais incompatíveis. Indispensável quando a fonte não bate com a tela. Ex.: Analog Way, Barco, processadores de LED já fazem scaling.</li><li><strong>Placa/dispositivo de captura:</strong> Transforma um sinal de vídeo externo (câmera, console, outro PC) em fonte dentro do software. Internas (PCIe, ex.: DeckLink) ou externas (USB/Thunderbolt, ex.: Magewell, UltraStudio).</li><li><strong>Adaptadores:</strong> Mudam apenas o conector físico (ex.: mini-HDMI→HDMI, USB-C→HDMI). Passivos só servem quando os sinais são eletricamente compatíveis; caso contrário, é preciso conversor ativo.</li><li><strong>HDCP e handshake:</strong> Conteúdo protegido (Blu-ray, streaming) exige HDCP. Equipamento profissional muitas vezes não passa HDCP, causando tela preta. Saiba que seu material/fonte deve ser livre de HDCP para fluir na cadeia profissional.</li></ul><h4>Equipamentos / detalhes</h4><ul><li><strong>Blackmagic Mini Converter / Teranex:</strong> Família de conversores SDI↔HDMI, up/down/cross conversão e scaling — caixas de bolso essenciais.</li><li><strong>Distribuidor HDMI/SDI (DA):</strong> Replica uma fonte para várias telas idênticas; em SDI é muito confiável, em HDMI cuidado com HDCP.</li><li><strong>Matriz de vídeo (ex.: 8x8 HDMI/SDI):</strong> Roteia qualquer entrada para qualquer saída; útil em corporativo com várias salas/telas.</li><li><strong>Scaler (Analog Way Pulse/Barco):</strong> Casa resoluções e frame rates díspares, com efeitos de transição em alguns modelos.</li><li><strong>Placa de captura (Blackmagic DeckLink / Magewell USB):</strong> Entra câmeras e PCs no software de VJ/streaming como fontes ao vivo.</li></ul><h4>Passo a passo</h4><ol><li><strong>1. Identifique o problema de sinal:</strong> É idioma diferente (SDI vs HDMI)? Precisa replicar? Precisa rotear? Precisa casar resolução? Cada problema pede uma caixa diferente.</li><li><strong>2. Converta o idioma com conversor:</strong> Use conversor ativo para SDI↔HDMI ou para fibra; não confie em adaptador passivo aqui.</li><li><strong>3. Replique com DA / divida com splitter:</strong> Para a mesma imagem em várias telas, use um distribuidor; confirme HDCP em HDMI.</li><li><strong>4. Roteie com matriz se houver várias fontes e destinos:</strong> Quando o cliente quer ''mandar PC1 para a sala A e câmera para a sala B'', é matriz.</li><li><strong>5. Case resolução com scaler:</strong> Se a fonte é 1080p e a tela 2016x1008, o scaler/processador ajusta sem distorcer.</li><li><strong>6. Capture o que vem de fora:</strong> Para entrar câmera/console no software, use placa de captura compatível com a resolução.</li></ol><p><strong>Na prática:</strong> Um evento corporativo tem 1 PC de slides que precisa aparecer em 3 telões idênticos e numa gravação. O técnico passa o PC por um conversor para SDI, entra num distribuidor 1x4: três saídas vão para os processadores dos telões e a quarta entra numa placa de captura para gravar/transmitir. Tudo a partir de uma única fonte, sem mixagem.</p><h4>Resumo</h4><ul><li>Conversor muda o idioma do sinal; splitter/DA replica; matriz roteia; scaler casa resolução.</li><li>Adaptador passivo só muda conector — não converte sinais incompatíveis.</li><li>Captura traz câmeras e PCs externos para dentro do software como fontes ao vivo.</li></ul>',26,3,true,false);
insert into public.quizzes (id,lesson_id,titulo) values ('acb322e2-3dab-4f39-a2f8-d15f8e2d97e9','b7a403fa-e75c-4240-8988-bf6949592d06','Quiz — Conversores, distribuidores, splitters, scalers e captura');
insert into public.quiz_questions (id,quiz_id,texto,explicacao,ordem,pontos) values ('e5798e87-a3f6-467d-a8b5-46b3a6b73189','acb322e2-3dab-4f39-a2f8-d15f8e2d97e9','Qual a diferença entre splitter (DA) e matriz?','O distribuidor replica idêntico; a matriz escolhe qual entrada vai para qual saída.',1,1);
insert into public.quiz_options (question_id,texto,correta,ordem) values ('e5798e87-a3f6-467d-a8b5-46b3a6b73189','São a mesma coisa',false,1);
insert into public.quiz_options (question_id,texto,correta,ordem) values ('e5798e87-a3f6-467d-a8b5-46b3a6b73189','Splitter copia a fonte para várias saídas; matriz roteia entradas para destinos',true,2);
insert into public.quiz_options (question_id,texto,correta,ordem) values ('e5798e87-a3f6-467d-a8b5-46b3a6b73189','Matriz só converte sinal',false,3);
insert into public.quiz_options (question_id,texto,correta,ordem) values ('e5798e87-a3f6-467d-a8b5-46b3a6b73189','Splitter faz transições',false,4);
insert into public.quiz_questions (id,quiz_id,texto,explicacao,ordem,pontos) values ('bf4918bf-fe43-4b9b-ac24-0fb807f9aec1','acb322e2-3dab-4f39-a2f8-d15f8e2d97e9','Quando você precisa de um scaler?','O scaler converte resolução e cadência, casando sinais incompatíveis.',2,1);
insert into public.quiz_options (question_id,texto,correta,ordem) values ('bf4918bf-fe43-4b9b-ac24-0fb807f9aec1','Para trocar o conector',false,1);
insert into public.quiz_options (question_id,texto,correta,ordem) values ('bf4918bf-fe43-4b9b-ac24-0fb807f9aec1','Quando a resolução/frame rate da fonte não casa com o destino',true,2);
insert into public.quiz_options (question_id,texto,correta,ordem) values ('bf4918bf-fe43-4b9b-ac24-0fb807f9aec1','Para gravar áudio',false,3);
insert into public.quiz_options (question_id,texto,correta,ordem) values ('bf4918bf-fe43-4b9b-ac24-0fb807f9aec1','Para dividir energia',false,4);
insert into public.quiz_questions (id,quiz_id,texto,explicacao,ordem,pontos) values ('90be5033-bf0c-47fa-8680-b109bea53e90','acb322e2-3dab-4f39-a2f8-d15f8e2d97e9','Adaptador passivo serve para:','Adaptador só muda o conector; sinais incompatíveis exigem conversor ativo.',3,1);
insert into public.quiz_options (question_id,texto,correta,ordem) values ('90be5033-bf0c-47fa-8680-b109bea53e90','Converter SDI em HDMI',false,1);
insert into public.quiz_options (question_id,texto,correta,ordem) values ('90be5033-bf0c-47fa-8680-b109bea53e90','Apenas mudar o conector entre sinais compatíveis',true,2);
insert into public.quiz_options (question_id,texto,correta,ordem) values ('90be5033-bf0c-47fa-8680-b109bea53e90','Casar resolução',false,3);
insert into public.quiz_options (question_id,texto,correta,ordem) values ('90be5033-bf0c-47fa-8680-b109bea53e90','Capturar câmera',false,4);
insert into public.quiz_questions (id,quiz_id,texto,explicacao,ordem,pontos) values ('fa06ff72-ad21-4e9c-8629-3d832ee32ebc','acb322e2-3dab-4f39-a2f8-d15f8e2d97e9','O que pode causar tela preta com material de streaming/Blu-ray?','Proteção HDCP não passa em muitos equipamentos profissionais, causando tela preta.',4,1);
insert into public.quiz_options (question_id,texto,correta,ordem) values ('fa06ff72-ad21-4e9c-8629-3d832ee32ebc','Falta de RAM',false,1);
insert into public.quiz_options (question_id,texto,correta,ordem) values ('fa06ff72-ad21-4e9c-8629-3d832ee32ebc','HDCP não negociado na cadeia profissional',true,2);
insert into public.quiz_options (question_id,texto,correta,ordem) values ('fa06ff72-ad21-4e9c-8629-3d832ee32ebc','Cabo curto',false,3);
insert into public.quiz_options (question_id,texto,correta,ordem) values ('fa06ff72-ad21-4e9c-8629-3d832ee32ebc','Excesso de brilho',false,4);
insert into public.modules (id,course_id,titulo,ordem) values ('174bb92d-4026-47e8-9690-b226a38377c6','c8ee74bd-37a4-4ca1-bac4-00d6535d7a5e','Módulo 3 - Telas, Telões de LED e Projeção',3);
insert into public.lessons (id,module_id,titulo,tipo,conteudo_rico,duracao_min,ordem,tem_quiz,preview_gratis) values ('afbd3452-6272-4f3c-82b3-acc06ca9e63e','174bb92d-4026-47e8-9690-b226a38377c6','Tecnologias de tela: LCD, LED, OLED e a escolha por aplicação','texto','<p><strong>Para começar:</strong> Cada tela funciona de um jeito físico diferente, e isso muda brilho, contraste, ângulo e onde ela pode ser usada. Entender a tecnologia evita escolhas erradas.</p><p>O técnico de vídeo precisa saber não só operar, mas recomendar a tela certa. Esta aula percorre as principais tecnologias de display, suas vantagens e limites, com foco no que importa para evento ao vivo: brilho, contraste, ângulo de visão e uso interno x externo.</p><ul><li><strong>LCD:</strong> Cristais líquidos modulam a luz de um backlight (geralmente LED). Boa cor e contraste, custo acessível. Em eventos aparece como monitores, TVs de apoio e painéis de sinalização. Limite: brilho insuficiente para sol forte e molduras (bezels) ao montar videowall.</li><li><strong>LED (painel emissivo):</strong> Cada ponto é formado por LEDs que emitem a própria luz — é o telão de palco moderno. Altíssimo brilho (1.000 a 5.000+ nits), modular (monta-se qualquer tamanho/forma), sem moldura entre módulos. Domina shows, igrejas e arenas.</li><li><strong>OLED:</strong> Cada pixel emite sua própria luz, com pretos absolutos e cores vibrantes; telas finas e até flexíveis. Comum em TVs premium e celulares; em evento aparece menos por custo e tamanho, mas excelente para cenografia refinada.</li><li><strong>Plasma e outras legadas:</strong> Plasma teve boa cor e ângulo, mas alto consumo e desgaste; praticamente extinto. E-ink, transparente e curva são nichos (vitrine, cenografia, sinalização).</li><li><strong>Brilho (nits) e ambiente:</strong> Telas internas pedem menos brilho; sol direto exige LED de alto brilho (outdoor 5.000+ nits). Brilho insuficiente ''lava'' a imagem no claro.</li><li><strong>Ângulo de visão e uniformidade:</strong> Em eventos o público vê de muitos ângulos; LED e OLED mantêm cor; LCD pode perder contraste nas laterais. Uniformidade de cor entre módulos exige calibração.</li><li><strong>Videowall de LCD vs LED:</strong> Videowall de LCD tem molduras finas mas visíveis (linhas pretas); LED não tem emendas visíveis, por isso é preferido para imagem contínua grande.</li></ul><h4>Equipamentos / detalhes</h4><ul><li><strong>Painel de LED indoor (ex.: pixel pitch P2/P2.5/P3):</strong> Para palco interno e câmeras próximas; pitch menor = mais resolução por metro.</li><li><strong>Painel de LED outdoor (ex.: P4/P6+, alto brilho/IP):</strong> Para externo, com vedação contra chuva e brilho alto para o sol.</li><li><strong>Monitor/TV LCD profissional:</strong> Apoio de palco, confidence monitor, sinalização; barato e simples.</li><li><strong>Display OLED:</strong> Cenografia premium e estandes onde preto profundo e finura importam.</li></ul><h4>Passo a passo</h4><ol><li><strong>1. Defina interno ou externo:</strong> Externo/sol → LED de alto brilho e à prova d''água (IP). Interno → pitch menor e brilho moderado.</li><li><strong>2. Calcule a distância de visão:</strong> Quanto mais perto o público, menor o pixel pitch necessário para não ''ver os pontos''.</li><li><strong>3. Decida imagem contínua x informativa:</strong> Imagem grande contínua → LED sem emendas. Painéis informativos isolados → LCD pode bastar.</li><li><strong>4. Considere câmera no recinto:</strong> Se o telão será filmado, exija LED com refresh alto para evitar faixas pretas na captação.</li></ol><p><strong>Na prática:</strong> Para um culto interno onde a câmera filma o pastor com o telão ao fundo, escolhe-se LED P3 com refresh acima de 1920 Hz: o pitch garante boa resolução para a distância da plateia, e o refresh alto evita que a câmera capture scan lines no telão atrás dele.</p><h4>Resumo</h4><ul><li>LED emissivo domina o palco por brilho, modularidade e ausência de emendas.</li><li>LCD é apoio barato; OLED é cenografia premium; plasma está extinto.</li><li>Pixel pitch, brilho e refresh dependem da distância, da luz e da presença de câmera.</li></ul>',24,1,true,false);
insert into public.quizzes (id,lesson_id,titulo) values ('5f30039a-c82f-4fdd-ae37-aef8d47d3814','afbd3452-6272-4f3c-82b3-acc06ca9e63e','Quiz — Tecnologias de tela: LCD, LED, OLED e a escolha por aplicaçã');
insert into public.quiz_questions (id,quiz_id,texto,explicacao,ordem,pontos) values ('ece2cccc-3621-4eae-a1ba-5cb0e06d08af','5f30039a-c82f-4fdd-ae37-aef8d47d3814','Por que LED emissivo domina os telões de palco?','LED é modular, muito brilhante e não tem molduras entre módulos, formando imagem contínua.',1,1);
insert into public.quiz_options (question_id,texto,correta,ordem) values ('ece2cccc-3621-4eae-a1ba-5cb0e06d08af','É o mais barato',false,1);
insert into public.quiz_options (question_id,texto,correta,ordem) values ('ece2cccc-3621-4eae-a1ba-5cb0e06d08af','Alto brilho, modular e sem emendas visíveis',true,2);
insert into public.quiz_options (question_id,texto,correta,ordem) values ('ece2cccc-3621-4eae-a1ba-5cb0e06d08af','Tem o melhor preto',false,3);
insert into public.quiz_options (question_id,texto,correta,ordem) values ('ece2cccc-3621-4eae-a1ba-5cb0e06d08af','Consome menos sempre',false,4);
insert into public.quiz_questions (id,quiz_id,texto,explicacao,ordem,pontos) values ('77d97cff-444a-4d38-8490-f55e617581d2','5f30039a-c82f-4fdd-ae37-aef8d47d3814','O que define o pixel pitch necessário?','Quanto mais perto o público, menor o pitch para não enxergar os pontos.',2,1);
insert into public.quiz_options (question_id,texto,correta,ordem) values ('77d97cff-444a-4d38-8490-f55e617581d2','A cor do conteúdo',false,1);
insert into public.quiz_options (question_id,texto,correta,ordem) values ('77d97cff-444a-4d38-8490-f55e617581d2','A distância do público à tela',true,2);
insert into public.quiz_options (question_id,texto,correta,ordem) values ('77d97cff-444a-4d38-8490-f55e617581d2','O frame rate',false,3);
insert into public.quiz_options (question_id,texto,correta,ordem) values ('77d97cff-444a-4d38-8490-f55e617581d2','O tipo de cabo',false,4);
insert into public.quiz_questions (id,quiz_id,texto,explicacao,ordem,pontos) values ('076b1b03-4bc7-4aaa-813d-2ba3b9a87a87','5f30039a-c82f-4fdd-ae37-aef8d47d3814','Para um telão filmado por câmera, o que é crítico?','Refresh baixo aparece como faixas pretas na imagem da câmera; use refresh alto.',3,1);
insert into public.quiz_options (question_id,texto,correta,ordem) values ('076b1b03-4bc7-4aaa-813d-2ba3b9a87a87','Pouco brilho',false,1);
insert into public.quiz_options (question_id,texto,correta,ordem) values ('076b1b03-4bc7-4aaa-813d-2ba3b9a87a87','Refresh rate alto para evitar scan lines',true,2);
insert into public.quiz_options (question_id,texto,correta,ordem) values ('076b1b03-4bc7-4aaa-813d-2ba3b9a87a87','Cabo VGA',false,3);
insert into public.quiz_options (question_id,texto,correta,ordem) values ('076b1b03-4bc7-4aaa-813d-2ba3b9a87a87','Proporção 4:3',false,4);
insert into public.quiz_questions (id,quiz_id,texto,explicacao,ordem,pontos) values ('e4c48b9c-3c40-452d-a859-55a7a496a876','5f30039a-c82f-4fdd-ae37-aef8d47d3814','Qual a desvantagem de videowall de LCD para imagem contínua?','Os bezels do LCD criam linhas visíveis; o LED não tem emendas.',4,1);
insert into public.quiz_options (question_id,texto,correta,ordem) values ('e4c48b9c-3c40-452d-a859-55a7a496a876','Brilho excessivo',false,1);
insert into public.quiz_options (question_id,texto,correta,ordem) values ('e4c48b9c-3c40-452d-a859-55a7a496a876','Molduras (linhas pretas) entre painéis',true,2);
insert into public.quiz_options (question_id,texto,correta,ordem) values ('e4c48b9c-3c40-452d-a859-55a7a496a876','Não tem cor',false,3);
insert into public.quiz_options (question_id,texto,correta,ordem) values ('e4c48b9c-3c40-452d-a859-55a7a496a876','Não funciona interno',false,4);
insert into public.lessons (id,module_id,titulo,tipo,conteudo_rico,duracao_min,ordem,tem_quiz,preview_gratis) values ('f62fc874-4863-4615-9181-70c5897a6998','174bb92d-4026-47e8-9690-b226a38377c6','Anatomia do telão de LED: pixel pitch, processadores e montagem','texto','<p><strong>Para começar:</strong> Montar um telão de LED é como montar um quebra-cabeça que precisa virar uma única imagem perfeita. Aqui você aprende cada peça e o passo a passo real.</p><p>Esta é a aula mais hands-on do módulo. Você vai entender pixel pitch, módulos e cabinets, o papel do processador/controlador de LED (Novastar, Colorlight), as caixas de envio e recepção, e fará o passo a passo de montar e configurar um telão do zero — do cálculo de resolução à calibração.</p><ul><li><strong>Pixel pitch (P2, P3, P4...):</strong> Distância em milímetros entre o centro de dois LEDs vizinhos. P3 = 3 mm. Menor pitch = mais pixels por metro = mais resolução e custo. Indoor: P1.5-P3; outdoor/longe: P4-P10.</li><li><strong>Módulo e cabinet (gabinete):</strong> O LED vem em módulos pequenos montados dentro de cabinets (gabinetes) que se encaixam e travam. Ex.: cabinet de 500x500 mm. Você empilha cabinets em largura x altura para formar a parede.</li><li><strong>Resolução total da parede:</strong> Soma dos pixels dos cabinets. Ex.: cabinet de 500x500 mm com pitch P3.91 tem 128x128 px; 10x5 cabinets = 1280x640 px.</li><li><strong>Processador / controlador de LED:</strong> O ''cérebro'' que recebe o vídeo (HDMI/SDI/DVI) e o distribui para os cabinets via cabos de rede, escalando para a resolução exata da parede. Marcas: Novastar (VX/MX series), Colorlight. Faz scaling, brilho, gamma e mapeamento.</li><li><strong>Sending card e receiving card:</strong> Dentro da cadeia: a placa de envio (sending, no processador) manda os dados; cada cabinet tem uma placa de recepção (receiving) que aciona seus LEDs. A configuração (''mapeamento da tela'') diz ao sistema a ordem e posição de cada cabinet.</li><li><strong>Cabeamento de dados e energia:</strong> Cabinets se conectam em cadeia (daisy chain) por cabos de rede para dados, e por cabos de energia. Há um limite de quantos cabinets por porta de rede (depende da resolução do cabinet) — por isso a parede é dividida em colunas/portas.</li><li><strong>Calibração e uniformidade:</strong> Após montar, calibra-se brilho e cor para que todos os módulos fiquem iguais (sem ''remendos'' mais claros/escuros). Processadores e software (ex.: NovaLCT) fazem essa calibração.</li><li><strong>Brilho, gamma e curva para câmera:</strong> Ajusta-se brilho conforme ambiente e, se houver câmera, controla-se brilho/gamma para o telão não estourar na imagem captada.</li></ul><h4>Equipamentos / detalhes</h4><ul><li><strong>Processador Novastar (ex.: VX4S, VX600, série MX):</strong> Controlador all-in-one: entra HDMI/SDI/DVI, escala e envia para os cabinets; ajusta brilho/cor. Padrão de mercado.</li><li><strong>Processador Colorlight:</strong> Alternativa popular de controlador/sending para LED, com software próprio de mapeamento.</li><li><strong>Software NovaLCT / SmartLCT:</strong> Aplicativo da Novastar para mapear cabinets, configurar receiving cards e calibrar a parede.</li><li><strong>Cabinets de LED indoor P2.5/P3.91:</strong> Gabinetes que se encaixam e travam, formando a parede; escolha o pitch pela distância.</li><li><strong>Cabos Cat (rede) e PowerCon:</strong> Cat para dados entre cabinets/processador; PowerCon/energia para alimentar cada coluna.</li></ul><h4>Passo a passo</h4><ol><li><strong>1. Calcule a parede:</strong> Defina largura x altura em cabinets e a resolução total (multiplique pixels por cabinet). Confirme proporção desejada.</li><li><strong>2. Monte a estrutura e os cabinets:</strong> Levante a estrutura (ground support ou rigging), pendure/encaixe os cabinets travando-os, nivelando para a superfície ficar plana.</li><li><strong>3. Conecte dados e energia:</strong> Ligue cabinets em cadeia por cabo de rede respeitando o limite por porta; distribua a energia por colunas com folga de carga.</li><li><strong>4. Configure o processador:</strong> Entre o vídeo no processador, defina a resolução de entrada e a resolução de saída = resolução nativa da parede.</li><li><strong>5. Mapeie a tela no software:</strong> No NovaLCT/SmartLCT, informe quantos cabinets em largura/altura e a ordem do cabeamento, para o conteúdo aparecer na posição certa.</li><li><strong>6. Calibre brilho e cor:</strong> Rode a calibração para uniformizar módulos; ajuste brilho ao ambiente e gamma se houver câmera.</li><li><strong>7. Teste com test pattern:</strong> Mande grade e barras: verifique módulos apagados, cabinets fora de ordem, cor desigual e bordas.</li></ol><p><strong>Na prática:</strong> Para um telão de fundo de palco de 6x3 m com cabinets de 500x500 mm P3.91 (128x128 px cada): são 12x6 cabinets = 1536x768 px. O técnico monta a estrutura, encaixa os 72 cabinets, passa dados em colunas de 6 cabinets por porta de rede, configura o Novastar com saída 1536x768, mapeia no NovaLCT na ordem do cabeamento e calibra. No fim, um test pattern revela um cabinet com a ordem trocada — corrige no mapa e a imagem fica perfeita.</p><h4>Resumo</h4><ul><li>Pixel pitch e número de cabinets definem a resolução e a qualidade da parede.</li><li>O processador (Novastar/Colorlight) escala e distribui o vídeo; sending/receiving cards acionam os cabinets.</li><li>Mapeamento correto no software e calibração de cor/brilho fazem a parede virar uma imagem única.</li></ul>',34,2,true,false);
insert into public.quizzes (id,lesson_id,titulo) values ('1a0d2b91-ce7a-4719-8012-4adaef7392f9','f62fc874-4863-4615-9181-70c5897a6998','Quiz — Anatomia do telão de LED: pixel pitch, processadores e monta');
insert into public.quiz_questions (id,quiz_id,texto,explicacao,ordem,pontos) values ('1f8c3217-f136-46af-99b2-4a899b979f55','1a0d2b91-ce7a-4719-8012-4adaef7392f9','O que é pixel pitch P3?','Pitch é a distância em mm entre LEDs; menor pitch = mais resolução por metro.',1,1);
insert into public.quiz_options (question_id,texto,correta,ordem) values ('1f8c3217-f136-46af-99b2-4a899b979f55','3 cabinets',false,1);
insert into public.quiz_options (question_id,texto,correta,ordem) values ('1f8c3217-f136-46af-99b2-4a899b979f55','3 mm entre LEDs vizinhos',true,2);
insert into public.quiz_options (question_id,texto,correta,ordem) values ('1f8c3217-f136-46af-99b2-4a899b979f55','3 portas de rede',false,3);
insert into public.quiz_options (question_id,texto,correta,ordem) values ('1f8c3217-f136-46af-99b2-4a899b979f55','3.000 nits',false,4);
insert into public.quiz_questions (id,quiz_id,texto,explicacao,ordem,pontos) values ('6fbf71f1-cde5-4315-86f6-374bd3ca749b','1a0d2b91-ce7a-4719-8012-4adaef7392f9','Qual o papel do processador de LED (Novastar/Colorlight)?','Ele escala para a resolução nativa da parede e envia os dados aos cabinets, ajustando brilho/cor.',2,1);
insert into public.quiz_options (question_id,texto,correta,ordem) values ('6fbf71f1-cde5-4315-86f6-374bd3ca749b','Apenas alimentar energia',false,1);
insert into public.quiz_options (question_id,texto,correta,ordem) values ('6fbf71f1-cde5-4315-86f6-374bd3ca749b','Receber o vídeo, escalar e distribuir para os cabinets',true,2);
insert into public.quiz_options (question_id,texto,correta,ordem) values ('6fbf71f1-cde5-4315-86f6-374bd3ca749b','Gravar o evento',false,3);
insert into public.quiz_options (question_id,texto,correta,ordem) values ('6fbf71f1-cde5-4315-86f6-374bd3ca749b','Trocar o conector',false,4);
insert into public.quiz_questions (id,quiz_id,texto,explicacao,ordem,pontos) values ('7dba57b1-9b33-4592-a2f0-143aeed09f1b','1a0d2b91-ce7a-4719-8012-4adaef7392f9','Para que serve mapear a tela no software (NovaLCT)?','O mapeamento diz ao sistema a ordem do cabeamento, posicionando cada cabinet na imagem.',3,1);
insert into public.quiz_options (question_id,texto,correta,ordem) values ('7dba57b1-9b33-4592-a2f0-143aeed09f1b','Mudar a cor do prédio',false,1);
insert into public.quiz_options (question_id,texto,correta,ordem) values ('7dba57b1-9b33-4592-a2f0-143aeed09f1b','Informar ordem e posição dos cabinets para a imagem aparecer correta',true,2);
insert into public.quiz_options (question_id,texto,correta,ordem) values ('7dba57b1-9b33-4592-a2f0-143aeed09f1b','Aumentar a RAM',false,3);
insert into public.quiz_options (question_id,texto,correta,ordem) values ('7dba57b1-9b33-4592-a2f0-143aeed09f1b','Gerar áudio',false,4);
insert into public.quiz_questions (id,quiz_id,texto,explicacao,ordem,pontos) values ('68bdb3bc-2d21-4c3a-b7d7-4433675ad1b4','1a0d2b91-ce7a-4719-8012-4adaef7392f9','Como calcular a resolução de uma parede?','Cada cabinet tem uma resolução fixa; a parede é a soma em largura x altura.',4,1);
insert into public.quiz_options (question_id,texto,correta,ordem) values ('68bdb3bc-2d21-4c3a-b7d7-4433675ad1b4','Somando os watts',false,1);
insert into public.quiz_options (question_id,texto,correta,ordem) values ('68bdb3bc-2d21-4c3a-b7d7-4433675ad1b4','Multiplicando os pixels por cabinet pelo número de cabinets',true,2);
insert into public.quiz_options (question_id,texto,correta,ordem) values ('68bdb3bc-2d21-4c3a-b7d7-4433675ad1b4','Pelo comprimento do cabo',false,3);
insert into public.quiz_options (question_id,texto,correta,ordem) values ('68bdb3bc-2d21-4c3a-b7d7-4433675ad1b4','Pelo brilho',false,4);
insert into public.quiz_questions (id,quiz_id,texto,explicacao,ordem,pontos) values ('ed56c5bf-6881-4664-83d2-cf0d94332b86','1a0d2b91-ce7a-4719-8012-4adaef7392f9','O que um test pattern de grade revela na parede?','A grade evidencia falhas de mapeamento, módulos mortos e diferenças de cor.',5,1);
insert into public.quiz_options (question_id,texto,correta,ordem) values ('ed56c5bf-6881-4664-83d2-cf0d94332b86','O áudio',false,1);
insert into public.quiz_options (question_id,texto,correta,ordem) values ('ed56c5bf-6881-4664-83d2-cf0d94332b86','Módulos apagados, cabinets fora de ordem e cor desigual',true,2);
insert into public.quiz_options (question_id,texto,correta,ordem) values ('ed56c5bf-6881-4664-83d2-cf0d94332b86','A temperatura do PC',false,3);
insert into public.quiz_options (question_id,texto,correta,ordem) values ('ed56c5bf-6881-4664-83d2-cf0d94332b86','A versão do HDMI',false,4);
insert into public.lessons (id,module_id,titulo,tipo,conteudo_rico,duracao_min,ordem,tem_quiz,preview_gratis) values ('9d5f181a-170a-4593-919d-5a119a3b25d1','174bb92d-4026-47e8-9690-b226a38377c6','Projeção: tipos, projetores, lúmens e cálculo de imagem','texto','<p><strong>Para começar:</strong> Projetar bem é equilibrar luz, distância e superfície. Errar lúmens ou lente arruína a imagem mesmo com ótimo conteúdo.</p><p>Projeção continua essencial em mapping, cenários e ambientes onde o LED não cabe ou não convém. Esta aula cobre os tipos de projeção, as tecnologias de projetor (DLP, LCD, laser), o conceito de lúmens, throw ratio (distância x tamanho) e o passo a passo para dimensionar uma imagem projetada.</p><ul><li><strong>Projeção frontal x traseira:</strong> Frontal: projetor na frente da tela (mais comum, mas cria sombra se alguém passa). Traseira (rear): projetor atrás de tela translúcida, sem sombra e visual limpo — ótima para palco e cenografia.</li><li><strong>Distância de projeção (throw):</strong> Curta, ultracurta e longa distância. Ultracurta projeta colado à parede (sem sombra, bom para espaço apertado); longa distância joga de longe. O ''throw ratio'' relaciona distância x largura da imagem.</li><li><strong>Projeção mapeada (mapping), imersiva e panorâmica:</strong> Mapping projeta sobre superfícies 3D/irregulares com software de alinhamento. Panorâmica/imersiva usa vários projetores com blend (mistura suave nas bordas) para cobrir grandes superfícies.</li><li><strong>Tecnologias: DLP, LCD e laser:</strong> DLP usa micro-espelhos (bom contraste, robusto); 3LCD usa três painéis (cores vivas). Fonte de luz: lâmpada (barata, troca periódica) ou laser (mais brilho estável, vida longa, ligar/desligar rápido) — laser é o padrão profissional atual.</li><li><strong>Lúmens (brilho):</strong> Mede o fluxo luminoso. Quanto mais luz ambiente e maior a imagem, mais lúmens você precisa. Sala escura pequena: alguns milhares; palco com luz e tela grande: 10.000-30.000+ lúmens.</li><li><strong>Lentes e zoom:</strong> Projetores profissionais têm lentes intercambiáveis (curta, padrão, tele) e lens shift (desloca a imagem sem mover o projetor). A lente certa permite posicionar o projetor onde der e ainda cobrir a tela.</li><li><strong>Keystone e blending:</strong> Keystone corrige a distorção trapezoidal quando o projetor não está perpendicular (use com parcimônia — degrada). Blending suaviza a emenda entre projetores numa imagem grande única.</li></ul><h4>Equipamentos / detalhes</h4><ul><li><strong>Projetor laser profissional (ex.: Epson, Panasonic, Barco, 10k-30k lúmens):</strong> Alto brilho e estabilidade para palco e mapping; lente intercambiável e lens shift.</li><li><strong>Lente intercambiável (curta/padrão/tele):</strong> Escolhida pelo throw ratio para cobrir a tela a partir da posição possível do projetor.</li><li><strong>Tela de projeção frontal/rear:</strong> Frontal reflexiva ou rear translúcida; o ganho da tela e o tipo afetam brilho e ângulo.</li><li><strong>Mídia server / software de mapping (Resolume, MadMapper, Watchout):</strong> Faz warp, mask e blend para alinhar a projeção à superfície e juntar projetores.</li></ul><h4>Passo a passo</h4><ol><li><strong>1. Meça a tela e o ambiente:</strong> Defina largura desejada da imagem e quanta luz ambiente há — isso dita os lúmens.</li><li><strong>2. Calcule lúmens necessários:</strong> Imagem maior + ambiente mais claro = mais lúmens. Some margem para não ficar ''lavado''.</li><li><strong>3. Defina a distância e a lente (throw ratio):</strong> Com a distância possível e a largura da imagem, escolha a lente certa (curta/padrão/tele) usando o throw ratio do fabricante.</li><li><strong>4. Posicione e foque:</strong> Monte o projetor, use lens shift/zoom para enquadrar sem keystone se possível; foque com um test pattern de grade.</li><li><strong>5. Faça mapping/blend se necessário:</strong> No software, ajuste warp e mask para a superfície; em multiprojetor, faça o blend das bordas.</li><li><strong>6. Calibre brilho/cor:</strong> Iguale brilho e cor entre projetores e ao ambiente; verifique com imagem real.</li></ol><p><strong>Na prática:</strong> Para projetar atrás de um palco numa tela rear de 8 m de largura, com alguma luz de palco, o técnico escolhe um projetor laser de ~20.000 lúmens, calcula pelo throw ratio que precisa de uma lente curta porque o espaço atrás é apenas 6 m, posiciona, foca com grade e usa lens shift para centralizar sem keystone. A projeção rear elimina sombras dos artistas que passam na frente.</p><h4>Resumo</h4><ul><li>Lúmens e ambiente andam juntos: mais luz e tela maior exigem mais brilho.</li><li>Throw ratio e lentes definem de onde dá para cobrir a tela; lens shift evita keystone.</li><li>Projeção rear elimina sombras; mapping e blend juntam superfícies e projetores.</li></ul>',28,3,true,false);
insert into public.quizzes (id,lesson_id,titulo) values ('47d78054-ae30-42d9-beb7-a6fe90cf45fd','9d5f181a-170a-4593-919d-5a119a3b25d1','Quiz — Projeção: tipos, projetores, lúmens e cálculo de imagem');
insert into public.quiz_questions (id,quiz_id,texto,explicacao,ordem,pontos) values ('8b9b8890-446b-4709-8985-963f85b3db78','47d78054-ae30-42d9-beb7-a6fe90cf45fd','O que determina a quantidade de lúmens necessária?','Imagem maior e ambiente mais claro exigem mais lúmens para não ''lavar''.',1,1);
insert into public.quiz_options (question_id,texto,correta,ordem) values ('8b9b8890-446b-4709-8985-963f85b3db78','A cor do cabo',false,1);
insert into public.quiz_options (question_id,texto,correta,ordem) values ('8b9b8890-446b-4709-8985-963f85b3db78','O tamanho da imagem e a luz ambiente',true,2);
insert into public.quiz_options (question_id,texto,correta,ordem) values ('8b9b8890-446b-4709-8985-963f85b3db78','O frame rate',false,3);
insert into public.quiz_options (question_id,texto,correta,ordem) values ('8b9b8890-446b-4709-8985-963f85b3db78','A marca do PC',false,4);
insert into public.quiz_questions (id,quiz_id,texto,explicacao,ordem,pontos) values ('d21fd02f-0f85-4653-9b17-5ee81c99b68e','47d78054-ae30-42d9-beb7-a6fe90cf45fd','Qual a vantagem da projeção traseira (rear)?','Com o projetor atrás da tela translúcida, ninguém na frente cria sombra.',2,1);
insert into public.quiz_options (question_id,texto,correta,ordem) values ('d21fd02f-0f85-4653-9b17-5ee81c99b68e','É mais barata',false,1);
insert into public.quiz_options (question_id,texto,correta,ordem) values ('d21fd02f-0f85-4653-9b17-5ee81c99b68e','Elimina sombras de quem passa na frente',true,2);
insert into public.quiz_options (question_id,texto,correta,ordem) values ('d21fd02f-0f85-4653-9b17-5ee81c99b68e','Não precisa de lente',false,3);
insert into public.quiz_options (question_id,texto,correta,ordem) values ('d21fd02f-0f85-4653-9b17-5ee81c99b68e','Tem mais resolução',false,4);
insert into public.quiz_questions (id,quiz_id,texto,explicacao,ordem,pontos) values ('3118ab28-f558-4607-a8fb-83983d422af7','47d78054-ae30-42d9-beb7-a6fe90cf45fd','Para que serve o throw ratio?','Ele indica que lente usar conforme a distância disponível e o tamanho da imagem.',3,1);
insert into public.quiz_options (question_id,texto,correta,ordem) values ('3118ab28-f558-4607-a8fb-83983d422af7','Medir o áudio',false,1);
insert into public.quiz_options (question_id,texto,correta,ordem) values ('3118ab28-f558-4607-a8fb-83983d422af7','Relacionar distância do projetor com a largura da imagem para escolher a lente',true,2);
insert into public.quiz_options (question_id,texto,correta,ordem) values ('3118ab28-f558-4607-a8fb-83983d422af7','Calibrar cor',false,3);
insert into public.quiz_options (question_id,texto,correta,ordem) values ('3118ab28-f558-4607-a8fb-83983d422af7','Definir o frame rate',false,4);
insert into public.quiz_questions (id,quiz_id,texto,explicacao,ordem,pontos) values ('7529c981-3c0f-4561-b7d7-22b873571e3e','47d78054-ae30-42d9-beb7-a6fe90cf45fd','Por que evitar keystone excessivo?','Keystone corrige distorção por software, mas perde nitidez; prefira lens shift/posição.',4,1);
insert into public.quiz_options (question_id,texto,correta,ordem) values ('7529c981-3c0f-4561-b7d7-22b873571e3e','Aumenta o brilho',false,1);
insert into public.quiz_options (question_id,texto,correta,ordem) values ('7529c981-3c0f-4561-b7d7-22b873571e3e','Degrada a qualidade da imagem',true,2);
insert into public.quiz_options (question_id,texto,correta,ordem) values ('7529c981-3c0f-4561-b7d7-22b873571e3e','Desliga o laser',false,3);
insert into public.quiz_options (question_id,texto,correta,ordem) values ('7529c981-3c0f-4561-b7d7-22b873571e3e','Muda a cor',false,4);
insert into public.modules (id,course_id,titulo,ordem) values ('7c771dd8-b14e-4148-8a1c-f503ffb892eb','c8ee74bd-37a4-4ca1-bac4-00d6535d7a5e','Módulo 4 - Switchers e Mixagem de Vídeo ao Vivo',4);
insert into public.lessons (id,module_id,titulo,tipo,conteudo_rico,duracao_min,ordem,tem_quiz,preview_gratis) values ('015f5acc-0d96-43ca-920c-1184115b904e','7c771dd8-b14e-4148-8a1c-f503ffb892eb','Mesas de corte (switchers): ATEM e Roland na prática','texto','<p><strong>Para começar:</strong> O switcher é o coração da operação ao vivo: é nele que você decide, em tempo real, o que o mundo vê. Dominar o corte é dominar o evento.</p><p>Esta aula ensina o conceito e a operação prática de um switcher de vídeo: barramentos de Program e Preview, cut, dissolve, wipe, keyer (chroma/luma), PIP, e os fluxos das mesas mais comuns — Blackmagic ATEM e Roland V-60HD/V-800HD. Você termina sabendo configurar e cortar um evento.</p><ul><li><strong>O que é um switcher:</strong> Mesa que recebe várias fontes (câmeras, PCs, players) e seleciona/mixa qual vai para a saída de programa (o que vai ao ar). Substitui ligar/desligar cabos por uma troca instantânea e limpa.</li><li><strong>Program e Preview (barramentos):</strong> Program (PGM) é o que está no ar agora. Preview (PVW/PST) é o que você prepara para entrar a seguir. Você seleciona a próxima fonte no Preview e a ''leva'' ao ar com cut ou transição — nunca corta às cegas.</li><li><strong>Cut, Dissolve (Mix) e Wipe:</strong> Cut = troca instantânea (corte seco). Dissolve/Mix = transição suave com fade entre fontes. Wipe = uma fonte ''empurra/varre'' a outra com forma geométrica. A barra T (T-bar) controla transições manualmente.</li><li><strong>Keyer: chroma key e luma key:</strong> Keyer sobrepõe uma fonte sobre outra removendo uma cor (chroma, ex.: fundo verde) ou por luminância (luma, ex.: logo branco sobre preto). Usado para legendas, logos e personagens sobre fundo.</li><li><strong>PIP (Picture-in-Picture) e DSK:</strong> PIP coloca uma imagem menor sobre outra (ex.: câmera no canto). DSK (Downstream Keyer) sobrepõe gráficos/lower-thirds ''por cima de tudo'', sem afetar as transições principais.</li><li><strong>Multiview e tally:</strong> Multiview mostra todas as fontes + PGM/PVW num só monitor para o operador. Tally é a luzinha vermelha que acende na câmera que está no ar, avisando o cinegrafista.</li><li><strong>Macros e AUX:</strong> Macros gravam sequências de ações para repetir com um botão. Saídas AUX entregam um sinal específico (ex.: só o telão, sem os gráficos do streaming).</li><li><strong>ATEM vs Roland (filosofias):</strong> ATEM (Blackmagic) é muito usado em streaming/igrejas, controlado por painel físico ou pelo software ATEM Software Control. Roland (V-60HD/V-800HD) é robusto, com muitos controles físicos e scaling por entrada, popular em eventos corporativos e ao vivo.</li></ul><h4>Equipamentos / detalhes</h4><ul><li><strong>Blackmagic ATEM Mini Pro / Extreme:</strong> Switcher HDMI compacto com streaming embutido, multiview e DSK; ótimo para igrejas e lives. Controlado por software ou painel.</li><li><strong>Blackmagic ATEM Television Studio / Constellation:</strong> Switchers SDI maiores para produções broadcast com mais entradas e keyers.</li><li><strong>Roland V-60HD:</strong> Switcher HD com scaling por entrada, 6 entradas (HDMI/SDI), PinP, key e controles físicos — clássico de eventos ao vivo.</li><li><strong>Roland V-800HD MK II:</strong> Switcher maior para grandes eventos, multicamadas e processamento robusto.</li><li><strong>Monitor de multiview:</strong> Tela que mostra todas as fontes + PGM/PVW para o operador cortar com segurança.</li></ul><h4>Passo a passo</h4><ol><li><strong>1. Conecte e identifique as fontes:</strong> Ligue câmeras/PCs nas entradas; nomeie cada entrada (CAM1, SLIDES, VT) no switcher para não se perder.</li><li><strong>2. Case resolução e frame rate:</strong> Configure o formato do switcher (ex.: 1080p60) e garanta que todas as fontes batem; no Roland, use o scaler por entrada para fontes diferentes.</li><li><strong>3. Configure o programa de saída:</strong> Defina a saída de PGM para o telão/gravação/stream; configure AUX se o telão precisar de um corte diferente do stream.</li><li><strong>4. Prepare keys e DSK:</strong> Monte chroma/luma key se houver; carregue lower-thirds/logo no DSK para sobrepor sem atrapalhar o corte.</li><li><strong>5. Ensaie o corte:</strong> Selecione no Preview a próxima fonte e leve ao ar com cut ou dissolve pela T-bar; observe o tally e o multiview.</li><li><strong>6. Grave macros das jogadas repetidas:</strong> Para sequências fixas (ex.: abrir letra + DSK do nome), grave uma macro e dispare com um botão.</li></ol><p><strong>Na prática:</strong> Num culto, o operador num Roland V-60HD tem CAM1 (geral), CAM2 (pastor), CAM3 (plateia) e o PC de letras. Ele deixa CAM2 no PGM durante a pregação, prepara CAM3 no Preview e dá um dissolve suave para a plateia num momento de aplauso, depois sobrepõe a referência bíblica via DSK. Tudo guiado pelo multiview, com o tally avisando os cinegrafistas qual câmera está no ar.</p><h4>Resumo</h4><ul><li>Program é o que está no ar; Preview é o que você prepara — nunca corte às cegas.</li><li>Cut, dissolve e wipe são as transições; keyer e DSK sobrepõem logos e gráficos.</li><li>ATEM brilha em streaming/igreja; Roland é robusto com scaling e controles físicos.</li></ul>',34,1,true,false);
insert into public.quizzes (id,lesson_id,titulo) values ('47e560c0-78d1-46f9-bce0-a00fcab5b965','015f5acc-0d96-43ca-920c-1184115b904e','Quiz — Mesas de corte (switchers): ATEM e Roland na prática');
insert into public.quiz_questions (id,quiz_id,texto,explicacao,ordem,pontos) values ('2a50d57d-ba65-46c7-88f0-693bb051aa18','47e560c0-78d1-46f9-bce0-a00fcab5b965','Qual a diferença entre Program e Preview?','Você seleciona no Preview e leva ao ar via cut/transição, evitando cortar às cegas.',1,1);
insert into public.quiz_options (question_id,texto,correta,ordem) values ('2a50d57d-ba65-46c7-88f0-693bb051aa18','São saídas idênticas',false,1);
insert into public.quiz_options (question_id,texto,correta,ordem) values ('2a50d57d-ba65-46c7-88f0-693bb051aa18','Program está no ar; Preview prepara a próxima fonte',true,2);
insert into public.quiz_options (question_id,texto,correta,ordem) values ('2a50d57d-ba65-46c7-88f0-693bb051aa18','Preview é a gravação',false,3);
insert into public.quiz_options (question_id,texto,correta,ordem) values ('2a50d57d-ba65-46c7-88f0-693bb051aa18','Program é só o áudio',false,4);
insert into public.quiz_questions (id,quiz_id,texto,explicacao,ordem,pontos) values ('c92aea49-b6df-4447-8ed0-2400642a5224','47e560c0-78d1-46f9-bce0-a00fcab5b965','O que é um cut?','Cut é o corte seco; dissolve e wipe são transições graduais.',2,1);
insert into public.quiz_options (question_id,texto,correta,ordem) values ('c92aea49-b6df-4447-8ed0-2400642a5224','Transição suave',false,1);
insert into public.quiz_options (question_id,texto,correta,ordem) values ('c92aea49-b6df-4447-8ed0-2400642a5224','Troca instantânea entre fontes',true,2);
insert into public.quiz_options (question_id,texto,correta,ordem) values ('c92aea49-b6df-4447-8ed0-2400642a5224','Sobreposição de logo',false,3);
insert into public.quiz_options (question_id,texto,correta,ordem) values ('c92aea49-b6df-4447-8ed0-2400642a5224','Aumento de brilho',false,4);
insert into public.quiz_questions (id,quiz_id,texto,explicacao,ordem,pontos) values ('a3bd2af2-fef4-4360-883a-1c469ff7af47','47e560c0-78d1-46f9-bce0-a00fcab5b965','Para que serve o DSK (downstream keyer)?','O DSK aplica gráficos sobre o programa sem interferir nas transições principais.',3,1);
insert into public.quiz_options (question_id,texto,correta,ordem) values ('a3bd2af2-fef4-4360-883a-1c469ff7af47','Cortar câmeras',false,1);
insert into public.quiz_options (question_id,texto,correta,ordem) values ('a3bd2af2-fef4-4360-883a-1c469ff7af47','Sobrepor gráficos/lower-thirds por cima de tudo',true,2);
insert into public.quiz_options (question_id,texto,correta,ordem) values ('a3bd2af2-fef4-4360-883a-1c469ff7af47','Capturar áudio',false,3);
insert into public.quiz_options (question_id,texto,correta,ordem) values ('a3bd2af2-fef4-4360-883a-1c469ff7af47','Escalar resolução',false,4);
insert into public.quiz_questions (id,quiz_id,texto,explicacao,ordem,pontos) values ('168f5e03-cdd9-4bf9-8b17-19cf43e9ee82','47e560c0-78d1-46f9-bce0-a00fcab5b965','O que indica o tally?','A luz de tally acende na câmera que está em PGM, avisando o cinegrafista.',4,1);
insert into public.quiz_options (question_id,texto,correta,ordem) values ('168f5e03-cdd9-4bf9-8b17-19cf43e9ee82','A temperatura',false,1);
insert into public.quiz_options (question_id,texto,correta,ordem) values ('168f5e03-cdd9-4bf9-8b17-19cf43e9ee82','Qual câmera está no ar',true,2);
insert into public.quiz_options (question_id,texto,correta,ordem) values ('168f5e03-cdd9-4bf9-8b17-19cf43e9ee82','O nível de áudio',false,3);
insert into public.quiz_options (question_id,texto,correta,ordem) values ('168f5e03-cdd9-4bf9-8b17-19cf43e9ee82','A resolução',false,4);
insert into public.quiz_questions (id,quiz_id,texto,explicacao,ordem,pontos) values ('0d70a20f-2df5-4b46-b005-167154bc5f94','47e560c0-78d1-46f9-bce0-a00fcab5b965','Quando usar o scaler por entrada do Roland?','O scaler casa entradas de resoluções diferentes ao formato do switcher.',5,1);
insert into public.quiz_options (question_id,texto,correta,ordem) values ('0d70a20f-2df5-4b46-b005-167154bc5f94','Nunca',false,1);
insert into public.quiz_options (question_id,texto,correta,ordem) values ('0d70a20f-2df5-4b46-b005-167154bc5f94','Quando as fontes têm resoluções diferentes do formato do switcher',true,2);
insert into public.quiz_options (question_id,texto,correta,ordem) values ('0d70a20f-2df5-4b46-b005-167154bc5f94','Só para áudio',false,3);
insert into public.quiz_options (question_id,texto,correta,ordem) values ('0d70a20f-2df5-4b46-b005-167154bc5f94','Para gravar',false,4);
insert into public.lessons (id,module_id,titulo,tipo,conteudo_rico,duracao_min,ordem,tem_quiz,preview_gratis) values ('54cd80d5-8c82-4c15-99a1-e411c851ec62','7c771dd8-b14e-4148-8a1c-f503ffb892eb','VJ no Resolume Arena: camadas, clips, composição e efeitos','texto','<p><strong>Para começar:</strong> O Resolume é o instrumento do VJ. Quem domina sua lógica de camadas e clips toca visuais ao vivo como quem toca um teclado.</p><p>Esta é a aula central do VJing por software. Você vai aprender a interface do Resolume Arena, a lógica de Layers (camadas) e Clips, como montar uma composição, aplicar efeitos e transições, sincronizar com a música (BPM), e mapear a saída para o telão. É um manual prático de operação.</p><ul><li><strong>Interface e estrutura:</strong> O Resolume organiza-se em Composição → Layers (camadas, empilhadas como no Photoshop) → Clips (cada célula é um vídeo/imagem). A camada de cima sobrepõe as de baixo conforme o modo de mistura (blend) e opacidade.</li><li><strong>Layers (camadas):</strong> Cada layer toca um clip por vez. Empilhe layers para combinar fundos + elementos + texto. O modo de blend (Add, Screen, Multiply, Alpha) e a opacidade definem como a camada se mistura com as de baixo.</li><li><strong>Clips e Decks:</strong> Clips são as células com mídia; clicar dispara o clip naquela camada. Decks são páginas de clips — você organiza sets em decks (ex.: Deck ''Abertura'', Deck ''Drop''). Trocar de deck troca todo o conjunto de clips.</li><li><strong>Transições e Dashboard:</strong> A troca entre clips numa camada pode ter fade/transição. Parâmetros de clip (velocidade, posição, escala) ficam no painel; o Dashboard expõe controles rápidos.</li><li><strong>Efeitos (FX):</strong> Arraste efeitos sobre clips, camadas ou na composição inteira (ex.: blur, glow, RGB shift, kaleidoscope, glitch). Parâmetros de efeito podem ser animados ou ligados ao áudio/BPM.</li><li><strong>Sincronia com música (BPM):</strong> Defina o BPM (manual ou por tap) e a velocidade dos clips/efeitos segue o tempo da música. Audio FX reage ao áudio em tempo real, fazendo os visuais ''pulsarem'' com a batida.</li><li><strong>Saída e mapeamento (Output):</strong> No Advanced Output você define a resolução de saída, fatia a composição e mapeia para o telão/projetor (incluindo warp/mask). É onde a composição vira sinal para o destino físico.</li><li><strong>Controle por MIDI/OSC:</strong> Mapeie botões/knobs de um controlador MIDI (ex.: APC40, Akai) para disparar clips e mexer parâmetros sem usar o mouse — essencial para tocar ao vivo com as mãos.</li></ul><h4>Equipamentos / detalhes</h4><ul><li><strong>Resolume Arena (software):</strong> Versão completa com Advanced Output (mapping, slicing, soft-edge); o Avenue é a versão sem mapping avançado.</li><li><strong>Controlador MIDI (ex.: Akai APC40 MkII, Novation Launchpad):</strong> Grade de botões para disparar clips e knobs para efeitos — a ''mesa'' tátil do VJ.</li><li><strong>Placa de captura (ex.: Magewell/Blackmagic):</strong> Entra câmera/feed externo como fonte ao vivo dentro do Resolume.</li><li><strong>GPU dedicada forte + NVMe:</strong> Necessário para várias camadas em alta resolução sem cair de FPS.</li></ul><h4>Passo a passo</h4><ol><li><strong>1. Crie a composição na resolução do destino:</strong> Em Composition Settings, defina a resolução igual à do telão (ex.: 1536x768) para mapear sem reescala.</li><li><strong>2. Importe e organize clips em decks:</strong> Arraste vídeos para os clips; organize por momento do show em decks (Abertura, Drop, Encerramento).</li><li><strong>3. Monte as camadas:</strong> Camada de fundo embaixo, elementos e texto acima; ajuste blend (Add/Screen) e opacidade para compor.</li><li><strong>4. Defina o BPM e ligue Audio FX:</strong> Faça tap do BPM com a música; ative efeitos reativos ao áudio para os visuais pulsarem na batida.</li><li><strong>5. Aplique efeitos:</strong> Arraste FX sobre clips/camadas; anime parâmetros ou ligue ao BPM (ex.: strobe no refrão).</li><li><strong>6. Configure a saída (Advanced Output):</strong> Defina a tela de saída, fatie e mapeie para o telão/projetor; aplique warp/mask se a superfície exigir.</li><li><strong>7. Mapeie o controlador MIDI:</strong> Entre em modo MIDI map, clique no clip/parâmetro e mexa o botão/knob correspondente para vinculá-los.</li><li><strong>8. Ensaie disparando clips ao vivo:</strong> Toque a sequência inteira com o controlador, observando FPS e a saída no telão de preview.</li></ol><p><strong>Na prática:</strong> Para um set de DJ, o VJ cria uma composição 1920x1080, monta um deck ''Build-up'' com loops geométricos no fundo e uma camada de partículas em modo Add por cima. Liga o BPM por tap e coloca um efeito de strobe reativo ao áudio. No APC40, cada coluna de botões dispara um clip e um knob controla o blur. No drop, ele sobe a opacidade da camada de partículas e dispara o strobe — tudo com as mãos, sem tocar no mouse.</p><h4>Resumo</h4><ul><li>Resolume = Composição → Layers → Clips; a camada de cima se mistura por blend e opacidade.</li><li>Decks organizam o set; BPM e Audio FX sincronizam os visuais com a música.</li><li>O Advanced Output mapeia a saída para o telão e o MIDI permite tocar com as mãos.</li></ul>',36,2,true,false);
insert into public.quizzes (id,lesson_id,titulo) values ('7133cc34-db6e-4521-8cae-5ce26cde861b','54cd80d5-8c82-4c15-99a1-e411c851ec62','Quiz — VJ no Resolume Arena: camadas, clips, composição e efeitos');
insert into public.quiz_questions (id,quiz_id,texto,explicacao,ordem,pontos) values ('f686de1d-1c68-4971-bced-4386e30a668a','7133cc34-db6e-4521-8cae-5ce26cde861b','Como o Resolume se organiza?','É uma pilha de camadas, cada uma tocando um clip por vez, formando a composição.',1,1);
insert into public.quiz_options (question_id,texto,correta,ordem) values ('f686de1d-1c68-4971-bced-4386e30a668a','Pastas e arquivos',false,1);
insert into public.quiz_options (question_id,texto,correta,ordem) values ('f686de1d-1c68-4971-bced-4386e30a668a','Composição → Layers → Clips',true,2);
insert into public.quiz_options (question_id,texto,correta,ordem) values ('f686de1d-1c68-4971-bced-4386e30a668a','Apenas uma linha do tempo',false,3);
insert into public.quiz_options (question_id,texto,correta,ordem) values ('f686de1d-1c68-4971-bced-4386e30a668a','Faixas de áudio',false,4);
insert into public.quiz_questions (id,quiz_id,texto,explicacao,ordem,pontos) values ('56c1e4aa-c670-469e-ab55-52987f56d367','7133cc34-db6e-4521-8cae-5ce26cde861b','Para que servem os decks?','Decks são páginas de clips; trocar de deck troca todo o set de uma vez.',2,1);
insert into public.quiz_options (question_id,texto,correta,ordem) values ('56c1e4aa-c670-469e-ab55-52987f56d367','Aplicar efeitos',false,1);
insert into public.quiz_options (question_id,texto,correta,ordem) values ('56c1e4aa-c670-469e-ab55-52987f56d367','Organizar conjuntos de clips por momento do show',true,2);
insert into public.quiz_options (question_id,texto,correta,ordem) values ('56c1e4aa-c670-469e-ab55-52987f56d367','Mapear a saída',false,3);
insert into public.quiz_options (question_id,texto,correta,ordem) values ('56c1e4aa-c670-469e-ab55-52987f56d367','Definir o BPM',false,4);
insert into public.quiz_questions (id,quiz_id,texto,explicacao,ordem,pontos) values ('e4d4bdb8-8c21-4339-98b5-8b4bcff662b8','7133cc34-db6e-4521-8cae-5ce26cde861b','O que faz o Audio FX / BPM no Resolume?','Os visuais e efeitos seguem o tempo/áudio, pulsando com a batida.',3,1);
insert into public.quiz_options (question_id,texto,correta,ordem) values ('e4d4bdb8-8c21-4339-98b5-8b4bcff662b8','Grava o áudio',false,1);
insert into public.quiz_options (question_id,texto,correta,ordem) values ('e4d4bdb8-8c21-4339-98b5-8b4bcff662b8','Sincroniza velocidade e efeitos com a música',true,2);
insert into public.quiz_options (question_id,texto,correta,ordem) values ('e4d4bdb8-8c21-4339-98b5-8b4bcff662b8','Aumenta a resolução',false,3);
insert into public.quiz_options (question_id,texto,correta,ordem) values ('e4d4bdb8-8c21-4339-98b5-8b4bcff662b8','Exporta o vídeo',false,4);
insert into public.quiz_questions (id,quiz_id,texto,explicacao,ordem,pontos) values ('cfce182a-6aad-4e4d-88b4-b4db8d494fd1','7133cc34-db6e-4521-8cae-5ce26cde861b','Onde se mapeia a saída para o telão no Resolume Arena?','O Advanced Output define resolução de saída, slicing, warp e mask para o destino.',4,1);
insert into public.quiz_options (question_id,texto,correta,ordem) values ('cfce182a-6aad-4e4d-88b4-b4db8d494fd1','Composition Settings',false,1);
insert into public.quiz_options (question_id,texto,correta,ordem) values ('cfce182a-6aad-4e4d-88b4-b4db8d494fd1','Advanced Output',true,2);
insert into public.quiz_options (question_id,texto,correta,ordem) values ('cfce182a-6aad-4e4d-88b4-b4db8d494fd1','No deck',false,3);
insert into public.quiz_options (question_id,texto,correta,ordem) values ('cfce182a-6aad-4e4d-88b4-b4db8d494fd1','No clip',false,4);
insert into public.quiz_questions (id,quiz_id,texto,explicacao,ordem,pontos) values ('61e5ea65-b5d2-49b2-b13a-85bb0495820b','7133cc34-db6e-4521-8cae-5ce26cde861b','Por que mapear um controlador MIDI?','O MIDI dá controle tátil ao vivo, essencial para tocar visuais como um instrumento.',5,1);
insert into public.quiz_options (question_id,texto,correta,ordem) values ('61e5ea65-b5d2-49b2-b13a-85bb0495820b','Para gravar',false,1);
insert into public.quiz_options (question_id,texto,correta,ordem) values ('61e5ea65-b5d2-49b2-b13a-85bb0495820b','Para disparar clips e mexer parâmetros com as mãos, sem o mouse',true,2);
insert into public.quiz_options (question_id,texto,correta,ordem) values ('61e5ea65-b5d2-49b2-b13a-85bb0495820b','Para escalar resolução',false,3);
insert into public.quiz_options (question_id,texto,correta,ordem) values ('61e5ea65-b5d2-49b2-b13a-85bb0495820b','Para capturar câmera',false,4);
insert into public.lessons (id,module_id,titulo,tipo,conteudo_rico,duracao_min,ordem,tem_quiz,preview_gratis) values ('9f3894e5-b753-4183-a302-c5374c579115','7c771dd8-b14e-4148-8a1c-f503ffb892eb','Mídia servers e playback profissional: Watchout, Modulo Pi e timecode','texto','<p><strong>Para começar:</strong> Quando o conteúdo precisa rodar com precisão de milissegundos e em múltiplas telas, entra o mídia server. É o playback de alta confiança dos grandes palcos.</p><p>Para shows e cenografias grandes, o VJ improvisado dá lugar ao mídia server: software/hardware dedicado a reproduzir conteúdo pré-produzido com sincronia perfeita entre várias saídas, controlado por timecode. Esta aula apresenta os principais sistemas e o conceito de sincronização por SMPTE/timecode.</p><ul><li><strong>O que é um mídia server:</strong> Sistema dedicado a reproduzir e distribuir conteúdo (vídeos, gráficos, camadas) em múltiplas telas/projetores com altíssima confiabilidade e sincronia, geralmente com hardware robusto e várias saídas.</li><li><strong>Watchout (Dataton):</strong> Padrão para shows e exposições: linha do tempo precisa, suporte a múltiplas telas com soft-edge blending, controlado por timecode. Excelente para sequências cronometradas.</li><li><strong>Modulo Pi (Modulo Player/Kinetic):</strong> Mídia server francês muito usado em mapping e cenografia grande, com mapeamento 3D, blending e gestão de muitas saídas.</li><li><strong>disguise (d3) e Pixera:</strong> disguise é referência em turnês e TV, com pré-visualização 3D do palco (previs) e gestão de pixel canvas; Pixera (AV Stumpfl) é outra plataforma forte em mapping e multitela.</li><li><strong>Millumin e PlaybackPro:</strong> Millumin é intuitivo para teatro/instalações; PlaybackPro Plus é um playback simples e confiável de clips em ordem (cue a cue), muito usado em corporativo para ''rolar o próximo vídeo'' sem erro.</li><li><strong>Timecode e SMPTE:</strong> Timecode (formato HH:MM:SS:FF) é um ''relógio'' que sincroniza vídeo, áudio e luz. SMPTE/MTC/LTC permite que o mídia server siga exatamente o tempo da música/show, disparando conteúdo no frame certo.</li><li><strong>Pixel canvas e mapeamento de saída:</strong> O server tem um grande ''canvas'' virtual onde você posiciona o conteúdo e recorta as regiões que vão para cada tela/projetor, fazendo blend nas emendas.</li><li><strong>Redundância (backup):</strong> Em produções grandes usa-se um segundo server espelhado que assume se o principal falhar (failover), garantindo que o show não pare.</li></ul><h4>Equipamentos / detalhes</h4><ul><li><strong>Watchout (Dataton) + nós de display:</strong> Servidor de produção mais nós que alimentam cada tela, sincronizados por rede e timecode.</li><li><strong>Modulo Pi (Modulo Player):</strong> Mídia server para mapping/cenografia grande com 3D, blending e muitas saídas.</li><li><strong>disguise (gx/vx) / Pixera:</strong> Plataformas de turnê e broadcast com previs 3D e gestão de pixel canvas.</li><li><strong>Gerador/leitor de timecode (LTC/MTC):</strong> Fornece o relógio SMPTE que sincroniza vídeo, áudio e luz no show.</li><li><strong>Servidor redundante (backup):</strong> Segunda máquina espelhada para failover automático em produções críticas.</li></ul><h4>Passo a passo</h4><ol><li><strong>1. Monte o pixel canvas:</strong> Defina a resolução total do conteúdo e posicione cada elemento no canvas virtual.</li><li><strong>2. Mapeie as saídas para as telas:</strong> Recorte as regiões do canvas que alimentam cada tela/projetor; faça blend nas emendas.</li><li><strong>3. Construa a timeline com cues:</strong> Coloque vídeos/gráficos na linha do tempo nos tempos exatos do show (abertura, música 1, etc.).</li><li><strong>4. Vincule ao timecode:</strong> Configure o server para seguir o LTC/MTC do show, de modo que o conteúdo dispare no frame certo com a música.</li><li><strong>5. Configure redundância:</strong> Espelhe o conteúdo num segundo server e teste o failover.</li><li><strong>6. Ensaie com a banda/operação:</strong> Rode a timeline com o timecode real do ensaio para conferir sincronia de vídeo, áudio e luz.</li></ol><p><strong>Na prática:</strong> Num show com cenário de LED e timecode, o conteúdo de cada música está numa timeline do Watchout. Quando a banda toca, o áudio envia LTC para o Watchout, que dispara automaticamente os vídeos no frame exato em todas as telas, com blend perfeito entre os painéis. Um segundo Watchout espelhado fica de prontidão — se o principal cair, o backup assume sem o público perceber.</p><h4>Resumo</h4><ul><li>Mídia server entrega playback confiável e sincronizado em múltiplas telas.</li><li>Timecode (SMPTE/LTC/MTC) é o relógio que sincroniza vídeo, áudio e luz.</li><li>Pixel canvas, blending e redundância são pilares das grandes produções.</li></ul>',28,3,true,false);
insert into public.quizzes (id,lesson_id,titulo) values ('66630888-7811-4623-b3e8-4ec648f977e8','9f3894e5-b753-4183-a302-c5374c579115','Quiz — Mídia servers e playback profissional: Watchout, Modulo Pi e');
insert into public.quiz_questions (id,quiz_id,texto,explicacao,ordem,pontos) values ('2ea81193-47c9-4242-9739-1f9b36fc9660','66630888-7811-4623-b3e8-4ec648f977e8','O que diferencia um mídia server de um VJ por software simples?','Mídia servers focam em playback cronometrado e sincronizado em várias telas com redundância.',1,1);
insert into public.quiz_options (question_id,texto,correta,ordem) values ('2ea81193-47c9-4242-9739-1f9b36fc9660','Nada',false,1);
insert into public.quiz_options (question_id,texto,correta,ordem) values ('2ea81193-47c9-4242-9739-1f9b36fc9660','Confiabilidade, sincronia precisa e múltiplas saídas controladas por timecode',true,2);
insert into public.quiz_options (question_id,texto,correta,ordem) values ('2ea81193-47c9-4242-9739-1f9b36fc9660','Só o preço',false,3);
insert into public.quiz_options (question_id,texto,correta,ordem) values ('2ea81193-47c9-4242-9739-1f9b36fc9660','Só roda imagens',false,4);
insert into public.quiz_questions (id,quiz_id,texto,explicacao,ordem,pontos) values ('4a71d1ff-3d2e-4ac5-82f3-7d11c1853c7e','66630888-7811-4623-b3e8-4ec648f977e8','O que é timecode (SMPTE/LTC)?','É a referência temporal que faz o conteúdo disparar no frame exato junto com a música e a luz.',2,1);
insert into public.quiz_options (question_id,texto,correta,ordem) values ('4a71d1ff-3d2e-4ac5-82f3-7d11c1853c7e','Um codec de vídeo',false,1);
insert into public.quiz_options (question_id,texto,correta,ordem) values ('4a71d1ff-3d2e-4ac5-82f3-7d11c1853c7e','Um relógio HH:MM:SS:FF que sincroniza vídeo, áudio e luz',true,2);
insert into public.quiz_options (question_id,texto,correta,ordem) values ('4a71d1ff-3d2e-4ac5-82f3-7d11c1853c7e','Um cabo',false,3);
insert into public.quiz_options (question_id,texto,correta,ordem) values ('4a71d1ff-3d2e-4ac5-82f3-7d11c1853c7e','Uma resolução',false,4);
insert into public.quiz_questions (id,quiz_id,texto,explicacao,ordem,pontos) values ('1d86d9f4-d0a0-46a2-998d-48b83b1ae83a','66630888-7811-4623-b3e8-4ec648f977e8','Para que serve o pixel canvas?','É a tela virtual onde o conteúdo é montado e fatiado para os destinos físicos.',3,1);
insert into public.quiz_options (question_id,texto,correta,ordem) values ('1d86d9f4-d0a0-46a2-998d-48b83b1ae83a','Gravar áudio',false,1);
insert into public.quiz_options (question_id,texto,correta,ordem) values ('1d86d9f4-d0a0-46a2-998d-48b83b1ae83a','Posicionar o conteúdo e recortar regiões para cada tela/projetor',true,2);
insert into public.quiz_options (question_id,texto,correta,ordem) values ('1d86d9f4-d0a0-46a2-998d-48b83b1ae83a','Trocar o conector',false,3);
insert into public.quiz_options (question_id,texto,correta,ordem) values ('1d86d9f4-d0a0-46a2-998d-48b83b1ae83a','Definir o BPM',false,4);
insert into public.quiz_questions (id,quiz_id,texto,explicacao,ordem,pontos) values ('9674d1bc-374b-4f86-8086-4ff82a70537d','66630888-7811-4623-b3e8-4ec648f977e8','Por que usar um servidor de backup?','A redundância garante que o show continue mesmo se o server principal cair.',4,1);
insert into public.quiz_options (question_id,texto,correta,ordem) values ('9674d1bc-374b-4f86-8086-4ff82a70537d','Para gravar mais',false,1);
insert into public.quiz_options (question_id,texto,correta,ordem) values ('9674d1bc-374b-4f86-8086-4ff82a70537d','Para assumir automaticamente se o principal falhar (failover)',true,2);
insert into public.quiz_options (question_id,texto,correta,ordem) values ('9674d1bc-374b-4f86-8086-4ff82a70537d','Para aumentar a resolução',false,3);
insert into public.quiz_options (question_id,texto,correta,ordem) values ('9674d1bc-374b-4f86-8086-4ff82a70537d','Para mixar áudio',false,4);
insert into public.modules (id,course_id,titulo,ordem) values ('501170b7-a1b4-4ff2-a552-eadc32374042','c8ee74bd-37a4-4ca1-bac4-00d6535d7a5e','Módulo 5 - Video Mapping, Edição e Conteúdo',5);
insert into public.lessons (id,module_id,titulo,tipo,conteudo_rico,duracao_min,ordem,tem_quiz,preview_gratis) values ('3fcd525f-7bb3-4a36-b52c-3806a5702d90','501170b7-a1b4-4ff2-a552-eadc32374042','Video mapping: warp, mask, blending e o passo a passo','texto','<p><strong>Para começar:</strong> Mapping é transformar qualquer objeto numa tela. A mágica vem do alinhamento preciso entre o conteúdo e a geometria real da superfície.</p><p>Video mapping (projeção mapeada) projeta imagem sobre superfícies 3D ou irregulares — prédios, cenários, objetos — fazendo o conteúdo ''vestir'' a forma. Esta aula explica os conceitos (warp, mask, mesh, blend) e dá um passo a passo de um mapping simples usando MadMapper/Resolume.</p><ul><li><strong>Conceito de mapping:</strong> Em vez de uma tela retangular plana, você projeta sobre uma forma real e deforma o conteúdo para que cada parte caia exatamente sobre a superfície correspondente.</li><li><strong>Warp (deformação):</strong> Ajusta os cantos e a malha da imagem para encaixar na perspectiva da superfície (correção de keystone e distorção). Você arrasta pontos até a imagem ''colar'' no objeto.</li><li><strong>Mask (máscara):</strong> Recorta a projeção para que a luz só apareça onde deve (na fachada, no objeto) e não vaze para o entorno. Define o contorno exato da área projetada.</li><li><strong>Slices e mesh:</strong> A composição é fatiada em slices, cada um mapeado para uma parte da superfície. Mesh warping usa uma grade flexível para superfícies curvas/irregulares.</li><li><strong>Blending (soft-edge):</strong> Quando vários projetores cobrem uma superfície grande, sobrepõem-se as bordas e o software suaviza a emenda (blend) para parecer uma imagem única, sem linha mais clara.</li><li><strong>Conteúdo feito para a forma:</strong> O conteúdo precisa ser produzido considerando a geometria: elementos animados que respeitam arestas, janelas, colunas. Um modelo/template da superfície guia o designer.</li><li><strong>Alinhamento e ajuste fino:</strong> Projeta-se uma grade sobre o objeto e ajusta-se warp/mask até cada linha cair na aresta certa; pequenos deslocamentos quebram a ilusão.</li></ul><h4>Equipamentos / detalhes</h4><ul><li><strong>MadMapper (software):</strong> Especializado em mapping: warp, mask, mesh, slices e saída multi-projetor com blend. Interface focada em superfícies.</li><li><strong>Resolume Arena (Advanced Output):</strong> Faz slicing, warp, mask e soft-edge no Output, unindo VJing e mapping num só software.</li><li><strong>Projetor laser com lens shift:</strong> Permite posicionar o projetor e alinhar a imagem ao objeto sem keystone excessivo.</li><li><strong>HeavyM / Millumin:</strong> Alternativas de mapping; HeavyM é simples para iniciantes, Millumin é forte em teatro/instalações.</li></ul><h4>Passo a passo</h4><ol><li><strong>1. Modele a superfície:</strong> Tire fotos/medidas do objeto e crie um template com suas formas para o designer produzir o conteúdo certo.</li><li><strong>2. Posicione o projetor:</strong> Coloque o projetor cobrindo toda a superfície, usando lens shift para minimizar keystone.</li><li><strong>3. Projete uma grade de alinhamento:</strong> Mande um test pattern de grade sobre o objeto para enxergar a deformação real.</li><li><strong>4. Crie slices e faça warp:</strong> No software, fatie a composição e arraste os cantos de cada slice até alinhar com as arestas do objeto.</li><li><strong>5. Aplique máscaras:</strong> Recorte a projeção para a luz só atingir a superfície desejada, sem vazamento.</li><li><strong>6. Faça blending se multiprojetor:</strong> Sobreponha as bordas dos projetores e ajuste o soft-edge até a emenda sumir.</li><li><strong>7. Rode o conteúdo e ajuste fino:</strong> Toque o conteúdo real e corrija pequenos desalinhamentos até a ilusão ficar perfeita.</li></ol><p><strong>Na prática:</strong> Para mapear uma fachada com três janelas, o técnico mede a fachada, cria um template e pede ao designer animações que ''acendem'' as janelas. No MadMapper, ele fatia a imagem em slices (uma por janela + a parede), faz warp de cada slice até casar com as arestas reais e mascara o entorno para a luz não vazar na calçada. Uma grade de alinhamento garante que cada animação caia exatamente na janela certa.</p><h4>Resumo</h4><ul><li>Mapping deforma o conteúdo (warp) e recorta (mask) para vestir uma superfície real.</li><li>Slices, mesh e blending permitem cobrir formas complexas e grandes com vários projetores.</li><li>O conteúdo precisa ser feito para a geometria, com alinhamento fino guiado por grade.</li></ul>',32,1,true,false);
insert into public.quizzes (id,lesson_id,titulo) values ('739278eb-9c5d-493f-89ea-3df8464ccc23','3fcd525f-7bb3-4a36-b52c-3806a5702d90','Quiz — Video mapping: warp, mask, blending e o passo a passo');
insert into public.quiz_questions (id,quiz_id,texto,explicacao,ordem,pontos) values ('4590a522-1eac-4536-a4b8-4bcd01139f6e','739278eb-9c5d-493f-89ea-3df8464ccc23','O que é warp no mapping?','Warp ajusta cantos/malha para o conteúdo colar na forma real do objeto.',1,1);
insert into public.quiz_options (question_id,texto,correta,ordem) values ('4590a522-1eac-4536-a4b8-4bcd01139f6e','Recortar a luz',false,1);
insert into public.quiz_options (question_id,texto,correta,ordem) values ('4590a522-1eac-4536-a4b8-4bcd01139f6e','Deformar a imagem para encaixar na perspectiva da superfície',true,2);
insert into public.quiz_options (question_id,texto,correta,ordem) values ('4590a522-1eac-4536-a4b8-4bcd01139f6e','Aumentar o brilho',false,3);
insert into public.quiz_options (question_id,texto,correta,ordem) values ('4590a522-1eac-4536-a4b8-4bcd01139f6e','Sincronizar áudio',false,4);
insert into public.quiz_questions (id,quiz_id,texto,explicacao,ordem,pontos) values ('f7f7f7a5-0592-4af8-9ba9-d6f11cbed2f8','739278eb-9c5d-493f-89ea-3df8464ccc23','Para que serve a máscara (mask)?','A máscara evita que a luz vaze para fora da área que deve ser projetada.',2,1);
insert into public.quiz_options (question_id,texto,correta,ordem) values ('f7f7f7a5-0592-4af8-9ba9-d6f11cbed2f8','Aumentar a resolução',false,1);
insert into public.quiz_options (question_id,texto,correta,ordem) values ('f7f7f7a5-0592-4af8-9ba9-d6f11cbed2f8','Recortar a projeção para a luz só atingir a superfície desejada',true,2);
insert into public.quiz_options (question_id,texto,correta,ordem) values ('f7f7f7a5-0592-4af8-9ba9-d6f11cbed2f8','Trocar o codec',false,3);
insert into public.quiz_options (question_id,texto,correta,ordem) values ('f7f7f7a5-0592-4af8-9ba9-d6f11cbed2f8','Definir BPM',false,4);
insert into public.quiz_questions (id,quiz_id,texto,explicacao,ordem,pontos) values ('7ed0ab7b-f61c-428b-a26a-b4d77ab9c1c8','739278eb-9c5d-493f-89ea-3df8464ccc23','O que é blending (soft-edge)?','O blend mistura as bordas sobrepostas de vários projetores, sem linha visível.',3,1);
insert into public.quiz_options (question_id,texto,correta,ordem) values ('7ed0ab7b-f61c-428b-a26a-b4d77ab9c1c8','Um efeito de cor',false,1);
insert into public.quiz_options (question_id,texto,correta,ordem) values ('7ed0ab7b-f61c-428b-a26a-b4d77ab9c1c8','Suavizar a emenda entre projetores para parecer uma imagem única',true,2);
insert into public.quiz_options (question_id,texto,correta,ordem) values ('7ed0ab7b-f61c-428b-a26a-b4d77ab9c1c8','Um tipo de cabo',false,3);
insert into public.quiz_options (question_id,texto,correta,ordem) values ('7ed0ab7b-f61c-428b-a26a-b4d77ab9c1c8','Uma transição de clip',false,4);
insert into public.quiz_questions (id,quiz_id,texto,explicacao,ordem,pontos) values ('8aeaed6a-4097-434a-aca3-d1745b2353b8','739278eb-9c5d-493f-89ea-3df8464ccc23','Por que criar um template da superfície?','O template garante que o conteúdo respeite arestas, janelas e formas do objeto.',4,1);
insert into public.quiz_options (question_id,texto,correta,ordem) values ('8aeaed6a-4097-434a-aca3-d1745b2353b8','Para gravar o evento',false,1);
insert into public.quiz_options (question_id,texto,correta,ordem) values ('8aeaed6a-4097-434a-aca3-d1745b2353b8','Para o designer produzir conteúdo alinhado à geometria real',true,2);
insert into public.quiz_options (question_id,texto,correta,ordem) values ('8aeaed6a-4097-434a-aca3-d1745b2353b8','Para escolher o cabo',false,3);
insert into public.quiz_options (question_id,texto,correta,ordem) values ('8aeaed6a-4097-434a-aca3-d1745b2353b8','Para calibrar áudio',false,4);
insert into public.lessons (id,module_id,titulo,tipo,conteudo_rico,duracao_min,ordem,tem_quiz,preview_gratis) values ('fb55c65c-c367-48c1-8961-74cd0f6c8062','501170b7-a1b4-4ff2-a552-eadc32374042','Edição para eventos: corte, transições, faixas, canais e exportação','texto','<p><strong>Para começar:</strong> Mesmo ao vivo, muito conteúdo é pré-produzido. Saber preparar e exportar mídia no formato certo evita travamentos no palco.</p><p>O técnico de vídeo também prepara o conteúdo: aberturas, vinhetas, loops, fundos. Esta aula cobre os fundamentos de edição relevantes para eventos — timeline, corte, transição, efeitos, faixas/canais — e, crucialmente, como exportar (encode) no formato e codec certos para rodar liso no Resolume/mídia server e nos telões.</p><ul><li><strong>Timeline, faixas e canais:</strong> A edição se dá numa linha do tempo com faixas (tracks) empilhadas: vídeo sobre vídeo, áudio em canais separados. Faixas superiores cobrem as inferiores; canais de áudio (L/R, estéreo) seguem o vídeo.</li><li><strong>Corte (cut):</strong> Dividir e remover trechos para montar a sequência. Cortes precisos definem o ritmo de uma vinheta ou abertura.</li><li><strong>Transições:</strong> Fade, dissolve, wipe entre clips. Em conteúdo de evento, transições limpas e na batida da música funcionam melhor que excesso de efeitos.</li><li><strong>Efeitos e correção de cor:</strong> Color grading deixa o conteúdo coeso e adequado ao telão (LED tende a estourar — controla-se brilho/contraste). Efeitos devem servir à mensagem, não competir com ela.</li><li><strong>Canal alpha e transparência:</strong> Para logos/elementos que entram por cima (no DSK/camada), exporta-se com canal alpha (ex.: ProRes 4444, PNG sequence) para preservar a transparência.</li><li><strong>Loops perfeitos (seamless):</strong> Fundos de palco precisam repetir sem ''pulo''. Edita-se o primeiro e o último frame para casarem, criando loop contínuo.</li><li><strong>Codec e contêiner para playback:</strong> Para VJ/mídia server prefira codecs leves para a CPU/GPU e de alta qualidade: HAP (otimizado para GPU, ideal no Resolume), DXV (codec nativo do Resolume), ProRes (qualidade alta, mais pesado). H.264/H.265 é ótimo para distribuir, mas pode ser pesado para muitas camadas ao vivo.</li><li><strong>Resolução e proporção de exportação:</strong> Exporte na resolução exata do destino (telão) e na proporção certa; nunca deixe o player reescalar no palco.</li></ul><h4>Equipamentos / detalhes</h4><ul><li><strong>Software de edição (Premiere, DaVinci Resolve, After Effects):</strong> Premiere/Resolve para corte e cor; After Effects para motion graphics, loops e elementos com alpha.</li><li><strong>Codec HAP / DXV:</strong> Codecs otimizados para playback ao vivo no Resolume; descomprimem na GPU, leves para muitas camadas.</li><li><strong>ProRes 4444:</strong> Alta qualidade com canal alpha, ótimo para masters e elementos com transparência.</li><li><strong>Plugin de encode HAP:</strong> Permite exportar HAP direto do software de edição para uso no Resolume.</li></ul><h4>Passo a passo</h4><ol><li><strong>1. Defina destino e specs:</strong> Saiba a resolução, proporção e frame rate do telão antes de começar a editar.</li><li><strong>2. Edite na timeline:</strong> Monte cortes e transições na batida; aplique correção de cor pensando no brilho do LED.</li><li><strong>3. Trate alpha quando preciso:</strong> Para elementos sobrepostos, trabalhe e exporte com canal alpha.</li><li><strong>4. Crie loops perfeitos:</strong> Para fundos, faça o início e o fim casarem para repetir sem pulo.</li><li><strong>5. Exporte no codec certo:</strong> Para Resolume, exporte em HAP/DXV; para masters/alpha, ProRes 4444; na resolução exata do destino.</li><li><strong>6. Teste no software de playback:</strong> Importe o arquivo no Resolume/mídia server e confirme FPS, looping e cor antes do evento.</li></ol><p><strong>Na prática:</strong> Para um fundo de palco em LED 1536x768 a 60p, o editor monta um loop de partículas no After Effects, ajusta primeiro/último frame para casarem e exporta em HAP na resolução exata. No Resolume, o clip roda em loop liso, leve na GPU, sem reescala. Já a vinheta com o logo do evento sai em ProRes 4444 com alpha, para entrar por cima das câmeras no DSK do switcher sem fundo.</p><h4>Resumo</h4><ul><li>Edição para evento prioriza cortes limpos, cor adequada ao LED e loops perfeitos.</li><li>Use canal alpha para elementos sobrepostos e a resolução exata do destino.</li><li>Codec importa: HAP/DXV para playback leve no Resolume; ProRes para masters com alpha.</li></ul>',26,2,true,false);
insert into public.quizzes (id,lesson_id,titulo) values ('51078ff3-8755-421e-9f8e-98a9a0d1a6a6','fb55c65c-c367-48c1-8961-74cd0f6c8062','Quiz — Edição para eventos: corte, transições, faixas, canais e exp');
insert into public.quiz_questions (id,quiz_id,texto,explicacao,ordem,pontos) values ('9754432c-3b7d-4413-91d1-f07dafb697d4','51078ff3-8755-421e-9f8e-98a9a0d1a6a6','Qual codec é otimizado para playback ao vivo no Resolume?','HAP/DXV são leves para a GPU, ideais para muitas camadas ao vivo no Resolume.',1,1);
insert into public.quiz_options (question_id,texto,correta,ordem) values ('9754432c-3b7d-4413-91d1-f07dafb697d4','H.264 sempre',false,1);
insert into public.quiz_options (question_id,texto,correta,ordem) values ('9754432c-3b7d-4413-91d1-f07dafb697d4','HAP/DXV (descomprime na GPU)',true,2);
insert into public.quiz_options (question_id,texto,correta,ordem) values ('9754432c-3b7d-4413-91d1-f07dafb697d4','MP3',false,3);
insert into public.quiz_options (question_id,texto,correta,ordem) values ('9754432c-3b7d-4413-91d1-f07dafb697d4','VGA',false,4);
insert into public.quiz_questions (id,quiz_id,texto,explicacao,ordem,pontos) values ('fd74f19d-5161-416d-982d-14c28c051ed4','51078ff3-8755-421e-9f8e-98a9a0d1a6a6','Quando você precisa de canal alpha na exportação?','Logos e elementos por cima exigem alpha (ProRes 4444, PNG sequence) para preservar a transparência.',2,1);
insert into public.quiz_options (question_id,texto,correta,ordem) values ('fd74f19d-5161-416d-982d-14c28c051ed4','Sempre',false,1);
insert into public.quiz_options (question_id,texto,correta,ordem) values ('fd74f19d-5161-416d-982d-14c28c051ed4','Quando o elemento será sobreposto e precisa de transparência',true,2);
insert into public.quiz_options (question_id,texto,correta,ordem) values ('fd74f19d-5161-416d-982d-14c28c051ed4','Só para áudio',false,3);
insert into public.quiz_options (question_id,texto,correta,ordem) values ('fd74f19d-5161-416d-982d-14c28c051ed4','Nunca',false,4);
insert into public.quiz_questions (id,quiz_id,texto,explicacao,ordem,pontos) values ('5ef26f0b-3d8e-4598-897f-868269f91c1e','51078ff3-8755-421e-9f8e-98a9a0d1a6a6','O que é um loop perfeito (seamless)?','Fundos contínuos precisam que o último frame combine com o primeiro, sem salto visível.',3,1);
insert into public.quiz_options (question_id,texto,correta,ordem) values ('5ef26f0b-3d8e-4598-897f-868269f91c1e','Um efeito de cor',false,1);
insert into public.quiz_options (question_id,texto,correta,ordem) values ('5ef26f0b-3d8e-4598-897f-868269f91c1e','Conteúdo cujo início e fim casam para repetir sem pulo',true,2);
insert into public.quiz_options (question_id,texto,correta,ordem) values ('5ef26f0b-3d8e-4598-897f-868269f91c1e','Um tipo de cabo',false,3);
insert into public.quiz_options (question_id,texto,correta,ordem) values ('5ef26f0b-3d8e-4598-897f-868269f91c1e','Uma transição',false,4);
insert into public.quiz_questions (id,quiz_id,texto,explicacao,ordem,pontos) values ('dc87d3a0-473f-439f-877c-bf41fc9cb9ce','51078ff3-8755-421e-9f8e-98a9a0d1a6a6','Por que exportar na resolução exata do destino?','Casar a resolução evita scaling no palco, que adiciona latência e borra a imagem.',4,1);
insert into public.quiz_options (question_id,texto,correta,ordem) values ('dc87d3a0-473f-439f-877c-bf41fc9cb9ce','Para gravar áudio',false,1);
insert into public.quiz_options (question_id,texto,correta,ordem) values ('dc87d3a0-473f-439f-877c-bf41fc9cb9ce','Para evitar reescala e perda no playback ao vivo',true,2);
insert into public.quiz_options (question_id,texto,correta,ordem) values ('dc87d3a0-473f-439f-877c-bf41fc9cb9ce','Para aumentar o brilho',false,3);
insert into public.quiz_options (question_id,texto,correta,ordem) values ('dc87d3a0-473f-439f-877c-bf41fc9cb9ce','Para mudar o codec',false,4);
insert into public.modules (id,course_id,titulo,ordem) values ('eb4fb5d5-6ced-47c6-b160-34fe56469aff','c8ee74bd-37a4-4ca1-bac4-00d6535d7a5e','Módulo 6 - Projeto, Operação e Documentação Profissional',6);
insert into public.lessons (id,module_id,titulo,tipo,conteudo_rico,duracao_min,ordem,tem_quiz,preview_gratis) values ('1659c14b-12d7-40e3-aede-ec54126a8bea','eb4fb5d5-6ced-47c6-b160-34fe56469aff','Conceitos avançados: resolução de trabalho, encode, formato e gestão de mídia','texto','<p><strong>Para começar:</strong> Organização e padronização técnica são o que separam o amador do profissional. Aqui você consolida resolução, encode e a gestão da mídia do evento.</p><p>Esta aula amarra os conceitos técnicos com a prática de organização: como padronizar resolução e encode do projeto inteiro, escolher formatos, e gerir mídia e armazenamento para que nada se perca ou trave no dia do evento.</p><ul><li><strong>Resolução de trabalho do projeto:</strong> Padronize uma resolução-mãe coerente com os destinos (telão/projeção). Produza e exporte tudo nela para evitar reescala em cadeia.</li><li><strong>Encode e bitrate:</strong> Encode é como o vídeo é comprimido. Bitrate alto = mais qualidade e peso; baixo = leve mas com artefatos. Para playback ao vivo, prefira codecs intra-frame (HAP/ProRes) a inter-frame muito comprimido (H.264 pesado), que exige mais da CPU.</li><li><strong>Formato e contêiner:</strong> Contêiner (MP4, MOV) embala vídeo+áudio; codec é a compressão interna. Saber a dupla certa (ex.: MOV+ProRes, MOV/AVI+HAP) garante compatibilidade com o software de playback.</li><li><strong>Pixels, profundidade de cor e gamut:</strong> Além da contagem, importa profundidade de bits (8/10 bits) e espaço de cor. 10 bits evita banding em degradês; o telão/processador deve suportar.</li><li><strong>Gestão de mídia e nomenclatura:</strong> Nomeie arquivos com clareza (evento_cena_versao_resolucao) e versione (v1, v2, final). Evite ''final_final2'' — use convenção e datas.</li><li><strong>Armazenamento e backup:</strong> SSD/NVMe para mídia ativa, HDD/rede para arquivo. Tenha pelo menos duas cópias (3-2-1: 3 cópias, 2 mídias, 1 fora do local). Leve a mídia do evento em mais de um pendrive/SSD.</li><li><strong>Organização de pastas:</strong> Estrutura padrão: /Conteúdo, /Masters, /Export_Telao, /Backup. Pastas claras aceleram a montagem e evitam rodar o arquivo errado ao vivo.</li></ul><h4>Equipamentos / detalhes</h4><ul><li><strong>SSD/NVMe externo (ex.: Samsung T7/T9, NVMe em case):</strong> Mídia ativa do evento com leitura rápida; leve duplicado como backup.</li><li><strong>NAS / HD de rede:</strong> Arquivo central e backup do projeto, acessível pela equipe.</li><li><strong>Software de transcode (Media Encoder, Shutter Encoder):</strong> Converte/padroniza arquivos para o codec/resolução do evento (ex.: gerar HAP de tudo).</li></ul><h4>Passo a passo</h4><ol><li><strong>1. Defina o padrão técnico do projeto:</strong> Fixe resolução-mãe, frame rate, codec e contêiner para todo o conteúdo.</li><li><strong>2. Transcode tudo para o padrão:</strong> Converta os arquivos recebidos para o codec/resolução do evento, eliminando surpresas no palco.</li><li><strong>3. Padronize a nomenclatura:</strong> Aplique uma convenção de nomes e versões clara em todos os arquivos.</li><li><strong>4. Estruture as pastas:</strong> Organize em pastas de conteúdo, masters, export e backup.</li><li><strong>5. Faça backup 3-2-1:</strong> Mantenha 3 cópias em 2 mídias com 1 fora do local; leve a mídia do evento duplicada.</li><li><strong>6. Valide no playback:</strong> Abra os arquivos finais no software do evento e confirme que rodam liso.</li></ol><p><strong>Na prática:</strong> Antes de um show, o técnico recebe vídeos em formatos variados (MP4 H.264, MOV ProRes, alguns 30p, outros 24p). Ele transcoda tudo para HAP 1536x768 a 60p no Shutter Encoder, nomeia como ''show_musica03_v2_1536x768.mov'', organiza em /Export_Telao, e leva em dois SSDs idênticos. No palco, tudo roda liso no Resolume porque está padronizado — nada de reescala ou codec pesado travando.</p><h4>Resumo</h4><ul><li>Padronize resolução, frame rate, codec e contêiner em todo o projeto.</li><li>Para playback ao vivo, prefira codecs intra-frame leves (HAP/ProRes) a H.264 pesado.</li><li>Nomenclatura, pastas e backup 3-2-1 evitam rodar o arquivo errado ou perder mídia.</li></ul>',24,1,true,false);
insert into public.quizzes (id,lesson_id,titulo) values ('f9060998-b1b7-4af1-8d61-cbaaa4da1851','1659c14b-12d7-40e3-aede-ec54126a8bea','Quiz — Conceitos avançados: resolução de trabalho, encode, formato ');
insert into public.quiz_questions (id,quiz_id,texto,explicacao,ordem,pontos) values ('9a96a22b-30ec-4f1b-8a6a-774717b3cade','f9060998-b1b7-4af1-8d61-cbaaa4da1851','Diferença entre contêiner e codec?','O contêiner empacota vídeo+áudio; o codec define como o vídeo é comprimido.',1,1);
insert into public.quiz_options (question_id,texto,correta,ordem) values ('9a96a22b-30ec-4f1b-8a6a-774717b3cade','São a mesma coisa',false,1);
insert into public.quiz_options (question_id,texto,correta,ordem) values ('9a96a22b-30ec-4f1b-8a6a-774717b3cade','Contêiner (MOV/MP4) embala; codec é a compressão interna',true,2);
insert into public.quiz_options (question_id,texto,correta,ordem) values ('9a96a22b-30ec-4f1b-8a6a-774717b3cade','Codec é o cabo',false,3);
insert into public.quiz_options (question_id,texto,correta,ordem) values ('9a96a22b-30ec-4f1b-8a6a-774717b3cade','Contêiner é a resolução',false,4);
insert into public.quiz_questions (id,quiz_id,texto,explicacao,ordem,pontos) values ('c5b3c3c2-301c-4c24-8206-2cd7135338d6','f9060998-b1b7-4af1-8d61-cbaaa4da1851','Por que evitar H.264 muito comprimido em muitas camadas ao vivo?','H.264 inter-frame exige mais processamento; HAP/ProRes intra-frame são mais leves ao vivo.',2,1);
insert into public.quiz_options (question_id,texto,correta,ordem) values ('c5b3c3c2-301c-4c24-8206-2cd7135338d6','Tem pouca cor',false,1);
insert into public.quiz_options (question_id,texto,correta,ordem) values ('c5b3c3c2-301c-4c24-8206-2cd7135338d6','É inter-frame e pesa na CPU; codecs intra-frame rodam melhor',true,2);
insert into public.quiz_options (question_id,texto,correta,ordem) values ('c5b3c3c2-301c-4c24-8206-2cd7135338d6','Não tem áudio',false,3);
insert into public.quiz_options (question_id,texto,correta,ordem) values ('c5b3c3c2-301c-4c24-8206-2cd7135338d6','É proibido',false,4);
insert into public.quiz_questions (id,quiz_id,texto,explicacao,ordem,pontos) values ('034bb7d5-1850-43d1-9071-97425387dcd4','f9060998-b1b7-4af1-8d61-cbaaa4da1851','O que diz a regra de backup 3-2-1?','É a boa prática de redundância de dados que protege contra perdas.',3,1);
insert into public.quiz_options (question_id,texto,correta,ordem) values ('034bb7d5-1850-43d1-9071-97425387dcd4','3 telas, 2 cabos, 1 PC',false,1);
insert into public.quiz_options (question_id,texto,correta,ordem) values ('034bb7d5-1850-43d1-9071-97425387dcd4','3 cópias, 2 mídias diferentes, 1 fora do local',true,2);
insert into public.quiz_options (question_id,texto,correta,ordem) values ('034bb7d5-1850-43d1-9071-97425387dcd4','3 codecs',false,3);
insert into public.quiz_options (question_id,texto,correta,ordem) values ('034bb7d5-1850-43d1-9071-97425387dcd4','3 projetores',false,4);
insert into public.quiz_questions (id,quiz_id,texto,explicacao,ordem,pontos) values ('2e5ccacc-12d3-459f-8393-bf3a70d6ec79','f9060998-b1b7-4af1-8d61-cbaaa4da1851','Por que transcodar tudo para um padrão antes do evento?','Padronizar resolução/codec garante playback liso e sem surpresas ao vivo.',4,1);
insert into public.quiz_options (question_id,texto,correta,ordem) values ('2e5ccacc-12d3-459f-8393-bf3a70d6ec79','Para gravar áudio',false,1);
insert into public.quiz_options (question_id,texto,correta,ordem) values ('2e5ccacc-12d3-459f-8393-bf3a70d6ec79','Para evitar reescala e codecs incompatíveis travando no palco',true,2);
insert into public.quiz_options (question_id,texto,correta,ordem) values ('2e5ccacc-12d3-459f-8393-bf3a70d6ec79','Para mudar a cor',false,3);
insert into public.quiz_options (question_id,texto,correta,ordem) values ('2e5ccacc-12d3-459f-8393-bf3a70d6ec79','Para economizar energia',false,4);
insert into public.lessons (id,module_id,titulo,tipo,conteudo_rico,duracao_min,ordem,tem_quiz,preview_gratis) values ('6ebdfbb2-c6b9-4bd9-b486-03f040b2aa0e','eb4fb5d5-6ced-47c6-b160-34fe56469aff','Briefing, rider técnico, documentação e jargões do mercado','texto','<p><strong>Para começar:</strong> O melhor técnico do mundo falha se não entender o que o cliente quer e não documentar a operação. Comunicação e papelada são parte do ofício.</p><p>Esta aula fecha o curso com o lado de projeto e comunicação: como ler/criar um briefing, montar um rider técnico, documentar o evento, organizar arquivos e equipe, e dominar os jargões para conversar de igual para igual com produção, áudio, luz e palco.</p><ul><li><strong>Briefing:</strong> Documento/conversa inicial que define objetivo, público, mensagem, referências visuais e expectativas do cliente. É a base de tudo: sem entender o briefing, você entrega o tecnicamente correto mas errado para o evento.</li><li><strong>Roteiro e cronograma (rundown):</strong> Sequência minuto a minuto do evento: o que acontece, quando, qual conteúdo entra, quem dispara. O rundown alinha vídeo com áudio, luz e palco.</li><li><strong>Requisitos técnicos e rider técnico:</strong> Rider é a lista do que você precisa: equipamentos, energia, cabeamento, posição de operação, resolução do telão, sinais de entrada/saída, ponto de internet. Entregue-o à produção com antecedência.</li><li><strong>Mapa de sinal e diagrama de cabeamento:</strong> Documente a cadeia de sinal (quem entra onde, que conversores, que saídas). Esse diagrama acelera a montagem e o diagnóstico no dia.</li><li><strong>Equipe e funções:</strong> Defina quem faz o quê: operador de corte, VJ, LED, cabeamento. Em eventos maiores, há hierarquia e comunicação por intercom.</li><li><strong>Documentação e organização de arquivos:</strong> Guarde briefing, rider, diagramas, conteúdo e versões num repositório organizado (nuvem/pasta padronizada), acessível à equipe e arquivado após o evento.</li><li><strong>Comunicação no evento (intercom):</strong> Headsets/intercom ligam vídeo, áudio, luz e direção. Use linguagem clara e objetiva (''stand by câmera 2'', ''vai VT'', ''corta'').</li><li><strong>Jargões técnicos:</strong> Domine o vocabulário: PGM/PVW, VT (videotape, o vídeo a rolar), ''stand by'', ''no ar'', tally, DSK, cue, blackout, feed, return, GFX, lower-third, timecode, blend, cabinet, pitch, nits, throw ratio.</li><li><strong>Licenças e direitos:</strong> Conteúdo de terceiros (músicas, vídeos, fontes) pode exigir licença. Verifique direitos do material projetado para evitar problemas legais.</li></ul><h4>Equipamentos / detalhes</h4><ul><li><strong>Sistema de intercom (ex.: Clear-Com, Hollyland):</strong> Comunicação por headset entre vídeo, áudio, luz e direção durante o evento.</li><li><strong>Software de diagrama (ex.: draw.io, Visio):</strong> Para desenhar o mapa de sinal e o rider de forma clara para a produção.</li><li><strong>Nuvem/repositório (Drive, Dropbox):</strong> Centraliza briefing, rider, diagramas e conteúdo, com versões, acessível à equipe.</li></ul><h4>Passo a passo</h4><ol><li><strong>1. Levante o briefing:</strong> Entenda objetivo, público, mensagem e referências; tire dúvidas antes de planejar.</li><li><strong>2. Monte o rundown:</strong> Liste o evento minuto a minuto, marcando entradas de conteúdo e quem dispara.</li><li><strong>3. Escreva o rider técnico:</strong> Liste equipamentos, energia, cabeamento, posição de operação e resolução do telão; envie à produção.</li><li><strong>4. Desenhe o mapa de sinal:</strong> Documente a cadeia completa, da fonte ao destino, com conversores e saídas.</li><li><strong>5. Defina a equipe e a comunicação:</strong> Atribua funções e estabeleça intercom e linguagem padrão.</li><li><strong>6. Organize e arquive a documentação:</strong> Centralize tudo em pasta/nuvem padronizada; arquive após o evento para reuso.</li></ol><p><strong>Na prática:</strong> Para um evento corporativo, o técnico recebe o briefing (palestra + telão 21:9 + transmissão), monta o rundown com a produção marcando quando entra cada slide e VT, escreve o rider (switcher, 2 câmeras, processador, energia, ponto de internet, mesa de operação no fundo da sala) e desenha o mapa de sinal. No dia, com tudo documentado e o intercom ligado, a montagem flui e qualquer problema é diagnosticado pelo diagrama em minutos.</p><h4>Resumo</h4><ul><li>Briefing e rundown garantem que você entregue o que o evento realmente precisa.</li><li>Rider técnico e mapa de sinal alinham produção e aceleram montagem/diagnóstico.</li><li>Comunicação clara (intercom/jargões), documentação organizada e licenças fecham o profissionalismo.</li></ul>',26,2,true,false);
insert into public.quizzes (id,lesson_id,titulo) values ('8f08a1f8-490c-4ea2-b4d1-a972ff56aee1','6ebdfbb2-c6b9-4bd9-b486-03f040b2aa0e','Quiz — Briefing, rider técnico, documentação e jargões do mercado');
insert into public.quiz_questions (id,quiz_id,texto,explicacao,ordem,pontos) values ('5d63f9f7-1129-480a-bd13-0d79b32cd85d','8f08a1f8-490c-4ea2-b4d1-a972ff56aee1','O que é o briefing?','Sem entender o briefing, você entrega o tecnicamente correto mas errado para o evento.',1,1);
insert into public.quiz_options (question_id,texto,correta,ordem) values ('5d63f9f7-1129-480a-bd13-0d79b32cd85d','A lista de cabos',false,1);
insert into public.quiz_options (question_id,texto,correta,ordem) values ('5d63f9f7-1129-480a-bd13-0d79b32cd85d','O documento que define objetivo, público e expectativas do cliente',true,2);
insert into public.quiz_options (question_id,texto,correta,ordem) values ('5d63f9f7-1129-480a-bd13-0d79b32cd85d','O codec do vídeo',false,3);
insert into public.quiz_options (question_id,texto,correta,ordem) values ('5d63f9f7-1129-480a-bd13-0d79b32cd85d','A luz da câmera',false,4);
insert into public.quiz_questions (id,quiz_id,texto,explicacao,ordem,pontos) values ('1c091ed2-e861-4448-be34-8709246caf86','8f08a1f8-490c-4ea2-b4d1-a972ff56aee1','Para que serve o rider técnico?','O rider comunica tudo o que você precisa, com antecedência, para a montagem acontecer.',2,1);
insert into public.quiz_options (question_id,texto,correta,ordem) values ('1c091ed2-e861-4448-be34-8709246caf86','Para gravar áudio',false,1);
insert into public.quiz_options (question_id,texto,correta,ordem) values ('1c091ed2-e861-4448-be34-8709246caf86','Listar equipamentos, energia, cabeamento e requisitos à produção',true,2);
insert into public.quiz_options (question_id,texto,correta,ordem) values ('1c091ed2-e861-4448-be34-8709246caf86','Definir o BPM',false,3);
insert into public.quiz_options (question_id,texto,correta,ordem) values ('1c091ed2-e861-4448-be34-8709246caf86','Trocar o codec',false,4);
insert into public.quiz_questions (id,quiz_id,texto,explicacao,ordem,pontos) values ('392cae13-8614-451a-898f-1638c39401a2','8f08a1f8-490c-4ea2-b4d1-a972ff56aee1','O que significa ''VT'' no jargão de evento?','VT é o clipe/vídeo que será disparado; ''vai VT'' significa rolar esse conteúdo.',3,1);
insert into public.quiz_options (question_id,texto,correta,ordem) values ('392cae13-8614-451a-898f-1638c39401a2','Voltagem',false,1);
insert into public.quiz_options (question_id,texto,correta,ordem) values ('392cae13-8614-451a-898f-1638c39401a2','O vídeo pré-produzido a rolar (videotape)',true,2);
insert into public.quiz_options (question_id,texto,correta,ordem) values ('392cae13-8614-451a-898f-1638c39401a2','Um cabo',false,3);
insert into public.quiz_options (question_id,texto,correta,ordem) values ('392cae13-8614-451a-898f-1638c39401a2','Uma câmera',false,4);
insert into public.quiz_questions (id,quiz_id,texto,explicacao,ordem,pontos) values ('bb032e5f-f577-4872-bbe3-9b04d008f54f','8f08a1f8-490c-4ea2-b4d1-a972ff56aee1','Por que verificar licenças do conteúdo?','Músicas, vídeos e fontes de terceiros podem exigir licença de uso.',4,1);
insert into public.quiz_options (question_id,texto,correta,ordem) values ('bb032e5f-f577-4872-bbe3-9b04d008f54f','Para aumentar a resolução',false,1);
insert into public.quiz_options (question_id,texto,correta,ordem) values ('bb032e5f-f577-4872-bbe3-9b04d008f54f','Para evitar problemas legais com material de terceiros',true,2);
insert into public.quiz_options (question_id,texto,correta,ordem) values ('bb032e5f-f577-4872-bbe3-9b04d008f54f','Para mudar a cor',false,3);
insert into public.quiz_options (question_id,texto,correta,ordem) values ('bb032e5f-f577-4872-bbe3-9b04d008f54f','Para economizar energia',false,4);
insert into public.quiz_questions (id,quiz_id,texto,explicacao,ordem,pontos) values ('1f55737e-089c-4197-9d0b-bcd4dda97dc8','8f08a1f8-490c-4ea2-b4d1-a972ff56aee1','Qual a função do mapa de sinal na documentação?','O diagrama de cabeamento guia a montagem e permite achar falhas rapidamente.',5,1);
insert into public.quiz_options (question_id,texto,correta,ordem) values ('1f55737e-089c-4197-9d0b-bcd4dda97dc8','Decoração',false,1);
insert into public.quiz_options (question_id,texto,correta,ordem) values ('1f55737e-089c-4197-9d0b-bcd4dda97dc8','Acelerar montagem e diagnóstico mostrando a cadeia da fonte ao destino',true,2);
insert into public.quiz_options (question_id,texto,correta,ordem) values ('1f55737e-089c-4197-9d0b-bcd4dda97dc8','Gravar o evento',false,3);
insert into public.quiz_options (question_id,texto,correta,ordem) values ('1f55737e-089c-4197-9d0b-bcd4dda97dc8','Definir o público',false,4);
insert into public.modules (id,course_id,titulo,ordem) values ('2fbb9857-d6ee-461b-ab43-e225e25ccc6a','c8ee74bd-37a4-4ca1-bac4-00d6535d7a5e','Equipamentos de Vídeo: Modelos e Detalhes',7);
insert into public.lessons (id,module_id,titulo,tipo,conteudo_rico,duracao_min,ordem,tem_quiz,preview_gratis) values ('8cd7ef59-d8dc-41c9-8c4e-2dc90d04f317','2fbb9857-d6ee-461b-ab43-e225e25ccc6a','Switchers (Mesas de Corte): ATEM, Roland e Analog Way','texto','<p><strong>Para começar:</strong> Toda transmissão e todo evento ao vivo com mais de uma fonte de imagem passa por um switcher. É o coração da operação de vídeo: é onde você escolhe, mistura e entrega a imagem final.</p><p>Nesta aula você vai entender o que é um switcher (mesa de corte), a lógica PGM/PVW, o conceito de keyer (chroma e luma), os tipos de transição e como dimensionar entradas/saídas. Vamos comparar os modelos reais mais usados no mercado, do entrada de linha (Blackmagic ATEM Mini) ao broadcast profissional (Analog Way, Roland V-800HD).</p><ul><li><strong>O que é um switcher:</strong> Um switcher é o equipamento que recebe várias fontes de vídeo (câmeras, computador, players) e permite selecionar qual vai ao ar, aplicar transições, sobrepor gráficos e gerar uma única saída de programa (PGM). É a diferença entre ''gravar uma câmera'' e ''dirigir um programa ao vivo''.</li><li><strong>PGM e PVW (Program e Preview):</strong> PGM (Program) é o que está NO AR agora; é o sinal que vai para a gravação, streaming e telão. PVW (Preview, também chamado Preset) é a próxima fonte que você está preparando para entrar — você seleciona no PVW e, ao acionar a transição (CUT/AUTO), ela troca de lugar com o PGM. Trabalhar com PVW evita cortar para uma fonte errada ou enquadrada errada.</li><li><strong>Buses, M/E e mixagem:</strong> Cada barramento (bus) é uma fileira de botões de seleção de fonte. Mesas profissionais têm um ou mais blocos M/E (Mix/Effects): cada M/E tem seu próprio PGM/PVW e keyers, e o resultado de um M/E pode virar fonte de outro — isso permite composições em camadas. Mesas de entrada têm tipicamente 1 M/E.</li><li><strong>Keyers: chroma key e luma key:</strong> O keyer recorta uma parte da imagem para sobrepor sobre outra. Chroma key recorta uma cor (fundo verde/azul) — usado para apresentador sobre cenário virtual. Luma key recorta por brilho (preto/branco) — usado para lower thirds e gráficos. DSK (Downstream Keyer) é uma camada final aplicada por cima de tudo, ideal para logo permanente ou créditos.</li><li><strong>Transições:</strong> CUT é o corte seco (troca instantânea). MIX/DISSOLVE é o crossfade. WIPE é uma transição com forma (cortina/diagonal). STING/DVE são transições animadas com vídeo ou efeito digital. A escolha define o ritmo: corte para dinamismo, dissolve para clima.</li><li><strong>Entradas, saídas e formatos:</strong> Conte as entradas pelo número de fontes simultâneas (4, 8, 12, 20...). Verifique se são HDMI (consumer/AV) ou SDI (broadcast, cabo longo). Saídas importantes: PGM (programa), AUX (saída auxiliar/independente, usada para telão ou ISO), Multiview (todas as fontes numa tela só) e gravação/streaming.</li></ul><h4>Equipamentos / detalhes</h4><ul><li><strong>Blackmagic ATEM Mini / Mini Pro / Mini Extreme ISO:</strong> Switcher compacto USB de entrada. Mini: 4 entradas HDMI, saída via USB (a câmera aparece como webcam no PC). Mini Pro: adiciona streaming direto por Ethernet e gravação em USB. Mini Extreme ISO: 8 entradas HDMI, multiview, 2 keyers, e grava cada entrada isolada (ISO) + projeto do DaVinci Resolve. Quando usar: lives, podcasts em vídeo, cultos e eventos pequenos/médios com fontes HDMI. Limite: HDMI tem alcance curto, sem painel físico grande no modelo Mini.</li><li><strong>Blackmagic ATEM Constellation / ATEM 2 M/E / 4 M/E:</strong> Linha broadcast em rack com entradas SDI (8 a 40), múltiplos M/E, vários keyers por M/E e várias saídas AUX. Controlada por software (ATEM Software Control) ou por painel físico Hardware Panel. Quando usar: TV, grandes eventos, multicâmera SDI com cabeamento longo.</li><li><strong>Roland V-60HD:</strong> Mesa de corte HD com painel físico dedicado: 6 entradas (4 SDI + 2 HDMI, configuráveis), PGM/PVW reais, 1 PinP + 1 key, transições e áudio embarcado com mixer. Quando usar: operação ao vivo com botões físicos, igrejas, auditórios e produções de evento que querem hardware tátil sem depender de notebook.</li><li><strong>Roland V-800HD MK II:</strong> Switcher de apresentação/evento topo de linha da Roland: 8 entradas com scalers independentes em cada uma (aceita resoluções e formatos diferentes), 2 M/E, keyers de luma/chroma, saída multiformato. Quando usar: eventos corporativos com fontes mistas (câmera + notebook em resoluções variadas), shows e telões.</li><li><strong>Roland VR-series (VR-4HD / VR-50HD MK II / VR-120HD):</strong> Switchers AV com mixer de áudio integrado e saída USB para streaming. VR-120HD: até 12 entradas (HDMI/SDI), scaler em todas, multiview por toque. Quando usar: produção ''tudo-em-um'' (vídeo + áudio + streaming) para webinars, igrejas e salas híbridas.</li><li><strong>Analog Way Aquilon RS / Picturall / LiveCore Eikos:</strong> Switchers/processadores de apresentação de altíssimo nível para grandes telões e blends. Múltiplas camadas, mistura de fontes 4K/8K, soft-edge blending entre projetores, mapeamento de tela. Quando usar: grandes congressos, palcos com telões enormes e múltiplas superfícies. É padrão de rental/AV pro.</li><li><strong>NewTek / Vizrt TriCaster (TC1, Mini):</strong> Switcher por software em hardware dedicado, forte em NDI: dezenas de entradas via rede, gravação ISO, replay, gráficos, virtual sets e streaming integrado. Quando usar: estúdios que produzem com fontes IP/NDI e querem replay, grafismo e multicâmera num só sistema.</li></ul><h4>Passo a passo</h4><ol><li><strong>1. Mapeie as fontes:</strong> Liste todas as fontes (câmeras, notebook, player) e seus formatos (HDMI/SDI, 1080p60 etc.). O switcher precisa de uma entrada por fonte simultânea.</li><li><strong>2. Defina o formato do projeto:</strong> No switcher, configure o formato de saída (ex.: 1080p60). Fontes com formato diferente passam pelo scaler (se houver) ou precisam ser convertidas antes.</li><li><strong>3. Conecte e identifique entradas:</strong> Ligue cada fonte à entrada correspondente e nomeie no multiview. Confira sincronismo: fontes sem sync podem ''piscar'' no corte (em mesas sem frame sync por entrada).</li><li><strong>4. Trabalhe com PVW:</strong> Selecione a próxima fonte sempre no PVW/Preset, confira enquadramento e só então acione AUTO ou CUT para colocá-la em PGM.</li><li><strong>5. Configure keyers:</strong> Coloque o logo no DSK (upstream/downstream). Para chroma, ajuste a cor-chave, o spill e o softness sobre o fundo verde.</li><li><strong>6. Defina saídas:</strong> Roteie PGM para gravação/streaming e AUX para o telão. Confira no multiview antes de abrir o evento.</li></ol><p><strong>Na prática:</strong> Num culto com 3 câmeras SDI e um notebook com a letra/slides, uma Roland V-60HD resolve com folga: 4 SDI + 2 HDMI, PGM/PVW físicos e mixer de áudio. Você deixa a câmera geral no PVW, prepara o close no PVW antes de cada troca e usa o DSK para o logo da igreja fixo no canto. Já num webinar caseiro com 2 câmeras HDMI e tela compartilhada, um ATEM Mini Pro entrega tudo: corte, streaming direto e gravação no pen drive.</p><h4>Resumo</h4><ul><li>O switcher seleciona, mistura e entrega a imagem final: PGM é o que está no ar, PVW é o que você prepara antes.</li><li>Keyers (chroma/luma/DSK) sobrepõem gráficos e recortes; transições (cut, mix, wipe) definem o ritmo.</li><li>Escolha pelo número e tipo de entradas: ATEM Mini para HDMI/lives, Roland V-60/V-800 para hardware tátil, Analog Way/TriCaster para grandes eventos.</li></ul>',28,1,true,false);
insert into public.quizzes (id,lesson_id,titulo) values ('1de87294-f4d5-4cac-ab81-f1ffc48c4b1b','8cd7ef59-d8dc-41c9-8c4e-2dc90d04f317','Quiz — Switchers (Mesas de Corte): ATEM, Roland e Analog Way');
insert into public.quiz_questions (id,quiz_id,texto,explicacao,ordem,pontos) values ('acb40e34-d4c5-467b-89ae-3aee151b602e','1de87294-f4d5-4cac-ab81-f1ffc48c4b1b','No fluxo de uma mesa de corte, o que significa PGM?','PGM (Program) é o sinal que está no ar; PVW (Preview/Preset) é o que você prepara antes de colocar no ar.',1,1);
insert into public.quiz_options (question_id,texto,correta,ordem) values ('acb40e34-d4c5-467b-89ae-3aee151b602e','A fonte que está sendo preparada para entrar',false,1);
insert into public.quiz_options (question_id,texto,correta,ordem) values ('acb40e34-d4c5-467b-89ae-3aee151b602e','O sinal que está NO AR, indo para gravação/stream/telão',true,2);
insert into public.quiz_options (question_id,texto,correta,ordem) values ('acb40e34-d4c5-467b-89ae-3aee151b602e','A saída de áudio do mixer',false,3);
insert into public.quiz_options (question_id,texto,correta,ordem) values ('acb40e34-d4c5-467b-89ae-3aee151b602e','Um efeito de transição animada',false,4);
insert into public.quiz_questions (id,quiz_id,texto,explicacao,ordem,pontos) values ('e3efe055-94b4-4971-a49d-2f0c9160c157','1de87294-f4d5-4cac-ab81-f1ffc48c4b1b','Qual keyer é o mais indicado para um logo permanente sobre tudo na tela?','O DSK é aplicado como camada final, por cima de toda a composição, ideal para logo/crédito fixo.',2,1);
insert into public.quiz_options (question_id,texto,correta,ordem) values ('e3efe055-94b4-4971-a49d-2f0c9160c157','Chroma key',false,1);
insert into public.quiz_options (question_id,texto,correta,ordem) values ('e3efe055-94b4-4971-a49d-2f0c9160c157','DSK (Downstream Keyer)',true,2);
insert into public.quiz_options (question_id,texto,correta,ordem) values ('e3efe055-94b4-4971-a49d-2f0c9160c157','Luma invertido',false,3);
insert into public.quiz_options (question_id,texto,correta,ordem) values ('e3efe055-94b4-4971-a49d-2f0c9160c157','AUX bus',false,4);
insert into public.quiz_questions (id,quiz_id,texto,explicacao,ordem,pontos) values ('99f0e699-53e1-4618-a608-ed51c2a7442f','1de87294-f4d5-4cac-ab81-f1ffc48c4b1b','Por que o ATEM Mini é popular em lives e podcasts?','O ATEM Mini sai por USB como webcam e mistura entradas HDMI, perfeito para lives e podcasts em vídeo.',3,1);
insert into public.quiz_options (question_id,texto,correta,ordem) values ('99f0e699-53e1-4618-a608-ed51c2a7442f','Tem entradas SDI de longa distância',false,1);
insert into public.quiz_options (question_id,texto,correta,ordem) values ('99f0e699-53e1-4618-a608-ed51c2a7442f','Aparece como webcam via USB e corta fontes HDMI',true,2);
insert into public.quiz_options (question_id,texto,correta,ordem) values ('99f0e699-53e1-4618-a608-ed51c2a7442f','É um media server de camadas',false,3);
insert into public.quiz_options (question_id,texto,correta,ordem) values ('99f0e699-53e1-4618-a608-ed51c2a7442f','Faz soft-edge blending de projetores',false,4);
insert into public.quiz_questions (id,quiz_id,texto,explicacao,ordem,pontos) values ('12996259-b0cc-45c2-b3b3-697462cde97d','1de87294-f4d5-4cac-ab81-f1ffc48c4b1b','Qual diferencial torna a Roland V-800HD adequada a eventos corporativos com fontes mistas?','Cada entrada da V-800HD tem scaler próprio, então câmera 1080p e notebook em outra resolução convivem sem conversores externos.',4,1);
insert into public.quiz_options (question_id,texto,correta,ordem) values ('12996259-b0cc-45c2-b3b3-697462cde97d','Não tem scaler',false,1);
insert into public.quiz_options (question_id,texto,correta,ordem) values ('12996259-b0cc-45c2-b3b3-697462cde97d','Scaler independente em cada entrada, aceitando formatos diferentes',true,2);
insert into public.quiz_options (question_id,texto,correta,ordem) values ('12996259-b0cc-45c2-b3b3-697462cde97d','Só aceita HDMI',false,3);
insert into public.quiz_options (question_id,texto,correta,ordem) values ('12996259-b0cc-45c2-b3b3-697462cde97d','Apenas 1 entrada',false,4);
insert into public.quiz_questions (id,quiz_id,texto,explicacao,ordem,pontos) values ('d9f13fa2-3392-4369-a68a-730c6bfa4c7c','1de87294-f4d5-4cac-ab81-f1ffc48c4b1b','O que é uma saída AUX num switcher?','A AUX é uma saída auxiliar roteável de forma independente do PGM, comum para alimentar telão ou gravar uma fonte isolada.',5,1);
insert into public.quiz_options (question_id,texto,correta,ordem) values ('d9f13fa2-3392-4369-a68a-730c6bfa4c7c','A saída principal de programa',false,1);
insert into public.quiz_options (question_id,texto,correta,ordem) values ('d9f13fa2-3392-4369-a68a-730c6bfa4c7c','Uma saída auxiliar independente, usada para telão ou ISO',true,2);
insert into public.quiz_options (question_id,texto,correta,ordem) values ('d9f13fa2-3392-4369-a68a-730c6bfa4c7c','A entrada de microfone',false,3);
insert into public.quiz_options (question_id,texto,correta,ordem) values ('d9f13fa2-3392-4369-a68a-730c6bfa4c7c','O multiview',false,4);
insert into public.lessons (id,module_id,titulo,tipo,conteudo_rico,duracao_min,ordem,tem_quiz,preview_gratis) values ('13e8692d-5ad5-4b97-9235-59d47d847911','2fbb9857-d6ee-461b-ab43-e225e25ccc6a','Media Servers e Software: Resolume, Watchout, disguise e Green Hippo','texto','<p><strong>Para começar:</strong> Quando o conteúdo deixa de ser ''uma câmera ao vivo'' e passa a ser vídeo, gráficos e mapeamento sobre cenários, palcos e telões irregulares, entra o media server. Ele toca, organiza e distribui o conteúdo visual do show.</p><p>Nesta aula você vai entender o que é um media server, a lógica de camadas (layers) e composições, o que é projection mapping / output mapping, e como esses sistemas distribuem o sinal para vários projetores e painéis. Comparamos Resolume Arena, Dataton Watchout, disguise (d3) e Green Hippo Hippotizer.</p><ul><li><strong>O que é um media server:</strong> É um sistema (software + hardware potente, geralmente com várias saídas de vídeo) que reproduz clips, gráficos e conteúdo gerado em tempo real e os distribui de forma sincronizada para projetores e telões. É o que transforma um arquivo de vídeo em um show mapeado num cenário 3D, num piso de LED ou num blend de projetores.</li><li><strong>Camadas (layers) e composição:</strong> Como num editor, o conteúdo é montado em camadas sobrepostas: vídeo de fundo, gráficos, máscaras, efeitos. Cada camada tem opacidade, blend mode, posição e efeitos. Você dispara/ativa camadas ao vivo (ex.: Resolume) ou roda numa timeline programada (ex.: Watchout).</li><li><strong>Timeline x trigger ao vivo:</strong> Há duas filosofias: timeline (tudo programado em uma linha do tempo, ideal para shows roteirizados e sincronizados com áudio/luz — Watchout, disguise) e disparo ao vivo (você aciona clips/efeitos na hora, como um VJ — Resolume). Muitos sistemas fazem os dois.</li><li><strong>Mapping: output mapping e projection mapping:</strong> Output mapping é dizer ao servidor para qual fração de qual saída cada parte da composição vai (recorte de tela, telão dividido). Projection mapping é deformar a imagem para ela encaixar numa superfície 3D real (prédio, objeto, cenário) — usa malhas/warp e máscaras para alinhar pixel com a geometria física.</li><li><strong>Soft-edge blending:</strong> Quando dois ou mais projetores se sobrepõem para formar uma imagem única e gigante, o servidor cria uma faixa de mistura (blend) entre eles, com gradiente, para que a emenda não apareça. É função central em projeção de grande porte.</li><li><strong>Sincronismo e redundância:</strong> Em shows grandes, vários servidores trabalham juntos (master/backup) sincronizados por timecode. Sistemas como disguise e Watchout oferecem failover (servidor reserva assume se o principal cair), essencial em eventos onde não pode haver tela preta.</li></ul><h4>Equipamentos / detalhes</h4><ul><li><strong>Resolume Arena / Avenue:</strong> Software de VJ e media server. Avenue é a versão de disparo ao vivo de clips em grade (decks/layers). Arena adiciona output a vários telões, projection mapping (Advanced Output), soft-edge blending, SMPTE timecode e suporte a DMX/Art-Net. Quando usar: shows, baladas, palcos de música, painéis de LED com conteúdo disparado ao vivo. Roda em PC/Mac potente. Forte ecossistema de efeitos e plugins (FFGL).</li><li><strong>Dataton Watchout:</strong> Sistema de display multitela baseado em timeline, padrão em museus, instalações fixas e shows roteirizados. Arquitetura: um computador de produção controla vários computadores de display (cada um com suas saídas), tudo sincronizado por rede. Forte em soft-edge blending e telões de altíssima resolução montados por mosaico. Quando usar: cenários permanentes, exposições, grandes painéis e projeções programadas com precisão de quadro.</li><li><strong>disguise (antiga d3) — gx/vx/Pro Range + Designer:</strong> Plataforma de ponta para shows, turnês, broadcast e xR (extended reality). O software Designer trabalha com um palco virtual 3D: você modela o cenário/LED no software e o conteúdo é mapeado sobre o modelo. Forte em xR/AR (estúdios com LED volume), camera tracking e workflows de produção virtual. Hardware dedicado (gx 2c/3, vx 4) com muitas saídas. Quando usar: grandes turnês, estúdios de produção virtual, broadcast premium.</li><li><strong>Green Hippo Hippotizer (Karst, Boreal, Taiga, Montane):</strong> Linha de media servers britânica (tbetha/tvONE) muito usada em rental e broadcast. Software Hippotizer com engine de pixel mapping, projection mapping (componente Mapper), notch (efeitos em tempo real) e ZooKeeper para controle multiusuário. Modelos escalam por número/resolução de saídas (Karst entrada → Taiga topo 4K/8K). Quando usar: eventos corporativos, shows e TV com necessidade de muitas saídas confiáveis.</li><li><strong>Avolites Ai / AiM:</strong> Media server frequentemente integrado a consoles de iluminação Avolites, com palco 3D (Stage Construction), salvo via ''Performance''. Forte em pixel mapping de LED e integração luz+vídeo. Quando usar: produções onde o operador de luz também dispara o vídeo, shows e festivais.</li><li><strong>PVP / QLab / Millumin / MadMapper:</strong> Soluções de software mais acessíveis. QLab (Mac): disparo de mídia/áudio em teatro, à base de cues. Millumin e MadMapper: projection mapping e mapping de LED em Mac, ótimos para artistas, instalações e eventos de menor porte. Quando usar: teatro, instalações artísticas, eventos pequenos e médios com orçamento enxuto.</li></ul><h4>Passo a passo</h4><ol><li><strong>1. Modele a saída física:</strong> Defina quantos projetores/telões e qual a resolução total. No servidor, configure as saídas e a tela/canvas correspondente à área física real.</li><li><strong>2. Monte a composição em camadas:</strong> Importe os clips/gráficos e organize em camadas: fundo, conteúdo, máscaras, efeitos. Ajuste opacidade e blend de cada uma.</li><li><strong>3. Faça o output/projection mapping:</strong> No módulo de saída (Advanced Output no Resolume, Mapper no Hippo), recorte e warpe a imagem para encaixar em cada superfície/telão. Use grade/malha para deformar.</li><li><strong>4. Ajuste o soft-edge blending:</strong> Onde dois projetores se sobrepõem, configure a faixa de blend (largura + curva de gamma) até a emenda sumir.</li><li><strong>5. Programe timeline ou cues:</strong> Para show roteirizado, monte a timeline com timecode; para disparo ao vivo, organize clips em decks/colunas para acionar na hora.</li><li><strong>6. Configure redundância e teste:</strong> Em eventos críticos, defina servidor de backup e sincronismo por timecode. Faça um ensaio completo verificando sincronismo entre todas as saídas.</li></ol><p><strong>Na prática:</strong> Num show de música com 3 telões de LED diferentes, o Resolume Arena dispara loops e gráficos ao vivo: cada telão recebe um recorte do canvas via Advanced Output, e o VJ ativa colunas em sincronia com a música. Já numa exposição de museu com 6 projetores formando uma parede contínua de 12 metros, o Dataton Watchout é a escolha: timeline precisa, soft-edge blending entre os 6 projetores e display computers sincronizados rodando 8 horas por dia sem intervenção.</p><h4>Resumo</h4><ul><li>Media server reproduz e distribui conteúdo visual sincronizado para vários telões/projetores, montado em camadas.</li><li>Output mapping recorta/posiciona a imagem nas saídas; projection mapping deforma a imagem para superfícies 3D reais; soft-edge funde projetores sobrepostos.</li><li>Resolume é disparo ao vivo (VJ); Watchout é timeline para instalações; disguise lidera xR/turnês; Green Hippo/Avolites Ai atendem rental e LED.</li></ul>',30,2,true,false);
insert into public.quizzes (id,lesson_id,titulo) values ('858b03b2-1a18-4607-a146-d90b66aee43b','13e8692d-5ad5-4b97-9235-59d47d847911','Quiz — Media Servers e Software: Resolume, Watchout, disguise e Gre');
insert into public.quiz_questions (id,quiz_id,texto,explicacao,ordem,pontos) values ('4026ad09-fd64-44f7-a5a3-74b3f1eaba7d','858b03b2-1a18-4607-a146-d90b66aee43b','Qual a diferença entre output mapping e projection mapping?','Output mapping organiza qual pedaço vai para qual saída; projection mapping warpa/alinha a imagem com a geometria física da superfície.',1,1);
insert into public.quiz_options (question_id,texto,correta,ordem) values ('4026ad09-fd64-44f7-a5a3-74b3f1eaba7d','São a mesma coisa',false,1);
insert into public.quiz_options (question_id,texto,correta,ordem) values ('4026ad09-fd64-44f7-a5a3-74b3f1eaba7d','Output mapping roteia partes da composição para as saídas; projection mapping deforma a imagem para encaixar em superfícies 3D',true,2);
insert into public.quiz_options (question_id,texto,correta,ordem) values ('4026ad09-fd64-44f7-a5a3-74b3f1eaba7d','Projection mapping só funciona em LED',false,3);
insert into public.quiz_options (question_id,texto,correta,ordem) values ('4026ad09-fd64-44f7-a5a3-74b3f1eaba7d','Output mapping é exclusivo do Watchout',false,4);
insert into public.quiz_questions (id,quiz_id,texto,explicacao,ordem,pontos) values ('31c3d625-615d-4e31-a3d4-987044b347c2','858b03b2-1a18-4607-a146-d90b66aee43b','Qual sistema é tipicamente baseado em timeline e usado em museus e instalações fixas?','O Watchout é referência em display multitela por timeline, comum em exposições e instalações permanentes.',2,1);
insert into public.quiz_options (question_id,texto,correta,ordem) values ('31c3d625-615d-4e31-a3d4-987044b347c2','Resolume Avenue',false,1);
insert into public.quiz_options (question_id,texto,correta,ordem) values ('31c3d625-615d-4e31-a3d4-987044b347c2','Dataton Watchout',true,2);
insert into public.quiz_options (question_id,texto,correta,ordem) values ('31c3d625-615d-4e31-a3d4-987044b347c2','MadMapper',false,3);
insert into public.quiz_options (question_id,texto,correta,ordem) values ('31c3d625-615d-4e31-a3d4-987044b347c2','QLab para áudio apenas',false,4);
insert into public.quiz_questions (id,quiz_id,texto,explicacao,ordem,pontos) values ('624bd40a-3a23-4a2f-8682-029bc41da58f','858b03b2-1a18-4607-a146-d90b66aee43b','O que é soft-edge blending?','Soft-edge blending cria um gradiente na área de sobreposição de projetores para formar uma imagem única sem emenda visível.',3,1);
insert into public.quiz_options (question_id,texto,correta,ordem) values ('624bd40a-3a23-4a2f-8682-029bc41da58f','Um efeito de chroma key',false,1);
insert into public.quiz_options (question_id,texto,correta,ordem) values ('624bd40a-3a23-4a2f-8682-029bc41da58f','A faixa de mistura entre projetores sobrepostos para esconder a emenda',true,2);
insert into public.quiz_options (question_id,texto,correta,ordem) values ('624bd40a-3a23-4a2f-8682-029bc41da58f','Um tipo de cabo de vídeo',false,3);
insert into public.quiz_options (question_id,texto,correta,ordem) values ('624bd40a-3a23-4a2f-8682-029bc41da58f','Um codec de compressão',false,4);
insert into public.quiz_questions (id,quiz_id,texto,explicacao,ordem,pontos) values ('7f8c2370-0796-4cc5-a731-e514c74ba25d','858b03b2-1a18-4607-a146-d90b66aee43b','Para que serve o ''palco virtual 3D'' do disguise Designer?','O disguise modela a cena em 3D no Designer, permitindo mapear conteúdo no cenário real e habilitar fluxos de xR/produção virtual.',4,1);
insert into public.quiz_options (question_id,texto,correta,ordem) values ('7f8c2370-0796-4cc5-a731-e514c74ba25d','Editar áudio',false,1);
insert into public.quiz_options (question_id,texto,correta,ordem) values ('7f8c2370-0796-4cc5-a731-e514c74ba25d','Modelar o cenário/LED no software e mapear o conteúdo sobre o modelo, base de xR e produção virtual',true,2);
insert into public.quiz_options (question_id,texto,correta,ordem) values ('7f8c2370-0796-4cc5-a731-e514c74ba25d','Substituir o switcher',false,3);
insert into public.quiz_options (question_id,texto,correta,ordem) values ('7f8c2370-0796-4cc5-a731-e514c74ba25d','Gerar legendas',false,4);
insert into public.quiz_questions (id,quiz_id,texto,explicacao,ordem,pontos) values ('330eeadf-cc44-4a2e-b21d-53f14bf5083c','858b03b2-1a18-4607-a146-d90b66aee43b','Por que adicionar um servidor de backup com failover em eventos grandes?','A redundância com failover garante continuidade do show: se o servidor principal cai, o backup sincronizado assume sem interrupção.',5,1);
insert into public.quiz_options (question_id,texto,correta,ordem) values ('330eeadf-cc44-4a2e-b21d-53f14bf5083c','Para economizar energia',false,1);
insert into public.quiz_options (question_id,texto,correta,ordem) values ('330eeadf-cc44-4a2e-b21d-53f14bf5083c','Para que um servidor reserva assuma se o principal falhar, evitando tela preta',true,2);
insert into public.quiz_options (question_id,texto,correta,ordem) values ('330eeadf-cc44-4a2e-b21d-53f14bf5083c','Para aumentar a resolução',false,3);
insert into public.quiz_options (question_id,texto,correta,ordem) values ('330eeadf-cc44-4a2e-b21d-53f14bf5083c','Para gravar áudio',false,4);
insert into public.lessons (id,module_id,titulo,tipo,conteudo_rico,duracao_min,ordem,tem_quiz,preview_gratis) values ('d7bafede-fd0f-44fe-be6f-c0bcbcc89874','2fbb9857-d6ee-461b-ab43-e225e25ccc6a','Painéis de LED e Processadores: Pixel Pitch, Cabinets e NovaStar','texto','<p><strong>Para começar:</strong> O painel de LED virou o telão padrão de palcos, igrejas, estúdios e estandes. Mas entre comprar/alugar bem e gastar errado está entender pixel pitch, cabinets e o processador que comanda tudo.</p><p>Nesta aula você vai aprender como um painel de LED é construído (módulos, cabinets, gabinetes), o que é pixel pitch e como ele define distância de visão e resolução, o papel do receiving card e do processador/sending card (NovaStar, Colorlight), além das marcas de painel mais relevantes (Absen, Unilumin, ROE, INFiLED).</p><ul><li><strong>Anatomia do painel: do LED ao telão:</strong> A menor unidade é o pixel (conjunto de LEDs R, G, B). Vários pixels formam um módulo. Módulos se encaixam num cabinet (gabinete) — a peça que você empilha. Vários cabinets travados formam o telão. Cada cabinet tem por trás um receiving card que recebe os dados e energiza os LEDs.</li><li><strong>Pixel pitch (P2, P3, P4...):</strong> Pixel pitch é a distância em milímetros entre o centro de dois pixels vizinhos. P2 = 2 mm, P3 = 3 mm, P4 = 4 mm. Quanto MENOR o pitch, mais pixels por metro, maior a resolução e mais perto o público pode ficar sem ver os ''pontinhos''. Quanto MAIOR o pitch, menos resolução, mais barato, e exige público mais distante. Indoor de palco perto: P2.6–P3.9. Outdoor grande e distante: P6–P10.</li><li><strong>Distância mínima de visão:</strong> Regra prática: a distância mínima ideal em metros é aproximadamente igual ao pixel pitch em mm (regra de 1m por 1mm). Um P3 fica bom a partir de ~3 m; um P10, a partir de ~10 m. Abaixo disso a imagem ''pixela''. Use isso para escolher o pitch conforme onde o público estará.</li><li><strong>Resolução total e contagem de cabinets:</strong> A resolução do telão é a soma dos pixels dos cabinets. Ex.: cabinet de 168×168 px; um telão de 6×3 cabinets = 1008×504 px. Você precisa saber a resolução total para configurar a saída do media server/switcher e para o processador mapear cada cabinet.</li><li><strong>Brilho (nits), taxa de atualização e cor:</strong> Brilho em nits/cd/m²: indoor ~600–1500 nits; outdoor 4000–6000+ nits para vencer o sol. Para CÂMERA (estúdio/IMAG), o que importa é o refresh rate alto (≥1920 Hz, idealmente 3840 Hz+) e baixo flicker, senão aparecem faixas/scanlines no vídeo. Profundidade de cor e calibração afetam fidelidade.</li><li><strong>Processador (sending card) e receiving card:</strong> O processador/sending card recebe o vídeo (HDMI/SDI/DVI), escala, ajusta cor/brilho e mapeia a imagem pixel a pixel sobre os cabinets, enviando por cabo de rede aos receiving cards de cada gabinete. É o cérebro do telão: sem mapear corretamente no processador, os cabinets mostram pedaços trocados da imagem.</li></ul><h4>Equipamentos / detalhes</h4><ul><li><strong>NovaStar (sending: MCTRL4K, VX4S, VX1000, VX16S; receiving: A5s/A8s/A10s Plus; Coex):</strong> Líder mundial de processamento de LED. Sending cards/processadores: VX4S (entrada, all-in-one scaler+sending), VX1000/VX16S (alta capacidade, 4K), MCTRL4K (controle puro 4K). Software NovaLCT (configuração) e gerenciamento por receiving card. Quando usar: praticamente padrão do mercado de rental e fixo; combine o processador à resolução total e taxa de atualização exigida pela câmera.</li><li><strong>NovaStar MX40 Pro / CX40 / H-series:</strong> Processadores premium para broadcast e xR: baixíssima latência, alto refresh, gerenciamento avançado de cor e múltiplas saídas Ethernet/10G. Quando usar: estúdios virtuais (LED volume), broadcast e shows onde câmera e baixa latência são críticos.</li><li><strong>Colorlight (Z6 Pro, X16 Pro; receiving 5A/i5A; software LEDVISION):</strong> Concorrente chinês forte da NovaStar, comum em painéis de custo competitivo. Sending cards e processadores com scaler, software LEDVISION. Quando usar: instalações fixas e rental de custo otimizado; muito presente em painéis vendidos no Brasil.</li><li><strong>Absen (PL/AX/Polaris/Acclaim series):</strong> Fabricante de painéis (não processador) de alto padrão, muito usado em rental premium e broadcast. Linhas indoor de pitch fino (Absen Polaris, PL2.5/2.9/3.9) e outdoor. Quando usar: quando se quer painel confiável e calibração consistente para palcos e estúdios.</li><li><strong>Unilumin (UpadIII, Uslim, Upanel, Umini/UTV):</strong> Fabricante chinês de grande volume, linhas para rental (UpadIII), fixo e All-in-One (Umini para salas de reunião/estúdio). Quando usar: ampla gama de pitch e aplicação, do palco ao telão corporativo all-in-one.</li><li><strong>ROE Visual (Black Pearl BP2/BP3, Carbon, Diamond) e INFiLED:</strong> ROE Visual é referência de altíssimo padrão em rental/broadcast e xR (LED volumes de cinema/TV usam ROE). INFiLED é outra marca pro de palco/estúdio. Quando usar: produções top de linha, estúdios virtuais e turnês onde uniformidade e qualidade de imagem são inegociáveis.</li><li><strong>Brompton Technology (Tessera SX40/S8) — processamento premium:</strong> Processador de LED premium para broadcast e produção virtual, padrão em estúdios de xR junto com painéis ROE. Recursos como Dynamic Calibration, alta profundidade de cor e baixa latência. Quando usar: LED volume e broadcast onde a qualidade de imagem na câmera é prioridade máxima.</li></ul><h4>Passo a passo</h4><ol><li><strong>1. Defina onde o público estará:</strong> Meça a distância mínima do público ao telão. Use a regra ~1 m por 1 mm de pitch para escolher P2/P3/P4 etc.</li><li><strong>2. Dimensione o telão:</strong> Defina largura×altura em cabinets e calcule a resolução total (px do cabinet × nº de cabinets em cada eixo).</li><li><strong>3. Escolha o painel pela aplicação:</strong> Indoor de palco: pitch fino + refresh alto se houver câmera. Outdoor: alto brilho (4000+ nits) e proteção IP.</li><li><strong>4. Configure o processador:</strong> No processador (ex.: NovaStar via NovaLCT), faça o mapeamento dos cabinets (ordem, fiação) para a imagem aparecer correta e contínua.</li><li><strong>5. Ajuste para câmera (se houver IMAG):</strong> Suba o refresh rate (3840 Hz+), ajuste brilho/shutter da câmera para eliminar scanlines e calibre a cor.</li><li><strong>6. Alimente o processador com o vídeo:</strong> Conecte a saída do switcher/media server na entrada do processador, conferindo que a resolução/formato bate com o canvas mapeado.</li></ol><p><strong>Na prática:</strong> Numa igreja com palco e câmeras para o telão da transmissão, um painel indoor P3.9 com processador NovaStar VX4S atende: o público mais próximo fica a uns 4 m (ok para P3.9) e, como há câmera, configura-se refresh alto para não aparecer faixa na live. Já num show outdoor com público a 15 m, usa-se P6/P10 de 5000 nits para vencer o sol — economiza-se em pixels que ninguém veria de perto mesmo, e o brilho garante imagem visível em pleno dia.</p><h4>Resumo</h4><ul><li>Pixel pitch (P2/P3/P4) é a distância entre pixels em mm: menor = mais resolução e visão de perto; maior = mais barato e visão de longe.</li><li>O telão é feito de cabinets com receiving cards; o processador (sending card) mapeia a imagem pixel a pixel sobre eles.</li><li>Para câmera, priorize refresh rate alto; NovaStar/Colorlight processam, e Absen/Unilumin/ROE/INFiLED fabricam os painéis.</li></ul>',30,3,true,false);
insert into public.quizzes (id,lesson_id,titulo) values ('763ab410-5817-47c7-908b-401774f03190','d7bafede-fd0f-44fe-be6f-c0bcbcc89874','Quiz — Painéis de LED e Processadores: Pixel Pitch, Cabinets e Nova');
insert into public.quiz_questions (id,quiz_id,texto,explicacao,ordem,pontos) values ('b8addb99-3035-49ed-851b-df5731c1cf2e','763ab410-5817-47c7-908b-401774f03190','O que significa um menor pixel pitch (ex.: P2 vs P6)?','Pitch menor = pixels mais próximos = mais resolução e possibilidade de visão de perto, geralmente a um custo maior.',1,1);
insert into public.quiz_options (question_id,texto,correta,ordem) values ('b8addb99-3035-49ed-851b-df5731c1cf2e','Menos resolução e visão só de longe',false,1);
insert into public.quiz_options (question_id,texto,correta,ordem) values ('b8addb99-3035-49ed-851b-df5731c1cf2e','Mais pixels por metro, mais resolução e o público pode ficar mais perto',true,2);
insert into public.quiz_options (question_id,texto,correta,ordem) values ('b8addb99-3035-49ed-851b-df5731c1cf2e','Mais barato sempre',false,3);
insert into public.quiz_options (question_id,texto,correta,ordem) values ('b8addb99-3035-49ed-851b-df5731c1cf2e','Maior brilho automaticamente',false,4);
insert into public.quiz_questions (id,quiz_id,texto,explicacao,ordem,pontos) values ('e237ecf4-7608-4b92-beab-f6cc27625f15','763ab410-5817-47c7-908b-401774f03190','Pela regra prática, a partir de qual distância um painel P4 fica bom?','A regra de ~1 m por 1 mm de pitch indica que um P4 começa a ficar adequado por volta de 4 m do público.',2,1);
insert into public.quiz_options (question_id,texto,correta,ordem) values ('e237ecf4-7608-4b92-beab-f6cc27625f15','A partir de ~1 m',false,1);
insert into public.quiz_options (question_id,texto,correta,ordem) values ('e237ecf4-7608-4b92-beab-f6cc27625f15','A partir de ~4 m',true,2);
insert into public.quiz_options (question_id,texto,correta,ordem) values ('e237ecf4-7608-4b92-beab-f6cc27625f15','A partir de ~40 m',false,3);
insert into public.quiz_options (question_id,texto,correta,ordem) values ('e237ecf4-7608-4b92-beab-f6cc27625f15','Não depende da distância',false,4);
insert into public.quiz_questions (id,quiz_id,texto,explicacao,ordem,pontos) values ('05dc88c9-1ed1-4574-87e5-1189abd4287b','763ab410-5817-47c7-908b-401774f03190','Por que o refresh rate alto importa quando há câmera filmando o painel?','Câmeras captam o flicker de painéis com refresh baixo como faixas; refresh alto (3840 Hz+) elimina esse artefato na imagem.',3,1);
insert into public.quiz_options (question_id,texto,correta,ordem) values ('05dc88c9-1ed1-4574-87e5-1189abd4287b','Para economizar energia',false,1);
insert into public.quiz_options (question_id,texto,correta,ordem) values ('05dc88c9-1ed1-4574-87e5-1189abd4287b','Para evitar scanlines/flicker (faixas) que aparecem no vídeo',true,2);
insert into public.quiz_options (question_id,texto,correta,ordem) values ('05dc88c9-1ed1-4574-87e5-1189abd4287b','Para aumentar o pixel pitch',false,3);
insert into public.quiz_options (question_id,texto,correta,ordem) values ('05dc88c9-1ed1-4574-87e5-1189abd4287b','Para reduzir o brilho',false,4);
insert into public.quiz_questions (id,quiz_id,texto,explicacao,ordem,pontos) values ('b5244f59-1fce-4dcf-bf7f-4fa4c9fcf286','763ab410-5817-47c7-908b-401774f03190','Qual a função do processador/sending card (ex.: NovaStar)?','O processador recebe o sinal, processa e mapeia a imagem sobre os cabinets, enviando os dados aos receiving cards.',4,1);
insert into public.quiz_options (question_id,texto,correta,ordem) values ('b5244f59-1fce-4dcf-bf7f-4fa4c9fcf286','Fabricar os LEDs',false,1);
insert into public.quiz_options (question_id,texto,correta,ordem) values ('b5244f59-1fce-4dcf-bf7f-4fa4c9fcf286','Receber o vídeo, escalar/ajustar e mapear a imagem pixel a pixel sobre os cabinets',true,2);
insert into public.quiz_options (question_id,texto,correta,ordem) values ('b5244f59-1fce-4dcf-bf7f-4fa4c9fcf286','Substituir a câmera',false,3);
insert into public.quiz_options (question_id,texto,correta,ordem) values ('b5244f59-1fce-4dcf-bf7f-4fa4c9fcf286','Gerar o áudio',false,4);
insert into public.quiz_questions (id,quiz_id,texto,explicacao,ordem,pontos) values ('9f606238-4fb7-48f6-b413-7a0a2548d7f3','763ab410-5817-47c7-908b-401774f03190','Para um telão outdoor com público a 15 m sob sol forte, o que faz mais sentido?','A 15 m, um pitch maior (P6/P10) é suficiente, e o alto brilho (4000-6000 nits) é necessário para vencer a luz do sol.',5,1);
insert into public.quiz_options (question_id,texto,correta,ordem) values ('9f606238-4fb7-48f6-b413-7a0a2548d7f3','P1.5 indoor de 600 nits',false,1);
insert into public.quiz_options (question_id,texto,correta,ordem) values ('9f606238-4fb7-48f6-b413-7a0a2548d7f3','P6/P10 com 4000-6000 nits',true,2);
insert into public.quiz_options (question_id,texto,correta,ordem) values ('9f606238-4fb7-48f6-b413-7a0a2548d7f3','P2 com 200 nits',false,3);
insert into public.quiz_options (question_id,texto,correta,ordem) values ('9f606238-4fb7-48f6-b413-7a0a2548d7f3','Apenas projeção',false,4);
insert into public.lessons (id,module_id,titulo,tipo,conteudo_rico,duracao_min,ordem,tem_quiz,preview_gratis) values ('200cf42a-7ac2-4138-81b0-1e97e3b5d526','2fbb9857-d6ee-461b-ab43-e225e25ccc6a','Projeção: Projetores Laser, Lumens e Mapping','texto','<p><strong>Para começar:</strong> Onde o LED não chega — superfícies enormes, prédios, cenografia 3D, cinema — entra a projeção. E projeção profissional hoje é laser: mais brilho, mais vida útil e cor estável do início ao fim do evento.</p><p>Nesta aula você vai entender lumens e como dimensionar brilho pela tela e pela luz ambiente, tecnologias (laser x lâmpada, 1-chip x 3-chip DLP), throw ratio e lentes, e como projetores entram no projection mapping. Comparamos Epson, Panasonic, Barco e Christie.</p><ul><li><strong>Lumens: o que é e como dimensionar:</strong> Lumens (ANSI) medem o fluxo luminoso do projetor. Quanto mais luz ambiente e maior a tela, mais lumens você precisa. Sala escura e tela pequena: 3.000–5.000 lm. Auditório com alguma luz: 7.000–12.000 lm. Eventos grandes/externos ou mapping: 20.000 lm e muito mais. Empilhar (stacking) projetores soma brilho.</li><li><strong>Laser x lâmpada:</strong> Projetores a laser (fonte de luz sólida) substituíram a lâmpada UHP em produção: ~20.000 h de vida (vs ~2.000–3.000 da lâmpada), brilho e cor constantes, ligam instantâneo, e podem operar em qualquer ângulo (360°) — essencial para mapping no teto/chão. Lâmpada ainda existe em modelos de entrada por custo.</li><li><strong>1-chip DLP, 3-chip DLP e LCD:</strong> LCD (Epson 3LCD): bom brilho de cor, comum em corporativo. 1-chip DLP: compacto, bom contraste, modelos de evento. 3-chip DLP (Barco/Christie/Panasonic topo): máximo brilho e fidelidade, padrão de grandes eventos, cinema e mapping de prédio. Quanto mais ''pro'', geralmente 3-chip DLP a laser.</li><li><strong>Throw ratio e lentes:</strong> Throw ratio = distância do projetor à tela ÷ largura da imagem. Ratio baixo (curta distância) projeta imagem grande de perto; ratio alto projeta de longe. Projetores pro têm lentes intercambiáveis (UST/curta, padrão, tele/longa) — você escolhe a lente conforme o espaço. Lens shift desloca a imagem sem mover o projetor.</li><li><strong>Geometria, warping e edge blending:</strong> Projetores profissionais têm correção geométrica (keystone, warp em malha) para encaixar a imagem em telas curvas ou anguladas, e edge blending interno para juntar vários projetores numa imagem só. Em mapping, isso se combina com o media server.</li><li><strong>Brilho útil x perdas:</strong> Telas com ganho, distância, lente e luz ambiente reduzem o brilho percebido. Sempre dimensione com folga: é melhor sobrar lumens (e baixar potência) do que ter imagem lavada. Para mapping externo de prédio, multiplique a estimativa por causa da perda em superfícies não-brancas.</li></ul><h4>Equipamentos / detalhes</h4><ul><li><strong>Epson (Pro L-Series: L1075U, L1505U, L20000U; EB-PU series):</strong> Forte em 3LCD a laser, ótimo custo-benefício de brilho e cor. Pro L vai de ~7.000 a 20.000+ lumens, com lentes intercambiáveis, warp/blend e operação 360°. Quando usar: auditórios, igrejas, corporativo e mapping de médio porte com bom custo. WUXGA/4K enhancement conforme o modelo.</li><li><strong>Panasonic (PT-RZ series, PT-RQ/RCQ 4K, PT-MZ):</strong> Linha SOLID SHINE a laser muito confiável em rental. PT-RZ (1-chip) para eventos; PT-RQ22K/RQ35K (3-chip DLP, 4K, 20.000–30.000+ lm) para grandes telões e mapping. Geometria avançada e robustez. Quando usar: eventos corporativos, shows e mapping onde confiabilidade 24/7 é exigida.</li><li><strong>Barco (UDX, HDX, série G, F-series; Pulse):</strong> Padrão broadcast/AV de altíssimo nível. UDX/HDX (3-chip DLP laser) chegam a 30.000–40.000 lm para grandes eventos e mapping de prédio; F-series para simulação/museu. Processamento de imagem ''Pulse'', warping e blending de ponta. Quando usar: grandes congressos, mapping de arquitetura, simulação e cinema digital.</li><li><strong>Christie (Boxer, M 4K25/4K+ RGB, Griffyn, Crimson, Mirage):</strong> Outro líder pro. Boxer 4K30/30000+ lm e a linha RGB pure laser entregam brilho extremo e gamut amplo para mapping e grandes shows. Mirage para 3D/simulação. Quando usar: mapping de larga escala, parques, simuladores e produções premium com exigência de brilho e cor.</li><li><strong>Digital Projection (Titan, Highlite, INSIGHT):</strong> Fabricante britânico pro com modelos de altíssimo brilho (INSIGHT 4K laser, dezenas de milhares de lumens) e 8K. Quando usar: domos, planetários, simulação e eventos de altíssimo brilho.</li><li><strong>Projetores UST / instalação (Epson, Sony, Optoma):</strong> Ultra Short Throw projetam imagem grande encostados na parede/tela — úteis em estandes, vitrines e cenografia onde não há espaço de recuo, e evitam sombra do apresentador. Quando usar: ativações, estandes e cenários com pouco recuo.</li></ul><h4>Passo a passo</h4><ol><li><strong>1. Avalie tela e luz ambiente:</strong> Meça a tela (largura) e o nível de luz do ambiente. Sala escura precisa de menos lumens; ambiente claro/externo exige muito mais.</li><li><strong>2. Calcule os lumens necessários:</strong> Estime com folga conforme tamanho de tela e luz; para mapping em superfície não-branca, multiplique a estimativa para compensar perdas.</li><li><strong>3. Escolha tecnologia e lente:</strong> Defina laser (quase sempre) e 1-chip ou 3-chip conforme o porte. Calcule o throw ratio e selecione a lente (curta/padrão/tele) para a distância disponível.</li><li><strong>4. Posicione e ajuste geometria:</strong> Monte o projetor (pode ser invertido/angulado se for laser 360°). Use lens shift, keystone e warp para encaixar a imagem na superfície.</li><li><strong>5. Faça blend (se vários projetores):</strong> Para uma imagem gigante com vários projetores, configure edge blending (no projetor e/ou no media server) até a emenda sumir.</li><li><strong>6. Alimente com o conteúdo:</strong> Conecte a saída do switcher/media server, confira resolução e, em mapping, alinhe a malha do conteúdo à geometria física real.</li></ol><p><strong>Na prática:</strong> Num mapping de fachada de prédio à noite, com superfície bege e tela de 15 m de largura, dois projetores Barco UDX de 30.000 lm empilhados (stacking) garantem brilho suficiente, já que a parede não é branca e há perda. O media server (Resolume/Watchout) faz o warp do conteúdo sobre as janelas e molduras, e o edge blending junta as duas projeções numa imagem única. Já num auditório de igreja com tela de 5 m e luz controlada, um Epson Pro L de 10.000 lumens a laser entrega imagem nítida o dia todo sem troca de lâmpada.</p><h4>Resumo</h4><ul><li>Lumens dimensionam o brilho pela tela e pela luz ambiente; mapping e ambientes claros exigem muito mais lumens.</li><li>Laser substituiu a lâmpada (vida longa, cor estável, operação 360°); 3-chip DLP é o topo de brilho/fidelidade.</li><li>Throw ratio e lentes definem distância/tamanho; geometria, warp e edge blending encaixam a imagem em superfícies reais.</li></ul>',28,4,true,false);
insert into public.quizzes (id,lesson_id,titulo) values ('8692c8a6-cec5-4b69-a987-bdd62799db14','200cf42a-7ac2-4138-81b0-1e97e3b5d526','Quiz — Projeção: Projetores Laser, Lumens e Mapping');
insert into public.quiz_questions (id,quiz_id,texto,explicacao,ordem,pontos) values ('63a7ef77-9ada-4cef-8793-9114270e8445','8692c8a6-cec5-4b69-a987-bdd62799db14','O que mais aumenta a necessidade de lumens num projeto?','Quanto maior a tela e mais luz no ambiente, mais lumens são necessários para uma imagem visível e contrastada.',1,1);
insert into public.quiz_options (question_id,texto,correta,ordem) values ('63a7ef77-9ada-4cef-8793-9114270e8445','Tela pequena em sala escura',false,1);
insert into public.quiz_options (question_id,texto,correta,ordem) values ('63a7ef77-9ada-4cef-8793-9114270e8445','Tela grande e muita luz ambiente',true,2);
insert into public.quiz_options (question_id,texto,correta,ordem) values ('63a7ef77-9ada-4cef-8793-9114270e8445','Usar laser em vez de lâmpada',false,3);
insert into public.quiz_options (question_id,texto,correta,ordem) values ('63a7ef77-9ada-4cef-8793-9114270e8445','Throw ratio baixo',false,4);
insert into public.quiz_questions (id,quiz_id,texto,explicacao,ordem,pontos) values ('3a2f495e-fe82-4f7a-8f3e-a932255ba93b','8692c8a6-cec5-4b69-a987-bdd62799db14','Qual a principal vantagem do projetor a laser sobre o de lâmpada?','O laser oferece ~20.000 h, cor e brilho constantes, ligar instantâneo e operação 360°, ideal para mapping.',2,1);
insert into public.quiz_options (question_id,texto,correta,ordem) values ('3a2f495e-fe82-4f7a-8f3e-a932255ba93b','É sempre mais barato',false,1);
insert into public.quiz_options (question_id,texto,correta,ordem) values ('3a2f495e-fe82-4f7a-8f3e-a932255ba93b','Vida útil longa (~20.000 h), cor/brilho estáveis e operação em qualquer ângulo',true,2);
insert into public.quiz_options (question_id,texto,correta,ordem) values ('3a2f495e-fe82-4f7a-8f3e-a932255ba93b','Não precisa de lente',false,3);
insert into public.quiz_options (question_id,texto,correta,ordem) values ('3a2f495e-fe82-4f7a-8f3e-a932255ba93b','Dispensa media server',false,4);
insert into public.quiz_questions (id,quiz_id,texto,explicacao,ordem,pontos) values ('f6d9cd84-db14-4147-9cbd-90d2abd60b3c','8692c8a6-cec5-4b69-a987-bdd62799db14','O que é throw ratio?','Throw ratio = distância/largura da imagem; define qual lente usar conforme o espaço disponível.',3,1);
insert into public.quiz_options (question_id,texto,correta,ordem) values ('f6d9cd84-db14-4147-9cbd-90d2abd60b3c','A vida útil da lâmpada',false,1);
insert into public.quiz_options (question_id,texto,correta,ordem) values ('f6d9cd84-db14-4147-9cbd-90d2abd60b3c','A distância do projetor à tela dividida pela largura da imagem',true,2);
insert into public.quiz_options (question_id,texto,correta,ordem) values ('f6d9cd84-db14-4147-9cbd-90d2abd60b3c','O número de lumens',false,3);
insert into public.quiz_options (question_id,texto,correta,ordem) values ('f6d9cd84-db14-4147-9cbd-90d2abd60b3c','A taxa de atualização',false,4);
insert into public.quiz_questions (id,quiz_id,texto,explicacao,ordem,pontos) values ('de6d75a6-89d6-41d8-af76-c794a8003d41','8692c8a6-cec5-4b69-a987-bdd62799db14','Por que dimensionar lumens com folga em mapping de prédio?','Paredes coloridas/escuras e perdas de distância e lente reduzem o brilho útil, então se projeta com folga (e/ou stacking).',4,1);
insert into public.quiz_options (question_id,texto,correta,ordem) values ('de6d75a6-89d6-41d8-af76-c794a8003d41','Para gastar mais energia',false,1);
insert into public.quiz_options (question_id,texto,correta,ordem) values ('de6d75a6-89d6-41d8-af76-c794a8003d41','Porque superfícies não-brancas e a distância reduzem o brilho percebido',true,2);
insert into public.quiz_options (question_id,texto,correta,ordem) values ('de6d75a6-89d6-41d8-af76-c794a8003d41','Porque laser perde brilho rápido',false,3);
insert into public.quiz_options (question_id,texto,correta,ordem) values ('de6d75a6-89d6-41d8-af76-c794a8003d41','Para aumentar o throw ratio',false,4);
insert into public.quiz_questions (id,quiz_id,texto,explicacao,ordem,pontos) values ('6578ba54-1851-4511-bd40-10d5702ef212','8692c8a6-cec5-4b69-a987-bdd62799db14','Para juntar vários projetores numa imagem panorâmica única, você usa:','Edge blending mistura as áreas de sobreposição entre projetores, formando uma única imagem contínua sem emenda visível.',5,1);
insert into public.quiz_options (question_id,texto,correta,ordem) values ('6578ba54-1851-4511-bd40-10d5702ef212','Chroma key',false,1);
insert into public.quiz_options (question_id,texto,correta,ordem) values ('6578ba54-1851-4511-bd40-10d5702ef212','Edge blending',true,2);
insert into public.quiz_options (question_id,texto,correta,ordem) values ('6578ba54-1851-4511-bd40-10d5702ef212','Pixel pitch',false,3);
insert into public.quiz_options (question_id,texto,correta,ordem) values ('6578ba54-1851-4511-bd40-10d5702ef212','Receiving card',false,4);
insert into public.lessons (id,module_id,titulo,tipo,conteudo_rico,duracao_min,ordem,tem_quiz,preview_gratis) values ('da0574ff-8ddf-4059-85db-b5b005f987c7','2fbb9857-d6ee-461b-ab43-e225e25ccc6a','Câmeras e Captação: PTZ, Placas de Captura e IMAG','texto','<p><strong>Para começar:</strong> Imagem ao vivo começa na captação. Da câmera PTZ controlada à distância à placa que transforma o sinal da câmera em algo que o computador entende, esta é a porta de entrada do seu vídeo.</p><p>Nesta aula você vai conhecer os tipos de câmera para ao vivo (PTZ, camcorder, cinema/mirrorless), o conceito de IMAG (telão), e como levar a imagem da câmera ao computador/switcher com placas de captura (Elgato Cam Link, Magewell, Blackmagic) e formatos de saída (HDMI/SDI/NDI).</p><ul><li><strong>IMAG: o que é:</strong> IMAG (Image Magnification) é projetar/exibir ao vivo num telão a imagem ampliada do que acontece no palco, para que o público distante veja de perto. Exige câmeras com bom zoom, operação ao vivo e baixa latência da captação até o telão.</li><li><strong>Tipos de câmera para ao vivo:</strong> PTZ (Pan-Tilt-Zoom): câmera motorizada controlada remotamente, ideal para posições fixas operadas por uma só pessoa. Camcorder/ENG: câmera de mão com zoom óptico longo, padrão de cobertura de evento. Cinema/Mirrorless (Sony, Canon, Blackmagic Pocket): visual cinematográfico, exigem placa de captura e atenção ao overheating/clean output. Tubo de broadcast (system camera): topo para TV.</li><li><strong>Saídas de câmera: HDMI, SDI, USB, IP/NDI:</strong> HDMI: comum em mirrorless/consumer, alcance curto. SDI: profissional, conector BNC, cabo longo e travado (padrão de evento/broadcast). USB: webcams e algumas câmeras (UVC). IP/NDI: câmera entrega vídeo pela rede, simplificando cabeamento em estúdios. Confirme se a câmera tem ''clean HDMI/SDI'' (saída sem os menus na tela).</li><li><strong>Placa de captura: por que existe:</strong> O computador não entende HDMI/SDI diretamente; a placa de captura converte o sinal da câmera em algo que o software (OBS, Zoom, vMix) lê como uma fonte de vídeo. Pode ser externa (USB) ou interna (PCIe). É o elo entre a câmera e o software de streaming.</li><li><strong>PTZ: controle e protocolos:</strong> PTZ são controladas por joystick/controlador ou software via VISCA (over IP/serial), NDI ou web. Você cria presets de enquadramento (posição+zoom) e os chama com um botão — uma pessoa opera várias câmeras. Comuns em igrejas, salas de reunião e estúdios enxutos.</li><li><strong>Latência, sincronismo e genlock:</strong> Em IMAG e multicâmera, a latência (atraso) precisa ser baixa para o telão acompanhar o palco. Em broadcast, o genlock sincroniza todas as câmeras ao mesmo relógio para cortes limpos no switcher. Placas USB e NDI introduzem alguma latência — aceitável para live, atenção em IMAG crítico.</li></ul><h4>Equipamentos / detalhes</h4><ul><li><strong>Elgato Cam Link 4K:</strong> Placa de captura USB simples e popular: entra HDMI da câmera/mirrorless e entrega no PC como webcam (UVC), até 1080p60 ou 4K30. Quando usar: transformar uma mirrorless/DSLR em câmera de live/Zoom de forma direta e barata. Limite: 1 entrada, HDMI curto, sem loop-out.</li><li><strong>Magewell (USB Capture HDMI/SDI Gen2, Pro Capture PCIe, ND/Pro Convert NDI):</strong> Marca de referência em captura profissional. USB Capture (plug-and-play, baixa latência, HDMI e SDI), Pro Capture (PCIe, várias entradas para estúdio), e linha Pro/ND Convert para encoder/decoder NDI. Quando usar: produção que exige confiabilidade e baixa latência (vMix, OBS pro, broadcast). Mais robusta que captura consumer.</li><li><strong>Blackmagic DeckLink / UltraStudio / Web Presenter:</strong> DeckLink: placas PCIe SDI/HDMI de estúdio (4K, multicanais). UltraStudio: captura/playback externa por USB-C/Thunderbolt. Web Presenter HD/4K: transforma SDI/HDMI em webcam USB e faz streaming. Quando usar: pipelines SDI profissionais, integração com DaVinci Resolve e estúdios Blackmagic.</li><li><strong>Câmeras PTZ (PTZOptics 30X-SDI/NDI, Sony SRG/BRC, Panasonic AW-UE series, Marshall, Avonic):</strong> PTZOptics: custo-benefício forte em igreja/educação, com saída SDI/HDMI/NDI e VISCA. Sony SRG/BRC e Panasonic AW-UE (UE40/UE80/UE150): PTZ broadcast, 4K, ótimas óticas e NDI. Quando usar: posições fixas operadas remotamente, IMAG e multicâmera com pouca equipe. Crie presets de enquadramento.</li><li><strong>Câmeras Cinema/Mirrorless (Sony A7/FX, Canon R/C, Blackmagic Pocket/URSA, Panasonic Lumix):</strong> Visual cinematográfico para palcos, shows e conteúdo premium. Blackmagic Pocket/URSA saem em SDI/HDMI limpo; Sony FX e Canon C entregam clean output confiável. Quando usar: quando se busca profundidade de campo e estética de cinema no ao vivo. Atenção: verificar clean output, superaquecimento e alimentação contínua (dummy battery).</li><li><strong>Camcorders / System Cameras (Sony PXW/HXC, Panasonic AG/AK, JVC):</strong> Câmeras de ombro com zoom óptico longo e SDI, padrão de cobertura de evento e esporte; system cameras (com CCU) para TV. Quando usar: cobertura ao vivo com operador, esportes, shows — zoom longo e ergonomia para horas de operação.</li><li><strong>Controladores PTZ (PTZOptics SuperJoy, Sony RM-IP500, Bolin) e software (vMix/OBS via VISCA):</strong> Controladores físicos com joystick para pan/tilt/zoom e botões de preset; ou controle por software (vMix, OBS plugins) via VISCA over IP. Quando usar: para operar várias PTZ com uma pessoa, chamando presets durante o ao vivo.</li></ul><h4>Passo a passo</h4><ol><li><strong>1. Escolha a câmera pela função:</strong> PTZ para posições fixas/remotas, camcorder para cobertura com operador, cinema/mirrorless para estética. Confirme saída (HDMI/SDI/NDI) e clean output.</li><li><strong>2. Garanta clean output:</strong> Nos menus da câmera, ative saída limpa (sem ícones/menus na tela) e fixe o formato (ex.: 1080p60) igual ao do switcher.</li><li><strong>3. Escolha a placa de captura:</strong> Uma câmera HDMI no PC: Cam Link. Várias entradas/baixa latência: Magewell ou DeckLink. SDI longo: prefira SDI até a placa/switcher.</li><li><strong>4. Conecte e teste a fonte:</strong> No software (OBS/vMix), adicione a placa como fonte de vídeo. Confira resolução, cor e latência. Para PTZ, configure VISCA/NDI e crie presets.</li><li><strong>5. Alimente e fixe os cabos:</strong> Use dummy battery/fonte para câmeras em ao vivo longo. Trave conectores SDI (BNC) e proteja HDMI contra desconexão.</li><li><strong>6. Integre ao switcher/IMAG:</strong> Roteie as câmeras ao switcher, e o PGM ao telão (IMAG) e ao streaming. Verifique a latência total do palco ao telão.</li></ol><p><strong>Na prática:</strong> Numa igreja com 3 câmeras PTZ PTZOptics em NDI, uma única pessoa opera tudo: presets de plano geral, púlpito e plateia são chamados pelo controlador SuperJoy, e o vMix corta entre elas para o telão (IMAG) e a live. Já num podcast em vídeo com duas Sony mirrorless, cada uma sai por HDMI para uma Elgato Cam Link 4K; o OBS recebe as duas como webcams, e o apresentador alterna os planos. Em ambos, o segredo é clean output ativado e formato 1080p60 idêntico em todas as fontes.</p><h4>Resumo</h4><ul><li>IMAG amplia ao vivo a imagem do palco no telão; exige zoom, baixa latência e boa operação de câmera.</li><li>PTZ permite operar várias câmeras remotamente com presets; mirrorless/cinema dão estética mas exigem placa e clean output.</li><li>A placa de captura (Cam Link, Magewell, Blackmagic) converte HDMI/SDI da câmera em fonte para o software; cuide do formato e da latência.</li></ul>',29,5,true,false);
insert into public.quizzes (id,lesson_id,titulo) values ('66ed803d-5d56-454a-b40a-0d2c71929d17','da0574ff-8ddf-4059-85db-b5b005f987c7','Quiz — Câmeras e Captação: PTZ, Placas de Captura e IMAG');
insert into public.quiz_questions (id,quiz_id,texto,explicacao,ordem,pontos) values ('56a85b00-1312-4805-a341-b55d5063b1ed','66ed803d-5d56-454a-b40a-0d2c71929d17','O que é IMAG?','IMAG (Image Magnification) é exibir ampliada no telão, ao vivo, a cena do palco para quem está longe.',1,1);
insert into public.quiz_options (question_id,texto,correta,ordem) values ('56a85b00-1312-4805-a341-b55d5063b1ed','Um formato de arquivo de imagem',false,1);
insert into public.quiz_options (question_id,texto,correta,ordem) values ('56a85b00-1312-4805-a341-b55d5063b1ed','Ampliar ao vivo no telão a imagem do palco para o público distante',true,2);
insert into public.quiz_options (question_id,texto,correta,ordem) values ('56a85b00-1312-4805-a341-b55d5063b1ed','Um tipo de placa de captura',false,3);
insert into public.quiz_options (question_id,texto,correta,ordem) values ('56a85b00-1312-4805-a341-b55d5063b1ed','Um protocolo de controle de PTZ',false,4);
insert into public.quiz_questions (id,quiz_id,texto,explicacao,ordem,pontos) values ('fdda35b1-f120-47aa-bafb-cd7e9293e3a0','66ed803d-5d56-454a-b40a-0d2c71929d17','Para que serve uma placa de captura como a Elgato Cam Link?','A placa de captura converte o sinal da câmera em uma fonte (webcam/UVC) lida pelo software de streaming/gravação.',2,1);
insert into public.quiz_options (question_id,texto,correta,ordem) values ('fdda35b1-f120-47aa-bafb-cd7e9293e3a0','Aumentar o zoom da câmera',false,1);
insert into public.quiz_options (question_id,texto,correta,ordem) values ('fdda35b1-f120-47aa-bafb-cd7e9293e3a0','Converter o HDMI/SDI da câmera em uma fonte de vídeo que o computador entende',true,2);
insert into public.quiz_options (question_id,texto,correta,ordem) values ('fdda35b1-f120-47aa-bafb-cd7e9293e3a0','Controlar uma PTZ',false,3);
insert into public.quiz_options (question_id,texto,correta,ordem) values ('fdda35b1-f120-47aa-bafb-cd7e9293e3a0','Gerar lumens',false,4);
insert into public.quiz_questions (id,quiz_id,texto,explicacao,ordem,pontos) values ('cd154d72-0b04-406e-a9bd-fbea97c7a36d','66ed803d-5d56-454a-b40a-0d2c71929d17','Qual a principal vantagem de uma câmera PTZ em produção enxuta?','PTZ são motorizadas e controladas à distância via VISCA/NDI; com presets, um operador comanda várias posições.',3,1);
insert into public.quiz_options (question_id,texto,correta,ordem) values ('cd154d72-0b04-406e-a9bd-fbea97c7a36d','Tem o melhor sensor do mercado',false,1);
insert into public.quiz_options (question_id,texto,correta,ordem) values ('cd154d72-0b04-406e-a9bd-fbea97c7a36d','Pode ser controlada remotamente com presets, permitindo uma pessoa operar várias câmeras',true,2);
insert into public.quiz_options (question_id,texto,correta,ordem) values ('cd154d72-0b04-406e-a9bd-fbea97c7a36d','Dispensa o switcher',false,3);
insert into public.quiz_options (question_id,texto,correta,ordem) values ('cd154d72-0b04-406e-a9bd-fbea97c7a36d','Não precisa de energia',false,4);
insert into public.quiz_questions (id,quiz_id,texto,explicacao,ordem,pontos) values ('31075745-6f26-4b6f-bf64-aa8c939d84de','66ed803d-5d56-454a-b40a-0d2c71929d17','O que é ''clean output'' numa câmera?','Clean output entrega só a imagem, sem overlays de menu, essencial para mandar ao switcher/telão.',4,1);
insert into public.quiz_options (question_id,texto,correta,ordem) values ('31075745-6f26-4b6f-bf64-aa8c939d84de','Saída com os menus e ícones na tela',false,1);
insert into public.quiz_options (question_id,texto,correta,ordem) values ('31075745-6f26-4b6f-bf64-aa8c939d84de','Saída de vídeo limpa, sem menus/informações sobrepostas',true,2);
insert into public.quiz_options (question_id,texto,correta,ordem) values ('31075745-6f26-4b6f-bf64-aa8c939d84de','Saída de áudio',false,3);
insert into public.quiz_options (question_id,texto,correta,ordem) values ('31075745-6f26-4b6f-bf64-aa8c939d84de','Um codec de gravação',false,4);
insert into public.quiz_questions (id,quiz_id,texto,explicacao,ordem,pontos) values ('69bc2765-9f01-446f-833f-8c5005f2a282','66ed803d-5d56-454a-b40a-0d2c71929d17','Quando a saída SDI é preferível à HDMI numa câmera?','SDI usa BNC, suporta cabos longos e conexão travada, sendo o padrão profissional para distâncias e confiabilidade.',5,1);
insert into public.quiz_options (question_id,texto,correta,ordem) values ('69bc2765-9f01-446f-833f-8c5005f2a282','Em distâncias muito curtas',false,1);
insert into public.quiz_options (question_id,texto,correta,ordem) values ('69bc2765-9f01-446f-833f-8c5005f2a282','Em cabos longos e travados, padrão de evento/broadcast',true,2);
insert into public.quiz_options (question_id,texto,correta,ordem) values ('69bc2765-9f01-446f-833f-8c5005f2a282','Quando se usa só USB',false,3);
insert into public.quiz_options (question_id,texto,correta,ordem) values ('69bc2765-9f01-446f-833f-8c5005f2a282','Nunca, SDI é obsoleto',false,4);
insert into public.lessons (id,module_id,titulo,tipo,conteudo_rico,duracao_min,ordem,tem_quiz,preview_gratis) values ('eeb3d3a7-838f-4662-abdf-e3e42083ec25','2fbb9857-d6ee-461b-ab43-e225e25ccc6a','Conexões e Transporte: SDI, HDMI, Conversores, Fibra e NDI','texto','<p><strong>Para começar:</strong> Não adianta ter a melhor câmera e o melhor telão se o sinal não chega íntegro. Cabos, conectores, conversores e protocolos de rede são a ''tubulação'' por onde o vídeo viaja — e é aqui que a maioria dos eventos quebra.</p><p>Nesta aula você vai dominar os meios de transporte do vídeo: HDMI e SDI (e seus limites de distância), conversores (Decimator, Blackmagic Micro Converter), fibra óptica (opticalCON/SDI sobre fibra) para longas distâncias, e o vídeo sobre IP com NDI. Vamos ver quando usar cada um.</p><ul><li><strong>HDMI: prós, contras e distância:</strong> HDMI carrega vídeo+áudio num conector consumer, comum em câmeras, notebooks e telas. Pontos fracos: conector não trava (cai fácil), e o alcance confiável é curto (~5–10 m em cabo passivo). Para distâncias maiores usa-se HDMI ativo/óptico ou converte para SDI/fibra. Bom para a ''última milha'' (perto da tela/câmera).</li><li><strong>SDI: o padrão de evento:</strong> SDI (Serial Digital Interface) usa cabo coaxial e conector BNC que TRAVA. Carrega vídeo sem compressão por dezenas a 100+ metros (3G-SDI ~1080p60; 6G/12G-SDI para 4K). É o padrão de broadcast e eventos por confiabilidade e alcance. Quando há distância e múltiplas câmeras, pense em SDI.</li><li><strong>Conversores: o canivete da produção:</strong> Conversores adaptam formatos e resolvem incompatibilidades: HDMI↔SDI (cross-convert), up/down/cross-scaling (mudar resolução), e conversão de frame rate. São pequenos e baratos, mas salvam o evento quando um notebook só tem HDMI e o switcher só tem SDI, ou quando uma fonte está em formato diferente.</li><li><strong>Fibra óptica para vídeo:</strong> Para distâncias muito longas (estádios, grandes eventos, ruas), o sinal SDI/HDMI é transportado sobre fibra óptica, imune a interferência e capaz de quilômetros. Conectores robustos como o Neutrik opticalCON são padrão de palco. Usa-se um par de conversores (fibra TX num lado, RX no outro).</li><li><strong>NDI: vídeo sobre IP:</strong> NDI (Network Device Interface, da NewTek/Vizrt) transporta vídeo, áudio e controle por rede Ethernet comum (cabo de rede). Vantagem: muitas fontes num só cabo de rede/switch, cabeamento simples, descoberta automática. Há NDI full-bandwidth (mais qualidade/banda) e NDI|HX (comprimido, para PTZ e banda menor). Atenção: exige rede bem dimensionada (gigabit+, switch gerenciável) e introduz alguma latência.</li><li><strong>Resolução, frame rate e color: casar formatos:</strong> A maioria das falhas vem de formatos que não casam: resolução (1080p x 720p x 4K), frame rate (50/59.94/60) e color space/range. Padronize tudo no mesmo formato (ex.: 1080p60) da câmera ao telão. Quando não dá, use conversor/scaler para acertar antes de chegar ao switcher.</li></ul><h4>Equipamentos / detalhes</h4><ul><li><strong>Blackmagic Micro Converter (HDMI↔SDI, BiDirectional, SDI Distribution):</strong> Conversores compactos e baratos: Micro Converter HDMI to SDI e SDI to HDMI (alimentados por USB), versão BiDirectional faz os dois sentidos, e o SDI Distribution multiplica uma saída SDI em várias. Quando usar: adaptar notebook HDMI ao switcher SDI, levar SDI de volta para uma TV HDMI, distribuir um sinal para vários destinos. Item básico em toda maleta.</li><li><strong>Decimator (MD-HX, MD-LX, DMON multiviewers):</strong> Marca referência em conversão/monitoração robusta. MD-LX (HDMI↔SDI bidirecional), MD-HX (cross-convert com scaling/frame rate e janelas), DMON (multiviewer que mostra várias fontes numa tela). Quando usar: produção que precisa de conversão confiável com scaling e de multiview portátil. Padrão em broadcast/rental.</li><li><strong>AJA (ROI, Hi5, HA5, U-TAP, FS-series):</strong> Fabricante pro de conversores e frame syncs: Hi5 (SDI→HDMI), HA5 (HDMI→SDI), ROI (scaling com região de interesse), FS-series (frame sync/scaler de rack). Quando usar: conversão e sincronismo de nível broadcast, integração de fontes em formatos diferentes com qualidade.</li><li><strong>Blackmagic Mini Converter / Teranex / OpenGear:</strong> Linha acima dos Micro: Mini Converters (incluindo Optical Fiber para SDI sobre fibra), Teranex (conversão/processamento de altíssima qualidade, standards conversion), e cartões OpenGear para rack. Quando usar: SDI sobre fibra, conversão de padrões (PAL/NTSC, frame rate) e integração em rack de estúdio.</li><li><strong>Neutrik opticalCON (DUO/QUAD) + transceivers de fibra:</strong> Conector de fibra óptica robusto, padrão de palco, com proteção contra poeira e travamento. Combinado a conversores SDI-sobre-fibra (Blackmagic, AJA, Lightviper, Fiberlink), transporta vídeo por centenas de metros a quilômetros. Quando usar: estádios, grandes eventos, transmissões de rua, longas tiragens de cabo onde o coaxial não alcança.</li><li><strong>NDI: NewTek/Vizrt, BirdDog (encoders/decoders), Magewell Pro Convert, Sienna/NDI Tools:</strong> Ecossistema de vídeo sobre IP. BirdDog e Magewell Pro Convert convertem SDI/HDMI ↔ NDI (encoder/decoder); câmeras PTZ trazem NDI nativo; NDI Tools (Studio Monitor, Scan Converter) são gratuitos. Quando usar: estúdios e instalações onde cabear muitas fontes por SDI seria inviável e há rede dedicada disponível.</li><li><strong>Switch de rede gerenciável (gigabit/10G) + cabos Cat6/6A:</strong> Infraestrutura para NDI: switch gerenciável com IGMP snooping (para NDI multicast), portas gigabit ou 10G e cabeamento Cat6/6A. Quando usar: sempre que a produção depender de NDI/vídeo IP — uma rede mal dimensionada derruba o vídeo. É ''equipamento de vídeo'' tanto quanto o conversor.</li></ul><h4>Passo a passo</h4><ol><li><strong>1. Mapeie origem e destino de cada sinal:</strong> Liste cada fonte, seu conector (HDMI/SDI) e a distância até o destino. Isso define o meio de transporte de cada trecho.</li><li><strong>2. Escolha o meio pela distância:</strong> Curto (perto da tela/câmera): HDMI. Médio/longo e travado: SDI. Muito longo: fibra (opticalCON). Muitas fontes/estúdio: NDI por rede.</li><li><strong>3. Insira conversores onde houver incompatibilidade:</strong> Notebook HDMI → switcher SDI: use Micro Converter/Decimator. Formato diferente: use conversor com scaler antes do switcher.</li><li><strong>4. Padronize o formato:</strong> Defina 1080p60 (ou o do projeto) e faça toda fonte chegar nesse formato; converta/escale o que estiver diferente.</li><li><strong>5. Para fibra, monte TX/RX:</strong> Conversor SDI→fibra (TX) na origem, fibra opticalCON na tiragem, conversor fibra→SDI (RX) no destino. Teste o link antes.</li><li><strong>6. Para NDI, prepare a rede:</strong> Use switch gerenciável gigabit/10G com IGMP, cabos Cat6, e teste banda/latência. Verifique descoberta das fontes NDI antes do evento.</li></ol><p><strong>Na prática:</strong> Num evento onde o palco fica a 80 metros da régie, HDMI nem pensar: as câmeras saem em SDI (BNC travado) até a régie sem perda. Quando um palestrante chega com notebook só de HDMI, um Blackmagic Micro Converter HDMI to SDI resolve na hora. E num festival onde a régie fica a 300 metros do palco principal, o sinal vai por fibra opticalCON: conversor SDI→fibra no palco, conversor fibra→SDI na régie. Já num estúdio com 6 PTZ, em vez de puxar 6 cabos SDI, tudo trafega por NDI num switch gigabit gerenciável.</p><h4>Resumo</h4><ul><li>HDMI é curto e não trava (última milha); SDI é o padrão de evento, travado e de longo alcance; fibra leva o sinal a centenas de metros/quilômetros.</li><li>Conversores (Micro Converter, Decimator, AJA) resolvem incompatibilidades de conector e formato — item obrigatório na maleta.</li><li>NDI transporta muitas fontes por uma rede Ethernet, simplificando o cabeamento, mas exige rede bem dimensionada e tolera alguma latência.</li></ul>',27,6,true,false);
insert into public.quizzes (id,lesson_id,titulo) values ('8ff670d6-912e-4661-8d4f-2e2d9a0da944','eeb3d3a7-838f-4662-abdf-e3e42083ec25','Quiz — Conexões e Transporte: SDI, HDMI, Conversores, Fibra e NDI');
insert into public.quiz_questions (id,quiz_id,texto,explicacao,ordem,pontos) values ('e453567c-110d-43de-91ba-5d7d53c83bc8','8ff670d6-912e-4661-8d4f-2e2d9a0da944','Por que SDI é preferido a HDMI em eventos com distância?','SDI usa BNC travado e cabo coaxial, transportando vídeo por longas distâncias com confiabilidade, padrão de broadcast/evento.',1,1);
insert into public.quiz_options (question_id,texto,correta,ordem) values ('e453567c-110d-43de-91ba-5d7d53c83bc8','É mais barato e consumer',false,1);
insert into public.quiz_options (question_id,texto,correta,ordem) values ('e453567c-110d-43de-91ba-5d7d53c83bc8','Usa conector BNC que trava e alcança dezenas a 100+ metros sem compressão',true,2);
insert into public.quiz_options (question_id,texto,correta,ordem) values ('e453567c-110d-43de-91ba-5d7d53c83bc8','Tem mais cores',false,3);
insert into public.quiz_options (question_id,texto,correta,ordem) values ('e453567c-110d-43de-91ba-5d7d53c83bc8','Funciona só com fibra',false,4);
insert into public.quiz_questions (id,quiz_id,texto,explicacao,ordem,pontos) values ('dbc56d3b-8890-49bc-88b7-6a673c61777a','8ff670d6-912e-4661-8d4f-2e2d9a0da944','Um palestrante chega com notebook que só tem HDMI, mas o switcher é SDI. O que resolve?','Um conversor HDMI→SDI adapta o sinal do notebook ao switcher SDI imediatamente.',2,1);
insert into public.quiz_options (question_id,texto,correta,ordem) values ('dbc56d3b-8890-49bc-88b7-6a673c61777a','Um painel de LED',false,1);
insert into public.quiz_options (question_id,texto,correta,ordem) values ('dbc56d3b-8890-49bc-88b7-6a673c61777a','Um conversor HDMI to SDI (ex.: Blackmagic Micro Converter)',true,2);
insert into public.quiz_options (question_id,texto,correta,ordem) values ('dbc56d3b-8890-49bc-88b7-6a673c61777a','Mais lumens',false,3);
insert into public.quiz_options (question_id,texto,correta,ordem) values ('dbc56d3b-8890-49bc-88b7-6a673c61777a','Trocar o pixel pitch',false,4);
insert into public.quiz_questions (id,quiz_id,texto,explicacao,ordem,pontos) values ('b540e8d3-c6b6-49cf-b719-7c49daf444cf','8ff670d6-912e-4661-8d4f-2e2d9a0da944','Quando a fibra óptica (opticalCON) é a melhor escolha?','Fibra transporta vídeo por longuíssimas distâncias sem interferência; opticalCON é o conector robusto padrão de palco.',3,1);
insert into public.quiz_options (question_id,texto,correta,ordem) values ('b540e8d3-c6b6-49cf-b719-7c49daf444cf','Para distâncias muito curtas',false,1);
insert into public.quiz_options (question_id,texto,correta,ordem) values ('b540e8d3-c6b6-49cf-b719-7c49daf444cf','Para tiragens muito longas (centenas de metros a km), imune a interferência',true,2);
insert into public.quiz_options (question_id,texto,correta,ordem) values ('b540e8d3-c6b6-49cf-b719-7c49daf444cf','Só para áudio',false,3);
insert into public.quiz_options (question_id,texto,correta,ordem) values ('b540e8d3-c6b6-49cf-b719-7c49daf444cf','Para reduzir lumens',false,4);
insert into public.quiz_questions (id,quiz_id,texto,explicacao,ordem,pontos) values ('5a798e4d-b3b5-45d8-a2fa-465dbe33c798','8ff670d6-912e-4661-8d4f-2e2d9a0da944','Qual a principal vantagem do NDI?','NDI leva vídeo/áudio/controle por rede IP, permitindo muitas fontes num cabeamento simples — desde que a rede seja bem dimensionada.',4,1);
insert into public.quiz_options (question_id,texto,correta,ordem) values ('5a798e4d-b3b5-45d8-a2fa-465dbe33c798','Dispensa qualquer rede',false,1);
insert into public.quiz_options (question_id,texto,correta,ordem) values ('5a798e4d-b3b5-45d8-a2fa-465dbe33c798','Transporta muitas fontes de vídeo por um cabo de rede Ethernet, simplificando o cabeamento',true,2);
insert into public.quiz_options (question_id,texto,correta,ordem) values ('5a798e4d-b3b5-45d8-a2fa-465dbe33c798','Tem zero latência sempre',false,3);
insert into public.quiz_options (question_id,texto,correta,ordem) values ('5a798e4d-b3b5-45d8-a2fa-465dbe33c798','Substitui o projetor',false,4);
insert into public.quiz_questions (id,quiz_id,texto,explicacao,ordem,pontos) values ('79931d31-5e3c-4a3d-8168-41f3a64b5c3f','8ff670d6-912e-4661-8d4f-2e2d9a0da944','Qual a causa mais comum de falha ao integrar fontes diferentes?','Resolução, frame rate e color space diferentes entre fontes derrubam a imagem; padronize o formato ou use conversor/scaler.',5,1);
insert into public.quiz_options (question_id,texto,correta,ordem) values ('79931d31-5e3c-4a3d-8168-41f3a64b5c3f','Excesso de lumens',false,1);
insert into public.quiz_options (question_id,texto,correta,ordem) values ('79931d31-5e3c-4a3d-8168-41f3a64b5c3f','Formatos que não casam (resolução/frame rate/color)',true,2);
insert into public.quiz_options (question_id,texto,correta,ordem) values ('79931d31-5e3c-4a3d-8168-41f3a64b5c3f','Cabo SDI travado demais',false,3);
insert into public.quiz_options (question_id,texto,correta,ordem) values ('79931d31-5e3c-4a3d-8168-41f3a64b5c3f','NDI ser gratuito',false,4);

-- CURSO: Pleno — Efeito
insert into public.courses (id,titulo,slug,descricao_curta,nivel,categoria,categorias,tipo,carga_horaria,total_aulas,ativo,destaque,ordem) values
  ('831af45f-bd33-487c-8149-e11e72741d34','Pleno — Efeito','pleno-efeito','Curso Pleno — Efeito — SMU PRO','pleno','efeitos','{}','free',765,21,false,false,7);
insert into public.modules (id,course_id,titulo,ordem) values ('bb447714-3bca-4577-90fa-28f8caf7627e','831af45f-bd33-487c-8149-e11e72741d34','Módulo 1 — Fundamentos da Pirotecnia e Efeitos Especiais para Eventos',1);
insert into public.lessons (id,module_id,titulo,tipo,conteudo_rico,duracao_min,ordem,tem_quiz,preview_gratis) values ('9ed75ad0-3e86-4a07-84d0-f1b022eafc3f','bb447714-3bca-4577-90fa-28f8caf7627e','Introdução ao ofício: arte, ciência e responsabilidade do operador de efeitos','texto','<p><strong>Para começar:</strong> Antes de qualquer faísca, existe um profissional treinado, calmo e disciplinado. É dele que este curso trata.</p><p>A pirotecnia e os efeitos especiais de palco unem química, física, engenharia, arte e — acima de tudo — gestão de risco. Esta aula define o que é o operador de efeitos (também chamado técnico de efeitos especiais ou pirotécnico), o escopo da profissão e por que a segurança é o eixo central de tudo o que faremos no curso PLENO EFEITO. Você não é apenas alguém que ''aperta o botão'': você é o responsável técnico por uma operação de alto risco que envolve público, artistas, estruturas e patrimônio.</p><ul><li><strong>O que é o operador de efeitos:</strong> É o profissional que projeta, monta, opera e desmonta efeitos visuais e sensoriais em eventos ao vivo — fogos de artifício, faíscas frias, jatos de CO2, fumaça, fogo controlado, confete e serpentina, painéis e iluminação. O ofício combina sensibilidade artística (criar emoção e impacto) com rigor técnico (química dos compostos, distâncias de segurança, sincronização). Acima de tudo, é uma função de responsabilidade legal: a assinatura do responsável técnico responde por incidentes.</li><li><strong>A fusão entre ciência e criatividade:</strong> Cada efeito é o resultado de princípios físico-químicos: oxidantes e combustíveis gerando luz e calor, gases sob pressão produzindo nuvens, retardos pirotécnicos definindo o tempo. O operador traduz uma ideia artística (''quero uma cascata dourada caindo do teto no refrão'') em parâmetros técnicos seguros (qual produto, qual distância, qual ângulo, qual cue).</li><li><strong>Segurança em primeiro lugar — sempre:</strong> A pirotecnia é classificada como atividade de ALTO RISCO porque manipula materiais combustíveis e explosivos, gases pressurizados e fontes de calor intenso. Nenhum efeito vale um acidente. A cultura de segurança não é um anexo do curso: é o curso. Toda decisão criativa passa pelo filtro ''isto é seguro para público, equipe, artistas e local?''.</li><li><strong>Domínio da sincronia temporal:</strong> O tempo é variável crítica. Um disparo fora do tempo arruína o impacto e pode ser perigoso. O operador é o ''maestro temporal'' que sincroniza efeitos com música, luz e vídeo — manualmente ou via time code. Compreender retardos (delays) inerentes a cada produto é parte essencial do planejamento.</li><li><strong>Trabalho em equipe e cadeia de comando:</strong> Efeitos nunca são operação solo. Há diálogo com produção, direção de palco, sonoplastia, iluminação, segurança do evento, brigada de incêndio e bombeiros. Comunicação clara, cues combinados e hierarquia de decisão (quem aborta o show?) são tão importantes quanto o equipamento.</li><li><strong>Ética e conformidade:</strong> O operador profissional jamais improvisa em segurança, jamais opera sem licença, jamais usa produto vencido ou fora de norma, e jamais cede à pressão de produção para ''fazer mais barato'' ou ''mais perto do público''. A responsabilidade ética protege vidas e a própria carreira.</li></ul><p><strong>Na prática:</strong> Em um briefing real, um produtor pede ''fogos bem perto da plateia, no estádio lotado''. O operador profissional não responde ''sim'' nem ''não'' de imediato: ele anota o desejo artístico, mede o local, calcula a distância de segurança exigida pelo tamanho do produto, verifica a legislação e só então propõe uma solução segura equivalente (por exemplo, faíscas frias indoor em vez de shells aéreos). Saber dizer ''isso eu faço de outra forma, com segurança'' é a marca do profissional.</p><h4>Resumo</h4><ul><li>O operador de efeitos une arte, ciência e responsabilidade legal.</li><li>Segurança é o eixo central de todo o ofício, não um detalhe.</li><li>Sincronia, trabalho em equipe e ética definem o profissional completo.</li></ul>',25,1,true,true);
insert into public.quizzes (id,lesson_id,titulo) values ('0b78febb-dd29-4d78-a1f0-3269ef56eb99','9ed75ad0-3e86-4a07-84d0-f1b022eafc3f','Quiz — Introdução ao ofício: arte, ciência e responsabilidade do op');
insert into public.quiz_questions (id,quiz_id,texto,explicacao,ordem,pontos) values ('94f56a4f-82af-4243-91eb-32582918ca3f','0b78febb-dd29-4d78-a1f0-3269ef56eb99','Por que a pirotecnia é classificada como atividade de alto risco?','O risco vem da natureza dos materiais e das energias envolvidas — por isso a segurança é central.',1,1);
insert into public.quiz_options (question_id,texto,correta,ordem) values ('94f56a4f-82af-4243-91eb-32582918ca3f','Porque é cara',false,1);
insert into public.quiz_options (question_id,texto,correta,ordem) values ('94f56a4f-82af-4243-91eb-32582918ca3f','Porque envolve materiais combustíveis e explosivos, gases pressurizados e calor intenso',true,2);
insert into public.quiz_options (question_id,texto,correta,ordem) values ('94f56a4f-82af-4243-91eb-32582918ca3f','Porque exige muitas pessoas',false,3);
insert into public.quiz_options (question_id,texto,correta,ordem) values ('94f56a4f-82af-4243-91eb-32582918ca3f','Porque acontece à noite',false,4);
insert into public.quiz_questions (id,quiz_id,texto,explicacao,ordem,pontos) values ('087c905f-fd4e-40f2-8dec-dcb8643f7578','0b78febb-dd29-4d78-a1f0-3269ef56eb99','Diante de um pedido inseguro do produtor, o operador deve:','O profissional protege vidas e a carreira propondo soluções seguras, não apenas dizendo sim ou não.',2,1);
insert into public.quiz_options (question_id,texto,correta,ordem) values ('087c905f-fd4e-40f2-8dec-dcb8643f7578','Aceitar para não perder o cliente',false,1);
insert into public.quiz_options (question_id,texto,correta,ordem) values ('087c905f-fd4e-40f2-8dec-dcb8643f7578','Recusar e abandonar o evento',false,2);
insert into public.quiz_options (question_id,texto,correta,ordem) values ('087c905f-fd4e-40f2-8dec-dcb8643f7578','Avaliar tecnicamente e propor uma alternativa segura equivalente',true,3);
insert into public.quiz_options (question_id,texto,correta,ordem) values ('087c905f-fd4e-40f2-8dec-dcb8643f7578','Fazer apenas metade do pedido',false,4);
insert into public.quiz_questions (id,quiz_id,texto,explicacao,ordem,pontos) values ('ab4fbab2-98cc-4991-81f6-25641a3db5fc','0b78febb-dd29-4d78-a1f0-3269ef56eb99','O que significa o operador ser o ''maestro temporal'' do show?','Sincronia temporal precisa é o que transforma efeitos em espetáculo coordenado e seguro.',3,1);
insert into public.quiz_options (question_id,texto,correta,ordem) values ('ab4fbab2-98cc-4991-81f6-25641a3db5fc','Ele controla o relógio do evento',false,1);
insert into public.quiz_options (question_id,texto,correta,ordem) values ('ab4fbab2-98cc-4991-81f6-25641a3db5fc','Ele sincroniza os efeitos com música, luz e vídeo no tempo exato',true,2);
insert into public.quiz_options (question_id,texto,correta,ordem) values ('ab4fbab2-98cc-4991-81f6-25641a3db5fc','Ele decide o horário de início',false,3);
insert into public.quiz_options (question_id,texto,correta,ordem) values ('ab4fbab2-98cc-4991-81f6-25641a3db5fc','Ele cronometra os intervalos',false,4);
insert into public.quiz_questions (id,quiz_id,texto,explicacao,ordem,pontos) values ('fafa5629-609a-44be-91d7-e2c360e86eeb','0b78febb-dd29-4d78-a1f0-3269ef56eb99','Efeitos especiais em eventos são uma operação:','Envolve produção, palco, som, luz, segurança e bombeiros — comunicação é essencial.',4,1);
insert into public.quiz_options (question_id,texto,correta,ordem) values ('fafa5629-609a-44be-91d7-e2c360e86eeb','Sempre solo',false,1);
insert into public.quiz_options (question_id,texto,correta,ordem) values ('fafa5629-609a-44be-91d7-e2c360e86eeb','De equipe, com cadeia de comando e comunicação clara',true,2);
insert into public.quiz_options (question_id,texto,correta,ordem) values ('fafa5629-609a-44be-91d7-e2c360e86eeb','Improvisada no momento',false,3);
insert into public.quiz_options (question_id,texto,correta,ordem) values ('fafa5629-609a-44be-91d7-e2c360e86eeb','Apenas artística, sem técnica',false,4);
insert into public.lessons (id,module_id,titulo,tipo,conteudo_rico,duracao_min,ordem,tem_quiz,preview_gratis) values ('bf5c88f3-3788-4778-82d0-077255645a2c','bb447714-3bca-4577-90fa-28f8caf7627e','Tipos de efeito e categorias: do shell aéreo às faíscas frias','texto','<p><strong>Para começar:</strong> Conhecer o vocabulário e a família dos efeitos é o primeiro passo para projetar com segurança e criatividade.</p><p>Existe uma enorme variedade de efeitos, cada um com comportamento, risco e aplicação próprios. Esta aula organiza as grandes categorias — aéreos, terrestres, aquáticos, efeitos de palco indoor e efeitos não-pirotécnicos (CO2, fumaça, confete) — e explica o que cada um faz, como funciona e onde é seguro usar. Dominar essa taxonomia evita o erro grave de usar um produto outdoor em ambiente fechado, por exemplo.</p><ul><li><strong>Fogos aéreos — shell (bomba):</strong> Dispositivo lançado por morteiro que explode em altura liberando estrelas. A carga de projeção/propulsão impulsiona a shell; um retardo queima durante a subida; a carga de abertura a rompe no ápice, espalhando as baladas (estrelas) que produzem o efeito. Exige grandes distâncias de segurança e é tipicamente OUTDOOR.</li><li><strong>Padrões clássicos de shell:</strong> Chrysanthemum (esfera de estrelas com cauda, lembra crisântemo), Peônia (esfera sem cauda), Willow/Salgueiro (estrelas que descem como galhos de salgueiro), Brocade Crown (coroa cintilante), Crossette (estrelas que se subdividem em cruz), Coco/Coconut e Strobe (estrelas piscantes). Cada padrão é definido pelo arranjo interno das estrelas e pela carga.</li><li><strong>Cometa:</strong> Estrela ou efeito único que percorre uma trajetória visível, deixando rastro. Pode ser aéreo ou aquático. Cria linhas e movimentos no espaço.</li><li><strong>Fogos terrestres:</strong> Cascata: faíscas que descem continuamente, criando ''cortina'' de fogo. Gerb (gerb/fount): coluna vertical de faíscas/chama a partir do solo. Fonte: jato controlado de faíscas, base de muitos efeitos de palco. Minas (mines): explosão a partir do solo que lança estrelas para cima. Giratório/Catherine Wheel: roda que gira emitindo luz e cor.</li><li><strong>Fogos aquáticos:</strong> Cometa aquático e geyser (jato iluminado sobre a água), montados em bases flutuantes. Exigem cuidado redobrado com flutuação, ancoragem e contato elétrico com a água.</li><li><strong>Efeitos sonoros e especiais:</strong> Salute/estampido (forte som, pouco visual), crackle/estalos (crepitação), e efeitos especiais como fogos que formam padrões. O salute é regulado e o nível de pressão sonora é fator de segurança auditiva e de incômodo.</li><li><strong>Efeitos de palco indoor (não necessariamente pirotécnicos):</strong> Faíscas frias (Sparkular e similares): jatos de faíscas a baixa temperatura, projetados para ambientes fechados e proximidade controlada — não são pirotecnia clássica, mas exigem distância e cuidados. Jatos de CO2, máquinas de fumaça/haze, low fog (gelo seco), lança-confete e serpentina, pirotecnia indoor certificada (categoria T1, palco). A regra de ouro: produto indoor é projetado e certificado para indoor; nunca substitua um pelo outro.</li><li><strong>Categorias de cor e por que importam:</strong> As cores vêm da química: sais de estrôncio (vermelho), bário (verde), cobre (azul), sódio (amarelo/dourado), magnésio/alumínio (branco brilhante). O operador não fabrica esses compostos, mas entende que a cor indica composição e, portanto, comportamento de queima e resíduos.</li></ul><h4>Equipamentos / detalhes</h4><ul><li><strong>Sparkular / máquinas de faíscas frias (categoria geradores de faíscas):</strong> Geram jatos de faíscas a temperatura reduzida usando um pó granulado metálico (tipicamente à base de titânio/liga) recarregável. Alturas configuráveis (ex.: ~1 a 5 m conforme modelo). Uso indoor e proximidade controlada de público/artistas, sempre respeitando a distância indicada pelo fabricante. Substituem com segurança o uso de gerbs pirotécnicos em ambientes fechados.</li><li><strong>Le Maitre (pirotecnia indoor profissional):</strong> Fabricante de efeitos de palco certificados — gerbs, comets, mines, flashes, fontes em cartuchos para uso com sistemas de disparo. Produtos categorizados (ex.: T1) para distâncias curtas de palco. Usar sempre o cartucho na base/holder correto do fabricante.</li><li><strong>Galaxis (sistema de disparo pirotécnico):</strong> Sistema profissional de disparo sem fio e com fio, com módulos endereçáveis e suporte a time code, usado em grandes shows. Entra aqui como a controladora que comanda os diversos tipos de efeito de forma sincronizada e segura.</li></ul><h4>Passo a passo</h4><ol><li><strong>1. Classifique o ambiente:</strong> Defina primeiro se o efeito é indoor (fechado, baixo pé-direito) ou outdoor (céu aberto). Isso elimina de imediato categorias inteiras de produto.</li><li><strong>2. Escolha a família do efeito:</strong> Aéreo, terrestre, aquático ou de palco — conforme o resultado artístico desejado e o espaço disponível.</li><li><strong>3. Verifique a categoria/certificação do produto:</strong> Confirme no rótulo a categoria (T1, T2... ou equivalente), a distância de segurança e se é homologado para o ambiente escolhido.</li><li><strong>4. Liste comportamento e riscos:</strong> Para cada efeito anote: altura, projeção de detritos, calor, fumaça, ruído e resíduo. Esses dados alimentam o cálculo de distâncias e a análise de risco.</li></ol><p><strong>Na prática:</strong> Pediram ''cascata de fogo descendo do teto'' em uma casa de show fechada. Cascata pirotécnica tradicional é OUTDOOR e gera calor e resíduo incompatíveis com teto baixo. O profissional substitui por faíscas frias (Sparkular) montadas de forma invertida ou por fonte indoor certificada Le Maitre, mantendo a distância do fabricante até cortinas, gride e público. Mesmo efeito visual, risco controlado.</p><h4>Resumo</h4><ul><li>Efeitos se dividem em aéreos, terrestres, aquáticos e de palco indoor.</li><li>Cada categoria tem comportamento, risco e ambiente próprios — não se substituem livremente.</li><li>Faíscas frias e CO2 são alternativas seguras para proximidade e ambientes fechados.</li></ul>',35,2,true,false);
insert into public.quizzes (id,lesson_id,titulo) values ('8bef7fde-c29f-4596-a067-a31c80eb4b8a','bf5c88f3-3788-4778-82d0-077255645a2c','Quiz — Tipos de efeito e categorias: do shell aéreo às faíscas fria');
insert into public.quiz_questions (id,quiz_id,texto,explicacao,ordem,pontos) values ('0163a06c-f8a2-433a-9ac0-dcb1477f8134','8bef7fde-c29f-4596-a067-a31c80eb4b8a','Qual efeito é adequado para um palco fechado com público próximo?','Faíscas frias são projetadas para baixa temperatura e uso indoor controlado; shells e cascatas são outdoor.',1,1);
insert into public.quiz_options (question_id,texto,correta,ordem) values ('0163a06c-f8a2-433a-9ac0-dcb1477f8134','Shell aéreo de 6 polegadas',false,1);
insert into public.quiz_options (question_id,texto,correta,ordem) values ('0163a06c-f8a2-433a-9ac0-dcb1477f8134','Cascata pirotécnica outdoor',false,2);
insert into public.quiz_options (question_id,texto,correta,ordem) values ('0163a06c-f8a2-433a-9ac0-dcb1477f8134','Faíscas frias (Sparkular) certificadas para indoor',true,3);
insert into public.quiz_options (question_id,texto,correta,ordem) values ('0163a06c-f8a2-433a-9ac0-dcb1477f8134','Mina de solo',false,4);
insert into public.quiz_questions (id,quiz_id,texto,explicacao,ordem,pontos) values ('fb40bdae-57a4-42d7-8ece-65c6a116045b','8bef7fde-c29f-4596-a067-a31c80eb4b8a','O que diferencia uma peônia de um chrysanthemum?','Ambos são esferas de estrelas; o chrysanthemum deixa rastro/cauda, a peônia não.',2,1);
insert into public.quiz_options (question_id,texto,correta,ordem) values ('fb40bdae-57a4-42d7-8ece-65c6a116045b','A cor',false,1);
insert into public.quiz_options (question_id,texto,correta,ordem) values ('fb40bdae-57a4-42d7-8ece-65c6a116045b','A peônia não tem cauda; o chrysanthemum tem cauda nas estrelas',true,2);
insert into public.quiz_options (question_id,texto,correta,ordem) values ('fb40bdae-57a4-42d7-8ece-65c6a116045b','O som',false,3);
insert into public.quiz_options (question_id,texto,correta,ordem) values ('fb40bdae-57a4-42d7-8ece-65c6a116045b','A altura',false,4);
insert into public.quiz_questions (id,quiz_id,texto,explicacao,ordem,pontos) values ('e7e29f27-44dc-41e3-8ac1-ee8e3e7d099b','8bef7fde-c29f-4596-a067-a31c80eb4b8a','As cores dos fogos são determinadas por:','Cada cor vem de sais metálicos específicos — isso indica composição e comportamento.',3,1);
insert into public.quiz_options (question_id,texto,correta,ordem) values ('e7e29f27-44dc-41e3-8ac1-ee8e3e7d099b','A embalagem',false,1);
insert into public.quiz_options (question_id,texto,correta,ordem) values ('e7e29f27-44dc-41e3-8ac1-ee8e3e7d099b','Os compostos químicos queimados (estrôncio, bário, cobre, sódio)',true,2);
insert into public.quiz_options (question_id,texto,correta,ordem) values ('e7e29f27-44dc-41e3-8ac1-ee8e3e7d099b','A altura da explosão',false,3);
insert into public.quiz_options (question_id,texto,correta,ordem) values ('e7e29f27-44dc-41e3-8ac1-ee8e3e7d099b','A velocidade do vento',false,4);
insert into public.quiz_questions (id,quiz_id,texto,explicacao,ordem,pontos) values ('eafa5e08-d945-41e4-9e10-226f8a8ea49d','8bef7fde-c29f-4596-a067-a31c80eb4b8a','Por que NÃO se deve usar um gerb pirotécnico comum em ambiente fechado?','Em ambiente fechado usa-se efeito certificado indoor (fonte de palco ou faísca fria).',4,1);
insert into public.quiz_options (question_id,texto,correta,ordem) values ('eafa5e08-d945-41e4-9e10-226f8a8ea49d','É caro',false,1);
insert into public.quiz_options (question_id,texto,correta,ordem) values ('eafa5e08-d945-41e4-9e10-226f8a8ea49d','Gera calor, projeção e resíduo incompatíveis com teto baixo e proximidade',true,2);
insert into public.quiz_options (question_id,texto,correta,ordem) values ('eafa5e08-d945-41e4-9e10-226f8a8ea49d','É muito silencioso',false,3);
insert into public.quiz_options (question_id,texto,correta,ordem) values ('eafa5e08-d945-41e4-9e10-226f8a8ea49d','Não tem cor',false,4);
insert into public.quiz_questions (id,quiz_id,texto,explicacao,ordem,pontos) values ('5e65d710-0a33-4690-8245-467ada96caa4','8bef7fde-c29f-4596-a067-a31c80eb4b8a','Um cometa caracteriza-se por:','O cometa é uma estrela única com trajetória e rastro visíveis.',5,1);
insert into public.quiz_options (question_id,texto,correta,ordem) values ('5e65d710-0a33-4690-8245-467ada96caa4','Explodir no solo',false,1);
insert into public.quiz_options (question_id,texto,correta,ordem) values ('5e65d710-0a33-4690-8245-467ada96caa4','Percorrer uma trajetória visível deixando rastro',true,2);
insert into public.quiz_options (question_id,texto,correta,ordem) values ('5e65d710-0a33-4690-8245-467ada96caa4','Produzir só som',false,3);
insert into public.quiz_options (question_id,texto,correta,ordem) values ('5e65d710-0a33-4690-8245-467ada96caa4','Girar em torno de um eixo',false,4);
insert into public.modules (id,course_id,titulo,ordem) values ('3483b982-8d99-4858-83ee-3896f6f3dc4b','831af45f-bd33-487c-8149-e11e72741d34','Módulo 2 — Química, Comportamento e Tempo dos Efeitos',2);
insert into public.lessons (id,module_id,titulo,tipo,conteudo_rico,duracao_min,ordem,tem_quiz,preview_gratis) values ('9ca798bd-6672-4d30-a61d-36d680b0d994','3483b982-8d99-4858-83ee-3896f6f3dc4b','Como funciona um artefato pirotécnico: composição, cargas e ignição','texto','<p><strong>Para começar:</strong> Entender o que acontece dentro do tubo é o que separa o operador seguro do amador.</p><p>Para operar com segurança você precisa compreender a anatomia de um efeito: a composição pirotécnica, as diferentes cargas (projeção, abertura, efeito), o iniciador e o retardo. Esta aula explica esses elementos com base na norma técnica brasileira, sem entrar em fabricação — o operador de eventos compra produto homologado, não produz pólvora.</p><ul><li><strong>Composição pirotécnica:</strong> Mistura de um oxidante (que fornece oxigênio) e um combustível, capaz de produzir efeitos de projeção, propulsão, som, luz, fumaça ou combinações. Exemplos da norma: pólvora negra, pólvora branca, mistos fumígenos, mistos de retardo, mistos de iniciação, cargas de efeito. O operador não manipula essas misturas a granel; ele lida com o produto acabado e lacrado.</li><li><strong>As cargas de um shell:</strong> Carga de projeção/propulsão: impulsiona a shell para fora do morteiro (tipicamente pólvora negra). Carga de abertura: rompe a shell no ápice e espalha as baladas/estrelas. Carga de efeito: responsável pelo efeito final (cor, brilho, estalo). Entender essa sequência explica por que existe um retardo entre o disparo e o efeito no céu.</li><li><strong>Iniciador e ignição:</strong> O iniciador (igniter/estopim) é o dispositivo que, por chama, fricção, percussão ou corrente elétrica, dá o calor inicial. No mundo profissional usa-se o iniciador elétrico (e-match): a mesa de disparo envia corrente que aquece um filamento e acende o produto. A norma identifica o iniciador comum por coloração marrom-escura e o elétrico por cor laranja ou marrom-escuro, protegido contra disparo acidental por eletricidade estática.</li><li><strong>Retardo pirotécnico:</strong> Dispositivo de queima lenta que cria um tempo de espera entre a iniciação e a carga de abertura/efeito, compatível com segurança e com o efeito desejado. É o que faz a shell explodir na altura certa, e não no chão. O operador precisa conhecer esse tempo para sincronizar.</li><li><strong>Tubo de lançamento (morteiro):</strong> Tubo de carregamento antecarga, em papel, plástico de alta densidade ou fibra de vidro, dimensionado para suportar a pressão de serviço. Fibra de vidro é o padrão profissional moderno por resistência. Nunca se usa tubo improvisado, danificado ou de material proibido.</li><li><strong>O que o operador NÃO faz:</strong> Não altera composições, não abre produtos, não remenda estopins, não improvisa cargas. A norma brasileira proíbe substâncias perigosas em fogos (arsênio, cloratos fora de exceções, chumbo, mercúrio, ácido pícrico etc.). Confiar no produto homologado e íntegro é parte da segurança.</li></ul><h4>Equipamentos / detalhes</h4><ul><li><strong>Iniciador elétrico / e-match:</strong> Cabeça pirotécnica com dois fios; a mesa envia corrente e ele acende o produto. Parâmetros da norma: corrente máxima de NÃO-iniciação 0,300 A por no mínimo 5 min; corrente mínima de iniciação 0,600 A por 10 ms; cabos com no mínimo 5 m. Manuseado com o sistema em modo seguro (sem energia) até o momento do disparo.</li><li><strong>Morteiro de fibra de vidro (tubo de lançamento):</strong> Tubo profissional para shells, reforçado com epóxi (resistência mínima conforme norma). Mais seguro que papel/plástico contra ruptura. Usado em racks fixados ao solo, inclinados para longe do público.</li><li><strong>Produto pirotécnico homologado (shell, cake, gerb, fonte):</strong> Cake/bolo: bloco com vários tubos que disparam efeitos em sequência rápida a partir de um único cue — muito usado por concentrar efeito com um disparo. Sempre adquirido com nota, dentro da validade, rótulo legível e categoria compatível.</li></ul><h4>Passo a passo</h4><ol><li><strong>1. Leia o rótulo:</strong> Confirme nomenclatura, categoria/classe, responsável técnico (CRQ), instruções de uso, ambiente permitido, distância segura e número de tiros (no caso de cakes).</li><li><strong>2. Inspecione a integridade:</strong> Produto deve estar íntegro, limpo, sem rasgos, rachaduras, partes soltas ou umidade. Produto danificado é descartado conforme orientação do fornecedor/autoridade — nunca usado.</li><li><strong>3. Identifique o iniciador:</strong> Verifique cor e proteção do iniciador. Mantenha o sistema sem energia até o disparo. Operadores não portam celular durante a iniciação (norma).</li><li><strong>4. Posicione no tubo/holder correto:</strong> Cada produto no seu morteiro ou base do fabricante, com a folga e o retardo expostos conforme a norma (ex.: retardo do iniciador exposto no mínimo 150 mm para fora do tubo após inserir a bomba).</li></ol><p><strong>Na prática:</strong> Ao receber uma caixa de shells, o operador confere nota fiscal, lacre, rótulo e validade; separa uma unidade visivelmente amassada e a devolve ao fornecedor em vez de usá-la. Carrega cada shell no morteiro de fibra correspondente ao calibre, conecta o e-match com o sistema desenergizado e só arma a mesa no momento combinado, sem celular no bolso.</p><h4>Resumo</h4><ul><li>O efeito resulta de cargas de projeção, abertura e efeito mais um retardo.</li><li>O operador usa produto homologado e íntegro — nunca fabrica ou altera.</li><li>Iniciador elétrico e morteiro correto, com sistema seguro até o disparo.</li></ul>',30,1,true,false);
insert into public.quizzes (id,lesson_id,titulo) values ('9335a3c4-85e1-4acd-86a1-57b35ab861ae','9ca798bd-6672-4d30-a61d-36d680b0d994','Quiz — Como funciona um artefato pirotécnico: composição, cargas e ');
insert into public.quiz_questions (id,quiz_id,texto,explicacao,ordem,pontos) values ('4845583d-a08f-47d7-bc2b-00855ff91406','9335a3c4-85e1-4acd-86a1-57b35ab861ae','Qual carga é responsável por romper a shell no ápice e espalhar as estrelas?','A carga de abertura rompe a shell; a de projeção a lança e a de efeito gera o visual.',1,1);
insert into public.quiz_options (question_id,texto,correta,ordem) values ('4845583d-a08f-47d7-bc2b-00855ff91406','Carga de projeção',false,1);
insert into public.quiz_options (question_id,texto,correta,ordem) values ('4845583d-a08f-47d7-bc2b-00855ff91406','Carga de abertura',true,2);
insert into public.quiz_options (question_id,texto,correta,ordem) values ('4845583d-a08f-47d7-bc2b-00855ff91406','Carga de efeito',false,3);
insert into public.quiz_options (question_id,texto,correta,ordem) values ('4845583d-a08f-47d7-bc2b-00855ff91406','Carga de retardo',false,4);
insert into public.quiz_questions (id,quiz_id,texto,explicacao,ordem,pontos) values ('6ea6429b-9ffc-42ef-9bb6-7786e7f81acb','9335a3c4-85e1-4acd-86a1-57b35ab861ae','Para que serve o retardo pirotécnico?','O retardo garante que o efeito ocorra na altura certa, com segurança.',2,1);
insert into public.quiz_options (question_id,texto,correta,ordem) values ('6ea6429b-9ffc-42ef-9bb6-7786e7f81acb','Aumentar o som',false,1);
insert into public.quiz_options (question_id,texto,correta,ordem) values ('6ea6429b-9ffc-42ef-9bb6-7786e7f81acb','Criar o tempo de espera entre a iniciação e a abertura/efeito',true,2);
insert into public.quiz_options (question_id,texto,correta,ordem) values ('6ea6429b-9ffc-42ef-9bb6-7786e7f81acb','Dar cor',false,3);
insert into public.quiz_options (question_id,texto,correta,ordem) values ('6ea6429b-9ffc-42ef-9bb6-7786e7f81acb','Reduzir o custo',false,4);
insert into public.quiz_questions (id,quiz_id,texto,explicacao,ordem,pontos) values ('299079c3-be64-48d5-8632-ab29e4775f51','9335a3c4-85e1-4acd-86a1-57b35ab861ae','Segundo a norma, durante a iniciação o operador:','A norma proíbe o uso de telefone móvel durante a iniciação por risco de disparo acidental.',3,1);
insert into public.quiz_options (question_id,texto,correta,ordem) values ('299079c3-be64-48d5-8632-ab29e4775f51','Pode usar celular normalmente',false,1);
insert into public.quiz_options (question_id,texto,correta,ordem) values ('299079c3-be64-48d5-8632-ab29e4775f51','Não pode portar ou utilizar telefone móvel',true,2);
insert into public.quiz_options (question_id,texto,correta,ordem) values ('299079c3-be64-48d5-8632-ab29e4775f51','Deve filmar com o celular',false,3);
insert into public.quiz_options (question_id,texto,correta,ordem) values ('299079c3-be64-48d5-8632-ab29e4775f51','Usa o celular como disparador',false,4);
insert into public.quiz_questions (id,quiz_id,texto,explicacao,ordem,pontos) values ('22dadb10-b7ef-455d-a69d-95fb550cd7bb','9335a3c4-85e1-4acd-86a1-57b35ab861ae','O que o operador de eventos faz com um produto pirotécnico danificado?','Produto danificado nunca é usado nem aberto; é descartado de forma segura.',4,1);
insert into public.quiz_options (question_id,texto,correta,ordem) values ('22dadb10-b7ef-455d-a69d-95fb550cd7bb','Usa mesmo assim',false,1);
insert into public.quiz_options (question_id,texto,correta,ordem) values ('22dadb10-b7ef-455d-a69d-95fb550cd7bb','Remenda com fita',false,2);
insert into public.quiz_options (question_id,texto,correta,ordem) values ('22dadb10-b7ef-455d-a69d-95fb550cd7bb','Não usa e devolve/descarta conforme orientação',true,3);
insert into public.quiz_options (question_id,texto,correta,ordem) values ('22dadb10-b7ef-455d-a69d-95fb550cd7bb','Abre para inspecionar a pólvora',false,4);
insert into public.quiz_questions (id,quiz_id,texto,explicacao,ordem,pontos) values ('f03a5eda-5836-4300-ae73-d2a5889132b2','9335a3c4-85e1-4acd-86a1-57b35ab861ae','O material preferido para morteiros profissionais modernos é:','A fibra de vidro oferece a maior resistência à pressão de serviço.',5,1);
insert into public.quiz_options (question_id,texto,correta,ordem) values ('f03a5eda-5836-4300-ae73-d2a5889132b2','Madeira',false,1);
insert into public.quiz_options (question_id,texto,correta,ordem) values ('f03a5eda-5836-4300-ae73-d2a5889132b2','Plástico comum de baixa densidade',false,2);
insert into public.quiz_options (question_id,texto,correta,ordem) values ('f03a5eda-5836-4300-ae73-d2a5889132b2','Fibra de vidro reforçada com epóxi',true,3);
insert into public.quiz_options (question_id,texto,correta,ordem) values ('f03a5eda-5836-4300-ae73-d2a5889132b2','Papelão fino',false,4);
insert into public.lessons (id,module_id,titulo,tipo,conteudo_rico,duracao_min,ordem,tem_quiz,preview_gratis) values ('792a9e3e-1ff0-4298-8b3e-8662550459c8','3483b982-8d99-4858-83ee-3896f6f3dc4b','Delay, sincronia e leitura de tempo no espetáculo','texto','<p><strong>Para começar:</strong> O efeito certo na hora errada vira erro. Tempo é segurança e é arte.</p><p>Delay é o intervalo entre acionar um efeito e ele de fato acontecer. Cada produto tem o seu, e ignorar isso destrói a sincronia e pode criar risco. Esta aula ensina a pensar em tempo: o delay físico do produto (subida e retardo) e o delay de sistema (eletrônica, vídeo, rede), e como compensá-los no planejamento.</p><ul><li><strong>O que é delay pirotécnico:</strong> É o atraso entre a ignição e o efeito visual/sonoro. Numa shell, soma-se o tempo de subida no ar mais o retardo interno. Uma shell de calibre maior sobe mais alto e demora mais — o cue precisa ser antecipado para o efeito ''bater'' no tempo musical desejado.</li><li><strong>Delay de produto x delay de sistema:</strong> Delay de produto: físico, do próprio artefato (subida + retardo). Delay de sistema: tecnológico — processamento de mesa, latência de rede em sistemas sem fio/IP, atraso de cabo de vídeo, dessincronia áudio-vídeo em painéis. Ambos se somam e precisam ser medidos, não chutados.</li><li><strong>Uso estratégico do delay:</strong> Programar delays diferentes em vários dispositivos cria padrões, ondas e sequências (barrage). É como o operador ''escreve'' o show no tempo. Mas todo delay programado deve respeitar margens de segurança — nunca encurtar tempo de modo que efeitos se sobreponham perigosamente.</li><li><strong>Por que sistemas sem fio e Wi-Fi pedem atenção:</strong> Conexões Wi-Fi e redes congestionadas podem introduzir latência variável — ruim para sincronia e perigoso se imprevisível. Por isso o padrão profissional prioriza rádio-frequência dedicada ou cabo, com sistemas projetados para disparo (Galaxis, FireOne, etc.), e não redes genéricas.</li><li><strong>Compensando o delay no projeto:</strong> No roteiro, cada cue recebe um ''tempo de antecipação'' calculado a partir do delay conhecido do produto e do sistema. O simul-firing (ensaio/simulação de disparo) serve justamente para medir e ajustar esses tempos antes do show real.</li></ul><h4>Equipamentos / detalhes</h4><ul><li><strong>Sequenciador / controladora pirotécnica:</strong> Dispositivo eletrônico que controla a sequência e o tempo dos disparos (cues), permitindo programar delays por canal. É o coração da sincronia. Modelos profissionais aceitam time code para alinhar com áudio/vídeo.</li><li><strong>Gerador/leitor de time code (SMPTE / MTC):</strong> Equipamento que distribui a referência temporal comum entre som, luz, vídeo e pirotecnia. Permite que o delay seja compensado de forma consistente em todos os sistemas.</li></ul><h4>Passo a passo</h4><ol><li><strong>1. Levante o delay de cada produto:</strong> Consulte fabricante/ficha técnica: tempo de subida + retardo. Para efeitos de palco, o delay costuma ser pequeno; para shells, segundos.</li><li><strong>2. Meça o delay do sistema:</strong> Em ensaio, dispare um e-match de teste e cronometre a resposta da mesa; avalie latência de rede se sem fio.</li><li><strong>3. Calcule a antecipação do cue:</strong> Antecipe o disparo no roteiro pelo total (produto + sistema) para o efeito coincidir com o ponto musical.</li><li><strong>4. Valide no simul-firing:</strong> Rode a sequência em teste (sem efeito real ou em ambiente seguro) e ajuste até a sincronia ficar correta e segura.</li></ol><p><strong>Na prática:</strong> Para que uma shell estoure exatamente na batida do refrão, o operador descobre que ela leva ~2,5 s entre o cue e a explosão (subida + retardo) e que a mesa adiciona ~0,1 s. Ele programa o cue 2,6 s antes da batida. No ensaio com time code, confirma e refina. Sem esse cálculo, o efeito ''atrasaria'' visivelmente.</p><h4>Resumo</h4><ul><li>Delay é o atraso entre acionar e o efeito acontecer; sempre existe.</li><li>Soma-se delay de produto (subida + retardo) e delay de sistema.</li><li>Antecipar cues e ensaiar em simul-firing garante sincronia segura.</li></ul>',25,2,true,false);
insert into public.quizzes (id,lesson_id,titulo) values ('dd764507-1ba3-48ba-9086-c511a5af0148','792a9e3e-1ff0-4298-8b3e-8662550459c8','Quiz — Delay, sincronia e leitura de tempo no espetáculo');
insert into public.quiz_questions (id,quiz_id,texto,explicacao,ordem,pontos) values ('19fdeb46-1cca-4146-b883-80b59e2a49d5','dd764507-1ba3-48ba-9086-c511a5af0148','Delay pirotécnico é:','É o atraso entre acionar e o efeito de fato ocorrer.',1,1);
insert into public.quiz_options (question_id,texto,correta,ordem) values ('19fdeb46-1cca-4146-b883-80b59e2a49d5','O preço do produto',false,1);
insert into public.quiz_options (question_id,texto,correta,ordem) values ('19fdeb46-1cca-4146-b883-80b59e2a49d5','O intervalo entre a ignição e o efeito visual/sonoro',true,2);
insert into public.quiz_options (question_id,texto,correta,ordem) values ('19fdeb46-1cca-4146-b883-80b59e2a49d5','A altura do efeito',false,3);
insert into public.quiz_options (question_id,texto,correta,ordem) values ('19fdeb46-1cca-4146-b883-80b59e2a49d5','O tempo de montagem',false,4);
insert into public.quiz_questions (id,quiz_id,texto,explicacao,ordem,pontos) values ('59777373-3b98-4a68-8b5d-d6d70f962ccd','dd764507-1ba3-48ba-9086-c511a5af0148','Por que sistemas Wi-Fi são evitados para disparo crítico?','Latência imprevisível compromete sincronia e segurança; usa-se rádio dedicado ou cabo.',2,1);
insert into public.quiz_options (question_id,texto,correta,ordem) values ('59777373-3b98-4a68-8b5d-d6d70f962ccd','São caros',false,1);
insert into public.quiz_options (question_id,texto,correta,ordem) values ('59777373-3b98-4a68-8b5d-d6d70f962ccd','Podem introduzir latência variável e imprevisível',true,2);
insert into public.quiz_options (question_id,texto,correta,ordem) values ('59777373-3b98-4a68-8b5d-d6d70f962ccd','Não têm alcance',false,3);
insert into public.quiz_options (question_id,texto,correta,ordem) values ('59777373-3b98-4a68-8b5d-d6d70f962ccd','São proibidos por lei',false,4);
insert into public.quiz_questions (id,quiz_id,texto,explicacao,ordem,pontos) values ('a41e494a-0a40-4346-aa78-540d9bac92c5','dd764507-1ba3-48ba-9086-c511a5af0148','Para sincronizar uma shell com a música, o operador deve:','O efeito só coincide se o disparo for antecipado pelo delay somado.',3,1);
insert into public.quiz_options (question_id,texto,correta,ordem) values ('a41e494a-0a40-4346-aa78-540d9bac92c5','Disparar exatamente na batida',false,1);
insert into public.quiz_options (question_id,texto,correta,ordem) values ('a41e494a-0a40-4346-aa78-540d9bac92c5','Antecipar o cue pelo delay total do produto e do sistema',true,2);
insert into public.quiz_options (question_id,texto,correta,ordem) values ('a41e494a-0a40-4346-aa78-540d9bac92c5','Disparar depois da batida',false,3);
insert into public.quiz_options (question_id,texto,correta,ordem) values ('a41e494a-0a40-4346-aa78-540d9bac92c5','Ignorar o delay',false,4);
insert into public.quiz_questions (id,quiz_id,texto,explicacao,ordem,pontos) values ('b297b118-3946-49ac-9aa6-dc425896be27','dd764507-1ba3-48ba-9086-c511a5af0148','O simul-firing serve para:','É o ensaio que valida tempos e cues com segurança antes do evento.',4,1);
insert into public.quiz_options (question_id,texto,correta,ordem) values ('b297b118-3946-49ac-9aa6-dc425896be27','Economizar produto',false,1);
insert into public.quiz_options (question_id,texto,correta,ordem) values ('b297b118-3946-49ac-9aa6-dc425896be27','Testar e ajustar sequência e sincronização antes do show real',true,2);
insert into public.quiz_options (question_id,texto,correta,ordem) values ('b297b118-3946-49ac-9aa6-dc425896be27','Decorar o palco',false,3);
insert into public.quiz_options (question_id,texto,correta,ordem) values ('b297b118-3946-49ac-9aa6-dc425896be27','Substituir a licença',false,4);
insert into public.modules (id,course_id,titulo,ordem) values ('38646969-e2ca-47f9-b9ff-eb53de809ca4','831af45f-bd33-487c-8149-e11e72741d34','Módulo 3 — Equipamentos de Efeitos: CO2, Fumaça, Confete e Faíscas',3);
insert into public.lessons (id,module_id,titulo,tipo,conteudo_rico,duracao_min,ordem,tem_quiz,preview_gratis) values ('c78dd78e-0088-4a4f-a133-62ae2cd49833','38646969-e2ca-47f9-b9ff-eb53de809ca4','Jatos de CO2 e máquinas de fumaça/haze: efeito atmosférico com segurança','texto','<p><strong>Para começar:</strong> Nuvem, jato e névoa transformam o ar em cenário — mas gás sob pressão e ambientes fechados pedem respeito.</p><p>Efeitos atmosféricos são onipresentes em shows: jatos de CO2 que explodem nuvens brancas, máquinas de fumaça e haze que criam atmosfera e revelam feixes de luz, e low fog (gelo seco) que cobre o chão. Esta aula cobre os equipamentos reais, como montar e operar, e os riscos específicos — pressão, asfixia em ambiente confinado e baixa temperatura.</p><ul><li><strong>Jatos de CO2 (cryo jets):</strong> Usam CO2 líquido pressurizado em cilindro; ao liberar, o gás expande e forma um jato branco frio e visualmente impactante. Acionados manualmente ou via DMX/sistema de controle, sincronizados com som e luz. O CO2 é frio o suficiente para causar queimadura por frio (frostbite) e, em grande volume em ambiente fechado, deslocar oxigênio.</li><li><strong>Componentes do sistema de CO2:</strong> Cilindro pressurizado (com sifão/tubo pescador para retirar CO2 líquido), mangueiras de alta pressão com conectores e anéis de vedação, válvula/eletroválvula, e o bico de ejeção (jet) fixado em truss ou base. Fixação firme com clamps e abraçadeiras metálicas é obrigatória — uma mangueira solta sob pressão é um chicote perigoso.</li><li><strong>Máquinas de fumaça x haze:</strong> Máquina de fumaça (fogger): produz nuvem densa e visível, ótima para impacto, dissipa relativamente rápido. Máquina de haze (hazer): produz neblina fina e homogênea que fica suspensa, ideal para revelar feixes de luz e laser sem ''poluir'' o palco. Ambas usam fluido à base de glicol/glicerina aquecido.</li><li><strong>Low fog / gelo seco:</strong> Fumaça baixa que fica rente ao chão (efeito ''nuvem no piso''). Obtida com gelo seco (CO2 sólido a -78,5 °C) em água quente, ou por máquinas de low fog com resfriamento. Riscos: queimadura por frio ao manusear gelo seco (sempre com luvas térmicas) e acúmulo de CO2 baixo, que pode asfixiar em fossos, poços ou áreas sem ventilação.</li><li><strong>Ventilação e detecção:</strong> Em ambientes fechados, CO2 e fumaça densa exigem ventilação. CO2 é mais pesado que o ar e se acumula em baixo; em grandes volumes recomenda-se monitorar e garantir renovação de ar. Sistemas antincêndio por detecção de fumaça podem disparar falsamente com fog/haze — alinhar com a brigada/bombeiros antes.</li><li><strong>Conforto e saúde:</strong> Fumaça de glicol em excesso irrita vias respiratórias de artistas e público sensível; usar a menor quantidade que entrega o efeito. Avisar artistas sobre jatos de CO2 próximos (frio e ruído de pressão).</li></ul><h4>Equipamentos / detalhes</h4><ul><li><strong>MagicFX (jatos de CO2 e sistemas):</strong> Fabricante referência em efeitos de CO2 (Stadium Shot, CO2 Jet, Swirl Fan). Sistemas com eletroválvula controlada por DMX, conexão a cilindro de CO2 líquido com tubo sifão. Specs variam por modelo (pressão de trabalho típica de CO2 ~50–60 bar). Usados para jatos verticais/laterais e cortinas de CO2 em palcos e arenas.</li><li><strong>Antari (máquinas de fumaça, haze e low fog):</strong> Linha ampla: fog machines (ex.: série Z), hazers a base de água/óleo e low fog (ex.: ICE/IP series que resfriam a fumaça para mantê-la baixa). Boa relação custo-benefício, muito usada em eventos. Selecionar fluido recomendado pelo fabricante.</li><li><strong>MDG (haze e fog de alta gama):</strong> Fabricante premium (ATMe, theONE) conhecido por haze ultrafino e consistente, com baixo consumo de fluido — padrão em TV, teatro e turnês grandes onde se quer revelar luz sem nuvem visível pesada.</li><li><strong>Look Solutions (Unique, Viper, Tiny):</strong> Fabricante alemão de hazers (Unique) e fog machines (Viper) muito usado em produções profissionais; o Unique gera haze por fricção/aquecimento com fluido próprio, excelente para feixes de luz.</li><li><strong>Cilindro de CO2 com tubo sifão (pescador):</strong> Para jatos é necessário CO2 LÍQUIDO; o cilindro precisa ter tubo sifão interno (ou ser usado invertido conforme tipo) para que saia líquido e não apenas gás. Cilindro sempre acorrentado/fixado de pé, com proteção de válvula.</li></ul><h4>Passo a passo</h4><ol><li><strong>1. Posicionar e fixar os jatos:</strong> Monte os bicos de CO2 em pontos estratégicos (laterais/frente de palco), longe de materiais inflamáveis. Fixe em truss com clamps de aço e prenda com abraçadeiras metálicas — nunca apenas apoiado.</li><li><strong>2. Conectar mangueiras de alta pressão:</strong> Use conectores específicos com anéis de vedação íntegros. Verifique que cada conexão está firme. Prenda as mangueiras ao longo da estrutura com zip ties para evitar tropeços e chicoteamento.</li><li><strong>3. Fixar e abrir o cilindro com cuidado:</strong> Cilindro de pé, acorrentado. Abra a válvula lentamente. Confirme ausência de vazamento (som de escape, gelo na conexão indica fuga).</li><li><strong>4. Testar jato e ajustar:</strong> Com a área liberada, faça um disparo de teste curto, ajuste direção e altura. Confirme que ninguém está na linha do jato a curta distância (risco de frio/pressão).</li><li><strong>5. Posicionar fumaça/haze e checar detecção:</strong> Posicione foggers/hazers para cobertura desejada; confirme com a brigada que o sistema de detecção de incêndio do local não disparará falso alarme; garanta ventilação.</li><li><strong>6. Fechar e despressurizar na desmontagem:</strong> Feche o cilindro, alivie a pressão residual das mangueiras antes de desconectar, e só então desmonte. Manuseie gelo seco apenas com luvas térmicas.</li></ol><p><strong>Na prática:</strong> Num show indoor o operador instala dois CO2 jets MagicFX na frente do palco e um hazer MDG ao fundo. Ele acorrenta o cilindro com tubo sifão, testa cada conexão com água e sabão para detectar vazamento, faz um burst de teste com a área limpa, alinha com a brigada para travar o alarme de fumaça durante os cues e mantém uma porta de ventilação aberta. Nada de gelo seco em fosso sem ventilação.</p><h4>Resumo</h4><ul><li>Jatos de CO2 usam gás líquido pressurizado — risco de frio, pressão e asfixia.</li><li>Fumaça (densa) e haze (fina) criam atmosfera; low fog cobre o chão.</li><li>Fixação firme, ventilação e alinhamento com a brigada são obrigatórios.</li></ul>',35,1,true,false);
insert into public.quizzes (id,lesson_id,titulo) values ('915cc742-7849-4a08-abaf-ad7ff0a76434','c78dd78e-0088-4a4f-a133-62ae2cd49833','Quiz — Jatos de CO2 e máquinas de fumaça/haze: efeito atmosférico c');
insert into public.quiz_questions (id,quiz_id,texto,explicacao,ordem,pontos) values ('b487e29b-fb95-4ae4-8fd8-80bf4f6b9ac2','915cc742-7849-4a08-abaf-ad7ff0a76434','Para produzir um jato de CO2 visível, o cilindro deve fornecer:','O jato branco vem do CO2 líquido expandindo; por isso o cilindro precisa de tubo sifão.',1,1);
insert into public.quiz_options (question_id,texto,correta,ordem) values ('b487e29b-fb95-4ae4-8fd8-80bf4f6b9ac2','CO2 gasoso apenas',false,1);
insert into public.quiz_options (question_id,texto,correta,ordem) values ('b487e29b-fb95-4ae4-8fd8-80bf4f6b9ac2','CO2 líquido (via tubo sifão)',true,2);
insert into public.quiz_options (question_id,texto,correta,ordem) values ('b487e29b-fb95-4ae4-8fd8-80bf4f6b9ac2','Ar comprimido',false,3);
insert into public.quiz_options (question_id,texto,correta,ordem) values ('b487e29b-fb95-4ae4-8fd8-80bf4f6b9ac2','Nitrogênio',false,4);
insert into public.quiz_questions (id,quiz_id,texto,explicacao,ordem,pontos) values ('b90883c3-008b-492e-b77a-7778729a60ac','915cc742-7849-4a08-abaf-ad7ff0a76434','Qual o principal risco do CO2 em ambiente fechado sem ventilação?','CO2 é mais pesado que o ar, acumula embaixo e pode asfixiar; também causa frostbite.',2,1);
insert into public.quiz_options (question_id,texto,correta,ordem) values ('b90883c3-008b-492e-b77a-7778729a60ac','Excesso de luz',false,1);
insert into public.quiz_options (question_id,texto,correta,ordem) values ('b90883c3-008b-492e-b77a-7778729a60ac','Acúmulo no chão deslocando oxigênio (asfixia) e queimadura por frio',true,2);
insert into public.quiz_options (question_id,texto,correta,ordem) values ('b90883c3-008b-492e-b77a-7778729a60ac','Aumento de temperatura',false,3);
insert into public.quiz_options (question_id,texto,correta,ordem) values ('b90883c3-008b-492e-b77a-7778729a60ac','Curto-circuito',false,4);
insert into public.quiz_questions (id,quiz_id,texto,explicacao,ordem,pontos) values ('a2ac36f5-0c96-4533-a7d0-379ac53a017a','915cc742-7849-4a08-abaf-ad7ff0a76434','Qual a diferença entre máquina de fumaça e hazer?','O hazer cria neblina fina e homogênea ideal para luz; a fumaça é nuvem densa.',3,1);
insert into public.quiz_options (question_id,texto,correta,ordem) values ('a2ac36f5-0c96-4533-a7d0-379ac53a017a','Nenhuma',false,1);
insert into public.quiz_options (question_id,texto,correta,ordem) values ('a2ac36f5-0c96-4533-a7d0-379ac53a017a','Fumaça é densa e visível; haze é fina e revela feixes de luz',true,2);
insert into public.quiz_options (question_id,texto,correta,ordem) values ('a2ac36f5-0c96-4533-a7d0-379ac53a017a','Hazer é mais barato',false,3);
insert into public.quiz_options (question_id,texto,correta,ordem) values ('a2ac36f5-0c96-4533-a7d0-379ac53a017a','Fumaça é só para outdoor',false,4);
insert into public.quiz_questions (id,quiz_id,texto,explicacao,ordem,pontos) values ('cda6c311-a486-44b6-8eda-b7da52ac1ebb','915cc742-7849-4a08-abaf-ad7ff0a76434','Antes de usar fog/haze em local fechado, é essencial:','Fog/haze pode disparar detectores; alinhamento e ventilação são obrigatórios.',4,1);
insert into public.quiz_options (question_id,texto,correta,ordem) values ('cda6c311-a486-44b6-8eda-b7da52ac1ebb','Desligar a luz',false,1);
insert into public.quiz_options (question_id,texto,correta,ordem) values ('cda6c311-a486-44b6-8eda-b7da52ac1ebb','Alinhar com a brigada para evitar disparo falso do alarme de incêndio e garantir ventilação',true,2);
insert into public.quiz_options (question_id,texto,correta,ordem) values ('cda6c311-a486-44b6-8eda-b7da52ac1ebb','Aumentar o som',false,3);
insert into public.quiz_options (question_id,texto,correta,ordem) values ('cda6c311-a486-44b6-8eda-b7da52ac1ebb','Fechar todas as janelas',false,4);
insert into public.quiz_questions (id,quiz_id,texto,explicacao,ordem,pontos) values ('0eebae76-8209-425d-a487-e73bdd9ba4d3','915cc742-7849-4a08-abaf-ad7ff0a76434','Ao manusear gelo seco, deve-se:','Gelo seco a -78,5 °C causa queimadura por frio; luvas térmicas e ventilação são necessárias.',5,1);
insert into public.quiz_options (question_id,texto,correta,ordem) values ('0eebae76-8209-425d-a487-e73bdd9ba4d3','Pegar com a mão nua',false,1);
insert into public.quiz_options (question_id,texto,correta,ordem) values ('0eebae76-8209-425d-a487-e73bdd9ba4d3','Usar luvas térmicas e evitar áreas confinadas',true,2);
insert into public.quiz_options (question_id,texto,correta,ordem) values ('0eebae76-8209-425d-a487-e73bdd9ba4d3','Aquecer antes',false,3);
insert into public.quiz_options (question_id,texto,correta,ordem) values ('0eebae76-8209-425d-a487-e73bdd9ba4d3','Molhar com água fria',false,4);
insert into public.lessons (id,module_id,titulo,tipo,conteudo_rico,duracao_min,ordem,tem_quiz,preview_gratis) values ('c2ab24f1-e671-4bee-b3ea-facd07d5d57c','38646969-e2ca-47f9-b9ff-eb53de809ca4','Confete, serpentina, faíscas frias e fogo controlado','texto','<p><strong>Para começar:</strong> Do confete que enche o ar à chama controlada: efeitos de grande impacto e risco variável.</p><p>Esta aula reúne efeitos muito usados em finais de show e momentos de clímax: lança-confete e serpentina (impacto colorido com baixo risco), faíscas frias (alto impacto, risco térmico baixo mas real) e fogo controlado/flames (alto risco térmico). Veremos equipamentos reais e como operar cada um respeitando distâncias e o entorno.</p><ul><li><strong>Lança-confete e serpentina:</strong> Disparam confete ou serpentina por CO2/ar comprimido (cannons) ou por sistema contínuo. Criam impacto visual festivo com baixo risco de incêndio, mas geram resíduo (limpeza) e podem ser escorregadios no piso. Confete deve ser retardante de chama e, em alguns locais, biodegradável por exigência ambiental.</li><li><strong>Tipos de lançador:</strong> Handheld (manual, descartável ou recarregável a CO2), stage cannon (fixo, alimentado por cilindro de CO2/ar), e continuous confetti blower (ventilador que joga confete continuamente, para chuvas longas). Posicionamento e direção definem a cobertura.</li><li><strong>Faíscas frias revisitadas (operação):</strong> Máquinas tipo Sparkular geram jatos de faíscas a temperatura muito inferior à pirotecnia tradicional, usando pó granulado metálico recarregável, controladas por DMX. São ''frias'' o suficiente para uso indoor e proximidade, MAS não são totalmente sem risco: ainda há faíscas e calor pontual — respeitar a distância do fabricante de pessoas, tecidos, cortinas e gride é obrigatório.</li><li><strong>Fogo controlado / flame projectors:</strong> Efeitos de chama (flame) usam gás (GLP) e ignição controlada para lançar bolas/colunas de fogo. São de ALTO risco térmico, normalmente outdoor ou em palcos com pé-direito e afastamento generosos, e quase sempre exigem aprovação específica da brigada/bombeiros. Vento e teto baixo são proibitivos.</li><li><strong>Resíduo, limpeza e meio ambiente:</strong> Todo efeito gera fallout (resíduo): confete, restos de cartucho, pó de faísca, fuligem. O operador planeja a limpeza, separa resíduos e respeita exigências ambientais (confete biodegradável, recolhimento de detritos). Piso com confete vira risco de queda — sinalizar/limpar.</li></ul><h4>Equipamentos / detalhes</h4><ul><li><strong>MagicFX (Confetti/Streamer cannons e Power Shot):</strong> Lançadores de confete e serpentina alimentados por CO2, com alcance configurável e controle por DMX. Permitem disparo sincronizado em arenas e palcos. Usar refis de confete retardante de chama recomendados pelo fabricante.</li><li><strong>Sparkular (faíscas frias):</strong> Máquina de faíscas frias com recarga de pó granulado, altura ajustável (modelos com ~até 5 m) e controle DMX; várias unidades sincronizam uma ''cortina'' de faíscas. Distância de segurança e orientação conforme manual; manter longe de detectores de fumaça e materiais inflamáveis.</li><li><strong>Le Maitre / Galaxis (efeitos de chama e flame projectors):</strong> Sistemas de fogo controlado a gás com ignição e válvula comandadas por controladora segura; exigem operador certificado, afastamento amplo e aprovação dos bombeiros. Nunca improvisar fogo com gás.</li><li><strong>Lançador handheld de confete a CO2:</strong> Canhão manual recarregável; prático para momentos pontuais. Direcionar sempre para cima/longe de olhos e nunca para pessoas a curta distância.</li></ul><h4>Passo a passo</h4><ol><li><strong>1. Definir momento e cobertura:</strong> Confete/serpentina costumam ser para o clímax/final. Calcule número e posição dos lançadores para cobrir a área desejada sem mirar diretamente no público a curta distância.</li><li><strong>2. Carregar refis corretos:</strong> Use apenas refis retardantes de chama e compatíveis com o lançador. Conecte ao CO2/ar conforme o fabricante.</li><li><strong>3. Posicionar faíscas frias com folga:</strong> Monte as máquinas Sparkular com a distância de segurança do manual até pessoas, cortinas, gride e sensores. Defina altura e ângulo. Faça teste curto.</li><li><strong>4. Tratar fogo controlado como categoria especial:</strong> Para flames, valide com bombeiros, garanta afastamento e ausência de vento/teto baixo, e use somente operador e sistema certificados.</li><li><strong>5. Planejar a limpeza e o resíduo:</strong> Reserve equipe e tempo para recolher confete e detritos; sinalize piso escorregadio; separe resíduos conforme exigência ambiental.</li></ol><p><strong>Na prática:</strong> No final de um show indoor, o operador programa quatro canhões de confete MagicFX nas laterais (mirados para cima, refil retardante) e seis Sparkular na boca de cena, todos por DMX no mesmo cue. Ele mede a distância das Sparkular até a cortina e o público, faz teste curto, confirma com a brigada e deixa equipe de limpeza a postos para recolher o confete logo após.</p><h4>Resumo</h4><ul><li>Confete e serpentina têm baixo risco de incêndio, mas geram resíduo e piso escorregadio.</li><li>Faíscas frias permitem proximidade indoor, mas exigem distância do fabricante.</li><li>Fogo controlado é alto risco: só com aprovação dos bombeiros e afastamento amplo.</li></ul>',30,2,true,false);
insert into public.quizzes (id,lesson_id,titulo) values ('3886fe53-6270-44ae-a4da-7418a4ba7979','c2ab24f1-e671-4bee-b3ea-facd07d5d57c','Quiz — Confete, serpentina, faíscas frias e fogo controlado');
insert into public.quiz_questions (id,quiz_id,texto,explicacao,ordem,pontos) values ('132cd256-4d35-4637-9fa0-39277f5c049d','3886fe53-6270-44ae-a4da-7418a4ba7979','Faíscas frias podem ser usadas indoor porque:','São ''frias'' o bastante para indoor, mas há faíscas/calor pontual — distância do fabricante é obrigatória.',1,1);
insert into public.quiz_options (question_id,texto,correta,ordem) values ('132cd256-4d35-4637-9fa0-39277f5c049d','Não produzem nenhuma faísca',false,1);
insert into public.quiz_options (question_id,texto,correta,ordem) values ('132cd256-4d35-4637-9fa0-39277f5c049d','Operam a temperatura muito menor que a pirotecnia tradicional, mas ainda exigem distância',true,2);
insert into public.quiz_options (question_id,texto,correta,ordem) values ('132cd256-4d35-4637-9fa0-39277f5c049d','São feitas de água',false,3);
insert into public.quiz_options (question_id,texto,correta,ordem) values ('132cd256-4d35-4637-9fa0-39277f5c049d','Não geram resíduo',false,4);
insert into public.quiz_questions (id,quiz_id,texto,explicacao,ordem,pontos) values ('00277a3c-a37d-4215-abc8-ae77cd73fd19','3886fe53-6270-44ae-a4da-7418a4ba7979','O confete usado em eventos deve preferencialmente ser:','Confete retardante de chama reduz risco; exigências ambientais pedem biodegradável.',2,1);
insert into public.quiz_options (question_id,texto,correta,ordem) values ('00277a3c-a37d-4215-abc8-ae77cd73fd19','De metal',false,1);
insert into public.quiz_options (question_id,texto,correta,ordem) values ('00277a3c-a37d-4215-abc8-ae77cd73fd19','Retardante de chama e, quando exigido, biodegradável',true,2);
insert into public.quiz_options (question_id,texto,correta,ordem) values ('00277a3c-a37d-4215-abc8-ae77cd73fd19','Molhado',false,3);
insert into public.quiz_options (question_id,texto,correta,ordem) values ('00277a3c-a37d-4215-abc8-ae77cd73fd19','Inflamável para brilhar',false,4);
insert into public.quiz_questions (id,quiz_id,texto,explicacao,ordem,pontos) values ('b9d91d15-44ba-47d9-a064-70a9e7be7b9d','3886fe53-6270-44ae-a4da-7418a4ba7979','Efeitos de chama (flame projectors) são considerados:','Fogo a gás é alto risco; precisa de aprovação, afastamento e ausência de vento/teto baixo.',3,1);
insert into public.quiz_options (question_id,texto,correta,ordem) values ('b9d91d15-44ba-47d9-a064-70a9e7be7b9d','Baixo risco, livres',false,1);
insert into public.quiz_options (question_id,texto,correta,ordem) values ('b9d91d15-44ba-47d9-a064-70a9e7be7b9d','Alto risco térmico, exigindo aprovação dos bombeiros e amplo afastamento',true,2);
insert into public.quiz_options (question_id,texto,correta,ordem) values ('b9d91d15-44ba-47d9-a064-70a9e7be7b9d','Iguais ao confete',false,3);
insert into public.quiz_options (question_id,texto,correta,ordem) values ('b9d91d15-44ba-47d9-a064-70a9e7be7b9d','Indoor por padrão',false,4);
insert into public.quiz_questions (id,quiz_id,texto,explicacao,ordem,pontos) values ('d861e8be-6cf0-4416-8dc9-303f5b245a6a','3886fe53-6270-44ae-a4da-7418a4ba7979','Após confete no piso, o operador deve:','Confete no chão é risco de queda e fallout que deve ser recolhido.',4,1);
insert into public.quiz_options (question_id,texto,correta,ordem) values ('d861e8be-6cf0-4416-8dc9-303f5b245a6a','Ignorar',false,1);
insert into public.quiz_options (question_id,texto,correta,ordem) values ('d861e8be-6cf0-4416-8dc9-303f5b245a6a','Sinalizar/limpar o risco de escorregamento e recolher o resíduo',true,2);
insert into public.quiz_options (question_id,texto,correta,ordem) values ('d861e8be-6cf0-4416-8dc9-303f5b245a6a','Aumentar o efeito',false,3);
insert into public.quiz_options (question_id,texto,correta,ordem) values ('d861e8be-6cf0-4416-8dc9-303f5b245a6a','Molhar o piso',false,4);
insert into public.quiz_questions (id,quiz_id,texto,explicacao,ordem,pontos) values ('23b65157-32cb-4f4d-928d-2759baaeef7e','3886fe53-6270-44ae-a4da-7418a4ba7979','Os canhões de confete a CO2 devem ser mirados:','A direção segura é para cima e longe das pessoas a curta distância.',5,1);
insert into public.quiz_options (question_id,texto,correta,ordem) values ('23b65157-32cb-4f4d-928d-2759baaeef7e','Diretamente no público próximo',false,1);
insert into public.quiz_options (question_id,texto,correta,ordem) values ('23b65157-32cb-4f4d-928d-2759baaeef7e','Para cima/longe das pessoas',true,2);
insert into public.quiz_options (question_id,texto,correta,ordem) values ('23b65157-32cb-4f4d-928d-2759baaeef7e','Para os olhos',false,3);
insert into public.quiz_options (question_id,texto,correta,ordem) values ('23b65157-32cb-4f4d-928d-2759baaeef7e','Para o palco em si',false,4);
insert into public.modules (id,course_id,titulo,ordem) values ('635b2c59-9c08-4f29-9a4c-37abb4b2e7c9','831af45f-bd33-487c-8149-e11e72741d34','Módulo 4 — Mesa de Disparo, Time Code e Painéis',4);
insert into public.lessons (id,module_id,titulo,tipo,conteudo_rico,duracao_min,ordem,tem_quiz,preview_gratis) values ('7b289dc0-2f7c-4869-a482-8c9d91654a1e','635b2c59-9c08-4f29-9a4c-37abb4b2e7c9','Mesa de disparo: anatomia, montagem e operação','texto','<p><strong>Para começar:</strong> A mesa é o cérebro do show. Saber montá-la e operá-la com segurança é competência central do operador.</p><p>A mesa de disparo (console ou controlador pirotécnico) é o equipamento que arma, organiza e dispara os efeitos de forma coordenada e segura. Esta aula é um manual prático: o que compõe a mesa, como montá-la, como testar continuidade, como programar e como operar em modo manual — sempre com travas e procedimentos de emergência.</p><ul><li><strong>O console de controle:</strong> Parte central onde o operador interage: botões, chaves, telas (algumas sensíveis ao toque), seletores de canal e o botão/chave de ARM (armar) e FIRE (disparar). É onde se programam sequências e se acompanha o status do sistema.</li><li><strong>Módulos endereçáveis e canais:</strong> Módulos de disparo (slats/cue boxes) conectam-se ao console e expandem a capacidade; cada módulo controla um número de canais, e cada canal aciona um ou mais e-matches. Em sistemas modernos os módulos são endereçáveis e podem ficar distribuídos pelo palco, ligados por cabo ou rádio.</li><li><strong>Conexões elétricas e alimentação:</strong> A mesa conecta-se aos produtos por cabos de disparo; uma fonte de alimentação (bateria/no-break) mantém o sistema operacional. Conexões firmes e identificadas são críticas para confiabilidade do disparo.</li><li><strong>Sistema de segurança da mesa:</strong> Mesas profissionais têm chave de armar (key switch), trava de segurança, indicadores de status, detecção de falha/continuidade e parada de emergência (abort). O sistema só fica energizado para disparo quando explicitamente armado, e há sempre como abortar.</li><li><strong>Teste de continuidade:</strong> Antes do show, testa-se a continuidade de cada circuito: a mesa verifica (com corrente baixíssima, abaixo da de iniciação) se o e-match e os cabos estão conectados e íntegros, sem disparar. Um circuito ''aberto'' indica conexão ruim ou e-match com defeito — corrige-se antes do evento.</li><li><strong>Operação manual x programada:</strong> No modo manual, o operador dispara cada cue ao vivo, no tempo (segue a música e os cues por fones). No modo programado/time code, a sequência roda automaticamente alinhada à referência temporal. Mesmo no automático, mantém-se o operador com o dedo no abort.</li><li><strong>Indicadores e comunicação:</strong> Luzes e sinais sonoros informam status (armado, continuidade ok, falha). O operador acompanha tudo e mantém comunicação por fones/rádio com a direção do show.</li></ul><h4>Equipamentos / detalhes</h4><ul><li><strong>Galaxis Pyrotechnics (Pro G-FLAME / GFC Advanced):</strong> Sistema profissional com fio e sem fio, módulos endereçáveis, alta confiabilidade e suporte a time code; usado em grandes shows e arenas. Faz teste de continuidade por canal e oferece travas de segurança robustas.</li><li><strong>FireOne / Pyrodigital (controladores pirotécnicos):</strong> Sistemas consagrados de disparo digital, muito usados em grandes espetáculos sincronizados com música e time code SMPTE; módulos com muitos cues e software de programação dedicado.</li><li><strong>Galaxis / Cobra / Le Maitre wireless (módulos endereçáveis):</strong> Módulos de disparo sem fio que recebem cues do console por rádio dedicado (não Wi-Fi), permitindo distribuir pontos de disparo pelo palco com sincronia confiável e teste remoto de continuidade.</li><li><strong>Fonte/bateria e cabos de disparo identificados:</strong> Alimentação dedicada (bateria selada/no-break) e cabos rotulados por circuito. Etiquetar cada cabo evita erro de associação entre canal e efeito.</li></ul><h4>Passo a passo</h4><ol><li><strong>1. Posicionar a mesa:</strong> Instale o console em local seguro, longe do palco e do público, com visão clara do espetáculo e, de preferência, em ponto elevado. Garanta caminho livre para abortar/evacuar.</li><li><strong>2. Conectar módulos e alimentação:</strong> Ligue os módulos ao console (cabo ou pareamento por rádio), conecte a fonte/bateria e confirme que tudo está em modo SEGURO (desarmado), sem energia nos canais.</li><li><strong>3. Conectar e identificar circuitos:</strong> Ligue os e-matches dos produtos aos canais; etiquete cada circuito indicando qual efeito ele aciona. Organize os cabos para evitar tropeços e danos.</li><li><strong>4. Testar continuidade:</strong> Com o sistema ainda desarmado para disparo, rode o teste de continuidade canal a canal. Corrija qualquer circuito aberto/falho antes de prosseguir. NÃO arme enquanto há pessoas na zona de disparo.</li><li><strong>5. Programar ou preparar o manual:</strong> Carregue a sequência de cues (com delays) para time code, ou organize a folha de cues para operação manual. Faça simul-firing se possível.</li><li><strong>6. Armar somente no momento certo:</strong> Confirme área isolada e equipe ciente. Use a chave de ARM apenas quando tudo estiver liberado. Mantenha o dedo no abort durante todo o show.</li><li><strong>7. Desarmar e descarregar na desmontagem:</strong> Ao fim, desarme, retire a chave, desconecte a alimentação e os circuitos, e confirme que não há energia antes de manusear produtos não disparados.</li></ol><p><strong>Na prática:</strong> O operador monta o console Galaxis numa torre técnica com visão do palco, conecta os módulos por rádio dedicado, etiqueta cada circuito (''CO2 frente'', ''gerb fundo L1''...), roda o teste de continuidade e descobre o canal 7 aberto — reaperta o e-match e o teste passa. Só depois de a área ser isolada e a equipe confirmar ''palco limpo'' ele insere a chave de ARM, com o polegar sobre o botão de abort.</p><h4>Resumo</h4><ul><li>A mesa de disparo arma, organiza e dispara os efeitos com travas de segurança.</li><li>Teste de continuidade verifica circuitos sem disparar, antes de armar.</li><li>Arma-se a mesa apenas com a área isolada; o operador mantém o abort sempre acessível.</li></ul>',40,1,true,false);
insert into public.quizzes (id,lesson_id,titulo) values ('b79cbcc6-4044-4e09-ac7a-9fcadb2561c1','7b289dc0-2f7c-4869-a482-8c9d91654a1e','Quiz — Mesa de disparo: anatomia, montagem e operação');
insert into public.quiz_questions (id,quiz_id,texto,explicacao,ordem,pontos) values ('3cb76f73-402c-4f8a-9692-3e4981dc6a66','b79cbcc6-4044-4e09-ac7a-9fcadb2561c1','O teste de continuidade serve para:','Usa corrente baixíssima (abaixo da de iniciação) para checar circuitos sem acioná-los.',1,1);
insert into public.quiz_options (question_id,texto,correta,ordem) values ('3cb76f73-402c-4f8a-9692-3e4981dc6a66','Disparar os efeitos',false,1);
insert into public.quiz_options (question_id,texto,correta,ordem) values ('3cb76f73-402c-4f8a-9692-3e4981dc6a66','Verificar, sem disparar, se cada circuito está íntegro e conectado',true,2);
insert into public.quiz_options (question_id,texto,correta,ordem) values ('3cb76f73-402c-4f8a-9692-3e4981dc6a66','Aumentar a potência',false,3);
insert into public.quiz_options (question_id,texto,correta,ordem) values ('3cb76f73-402c-4f8a-9692-3e4981dc6a66','Carregar a bateria',false,4);
insert into public.quiz_questions (id,quiz_id,texto,explicacao,ordem,pontos) values ('0099efed-3a7e-458e-815d-1c2941a50c96','b79cbcc6-4044-4e09-ac7a-9fcadb2561c1','Quando o operador deve armar a mesa (key switch em ARM)?','Armar antes da hora cria risco de disparo acidental com pessoas na zona.',2,1);
insert into public.quiz_options (question_id,texto,correta,ordem) values ('0099efed-3a7e-458e-815d-1c2941a50c96','No início da montagem',false,1);
insert into public.quiz_options (question_id,texto,correta,ordem) values ('0099efed-3a7e-458e-815d-1c2941a50c96','A qualquer momento',false,2);
insert into public.quiz_options (question_id,texto,correta,ordem) values ('0099efed-3a7e-458e-815d-1c2941a50c96','Somente com a área isolada e a equipe ciente, perto do disparo',true,3);
insert into public.quiz_options (question_id,texto,correta,ordem) values ('0099efed-3a7e-458e-815d-1c2941a50c96','Durante o teste de continuidade',false,4);
insert into public.quiz_questions (id,quiz_id,texto,explicacao,ordem,pontos) values ('56675959-b620-4f59-a8bc-da5f709e350a','b79cbcc6-4044-4e09-ac7a-9fcadb2561c1','Por que cada circuito deve ser etiquetado?','Identificação evita disparar o efeito errado e facilita correção de falhas.',3,1);
insert into public.quiz_options (question_id,texto,correta,ordem) values ('56675959-b620-4f59-a8bc-da5f709e350a','Por estética',false,1);
insert into public.quiz_options (question_id,texto,correta,ordem) values ('56675959-b620-4f59-a8bc-da5f709e350a','Para associar corretamente cada canal ao efeito e evitar erro de disparo',true,2);
insert into public.quiz_options (question_id,texto,correta,ordem) values ('56675959-b620-4f59-a8bc-da5f709e350a','Para economizar cabo',false,3);
insert into public.quiz_options (question_id,texto,correta,ordem) values ('56675959-b620-4f59-a8bc-da5f709e350a','Por exigência de cor',false,4);
insert into public.quiz_questions (id,quiz_id,texto,explicacao,ordem,pontos) values ('4de2a941-defa-4f11-b9e2-979d145887af','b79cbcc6-4044-4e09-ac7a-9fcadb2561c1','Mesmo em operação por time code, o operador deve:','O automático não dispensa supervisão; o abort deve estar sempre ao alcance.',4,1);
insert into public.quiz_options (question_id,texto,correta,ordem) values ('4de2a941-defa-4f11-b9e2-979d145887af','Sair da mesa',false,1);
insert into public.quiz_options (question_id,texto,correta,ordem) values ('4de2a941-defa-4f11-b9e2-979d145887af','Manter-se atento com o abort acessível para parar em emergência',true,2);
insert into public.quiz_options (question_id,texto,correta,ordem) values ('4de2a941-defa-4f11-b9e2-979d145887af','Desligar os fones',false,3);
insert into public.quiz_options (question_id,texto,correta,ordem) values ('4de2a941-defa-4f11-b9e2-979d145887af','Desarmar a mesa',false,4);
insert into public.quiz_questions (id,quiz_id,texto,explicacao,ordem,pontos) values ('a50b9e64-ff32-4575-8ff3-f68331fb3b43','b79cbcc6-4044-4e09-ac7a-9fcadb2561c1','Para sistemas de disparo sem fio profissionais, usa-se:','Rádio dedicado evita a latência e instabilidade do Wi-Fi comum.',5,1);
insert into public.quiz_options (question_id,texto,correta,ordem) values ('a50b9e64-ff32-4575-8ff3-f68331fb3b43','Wi-Fi comum',false,1);
insert into public.quiz_options (question_id,texto,correta,ordem) values ('a50b9e64-ff32-4575-8ff3-f68331fb3b43','Rádio-frequência dedicada e confiável',true,2);
insert into public.quiz_options (question_id,texto,correta,ordem) values ('a50b9e64-ff32-4575-8ff3-f68331fb3b43','Bluetooth do celular',false,3);
insert into public.quiz_options (question_id,texto,correta,ordem) values ('a50b9e64-ff32-4575-8ff3-f68331fb3b43','Rede móvel',false,4);
insert into public.lessons (id,module_id,titulo,tipo,conteudo_rico,duracao_min,ordem,tem_quiz,preview_gratis) values ('5598dcb8-fcc0-4bab-a11d-513b725189af','635b2c59-9c08-4f29-9a4c-37abb4b2e7c9','Time code e sincronização: SMPTE, MTC e operação manual','texto','<p><strong>Para começar:</strong> Quando som, luz, vídeo e fogo precisam bater no mesmo instante, o time code é a língua comum.</p><p>Time code é uma referência temporal compartilhada que mantém todos os sistemas sincronizados. Esta aula explica os formatos (SMPTE, MTC), como integrar a pirotecnia ao time code, e quando faz sentido operar manualmente em vez de automático.</p><ul><li><strong>O que é time code:</strong> Sistema de marcação temporal (horas:minutos:segundos:frames) que serve de relógio mestre para todos os departamentos. Cada cue tem um endereço no tempo; quando o time code chega àquele ponto, o efeito dispara automaticamente, em sincronia com áudio, luz e vídeo.</li><li><strong>Formatos: SMPTE e MTC:</strong> SMPTE (LTC/áudio): time code de vídeo/áudio padrão da indústria, robusto, distribuído por cabo de áudio. MTC (MIDI Time Code): versão sobre MIDI. O sistema pirotécnico precisa ler/receber o formato usado pela produção para alinhar seus cues.</li><li><strong>Master x slave:</strong> Um equipamento é o ''mestre'' que gera o time code (geralmente o playback de áudio/vídeo) e os demais (luz, pirotecnia) são ''escravos'' que seguem. Definir quem é o mestre evita conflito e garante que todos partam do mesmo relógio.</li><li><strong>Integração da pirotecnia:</strong> Usa-se controlador pirotécnico com entrada de time code (FireOne, Pyrodigital, Galaxis). No software, cada cue recebe um timestamp; o sistema, ao receber o time code, executa os cues no instante programado, já compensando os delays calculados.</li><li><strong>Quando operar manual:</strong> Em shows menores, com cues simples, ou quando há improviso/variação ao vivo (banda que estende um trecho), a operação manual é mais segura e flexível: o operador segue a música e dispara no tempo. Muitos shows combinam blocos automáticos (sincronia fina) com cues manuais (momentos variáveis).</li><li><strong>Riscos e cuidados da sincronia automática:</strong> Se o time code falha ou trava, os cues podem disparar errado ou todos de uma vez — por isso há salvaguardas: bloqueio se o time code estiver inconsistente, e o abort sempre disponível. Testar a cadeia de time code no ensaio é obrigatório.</li></ul><h4>Equipamentos / detalhes</h4><ul><li><strong>Controlador pirotécnico com entrada de time code (FireOne / Pyrodigital / Galaxis):</strong> Recebe SMPTE/MTC e executa a lista de cues no tempo programado. Permite programar delays por cue e travar disparo se o time code estiver inválido.</li><li><strong>Gerador/distribuidor de SMPTE (LTC):</strong> Equipamento ou software de playback que gera o time code mestre e o distribui por cabo de áudio para luz, vídeo e pirotecnia. A consistência desse sinal é a base da sincronia.</li><li><strong>Software de programação de show (show creator):</strong> Software do sistema pirotécnico onde se cria a timeline, posiciona cada cue no time code e simula a sequência (simul-firing virtual) antes do disparo real.</li></ul><h4>Passo a passo</h4><ol><li><strong>1. Definir o mestre de time code:</strong> Combine com produção qual equipamento gera o time code (normalmente o playback de áudio) e em que formato (SMPTE/MTC).</li><li><strong>2. Conectar a pirotecnia como escravo:</strong> Ligue a entrada de time code do controlador pirotécnico à distribuição de SMPTE. Confirme leitura estável do código.</li><li><strong>3. Programar a timeline:</strong> No software, posicione cada cue no instante desejado, já antecipando os delays do produto e do sistema.</li><li><strong>4. Ensaiar a cadeia completa:</strong> Rode o time code de ponta a ponta em ensaio (simul-firing) para validar que pirotecnia, luz e vídeo batem juntos. Verifique o comportamento se o code travar.</li><li><strong>5. Definir blocos manuais:</strong> Marque os momentos que serão disparados manualmente (variáveis ao vivo) e ensaie a transição entre automático e manual.</li></ol><p><strong>Na prática:</strong> Para um show com banda ao vivo, o operador roda os blocos coreografados (intro e final) por SMPTE vindo do playback, mas mantém os disparos do meio em manual, porque a banda costuma improvisar. No ensaio, ele simula uma falha de time code e confirma que o sistema bloqueia disparos automáticos em vez de soltar tudo de uma vez — e que o abort responde.</p><h4>Resumo</h4><ul><li>Time code é o relógio comum que sincroniza som, luz, vídeo e pirotecnia.</li><li>SMPTE/MTC com um mestre e os demais como escravos garantem alinhamento.</li><li>Operação manual é mais segura em momentos variáveis; o abort é sempre mantido.</li></ul>',30,2,true,false);
insert into public.quizzes (id,lesson_id,titulo) values ('d169898c-6b15-4c5b-81eb-10a68fa1b011','5598dcb8-fcc0-4bab-a11d-513b725189af','Quiz — Time code e sincronização: SMPTE, MTC e operação manual');
insert into public.quiz_questions (id,quiz_id,texto,explicacao,ordem,pontos) values ('2059ae74-1c34-46f6-8cf3-bf5c83bdb96e','d169898c-6b15-4c5b-81eb-10a68fa1b011','Time code é:','É o relógio mestre (h:m:s:frames) que alinha áudio, luz, vídeo e pirotecnia.',1,1);
insert into public.quiz_options (question_id,texto,correta,ordem) values ('2059ae74-1c34-46f6-8cf3-bf5c83bdb96e','Um tipo de fogo',false,1);
insert into public.quiz_options (question_id,texto,correta,ordem) values ('2059ae74-1c34-46f6-8cf3-bf5c83bdb96e','Uma referência temporal comum que sincroniza os sistemas do show',true,2);
insert into public.quiz_options (question_id,texto,correta,ordem) values ('2059ae74-1c34-46f6-8cf3-bf5c83bdb96e','Uma mesa de disparo',false,3);
insert into public.quiz_options (question_id,texto,correta,ordem) values ('2059ae74-1c34-46f6-8cf3-bf5c83bdb96e','Um EPI',false,4);
insert into public.quiz_questions (id,quiz_id,texto,explicacao,ordem,pontos) values ('00370fdb-6209-481b-8b7a-03f5c9fd3477','d169898c-6b15-4c5b-81eb-10a68fa1b011','Em uma cadeia de time code, o ''mestre'' normalmente é:','O playback gera o SMPTE e os demais sistemas seguem como escravos.',2,1);
insert into public.quiz_options (question_id,texto,correta,ordem) values ('00370fdb-6209-481b-8b7a-03f5c9fd3477','A pirotecnia',false,1);
insert into public.quiz_options (question_id,texto,correta,ordem) values ('00370fdb-6209-481b-8b7a-03f5c9fd3477','O playback de áudio/vídeo que gera o code',true,2);
insert into public.quiz_options (question_id,texto,correta,ordem) values ('00370fdb-6209-481b-8b7a-03f5c9fd3477','A iluminação',false,3);
insert into public.quiz_options (question_id,texto,correta,ordem) values ('00370fdb-6209-481b-8b7a-03f5c9fd3477','O operador',false,4);
insert into public.quiz_questions (id,quiz_id,texto,explicacao,ordem,pontos) values ('1df50000-be2b-480a-8198-db6ae32d9026','d169898c-6b15-4c5b-81eb-10a68fa1b011','Quando a operação manual costuma ser preferível?','O manual dá flexibilidade quando o tempo do show pode variar.',3,1);
insert into public.quiz_options (question_id,texto,correta,ordem) values ('1df50000-be2b-480a-8198-db6ae32d9026','Sempre',false,1);
insert into public.quiz_options (question_id,texto,correta,ordem) values ('1df50000-be2b-480a-8198-db6ae32d9026','Em momentos variáveis ao vivo (ex.: banda que improvisa)',true,2);
insert into public.quiz_options (question_id,texto,correta,ordem) values ('1df50000-be2b-480a-8198-db6ae32d9026','Nunca',false,3);
insert into public.quiz_options (question_id,texto,correta,ordem) values ('1df50000-be2b-480a-8198-db6ae32d9026','Só em fogos aéreos',false,4);
insert into public.quiz_questions (id,quiz_id,texto,explicacao,ordem,pontos) values ('3acba141-7345-436b-9fe9-9a0cbbadb214','d169898c-6b15-4c5b-81eb-10a68fa1b011','Se o time code falhar durante o show, o sistema bem configurado deve:','A salvaguarda impede execução errada; o abort também fica disponível.',4,1);
insert into public.quiz_options (question_id,texto,correta,ordem) values ('3acba141-7345-436b-9fe9-9a0cbbadb214','Disparar tudo de uma vez',false,1);
insert into public.quiz_options (question_id,texto,correta,ordem) values ('3acba141-7345-436b-9fe9-9a0cbbadb214','Bloquear os disparos automáticos para evitar acidente',true,2);
insert into public.quiz_options (question_id,texto,correta,ordem) values ('3acba141-7345-436b-9fe9-9a0cbbadb214','Ignorar e continuar',false,3);
insert into public.quiz_options (question_id,texto,correta,ordem) values ('3acba141-7345-436b-9fe9-9a0cbbadb214','Desligar a mesa',false,4);
insert into public.lessons (id,module_id,titulo,tipo,conteudo_rico,duracao_min,ordem,tem_quiz,preview_gratis) values ('1a80aaee-b376-4385-bf5f-956314dc0fc0','635b2c59-9c08-4f29-9a4c-37abb4b2e7c9','Painéis e efeitos visuais não pirotécnicos: LED, pixel e fogo cênico','texto','<p><strong>Para começar:</strong> Nem todo impacto vem do fogo: painéis e luz são parte do arsenal do operador de efeitos completo.</p><p>Painéis de LED, pixel mapping, strobes e outros recursos visuais complementam (e às vezes substituem com segurança) a pirotecnia. Esta aula apresenta os tipos de painel, como se operam e o problema do delay de vídeo/sincronia áudio-imagem, fundamental para integrar visual e som.</p><ul><li><strong>LED video walls e painéis de LED:</strong> Paredes de vídeo de alta resolução (módulos de LED) exibem imagens, vídeos e efeitos; painéis de LED criam padrões e fundos dinâmicos. Configuram-se conectando módulos, definindo resolução e controlando por software/console de mídia. Podem simular ''explosões'' e luz sem risco pirotécnico.</li><li><strong>Pixel mapping:</strong> Mapeia-se digitalmente a disposição física dos painéis/pontos de LED para controlar cada pixel individualmente, criando padrões e movimentos precisos sincronizados ao show — muito usado para efeitos coordenados com a música.</li><li><strong>Strobes, tubos de LED e piso de LED:</strong> Strobes geram flashes intensos sincronizados (cuidado com fotossensibilidade do público — avisos e limites). Tubos de LED criam contornos e formas 3D. Pisos de LED interagem com artistas e público. Todos controlados por console de luz/DMX ou pixel.</li><li><strong>Painéis de fogo e água com projeção:</strong> Painéis de fogo usam dispositivos de chama controlada (alto risco — ver aula de fogo controlado). Telas/cortinas de água servem de superfície de projeção. Combinam-se com vídeo mapeado para grande impacto.</li><li><strong>Delay de vídeo e sincronia A/V:</strong> Painéis e sistemas de vídeo introduzem latência: processamento interno, cabos (HDMI/DisplayPort longos), redes IP congestionadas, pós-processamento. Se a imagem atrasa em relação ao áudio, a sincronia quebra. Mede-se e compensa-se esse delay, e usa-se cabeamento/rede de qualidade. Em sistemas controlados por IP, evita-se congestionamento de rede.</li><li><strong>Quando usar visual em vez de pirotecnia:</strong> Em locais onde fogo é proibido ou arriscado (teto baixo, público muito próximo, restrição dos bombeiros), painéis de LED e luz entregam impacto com risco muito menor. O operador completo sabe propor essa troca.</li></ul><h4>Equipamentos / detalhes</h4><ul><li><strong>Painel de LED (video wall) modular:</strong> Módulos com pitch variável (ex.: P2 a P5 para palco) montados em estrutura; controlados por processador de vídeo e console de mídia. Para efeitos de ''explosão'' e luz brilhante sem pirotecnia.</li><li><strong>Controladora de pixel / processador de vídeo:</strong> Faz o mapeamento e a sincronização dos pixels com a timeline do show, frequentemente integrada por DMX/Art-Net e até por time code.</li><li><strong>Strobes profissionais (DMX):</strong> Geram flashes de alta intensidade sincronizados à música; usar com cautela por fotossensibilidade, com avisos ao público quando intensos.</li></ul><h4>Passo a passo</h4><ol><li><strong>1. Montar e configurar o painel:</strong> Conecte os módulos, defina resolução e mapeamento; alimente e teste a imagem.</li><li><strong>2. Integrar ao controle do show:</strong> Ligue ao processador de vídeo/pixel e sincronize com a timeline (DMX/Art-Net/time code conforme o caso).</li><li><strong>3. Medir e compensar o delay de vídeo:</strong> Compare imagem e áudio; ajuste atrasos para alinhar A/V; use cabos/rede de qualidade e evite congestionamento IP.</li><li><strong>4. Avaliar substituição segura da pirotecnia:</strong> Onde fogo for arriscado, projete efeitos de luz/LED equivalentes para entregar impacto com risco menor.</li></ol><p><strong>Na prática:</strong> Num teatro com teto baixo e proibição de fogo, o operador substitui a ''explosão'' pirotécnica do clímax por um efeito de pixel mapping em LED com strobe sincronizado, medindo e compensando o delay de vídeo para a imagem bater exatamente com a batida do som. Resultado de grande impacto, zero risco de incêndio.</p><h4>Resumo</h4><ul><li>Painéis de LED, pixel mapping e strobes complementam ou substituem a pirotecnia.</li><li>Delay de vídeo e sincronia A/V precisam ser medidos e compensados.</li><li>Onde o fogo é arriscado, o visual entrega impacto com risco muito menor.</li></ul>',25,3,true,false);
insert into public.quizzes (id,lesson_id,titulo) values ('04975972-231b-481c-bee2-b4d04f526921','1a80aaee-b376-4385-bf5f-956314dc0fc0','Quiz — Painéis e efeitos visuais não pirotécnicos: LED, pixel e fog');
insert into public.quiz_questions (id,quiz_id,texto,explicacao,ordem,pontos) values ('e5dc7535-1f8d-4a36-8049-809dd45d85bf','04975972-231b-481c-bee2-b4d04f526921','Pixel mapping permite:','Mapeia-se a disposição física para controlar pixels e criar efeitos coordenados.',1,1);
insert into public.quiz_options (question_id,texto,correta,ordem) values ('e5dc7535-1f8d-4a36-8049-809dd45d85bf','Apenas exibir vídeo',false,1);
insert into public.quiz_options (question_id,texto,correta,ordem) values ('e5dc7535-1f8d-4a36-8049-809dd45d85bf','Controlar cada pixel individualmente para padrões sincronizados',true,2);
insert into public.quiz_options (question_id,texto,correta,ordem) values ('e5dc7535-1f8d-4a36-8049-809dd45d85bf','Disparar fogos',false,3);
insert into public.quiz_options (question_id,texto,correta,ordem) values ('e5dc7535-1f8d-4a36-8049-809dd45d85bf','Gerar CO2',false,4);
insert into public.quiz_questions (id,quiz_id,texto,explicacao,ordem,pontos) values ('cd87dcd9-7e10-4a35-a962-acfb9d8a3f7b','04975972-231b-481c-bee2-b4d04f526921','O delay de vídeo pode ser causado por:','Várias fontes somam latência; precisam ser medidas e compensadas.',2,1);
insert into public.quiz_options (question_id,texto,correta,ordem) values ('cd87dcd9-7e10-4a35-a962-acfb9d8a3f7b','Só pelo clima',false,1);
insert into public.quiz_options (question_id,texto,correta,ordem) values ('cd87dcd9-7e10-4a35-a962-acfb9d8a3f7b','Processamento interno, cabos longos e congestionamento de rede IP',true,2);
insert into public.quiz_options (question_id,texto,correta,ordem) values ('cd87dcd9-7e10-4a35-a962-acfb9d8a3f7b','Apenas pelo operador',false,3);
insert into public.quiz_options (question_id,texto,correta,ordem) values ('cd87dcd9-7e10-4a35-a962-acfb9d8a3f7b','Só por falta de energia',false,4);
insert into public.quiz_questions (id,quiz_id,texto,explicacao,ordem,pontos) values ('5aecd47a-27a1-4aa7-af19-7001b444dedd','04975972-231b-481c-bee2-b4d04f526921','Por que considerar painéis de LED em vez de fogo?','Em teto baixo, público próximo ou proibição, o visual reduz drasticamente o risco.',3,1);
insert into public.quiz_options (question_id,texto,correta,ordem) values ('5aecd47a-27a1-4aa7-af19-7001b444dedd','São mais baratos sempre',false,1);
insert into public.quiz_options (question_id,texto,correta,ordem) values ('5aecd47a-27a1-4aa7-af19-7001b444dedd','Em locais com restrição de fogo, entregam impacto com risco muito menor',true,2);
insert into public.quiz_options (question_id,texto,correta,ordem) values ('5aecd47a-27a1-4aa7-af19-7001b444dedd','São mais barulhentos',false,3);
insert into public.quiz_options (question_id,texto,correta,ordem) values ('5aecd47a-27a1-4aa7-af19-7001b444dedd','Fazem mais fumaça',false,4);
insert into public.quiz_questions (id,quiz_id,texto,explicacao,ordem,pontos) values ('46831f32-9667-4121-bd92-f0cf099392d7','04975972-231b-481c-bee2-b4d04f526921','Ao usar strobes intensos, deve-se atentar a:','Flashes intensos podem afetar pessoas fotossensíveis; avisar é boa prática.',4,1);
insert into public.quiz_options (question_id,texto,correta,ordem) values ('46831f32-9667-4121-bd92-f0cf099392d7','Cor da parede',false,1);
insert into public.quiz_options (question_id,texto,correta,ordem) values ('46831f32-9667-4121-bd92-f0cf099392d7','Fotossensibilidade do público (avisos)',true,2);
insert into public.quiz_options (question_id,texto,correta,ordem) values ('46831f32-9667-4121-bd92-f0cf099392d7','Peso do equipamento',false,3);
insert into public.quiz_options (question_id,texto,correta,ordem) values ('46831f32-9667-4121-bd92-f0cf099392d7','Custo do cabo',false,4);
insert into public.modules (id,course_id,titulo,ordem) values ('e81b6fbc-d6f9-4ee4-b597-504ea0597343','831af45f-bd33-487c-8149-e11e72741d34','Módulo 5 — Segurança Operacional: o Coração do Pleno Efeito',5);
insert into public.lessons (id,module_id,titulo,tipo,conteudo_rico,duracao_min,ordem,tem_quiz,preview_gratis) values ('ef1cd2c1-f67d-4c28-b32e-fce731798bbc','e81b6fbc-d6f9-4ee4-b597-504ea0597343','Distâncias de segurança e posicionamento de efeitos','texto','<p><strong>Para começar:</strong> A distância correta é a primeira barreira contra acidentes. Errar aqui é colocar vidas em risco.</p><p>Distância de segurança é a separação mínima entre a área de disparo e o público/equipe/estruturas, e depende do tipo e tamanho do efeito. Esta aula ensina a regra prática internacional para shells, o posicionamento e a inclinação dos morteiros, e a definição das zonas do evento. Atenção: distâncias variam por legislação e fabricante — sempre adote o MAIOR valor exigido e seja conservador.</p><ul><li><strong>Por que a distância importa:</strong> Mantém público e equipe fora do alcance de detritos, calor, projeção e de uma eventual explosão prematura ou queda de shell ativo. É a salvaguarda que funciona mesmo quando algo dá errado.</li><li><strong>Regra prática para shells aéreos:</strong> Regra internacional comum: distância mínima de aproximadamente 70 a 100 pés por polegada de diâmetro da shell. Exemplos típicos: 3 pol → ~70–90 m; 4 pol → ~100–120 m; 6 pol → ~150–180 m; 8 pol → ~200–240 m. São valores de referência: a legislação local e o fabricante podem exigir mais — adote sempre o maior.</li><li><strong>Distâncias para efeitos de palco e indoor:</strong> Faíscas frias, gerbs e fontes de palco têm distâncias bem menores, definidas pelo fabricante (até pessoas, cortinas, gride e sensores). Para CO2 e fogo controlado, seguir o manual e a brigada. Nunca presumir — ler a ficha do produto.</li><li><strong>As três zonas:</strong> Área de disparo (onde estão os efeitos), área técnica (equipe e mesa) e área de público. A distância de segurança deve ser respeitada entre todas elas. A zona de disparo (blast zone) é isolada e de acesso restrito.</li><li><strong>Inclinação e direção dos morteiros:</strong> Tubos sempre inclinados para LONGE do público e de estruturas, na direção segura de queda dos detritos (fallout). Considera-se o vento: inclina-se de forma que vento e detritos não levem material sobre o público. Racks bem fixados ao solo.</li><li><strong>Direção do vento e fallout:</strong> A zona de fallout (onde caem resíduos e detritos) deve estar livre de público e de materiais inflamáveis, e a favor do vento em relação ao público (vento empurrando detritos para longe das pessoas). Reavaliar se o vento mudar.</li><li><strong>Margem e conservadorismo:</strong> Na dúvida, aumente a distância. É melhor um efeito um pouco menor ou mais distante do que um acidente. A distância nunca é ''negociável'' por pressão de produção.</li></ul><h4>Equipamentos / detalhes</h4><ul><li><strong>Racks de morteiro em fibra de vidro e bases:</strong> Estruturas que seguram os tubos firmemente, permitindo inclinação controlada para longe do público. Fixados ao solo (estacas, peso) para não tombarem no disparo.</li><li><strong>Trena/medidor a laser e mapa do local:</strong> Para medir e marcar as distâncias reais entre disparo, técnica e público no terreno, em vez de estimar a olho.</li><li><strong>Anemômetro (medidor de vento):</strong> Mede a velocidade do vento no local; essencial para decidir inclinação, posição de fallout e eventual cancelamento (vento ~30 km/h costuma ser limite para cancelar).</li></ul><h4>Passo a passo</h4><ol><li><strong>1. Identificar o maior efeito e seu calibre:</strong> Determine o maior shell/efeito do show; ele define a maior distância exigida.</li><li><strong>2. Calcular a distância mínima:</strong> Aplique a regra (≈70–100 pés por polegada) e compare com a exigência legal/fabricante; adote o MAIOR valor.</li><li><strong>3. Marcar as três zonas no local:</strong> Meça e demarque com barreiras a área de disparo, a técnica e a de público, respeitando a distância em todas as direções.</li><li><strong>4. Posicionar e inclinar os morteiros:</strong> Fixe os racks, incline para longe do público e na direção segura de fallout, considerando o vento medido.</li><li><strong>5. Reavaliar com o vento real:</strong> Meça o vento antes e durante; se mudar de direção/intensidade, reposicione ou cancele conforme o caso.</li></ol><p><strong>Na prática:</strong> Com shells de 4 polegadas, o operador calcula ~100–120 m de raio de segurança, mede com trena a laser, demarca a blast zone com barreiras e posiciona os racks inclinados para o lado oposto ao público, onde há campo aberto para o fallout. Mede o vento (18 km/h, soprando para longe da plateia) e segue; combina com a equipe que, se o vento virar para o público, o show é reavaliado.</p><h4>Resumo</h4><ul><li>Distância de segurança depende do tamanho do efeito; adote sempre o maior valor exigido.</li><li>Regra prática para shells: ~70–100 pés por polegada de diâmetro.</li><li>Inclinação para longe do público e gestão de vento/fallout são essenciais.</li></ul>',35,1,true,false);
insert into public.quizzes (id,lesson_id,titulo) values ('ea3d61bb-b7ed-45ec-9054-d42d8efcd5b2','ef1cd2c1-f67d-4c28-b32e-fce731798bbc','Quiz — Distâncias de segurança e posicionamento de efeitos');
insert into public.quiz_questions (id,quiz_id,texto,explicacao,ordem,pontos) values ('6eba1cb5-446e-4d60-b312-d9e6a1e386e4','ea3d61bb-b7ed-45ec-9054-d42d8efcd5b2','A regra prática internacional para distância de shells aéreos é:','Quanto maior o calibre, maior a distância — cerca de 70–100 pés por polegada.',1,1);
insert into public.quiz_options (question_id,texto,correta,ordem) values ('6eba1cb5-446e-4d60-b312-d9e6a1e386e4','1 metro por show',false,1);
insert into public.quiz_options (question_id,texto,correta,ordem) values ('6eba1cb5-446e-4d60-b312-d9e6a1e386e4','Aproximadamente 70 a 100 pés por polegada de diâmetro da shell',true,2);
insert into public.quiz_options (question_id,texto,correta,ordem) values ('6eba1cb5-446e-4d60-b312-d9e6a1e386e4','Sempre 10 metros',false,3);
insert into public.quiz_options (question_id,texto,correta,ordem) values ('6eba1cb5-446e-4d60-b312-d9e6a1e386e4','Depende só do vento',false,4);
insert into public.quiz_questions (id,quiz_id,texto,explicacao,ordem,pontos) values ('0977e0bd-5004-4870-9c25-77e01d372c5d','ea3d61bb-b7ed-45ec-9054-d42d8efcd5b2','Quando a legislação local exige mais distância que a regra prática, o operador deve:','Sempre se adota o maior valor para máxima margem de segurança.',2,1);
insert into public.quiz_options (question_id,texto,correta,ordem) values ('0977e0bd-5004-4870-9c25-77e01d372c5d','Usar a menor',false,1);
insert into public.quiz_options (question_id,texto,correta,ordem) values ('0977e0bd-5004-4870-9c25-77e01d372c5d','Adotar o MAIOR valor exigido',true,2);
insert into public.quiz_options (question_id,texto,correta,ordem) values ('0977e0bd-5004-4870-9c25-77e01d372c5d','Fazer uma média',false,3);
insert into public.quiz_options (question_id,texto,correta,ordem) values ('0977e0bd-5004-4870-9c25-77e01d372c5d','Ignorar a lei',false,4);
insert into public.quiz_questions (id,quiz_id,texto,explicacao,ordem,pontos) values ('1c6b0324-00d8-4ebc-bdc0-6e075581e7a3','ea3d61bb-b7ed-45ec-9054-d42d8efcd5b2','Os morteiros devem ser inclinados:','A inclinação para longe do público protege contra detritos e quedas.',3,1);
insert into public.quiz_options (question_id,texto,correta,ordem) values ('1c6b0324-00d8-4ebc-bdc0-6e075581e7a3','Para o público, para melhor visão',false,1);
insert into public.quiz_options (question_id,texto,correta,ordem) values ('1c6b0324-00d8-4ebc-bdc0-6e075581e7a3','Para longe do público e na direção segura de fallout',true,2);
insert into public.quiz_options (question_id,texto,correta,ordem) values ('1c6b0324-00d8-4ebc-bdc0-6e075581e7a3','Sempre na vertical exata',false,3);
insert into public.quiz_options (question_id,texto,correta,ordem) values ('1c6b0324-00d8-4ebc-bdc0-6e075581e7a3','Para a mesa de disparo',false,4);
insert into public.quiz_questions (id,quiz_id,texto,explicacao,ordem,pontos) values ('c0d3828b-2a9d-499d-b453-949057898229','ea3d61bb-b7ed-45ec-9054-d42d8efcd5b2','A zona de fallout deve estar:','Os detritos caem ali; precisa estar livre e com o vento empurrando-os para longe do público.',4,1);
insert into public.quiz_options (question_id,texto,correta,ordem) values ('c0d3828b-2a9d-499d-b453-949057898229','Sobre o público',false,1);
insert into public.quiz_options (question_id,texto,correta,ordem) values ('c0d3828b-2a9d-499d-b453-949057898229','Livre de público e de materiais inflamáveis, a favor do vento em relação às pessoas',true,2);
insert into public.quiz_options (question_id,texto,correta,ordem) values ('c0d3828b-2a9d-499d-b453-949057898229','No backstage',false,3);
insert into public.quiz_options (question_id,texto,correta,ordem) values ('c0d3828b-2a9d-499d-b453-949057898229','Sem importância',false,4);
insert into public.quiz_questions (id,quiz_id,texto,explicacao,ordem,pontos) values ('9f012961-6666-4da8-8fe4-3eee913b95d1','ea3d61bb-b7ed-45ec-9054-d42d8efcd5b2','Na dúvida sobre a distância, o operador deve:','Conservadorismo salva vidas; mais distância é sempre mais seguro.',5,1);
insert into public.quiz_options (question_id,texto,correta,ordem) values ('9f012961-6666-4da8-8fe4-3eee913b95d1','Aproximar o efeito',false,1);
insert into public.quiz_options (question_id,texto,correta,ordem) values ('9f012961-6666-4da8-8fe4-3eee913b95d1','Aumentar a distância (ser conservador)',true,2);
insert into public.quiz_options (question_id,texto,correta,ordem) values ('9f012961-6666-4da8-8fe4-3eee913b95d1','Pedir ao público para chegar perto',false,3);
insert into public.quiz_options (question_id,texto,correta,ordem) values ('9f012961-6666-4da8-8fe4-3eee913b95d1','Reduzir a margem',false,4);
insert into public.lessons (id,module_id,titulo,tipo,conteudo_rico,duracao_min,ordem,tem_quiz,preview_gratis) values ('39e3adaa-3f15-488d-a87e-3ad63982d558','e81b6fbc-d6f9-4ee4-b597-504ea0597343','EPI, segurança coletiva e procedimentos em caso de falha (misfire)','texto','<p><strong>Para começar:</strong> Quando algo dá errado, é a disciplina nos procedimentos que evita a tragédia.</p><p>Esta aula cobre a proteção do profissional (EPI), a proteção coletiva (extintores, barreiras, comunicação) e — crucialmente — o protocolo de misfire (falha de disparo), o momento mais perigoso de uma operação pirotécnica. Aqui a regra é: paciência e procedimento, nunca pressa.</p><ul><li><strong>EPI obrigatório:</strong> Capacete de segurança, óculos de proteção/viseira, protetor auricular, luvas adequadas (resistentes a chama/calor e, quando elétrico, antiestáticas), roupas de algodão ou antiestáticas resistentes a chama (nada sintético que derrete), botas de segurança. A norma também exige EPI completo em ensaios e inspeções.</li><li><strong>Proibições durante a operação:</strong> Não portar fósforos, isqueiros, cigarros ou qualquer material que produza faísca; não usar telefone móvel durante a iniciação; nunca operar sob efeito de álcool, narcóticos ou medicamentos que afetem reflexos e julgamento (exigência da norma).</li><li><strong>Segurança coletiva:</strong> Extintores adequados (classe ABC para uso geral; nunca água sobre risco elétrico), iluminação de emergência, rádios de comunicação, barreiras físicas e sinalização de áreas restritas. Tudo posicionado e testado antes do show.</li><li><strong>Principais riscos a antecipar:</strong> Misfire (falha de disparo), explosão prematura (no tubo ou perto do solo), queda de shell ativo, incêndio no local e projeção de detritos. Causas frequentes: erro de montagem, tubo danificado, ignição incorreta, vento forte e falha elétrica.</li><li><strong>Protocolo de misfire — o mais importante:</strong> Se um efeito não dispara: NÃO se aproximar imediatamente. Aguardar pelo menos 15 a 30 minutos (a norma fixa mínimo de 15 min para examinar/remover a falha). Desligar/desarmar o sistema de ignição. Só então aproximar-se com extrema cautela. Isolar a área. De preferência, investigar apenas após o término do show e a saída do público.</li><li><strong>O que NUNCA fazer num misfire:</strong> Nunca tentar reacender manualmente, nunca remover imediatamente o artefato, nunca inclinar/olhar dentro do tubo, nunca apressar o tempo de espera. Um shell ''que não disparou'' pode disparar com atraso e matar quem estiver por perto.</li><li><strong>Comunicação na emergência:</strong> Quem identifica a falha avisa imediatamente o operador-chefe pelo rádio; a decisão de aguardar, isolar ou abortar é centralizada. Mantém-se a calma e segue-se o procedimento, sem heróis.</li></ul><h4>Equipamentos / detalhes</h4><ul><li><strong>Kit de EPI pirotécnico:</strong> Capacete, óculos/viseira, protetor auricular, luvas resistentes a calor/antiestáticas, roupa de algodão/antichama, botas de segurança. Conferido e em bom estado antes de cada operação.</li><li><strong>Extintores classe ABC e ferramenta antifaísca:</strong> Extintores ABC posicionados próximos à zona de disparo; ferramentas que não geram faísca para manuseio. Nunca água sobre circuitos energizados.</li><li><strong>Rádios de comunicação dedicados:</strong> Comunicação clara e imediata entre equipe e operador-chefe, especialmente para reportar falhas e coordenar o abort.</li></ul><h4>Passo a passo</h4><ol><li><strong>1. Vestir e conferir o EPI:</strong> Antes de montar/operar, todos vestem o EPI completo e conferem o estado. Sem EPI, não se entra na zona de disparo.</li><li><strong>2. Posicionar a segurança coletiva:</strong> Extintores ABC, barreiras, sinalização, iluminação de emergência e rádios testados e em posição.</li><li><strong>3. Em caso de misfire — parar:</strong> Identificou a falha? NÃO se aproxime. Avise o operador-chefe pelo rádio.</li><li><strong>4. Aguardar e desarmar:</strong> Aguarde no mínimo 15 a 30 minutos. Desligue/desarme o sistema de ignição. Mantenha a área isolada.</li><li><strong>5. Aproximar com cautela e neutralizar:</strong> Só depois do tempo de espera e do sistema desarmado, aproxime-se com cautela para neutralizar conforme procedimento — idealmente após o público sair.</li><li><strong>6. Registrar o incidente:</strong> Documente a falha (qual circuito, produto, causa provável) para o relatório pós-evento e para o fornecedor.</li></ol><p><strong>Na prática:</strong> Durante o show, o cake do canal 12 não dispara. O assistente avisa pelo rádio: ''misfire canal 12''. O operador-chefe NÃO manda ninguém ao local; continua o show com os demais cues, e ao final isola o ponto, desarma a mesa, aguarda 30 minutos e só então, com o público já fora, aproxima-se com cautela para neutralizar o produto. Ninguém tenta reacender ou mexer no tubo antes da hora.</p><h4>Resumo</h4><ul><li>EPI completo e proibição de fontes de faísca, celular e substâncias na operação.</li><li>Segurança coletiva: extintores ABC, barreiras, sinalização e comunicação.</li><li>Misfire: aguardar 15–30 min, desarmar, isolar e nunca reacender ou mexer no tubo.</li></ul>',30,2,true,false);
insert into public.quizzes (id,lesson_id,titulo) values ('01b3833f-1207-48f3-8927-b1873846fa17','39e3adaa-3f15-488d-a87e-3ad63982d558','Quiz — EPI, segurança coletiva e procedimentos em caso de falha (mi');
insert into public.quiz_questions (id,quiz_id,texto,explicacao,ordem,pontos) values ('fc628412-84fb-49cf-9cfc-9f3425c31974','01b3833f-1207-48f3-8927-b1873846fa17','Diante de um misfire (falha de disparo), o operador deve:','O tempo de espera evita ferimentos por disparo atrasado; nunca reacender ou mexer no tubo.',1,1);
insert into public.quiz_options (question_id,texto,correta,ordem) values ('fc628412-84fb-49cf-9cfc-9f3425c31974','Aproximar-se imediatamente e reacender',false,1);
insert into public.quiz_options (question_id,texto,correta,ordem) values ('fc628412-84fb-49cf-9cfc-9f3425c31974','Aguardar no mínimo 15 a 30 minutos, desarmar e isolar antes de qualquer aproximação',true,2);
insert into public.quiz_options (question_id,texto,correta,ordem) values ('fc628412-84fb-49cf-9cfc-9f3425c31974','Inclinar o tubo para ver o problema',false,3);
insert into public.quiz_options (question_id,texto,correta,ordem) values ('fc628412-84fb-49cf-9cfc-9f3425c31974','Remover o produto na hora',false,4);
insert into public.quiz_questions (id,quiz_id,texto,explicacao,ordem,pontos) values ('070ad5d3-291b-4c95-8bbb-8263554cb30c','01b3833f-1207-48f3-8927-b1873846fa17','Qual EPI é exigido na operação pirotécnica?','A proteção é completa, da cabeça aos pés, e exigida inclusive em ensaios.',2,1);
insert into public.quiz_options (question_id,texto,correta,ordem) values ('070ad5d3-291b-4c95-8bbb-8263554cb30c','Apenas luvas',false,1);
insert into public.quiz_options (question_id,texto,correta,ordem) values ('070ad5d3-291b-4c95-8bbb-8263554cb30c','Capacete, óculos, protetor auricular, luvas, roupa antichama e botas',true,2);
insert into public.quiz_options (question_id,texto,correta,ordem) values ('070ad5d3-291b-4c95-8bbb-8263554cb30c','Somente óculos de sol',false,3);
insert into public.quiz_options (question_id,texto,correta,ordem) values ('070ad5d3-291b-4c95-8bbb-8263554cb30c','Nenhum, se for rápido',false,4);
insert into public.quiz_questions (id,quiz_id,texto,explicacao,ordem,pontos) values ('89d78e73-17fd-4e25-b921-21fb28f43311','01b3833f-1207-48f3-8927-b1873846fa17','Durante a operação é PROIBIDO:','Fontes de faísca, celular na iniciação e substâncias são proibidos pela norma.',3,1);
insert into public.quiz_options (question_id,texto,correta,ordem) values ('89d78e73-17fd-4e25-b921-21fb28f43311','Usar rádio',false,1);
insert into public.quiz_options (question_id,texto,correta,ordem) values ('89d78e73-17fd-4e25-b921-21fb28f43311','Portar isqueiro/fósforo/cigarro, usar celular na iniciação e estar sob efeito de álcool',true,2);
insert into public.quiz_options (question_id,texto,correta,ordem) values ('89d78e73-17fd-4e25-b921-21fb28f43311','Vestir EPI',false,3);
insert into public.quiz_options (question_id,texto,correta,ordem) values ('89d78e73-17fd-4e25-b921-21fb28f43311','Usar extintor',false,4);
insert into public.quiz_questions (id,quiz_id,texto,explicacao,ordem,pontos) values ('bdae8b7d-eb0c-453f-a40d-b9c07f73654a','01b3833f-1207-48f3-8927-b1873846fa17','O extintor recomendado de uso geral na zona de disparo é:','ABC cobre os tipos comuns de fogo; água nunca sobre risco elétrico.',4,1);
insert into public.quiz_options (question_id,texto,correta,ordem) values ('bdae8b7d-eb0c-453f-a40d-b9c07f73654a','Só água',false,1);
insert into public.quiz_options (question_id,texto,correta,ordem) values ('bdae8b7d-eb0c-453f-a40d-b9c07f73654a','Classe ABC',true,2);
insert into public.quiz_options (question_id,texto,correta,ordem) values ('bdae8b7d-eb0c-453f-a40d-b9c07f73654a','Nenhum',false,3);
insert into public.quiz_options (question_id,texto,correta,ordem) values ('bdae8b7d-eb0c-453f-a40d-b9c07f73654a','Apenas areia',false,4);
insert into public.quiz_questions (id,quiz_id,texto,explicacao,ordem,pontos) values ('41ffffde-6ab5-487c-bdef-78c38885c189','01b3833f-1207-48f3-8927-b1873846fa17','Quem identifica um misfire deve:','A decisão é centralizada no chefe; segue-se o procedimento, sem heróis.',5,1);
insert into public.quiz_options (question_id,texto,correta,ordem) values ('41ffffde-6ab5-487c-bdef-78c38885c189','Resolver sozinho rapidamente',false,1);
insert into public.quiz_options (question_id,texto,correta,ordem) values ('41ffffde-6ab5-487c-bdef-78c38885c189','Avisar imediatamente o operador-chefe pelo rádio e seguir o protocolo',true,2);
insert into public.quiz_options (question_id,texto,correta,ordem) values ('41ffffde-6ab5-487c-bdef-78c38885c189','Esconder a falha',false,3);
insert into public.quiz_options (question_id,texto,correta,ordem) values ('41ffffde-6ab5-487c-bdef-78c38885c189','Mandar alguém correr até o tubo',false,4);
insert into public.lessons (id,module_id,titulo,tipo,conteudo_rico,duracao_min,ordem,tem_quiz,preview_gratis) values ('9c77a0bc-aa38-4550-aeec-e5c77534f429','e81b6fbc-d6f9-4ee4-b597-504ea0597343','Condições climáticas, armazenamento e plano de emergência','texto','<p><strong>Para começar:</strong> Vento, chuva e um bom armazenamento decidem se o show acontece — e se acontece com segurança.</p><p>Esta aula fecha o módulo de segurança com três pilares: a leitura do clima (e quando cancelar), o armazenamento e transporte seguros dos produtos controlados, e o plano de emergência que todo show deve ter. São decisões que precedem o disparo e podem significar adiar ou cancelar — sempre a favor da segurança.</p><ul><li><strong>Influência do clima:</strong> Fatores críticos: velocidade e direção do vento, chuva, umidade e visibilidade. Vento forte desvia trajetórias e leva detritos para o público; chuva e umidade comprometem produtos e a parte elétrica; baixa visibilidade dificulta o controle visual.</li><li><strong>Limites e cancelamento:</strong> Recomenda-se cancelar/adiar quando o vento ultrapassa cerca de 30 km/h (e há limites menores para efeitos específicos — por norma, fogos com paraquedas não devem funcionar com vento acima de 5 m/s). A norma também proíbe acionar fogos em períodos de chuva/tempestade, com ou sem previsão de descargas elétricas. Na dúvida, não dispara.</li><li><strong>Afastamentos elétricos (norma):</strong> Fogos com iniciação elétrica devem ficar a no mínimo 50 m de redes elétricas de alta tensão e 200 m de ferrovias/metrô; operadores não portam celular. Esses afastamentos protegem contra disparo acidental por indução/estática.</li><li><strong>Armazenamento seguro:</strong> Local ventilado, com controle de umidade, afastado de fontes de calor, com acesso controlado e sinalização de risco. No Brasil, produtos pirotécnicos são fiscalizados pelo Exército Brasileiro (sistema de produtos controlados). Detonadores/iniciadores devem ser separados dos produtos. Quantidade e local de guarda seguem as autorizações.</li><li><strong>Transporte e manuseio:</strong> Transportar em veículos e embalagens adequados, conforme classificação ONU de explosivos e a legislação; manusear sem impactos; produtos não disparados devem ser armazenados temporariamente em área segura e transportados conforme as normas.</li><li><strong>Plano de emergência:</strong> Todo show deve ter: brigada de incêndio, presença/contato de ambulância, comunicação com bombeiros, rotas de evacuação, ponto de encontro seguro. Equipamentos obrigatórios: extintores ABC, kit de primeiros socorros, lanternas/iluminação de emergência. Simulações e ensaios de evacuação preparam a equipe.</li><li><strong>Monitoramento contínuo:</strong> O clima é monitorado antes e durante o evento (anemômetro, previsão). A decisão de seguir, adiar ou abortar é dinâmica e centralizada, e prevalece sobre qualquer pressão comercial.</li></ul><h4>Equipamentos / detalhes</h4><ul><li><strong>Anemômetro e fonte de previsão meteorológica:</strong> Mede vento em tempo real e acompanha a previsão para decidir sobre inclinação, fallout e cancelamento. Indispensável em outdoor.</li><li><strong>Paiol/contêiner de armazenamento de produtos controlados:</strong> Local apropriado, ventilado, seco, sinalizado e com acesso restrito, conforme autorização do Exército, com iniciadores separados dos produtos.</li><li><strong>Kit de emergência (extintores ABC, primeiros socorros, lanternas):</strong> Equipamentos obrigatórios do plano de emergência, posicionados e testados antes do show.</li></ul><h4>Passo a passo</h4><ol><li><strong>1. Checar o clima na véspera e no dia:</strong> Acompanhe previsão e meça vento no local. Defina os gatilhos de cancelamento (ex.: vento &gt; 30 km/h, chuva/tempestade).</li><li><strong>2. Verificar afastamentos do local:</strong> Confirme distância de redes de alta tensão (≥50 m) e ferrovias/metrô (≥200 m) para iniciação elétrica.</li><li><strong>3. Armazenar e transportar conforme a norma:</strong> Guarde produtos em local controlado, com iniciadores separados; transporte em embalagem/veículo adequados, sem impactos.</li><li><strong>4. Montar o plano de emergência:</strong> Defina brigada, ambulância, contato com bombeiros, rotas de evacuação e ponto de encontro; posicione extintores, primeiros socorros e lanternas.</li><li><strong>5. Ensaiar a evacuação e monitorar:</strong> Faça briefing/simulação de emergência com a equipe; monitore o clima durante todo o evento e esteja pronto para abortar.</li></ol><p><strong>Na prática:</strong> No dia do show outdoor, a previsão indica rajadas crescentes. O operador mede o vento de hora em hora; ao atingir ~32 km/h e mudar de direção para o público, ele aciona o plano: comunica produção e bombeiros e adia os fogos aéreos, mantendo apenas efeitos de palco seguros. Os produtos não usados voltam ao armazenamento controlado, com iniciadores separados. A decisão de adiar prevalece sobre a pressão para ''fazer assim mesmo''.</p><h4>Resumo</h4><ul><li>Vento (~30 km/h), chuva e tempestade são motivos de cancelamento; na dúvida, não dispara.</li><li>Produtos são controlados pelo Exército: armazenamento e transporte seguem norma, com iniciadores separados.</li><li>Todo show precisa de plano de emergência, brigada e monitoramento contínuo do clima.</li></ul>',30,3,true,false);
insert into public.quizzes (id,lesson_id,titulo) values ('55be870d-f6e6-4df7-8be2-d5483ba81885','9c77a0bc-aa38-4550-aeec-e5c77534f429','Quiz — Condições climáticas, armazenamento e plano de emergência');
insert into public.quiz_questions (id,quiz_id,texto,explicacao,ordem,pontos) values ('2c1edb33-68dd-4982-9ef8-1678c2a99dfb','55be870d-f6e6-4df7-8be2-d5483ba81885','Em geral, recomenda-se cancelar o show de fogos quando o vento ultrapassa cerca de:','Acima de ~30 km/h o risco de desvio e detritos sobre o público é alto; há limites menores para efeitos específicos.',1,1);
insert into public.quiz_options (question_id,texto,correta,ordem) values ('2c1edb33-68dd-4982-9ef8-1678c2a99dfb','5 km/h',false,1);
insert into public.quiz_options (question_id,texto,correta,ordem) values ('2c1edb33-68dd-4982-9ef8-1678c2a99dfb','30 km/h',true,2);
insert into public.quiz_options (question_id,texto,correta,ordem) values ('2c1edb33-68dd-4982-9ef8-1678c2a99dfb','100 km/h',false,3);
insert into public.quiz_options (question_id,texto,correta,ordem) values ('2c1edb33-68dd-4982-9ef8-1678c2a99dfb','Não importa o vento',false,4);
insert into public.quiz_questions (id,quiz_id,texto,explicacao,ordem,pontos) values ('a76bbc86-e123-4f13-b807-5afe8741e43a','55be870d-f6e6-4df7-8be2-d5483ba81885','No Brasil, os produtos pirotécnicos são fiscalizados por:','O Exército controla fabricação, armazenamento e transporte de produtos controlados.',2,1);
insert into public.quiz_options (question_id,texto,correta,ordem) values ('a76bbc86-e123-4f13-b807-5afe8741e43a','Apenas a prefeitura',false,1);
insert into public.quiz_options (question_id,texto,correta,ordem) values ('a76bbc86-e123-4f13-b807-5afe8741e43a','O Exército Brasileiro (sistema de produtos controlados)',true,2);
insert into public.quiz_options (question_id,texto,correta,ordem) values ('a76bbc86-e123-4f13-b807-5afe8741e43a','A operadora de energia',false,3);
insert into public.quiz_options (question_id,texto,correta,ordem) values ('a76bbc86-e123-4f13-b807-5afe8741e43a','O sindicato',false,4);
insert into public.quiz_questions (id,quiz_id,texto,explicacao,ordem,pontos) values ('620ebd84-bb9b-4fe5-8598-8396e25484f0','55be870d-f6e6-4df7-8be2-d5483ba81885','Para iniciação elétrica, a norma exige afastamento mínimo de:','Esses afastamentos previnem disparo acidental por indução/estática.',3,1);
insert into public.quiz_options (question_id,texto,correta,ordem) values ('620ebd84-bb9b-4fe5-8598-8396e25484f0','10 m de tudo',false,1);
insert into public.quiz_options (question_id,texto,correta,ordem) values ('620ebd84-bb9b-4fe5-8598-8396e25484f0','50 m de redes de alta tensão e 200 m de ferrovias/metrô',true,2);
insert into public.quiz_options (question_id,texto,correta,ordem) values ('620ebd84-bb9b-4fe5-8598-8396e25484f0','1 m de qualquer cabo',false,3);
insert into public.quiz_options (question_id,texto,correta,ordem) values ('620ebd84-bb9b-4fe5-8598-8396e25484f0','Nenhum afastamento',false,4);
insert into public.quiz_questions (id,quiz_id,texto,explicacao,ordem,pontos) values ('cf5405c5-e058-441b-8c61-fbed7f684d8c','55be870d-f6e6-4df7-8be2-d5483ba81885','Acionar fogos durante chuva ou tempestade:','A norma proíbe acionar em chuva/tempestade com ou sem previsão de raios.',4,1);
insert into public.quiz_options (question_id,texto,correta,ordem) values ('cf5405c5-e058-441b-8c61-fbed7f684d8c','É permitido se for rápido',false,1);
insert into public.quiz_options (question_id,texto,correta,ordem) values ('cf5405c5-e058-441b-8c61-fbed7f684d8c','Não deve ser feito, mesmo sem previsão de descargas elétricas',true,2);
insert into public.quiz_options (question_id,texto,correta,ordem) values ('cf5405c5-e058-441b-8c61-fbed7f684d8c','Só com guarda-chuva',false,3);
insert into public.quiz_options (question_id,texto,correta,ordem) values ('cf5405c5-e058-441b-8c61-fbed7f684d8c','Melhora o efeito',false,4);
insert into public.quiz_questions (id,quiz_id,texto,explicacao,ordem,pontos) values ('564cd95e-ccf4-4dcc-86eb-5750dd696bae','55be870d-f6e6-4df7-8be2-d5483ba81885','Itens obrigatórios do plano de emergência incluem:','O plano cobre brigada, evacuação, ponto de encontro e equipamentos de emergência.',5,1);
insert into public.quiz_options (question_id,texto,correta,ordem) values ('564cd95e-ccf4-4dcc-86eb-5750dd696bae','Apenas confete',false,1);
insert into public.quiz_options (question_id,texto,correta,ordem) values ('564cd95e-ccf4-4dcc-86eb-5750dd696bae','Brigada, comunicação com bombeiros, rotas de evacuação, extintores ABC e primeiros socorros',true,2);
insert into public.quiz_options (question_id,texto,correta,ordem) values ('564cd95e-ccf4-4dcc-86eb-5750dd696bae','Somente a mesa de disparo',false,3);
insert into public.quiz_options (question_id,texto,correta,ordem) values ('564cd95e-ccf4-4dcc-86eb-5750dd696bae','Nada específico',false,4);
insert into public.modules (id,course_id,titulo,ordem) values ('d6668147-debf-45d1-b42d-a01782d9b7c1','831af45f-bd33-487c-8149-e11e72741d34','Módulo 6 — Administrativo e Jurídico: Legislação, Licenças e Normas',6);
insert into public.lessons (id,module_id,titulo,tipo,conteudo_rico,duracao_min,ordem,tem_quiz,preview_gratis) values ('08f5e811-e9a5-45c1-9803-56db1dfc6a09','d6668147-debf-45d1-b42d-a01782d9b7c1','Legislação e normas técnicas da pirotecnia no Brasil','texto','<p><strong>Para começar:</strong> Sem documentação e licença, não há show legal. A parte jurídica é tão técnica quanto o disparo.</p><p>No Brasil, a atividade pirotécnica é regulada e fiscalizada principalmente pelo Exército Brasileiro (produtos controlados), com normas da Polícia Federal sobre registro e controle, normas técnicas da ABNT e regulamentos militares. Esta aula mapeia o arcabouço legal de forma fiel, orientando sempre a buscar as versões VIGENTES junto aos órgãos competentes, pois a legislação muda.</p><ul><li><strong>Atenção: legislação muda:</strong> As referências a seguir vêm do material-base e podem ter sido atualizadas. SEMPRE confirme as versões vigentes diretamente com o Exército Brasileiro, a Polícia Federal e os órgãos estaduais/municipais antes de qualquer operação. Operar com base em norma revogada é risco legal grave.</li><li><strong>Exército Brasileiro — produtos controlados:</strong> A fabricação, importação, armazenamento, transporte e uso de produtos pirotécnicos (explosivos da Classe 1) são fiscalizados pelo Exército, por meio do regulamento de produtos controlados (R-105) e regulamentos técnicos. Empresas e profissionais precisam de registro/autorização para atuar.</li><li><strong>Polícia Federal — registro e controle:</strong> O material cita a Portaria nº 1.176/2019 da Polícia Federal, que trata do registro de produtos pirotécnicos, autorização de empresas e profissionais, normas técnicas e de segurança, e procedimentos para espetáculos pirotécnicos. Verifique a versão vigente e eventuais alterações.</li><li><strong>Normas ABNT (NBR 15850 a 15855:2016):</strong> Conjunto de normas que classifica e estabelece requisitos de fogos de artifício: NBR 15855 (classificação e requisitos gerais) e NBR 15850 a 15854 (categorias T1 a T5). As categorias T indicam onde/como o produto pode ser usado — T1 é o de menor distância (uso de palco/indoor) e a numeração cresce com o risco/distância.</li><li><strong>Regulamento técnico militar (REG/T-02):</strong> Define requisitos de identificação, montagem, constituição e funcionamento de fogos de artifício; classifica os fogos nas categorias A, B, C e D do R-105; estabelece substâncias proibidas, parâmetros de iniciador elétrico, alturas mínimas de arrebentamento, espessura de tubos e procedimentos de inspeção. É a base técnica do que torna um produto ''legal''.</li><li><strong>Responsável técnico e CRQ:</strong> A embalagem deve trazer o nome do responsável técnico e seu registro no Conselho Regional de Química (CRQ), além de nomenclatura, classe, instruções de uso, ambiente permitido, distância segura e número de tiros. Produto sem rotulagem conforme é sinal de irregularidade.</li><li><strong>Esferas estadual e municipal:</strong> Além do federal, há regras estaduais e municipais (corpo de bombeiros, posturas municipais, restrições de ruído e horário). É obrigatório consultar os órgãos locais — em muitas cidades há, inclusive, regras sobre fogos com/sem estampido.</li></ul><h4>Passo a passo</h4><ol><li><strong>1. Confirmar a legislação vigente:</strong> Antes de cada projeto, verifique junto ao Exército, Polícia Federal e órgãos locais quais normas estão em vigor — não confie em versões antigas.</li><li><strong>2. Checar registro/autorização da empresa e do profissional:</strong> Confirme que a empresa e os profissionais têm o registro/autorização exigidos para fabricar/comercializar/usar pirotecnia.</li><li><strong>3. Validar a procedência e rotulagem dos produtos:</strong> Compre de fornecedor autorizado, com nota fiscal, e confira rótulo conforme norma (nomenclatura, classe, RT/CRQ, distância, ambiente, nº de tiros).</li><li><strong>4. Levantar exigências locais:</strong> Consulte bombeiros e prefeitura sobre licenças, restrições de ruído/horário e regras específicas do município/estado.</li></ol><p><strong>Na prática:</strong> Antes de fechar um réveillon, o operador confirma que a empresa fornecedora tem autorização do Exército e que os shells têm rótulo com RT/CRQ e categoria. Liga para o corpo de bombeiros local e a prefeitura, descobre uma restrição de horário para estampidos e ajusta o roteiro. Guarda cópia de todas as autorizações na pasta do projeto — sem isso, não há show.</p><h4>Resumo</h4><ul><li>Exército (produtos controlados), Polícia Federal e ABNT formam a base legal da pirotecnia.</li><li>As categorias T1–T5 e a rotulagem com RT/CRQ indicam uso e legalidade do produto.</li><li>Legislação muda e há regras estaduais/municipais — sempre confirme o vigente antes de operar.</li></ul>',30,1,true,false);
insert into public.quizzes (id,lesson_id,titulo) values ('2f16e411-a741-45f2-87f7-59cdb8b39112','08f5e811-e9a5-45c1-9803-56db1dfc6a09','Quiz — Legislação e normas técnicas da pirotecnia no Brasil');
insert into public.quiz_questions (id,quiz_id,texto,explicacao,ordem,pontos) values ('91e62428-c1fb-45ec-b31c-0709c61da162','2f16e411-a741-45f2-87f7-59cdb8b39112','No Brasil, a fiscalização dos produtos pirotécnicos como produtos controlados cabe principalmente:','O Exército controla fabricação, armazenamento, transporte e uso de explosivos da Classe 1.',1,1);
insert into public.quiz_options (question_id,texto,correta,ordem) values ('91e62428-c1fb-45ec-b31c-0709c61da162','À ANATEL',false,1);
insert into public.quiz_options (question_id,texto,correta,ordem) values ('91e62428-c1fb-45ec-b31c-0709c61da162','Ao Exército Brasileiro',true,2);
insert into public.quiz_options (question_id,texto,correta,ordem) values ('91e62428-c1fb-45ec-b31c-0709c61da162','Ao INMETRO apenas',false,3);
insert into public.quiz_options (question_id,texto,correta,ordem) values ('91e62428-c1fb-45ec-b31c-0709c61da162','À operadora de energia',false,4);
insert into public.quiz_questions (id,quiz_id,texto,explicacao,ordem,pontos) values ('0a0f1dc9-90b6-4924-a954-cc58c00888a3','2f16e411-a741-45f2-87f7-59cdb8b39112','As categorias T1 a T5 das normas ABNT indicam:','São categorias por requisitos e aplicação; T1 é de menor distância (palco) e cresce com o risco.',2,1);
insert into public.quiz_options (question_id,texto,correta,ordem) values ('0a0f1dc9-90b6-4924-a954-cc58c00888a3','A cor do fogo',false,1);
insert into public.quiz_options (question_id,texto,correta,ordem) values ('0a0f1dc9-90b6-4924-a954-cc58c00888a3','Requisitos e o uso/distância conforme o risco do produto',true,2);
insert into public.quiz_options (question_id,texto,correta,ordem) values ('0a0f1dc9-90b6-4924-a954-cc58c00888a3','O preço',false,3);
insert into public.quiz_options (question_id,texto,correta,ordem) values ('0a0f1dc9-90b6-4924-a954-cc58c00888a3','O fabricante',false,4);
insert into public.quiz_questions (id,quiz_id,texto,explicacao,ordem,pontos) values ('8ced4882-bb38-423a-8d80-30b75837c9f2','2f16e411-a741-45f2-87f7-59cdb8b39112','A rotulagem de um produto pirotécnico deve conter:','A rotulagem conforme norma é sinal de produto legal e seguro.',3,1);
insert into public.quiz_options (question_id,texto,correta,ordem) values ('8ced4882-bb38-423a-8d80-30b75837c9f2','Apenas o preço',false,1);
insert into public.quiz_options (question_id,texto,correta,ordem) values ('8ced4882-bb38-423a-8d80-30b75837c9f2','Nomenclatura, classe, responsável técnico/CRQ, instruções, ambiente, distância e nº de tiros',true,2);
insert into public.quiz_options (question_id,texto,correta,ordem) values ('8ced4882-bb38-423a-8d80-30b75837c9f2','Só a marca',false,3);
insert into public.quiz_options (question_id,texto,correta,ordem) values ('8ced4882-bb38-423a-8d80-30b75837c9f2','Nada obrigatório',false,4);
insert into public.quiz_questions (id,quiz_id,texto,explicacao,ordem,pontos) values ('276f764e-63bf-4d8a-8c70-6376d016cb85','2f16e411-a741-45f2-87f7-59cdb8b39112','Sobre a legislação citada (ex.: Portaria PF 1.176/2019 e normas ABNT):','A legislação muda; operar sobre norma revogada é risco legal — confirme sempre o vigente.',4,1);
insert into public.quiz_options (question_id,texto,correta,ordem) values ('276f764e-63bf-4d8a-8c70-6376d016cb85','É imutável',false,1);
insert into public.quiz_options (question_id,texto,correta,ordem) values ('276f764e-63bf-4d8a-8c70-6376d016cb85','Pode ter sido atualizada; deve-se confirmar o vigente com os órgãos competentes',true,2);
insert into public.quiz_options (question_id,texto,correta,ordem) values ('276f764e-63bf-4d8a-8c70-6376d016cb85','Não precisa ser consultada',false,3);
insert into public.quiz_options (question_id,texto,correta,ordem) values ('276f764e-63bf-4d8a-8c70-6376d016cb85','Vale só para fabricantes',false,4);
insert into public.quiz_questions (id,quiz_id,texto,explicacao,ordem,pontos) values ('554b64fc-0519-49b2-84fc-844c74d74ee5','2f16e411-a741-45f2-87f7-59cdb8b39112','Além das regras federais, o operador deve consultar:','Há regras locais sobre licenças, ruído e horário que precisam ser atendidas.',5,1);
insert into public.quiz_options (question_id,texto,correta,ordem) values ('554b64fc-0519-49b2-84fc-844c74d74ee5','Ninguém',false,1);
insert into public.quiz_options (question_id,texto,correta,ordem) values ('554b64fc-0519-49b2-84fc-844c74d74ee5','Órgãos estaduais e municipais (bombeiros, prefeitura, ruído/horário)',true,2);
insert into public.quiz_options (question_id,texto,correta,ordem) values ('554b64fc-0519-49b2-84fc-844c74d74ee5','Apenas a internet',false,3);
insert into public.quiz_options (question_id,texto,correta,ordem) values ('554b64fc-0519-49b2-84fc-844c74d74ee5','Somente o cliente',false,4);
insert into public.lessons (id,module_id,titulo,tipo,conteudo_rico,duracao_min,ordem,tem_quiz,preview_gratis) values ('3553c87e-188e-4559-91f1-7d8871e78c1d','d6668147-debf-45d1-b42d-a01782d9b7c1','Documentação, licenças, rider técnico e brigada/bombeiros','texto','<p><strong>Para começar:</strong> A pasta do projeto é o seu seguro de vida profissional: sem papel, não se entra em palco.</p><p>Esta aula é o lado prático do jurídico-administrativo: quais documentos e licenças reunir, como organizar a documentação do projeto, o que é o rider técnico, e como articular brigada de incêndio e corpo de bombeiros. Boa documentação protege o público e protege juridicamente o operador.</p><ul><li><strong>Documentação essencial do projeto:</strong> Reúna: autorização/registro da empresa e profissionais (Exército/PF), licença do evento e dos bombeiros (AVCB/vistoria conforme o local), notas fiscais e certificados dos produtos, apólice de seguro, ART/responsabilidade técnica quando aplicável, plano de segurança e plano de emergência, e o roteiro de cues. Tudo arquivado e disponível no dia.</li><li><strong>Licenças e prazos:</strong> Licenças costumam ter prazo de solicitação — bombeiros e autoridades podem exigir antecedência (dias a semanas). Mapeie os prazos no início do projeto para não inviabilizar o evento. Operar sem licença é ilegal e pode gerar interdição e responsabilização.</li><li><strong>Briefing e roteiro:</strong> O briefing capta o desejo do cliente (momentos, música, intensidade, identidade visual). O roteiro traduz isso em cues com tempos e produtos, base para a programação da mesa e para o cálculo de delays e distâncias.</li><li><strong>Rider técnico:</strong> Documento que lista tudo que o efeito precisa do local e da produção: energia (tomadas/quadros), pontos de fixação/truss, espaço para zona de disparo e fallout, acesso para carga/descarga, sinal de time code, posição da mesa, EPI e equipe necessária, e exigências de segurança. O rider evita surpresas na montagem.</li><li><strong>Equipe e funções:</strong> Defina papéis: operador-chefe (responsável técnico e decisão de abortar), assistentes de montagem, observadores de segurança/spotters, ligação com bombeiros e produção. Cada um treinado e ciente do plano.</li><li><strong>Brigada de incêndio e bombeiros:</strong> Articule presença da brigada e/ou corpo de bombeiros conforme exigência local; alinhe o uso de fumaça/fogo para não disparar alarmes; combine sinais de aborto e rota de resposta a incidentes. Bombeiros podem vetar efeitos — respeite.</li><li><strong>Armazenamento e organização de documentos:</strong> Mantenha uma pasta (física e digital) por evento, com checklist do que foi obtido, datas de validade das licenças e contatos das autoridades. Documentação organizada acelera vistorias e protege em caso de questionamento.</li><li><strong>Relatório pós-evento:</strong> Após o show, registre o que ocorreu: cues disparados, falhas/misfires, consumo de produtos, incidentes, lições aprendidas. Serve para melhoria contínua e como registro legal.</li></ul><h4>Passo a passo</h4><ol><li><strong>1. Abrir a pasta do projeto:</strong> Crie a pasta (física e digital) do evento e liste todos os documentos/licenças necessários com seus prazos.</li><li><strong>2. Solicitar licenças com antecedência:</strong> Protocole junto a bombeiros e autoridades respeitando os prazos; acompanhe até a emissão.</li><li><strong>3. Produzir briefing, roteiro e rider técnico:</strong> Documente o desejo do cliente, traduza em cues e liste as necessidades técnicas no rider para a produção.</li><li><strong>4. Definir equipe e alinhar com a brigada:</strong> Atribua funções, treine a equipe e combine com brigada/bombeiros presença, sinais e resposta a incidentes.</li><li><strong>5. Conferir tudo no dia e arquivar:</strong> No dia, confirme que todas as licenças e documentos estão disponíveis; após o show, produza o relatório pós-evento e arquive.</li></ol><p><strong>Na prática:</strong> Para um casamento com efeitos indoor, o operador abre a pasta do projeto, solicita a vistoria dos bombeiros com 15 dias de antecedência, monta o rider técnico (precisa de dois quadros de energia, dois pontos de truss e sinal de time code do DJ) e alinha com a brigada do espaço que a fumaça será usada em cues específicos para não disparar o alarme. No dia, todas as licenças estão na pasta; sem elas, o efeito não seria autorizado.</p><h4>Resumo</h4><ul><li>Documentação e licenças são pré-condição legal: sem elas, não há show.</li><li>Briefing, roteiro e rider técnico organizam desejo do cliente e necessidades do efeito.</li><li>Brigada e bombeiros são parceiros essenciais e podem vetar efeitos — articule cedo.</li></ul>',30,2,true,false);
insert into public.quizzes (id,lesson_id,titulo) values ('e5542932-d9c7-412a-8bef-fa9799df0366','3553c87e-188e-4559-91f1-7d8871e78c1d','Quiz — Documentação, licenças, rider técnico e brigada/bombeiros');
insert into public.quiz_questions (id,quiz_id,texto,explicacao,ordem,pontos) values ('b7447d5f-a26e-495e-8c70-d3bdcda6bbcc','e5542932-d9c7-412a-8bef-fa9799df0366','O rider técnico serve para:','O rider evita surpresas na montagem ao especificar as necessidades técnicas.',1,1);
insert into public.quiz_options (question_id,texto,correta,ordem) values ('b7447d5f-a26e-495e-8c70-d3bdcda6bbcc','Listar o cardápio do evento',false,1);
insert into public.quiz_options (question_id,texto,correta,ordem) values ('b7447d5f-a26e-495e-8c70-d3bdcda6bbcc','Listar tudo que o efeito precisa do local e da produção (energia, fixação, zona de disparo, time code)',true,2);
insert into public.quiz_options (question_id,texto,correta,ordem) values ('b7447d5f-a26e-495e-8c70-d3bdcda6bbcc','Definir o preço',false,3);
insert into public.quiz_options (question_id,texto,correta,ordem) values ('b7447d5f-a26e-495e-8c70-d3bdcda6bbcc','Substituir a licença',false,4);
insert into public.quiz_questions (id,quiz_id,texto,explicacao,ordem,pontos) values ('26f13b4f-e494-451f-a63e-b110f3024931','e5542932-d9c7-412a-8bef-fa9799df0366','Operar um show de efeitos sem as licenças exigidas:','Sem licença não há show legal; o risco jurídico e de segurança é alto.',2,1);
insert into public.quiz_options (question_id,texto,correta,ordem) values ('26f13b4f-e494-451f-a63e-b110f3024931','É aceitável se for pequeno',false,1);
insert into public.quiz_options (question_id,texto,correta,ordem) values ('26f13b4f-e494-451f-a63e-b110f3024931','É ilegal e pode gerar interdição e responsabilização',true,2);
insert into public.quiz_options (question_id,texto,correta,ordem) values ('26f13b4f-e494-451f-a63e-b110f3024931','Depende do cliente',false,3);
insert into public.quiz_options (question_id,texto,correta,ordem) values ('26f13b4f-e494-451f-a63e-b110f3024931','Só exige aviso verbal',false,4);
insert into public.quiz_questions (id,quiz_id,texto,explicacao,ordem,pontos) values ('1a48c3e6-72e7-4f24-9d36-568112cafe72','e5542932-d9c7-412a-8bef-fa9799df0366','A brigada de incêndio e os bombeiros, no planejamento:','Devem ser articulados cedo; podem vetar efeitos e coordenam a resposta a incidentes.',3,1);
insert into public.quiz_options (question_id,texto,correta,ordem) values ('1a48c3e6-72e7-4f24-9d36-568112cafe72','São dispensáveis',false,1);
insert into public.quiz_options (question_id,texto,correta,ordem) values ('1a48c3e6-72e7-4f24-9d36-568112cafe72','São parceiros essenciais, alinham fumaça/fogo e podem vetar efeitos',true,2);
insert into public.quiz_options (question_id,texto,correta,ordem) values ('1a48c3e6-72e7-4f24-9d36-568112cafe72','Só aparecem se houver acidente',false,3);
insert into public.quiz_options (question_id,texto,correta,ordem) values ('1a48c3e6-72e7-4f24-9d36-568112cafe72','Cuidam apenas do som',false,4);
insert into public.quiz_questions (id,quiz_id,texto,explicacao,ordem,pontos) values ('5ba3f051-eee2-42b2-82e1-9fd76b0fd6d0','e5542932-d9c7-412a-8bef-fa9799df0366','O relatório pós-evento serve para:','Documenta o ocorrido para melhoria contínua e proteção legal.',4,1);
insert into public.quiz_options (question_id,texto,correta,ordem) values ('5ba3f051-eee2-42b2-82e1-9fd76b0fd6d0','Nada',false,1);
insert into public.quiz_options (question_id,texto,correta,ordem) values ('5ba3f051-eee2-42b2-82e1-9fd76b0fd6d0','Registrar cues, falhas, consumo e lições aprendidas, com valor de melhoria e registro legal',true,2);
insert into public.quiz_options (question_id,texto,correta,ordem) values ('5ba3f051-eee2-42b2-82e1-9fd76b0fd6d0','Apenas cobrar o cliente',false,3);
insert into public.quiz_options (question_id,texto,correta,ordem) values ('5ba3f051-eee2-42b2-82e1-9fd76b0fd6d0','Decorar a pasta',false,4);
insert into public.quiz_questions (id,quiz_id,texto,explicacao,ordem,pontos) values ('425c4826-7663-4d66-9afc-7c7c7c6aa22a','e5542932-d9c7-412a-8bef-fa9799df0366','Licenças de bombeiros normalmente exigem:','Há prazos de protocolo; planejar cedo evita inviabilizar o evento.',5,1);
insert into public.quiz_options (question_id,texto,correta,ordem) values ('425c4826-7663-4d66-9afc-7c7c7c6aa22a','Pedido no mesmo dia',false,1);
insert into public.quiz_options (question_id,texto,correta,ordem) values ('425c4826-7663-4d66-9afc-7c7c7c6aa22a','Antecedência (dias a semanas) — mapeie os prazos no início',true,2);
insert into public.quiz_options (question_id,texto,correta,ordem) values ('425c4826-7663-4d66-9afc-7c7c7c6aa22a','Nenhum prazo',false,3);
insert into public.quiz_options (question_id,texto,correta,ordem) values ('425c4826-7663-4d66-9afc-7c7c7c6aa22a','Apenas pagamento',false,4);
insert into public.modules (id,course_id,titulo,ordem) values ('13c9b641-a6b6-4025-aa02-92dc37969143','831af45f-bd33-487c-8149-e11e72741d34','Módulo 7 — Projeto, Execução e Comunicação Profissional',7);
insert into public.lessons (id,module_id,titulo,tipo,conteudo_rico,duracao_min,ordem,tem_quiz,preview_gratis) values ('a3fee94a-c12a-4ace-a1d3-5b375bef0641','13c9b641-a6b6-4025-aa02-92dc37969143','Simulador do show: do briefing à desmontagem, passo a passo','texto','<p><strong>Para começar:</strong> Agora juntamos tudo: vamos planejar e executar um efeito do começo ao fim, como num evento real.</p><p>Esta é a aula-síntese: um ''simulador'' que percorre todas as fases de um efeito — briefing, licença, projeto, montagem, teste, disparo e desmontagem — com checklist de segurança em cada etapa. Use-a como roteiro mental para qualquer operação real, do pequeno efeito indoor ao grande show outdoor.</p><ul><li><strong>Fase 1 — Briefing e concepção:</strong> Capte o desejo do cliente (momentos, música, intensidade, identidade), levante o local e as restrições (indoor/outdoor, pé-direito, público, vento típico). Defina objetivos do efeito e já filtre o que é viável e seguro. Saída: conceito e lista preliminar de efeitos.</li><li><strong>Fase 2 — Projeto e documentação:</strong> Transforme o conceito em roteiro de cues (com delays e distâncias calculados), escolha os produtos e categorias adequados ao ambiente, monte o rider técnico, reúna licenças e planos de segurança/emergência. Saída: projeto aprovado e documentação completa.</li><li><strong>Fase 3 — Logística e armazenamento:</strong> Garanta procedência dos produtos (fornecedor autorizado), transporte e armazenamento conforme norma (iniciadores separados), e organize equipe e EPI. Saída: material e equipe prontos e legais.</li><li><strong>Fase 4 — Montagem técnica:</strong> Inspecione o terreno; demarque as zonas e distâncias; fixe racks/holders e morteiros inclinados para longe do público; posicione CO2/fumaça/faíscas com folga; instale a mesa em local seguro; conecte e ETIQUETE os circuitos. Mantenha o sistema desarmado. Saída: sistema montado e seguro.</li><li><strong>Fase 5 — Teste e ensaio:</strong> Rode o teste de continuidade canal a canal; corrija falhas; alinhe time code (se houver) e faça simul-firing para validar sincronia e delays. Alinhe com brigada/bombeiros. Saída: sistema testado e equipe alinhada.</li><li><strong>Fase 6 — Disparo:</strong> Verifique o clima (vento/chuva) e os gatilhos de cancelamento; isole a zona de disparo; confirme ''palco limpo'' pela equipe; arme a mesa apenas então; opere os cues (manual ou time code) com o abort sempre acessível; monitore continuamente. Saída: show executado com segurança.</li><li><strong>Fase 7 — Desmontagem e pós-evento:</strong> Avalie a área (procure misfires e produtos não disparados — respeite o tempo de espera!); desarme e descarregue o sistema; separe iniciadores; recolha resíduos/fallout; embale e transporte o que sobrou conforme norma; produza o relatório pós-evento. Saída: local limpo, material guardado, registro feito.</li><li><strong>A mentalidade do operador completo:</strong> Em todas as fases, pergunte: está seguro para público, equipe, artistas e local? Tenho documentação? Tenho plano B (contingência)? Posso abortar a qualquer momento? Se a resposta a qualquer uma for ''não'', pare e corrija antes de prosseguir.</li></ul><h4>Equipamentos / detalhes</h4><ul><li><strong>Checklist impresso e folha de cues:</strong> Documento operacional usado na montagem e no disparo, com cada cue, circuito, produto, delay e responsável. Reduz erro humano e organiza a operação.</li><li><strong>Kit completo: mesa, módulos, EPI, extintores ABC, anemômetro, trena a laser:</strong> O conjunto mínimo de uma operação segura: controle, proteção individual e coletiva, e instrumentos de medição de distância e vento.</li></ul><h4>Passo a passo</h4><ol><li><strong>1. Briefing:</strong> Reúna desejo do cliente + dados do local; defina conceito e filtre o que é seguro/viável.</li><li><strong>2. Projeto e documentação:</strong> Roteiro de cues com delays/distâncias, escolha de produtos por ambiente, rider, licenças e planos.</li><li><strong>3. Logística:</strong> Procedência, transporte e armazenamento conforme norma; equipe e EPI prontos.</li><li><strong>4. Montagem:</strong> Inspeção do terreno, demarcação de zonas, fixação e inclinação, posicionamento de efeitos, mesa e etiquetagem de circuitos — sistema desarmado.</li><li><strong>5. Teste e ensaio:</strong> Teste de continuidade, alinhamento de time code, simul-firing e alinhamento com a brigada.</li><li><strong>6. Disparo:</strong> Checar clima, isolar a zona, confirmar palco limpo, armar, operar com abort acessível e monitorar.</li><li><strong>7. Desmontagem e relatório:</strong> Procurar misfires (com tempo de espera), desarmar/descarregar, separar iniciadores, recolher resíduos, guardar material e registrar o relatório.</li></ol><p><strong>Na prática:</strong> Réveillon em praça pública: o operador faz o briefing com a prefeitura, projeta um roteiro de 4 minutos com shells de 3 e 4 polegadas (distância ~120 m, demarcada com trena e barreiras), obtém licença dos bombeiros, monta os racks inclinados para o mar (fallout seguro), etiqueta os circuitos, roda o teste de continuidade e o simul-firing por time code com a trilha sonora. Mede o vento (ok), isola a zona, confirma ''área limpa'', arma a mesa e dispara com o dedo no abort. Ao fim, procura misfires respeitando o tempo de espera, recolhe o fallout e faz o relatório.</p><h4>Resumo</h4><ul><li>O efeito profissional segue 7 fases: briefing, projeto, logística, montagem, teste, disparo e desmontagem.</li><li>Segurança e documentação são checadas em cada fase, com o abort sempre disponível.</li><li>A regra final: se não está seguro, documentado e com plano B, não dispara.</li></ul>',40,1,true,false);
insert into public.quizzes (id,lesson_id,titulo) values ('fbffcfe6-bf57-4a55-807f-1c94511c5732','a3fee94a-c12a-4ace-a1d3-5b375bef0641','Quiz — Simulador do show: do briefing à desmontagem, passo a passo');
insert into public.quiz_questions (id,quiz_id,texto,explicacao,ordem,pontos) values ('59f3ef78-7575-4b90-8c2e-ab589a36a982','fbffcfe6-bf57-4a55-807f-1c94511c5732','Qual a ordem correta das fases de um show de efeitos?','O fluxo profissional vai do briefing à desmontagem, com teste antes do disparo.',1,1);
insert into public.quiz_options (question_id,texto,correta,ordem) values ('59f3ef78-7575-4b90-8c2e-ab589a36a982','Disparo, montagem, briefing',false,1);
insert into public.quiz_options (question_id,texto,correta,ordem) values ('59f3ef78-7575-4b90-8c2e-ab589a36a982','Briefing, projeto, logística, montagem, teste, disparo, desmontagem',true,2);
insert into public.quiz_options (question_id,texto,correta,ordem) values ('59f3ef78-7575-4b90-8c2e-ab589a36a982','Montagem, disparo, projeto',false,3);
insert into public.quiz_options (question_id,texto,correta,ordem) values ('59f3ef78-7575-4b90-8c2e-ab589a36a982','Licença, disparo, briefing',false,4);
insert into public.quiz_questions (id,quiz_id,texto,explicacao,ordem,pontos) values ('48f30136-fd88-4aa5-b761-08ccae3ec94e','fbffcfe6-bf57-4a55-807f-1c94511c5732','A mesa só deve ser armada:','Armar antes da hora cria risco de disparo acidental; confirma-se a área limpa primeiro.',2,1);
insert into public.quiz_options (question_id,texto,correta,ordem) values ('48f30136-fd88-4aa5-b761-08ccae3ec94e','Logo na montagem',false,1);
insert into public.quiz_options (question_id,texto,correta,ordem) values ('48f30136-fd88-4aa5-b761-08ccae3ec94e','Após isolar a zona e confirmar ''palco limpo'', perto do disparo',true,2);
insert into public.quiz_options (question_id,texto,correta,ordem) values ('48f30136-fd88-4aa5-b761-08ccae3ec94e','Durante o teste de continuidade',false,3);
insert into public.quiz_options (question_id,texto,correta,ordem) values ('48f30136-fd88-4aa5-b761-08ccae3ec94e','A qualquer momento',false,4);
insert into public.quiz_questions (id,quiz_id,texto,explicacao,ordem,pontos) values ('a0190e58-99b3-42c7-9ffd-eee2c1504c8a','fbffcfe6-bf57-4a55-807f-1c94511c5732','Na desmontagem, ao encontrar um produto não disparado, o operador:','Produto não disparado segue o protocolo de misfire — aguardar, desarmar, isolar.',3,1);
insert into public.quiz_options (question_id,texto,correta,ordem) values ('a0190e58-99b3-42c7-9ffd-eee2c1504c8a','Remove imediatamente',false,1);
insert into public.quiz_options (question_id,texto,correta,ordem) values ('a0190e58-99b3-42c7-9ffd-eee2c1504c8a','Respeita o tempo de espera do protocolo de misfire antes de qualquer aproximação',true,2);
insert into public.quiz_options (question_id,texto,correta,ordem) values ('a0190e58-99b3-42c7-9ffd-eee2c1504c8a','Reacende',false,3);
insert into public.quiz_options (question_id,texto,correta,ordem) values ('a0190e58-99b3-42c7-9ffd-eee2c1504c8a','Ignora',false,4);
insert into public.quiz_questions (id,quiz_id,texto,explicacao,ordem,pontos) values ('164fba75-be30-406a-b49c-d794671eb9c5','fbffcfe6-bf57-4a55-807f-1c94511c5732','O simul-firing na fase de teste serve para:','É o ensaio que confirma tempos e cues com segurança.',4,1);
insert into public.quiz_options (question_id,texto,correta,ordem) values ('164fba75-be30-406a-b49c-d794671eb9c5','Economizar produto',false,1);
insert into public.quiz_options (question_id,texto,correta,ordem) values ('164fba75-be30-406a-b49c-d794671eb9c5','Validar sincronia e delays e ajustar a sequência antes do show real',true,2);
insert into public.quiz_options (question_id,texto,correta,ordem) values ('164fba75-be30-406a-b49c-d794671eb9c5','Substituir o briefing',false,3);
insert into public.quiz_options (question_id,texto,correta,ordem) values ('164fba75-be30-406a-b49c-d794671eb9c5','Decorar o palco',false,4);
insert into public.quiz_questions (id,quiz_id,texto,explicacao,ordem,pontos) values ('8a34b539-a1d3-4482-97b4-8f8a58f48794','fbffcfe6-bf57-4a55-807f-1c94511c5732','A regra-síntese do operador completo é:','Segurança, documentação e contingência são pré-condições inegociáveis.',5,1);
insert into public.quiz_options (question_id,texto,correta,ordem) values ('8a34b539-a1d3-4482-97b4-8f8a58f48794','Fazer o maior efeito possível',false,1);
insert into public.quiz_options (question_id,texto,correta,ordem) values ('8a34b539-a1d3-4482-97b4-8f8a58f48794','Se não está seguro, documentado e com plano B, não dispara',true,2);
insert into public.quiz_options (question_id,texto,correta,ordem) values ('8a34b539-a1d3-4482-97b4-8f8a58f48794','Disparar sempre no horário',false,3);
insert into public.quiz_options (question_id,texto,correta,ordem) values ('8a34b539-a1d3-4482-97b4-8f8a58f48794','Improvisar quando faltar tempo',false,4);
insert into public.lessons (id,module_id,titulo,tipo,conteudo_rico,duracao_min,ordem,tem_quiz,preview_gratis) values ('39489b88-3f09-4323-b837-f724c53d118d','13c9b641-a6b6-4025-aa02-92dc37969143','Comunicação, jargões técnicos e conclusão do operador completo','texto','<p><strong>Para começar:</strong> Falar a língua certa, com a equipe certa, na hora certa — é o que fecha a formação do operador.</p><p>Esta aula final consolida a comunicação operacional (cues, sinais, cadeia de comando), apresenta o vocabulário técnico (jargões) que o operador usa com a equipe e fornecedores, e conclui o que significa ser um técnico de efeitos completo: arte, ciência e responsabilidade.</p><ul><li><strong>Comunicação operacional:</strong> Use canais claros: fones/in-ear ou rádios dedicados, com protocolo de chamada e resposta (''CO2 frente, standby... go''). Sistemas com fio/rádio dedicado evitam atraso; Wi-Fi é evitado em cue crítico. Toda comunicação de segurança (misfire, abort) tem prioridade absoluta.</li><li><strong>Cadeia de comando e abort:</strong> Defina quem dá os cues e quem pode abortar. Em emergência, qualquer membro pode pedir ''abort/hold'', mas a decisão final e a retomada são centralizadas no operador-chefe. Combine os sinais antes do show e ensaie.</li><li><strong>Sincronia com a equipe do evento:</strong> Alinhe cues com sonoplastia, iluminação, vídeo e direção de palco; use o roteiro sincronizado aos tempos musicais. O operador de efeitos é parte de um time — sua precisão depende da comunicação com os demais.</li><li><strong>Jargões essenciais (parte 1):</strong> Cue (sinal/comando que dispara um efeito); Shell (casca com componentes do efeito aéreo); Mortar/Morteiro (tubo de lançamento); Lift charge (carga de elevação); Cake/Bolo (bloco com vários tubos que dispara em sequência); Gerb/Fount (coluna de faíscas); Barrage/Barragem (sequência rápida e contínua de disparos); Salute/Salva (forte som, pouco visual).</li><li><strong>Jargões essenciais (parte 2):</strong> Igniter/Ignitor e e-match (iniciadores); Flash pot (efeito de flash de luz); Chase (luz/faísca que corre por um trajeto); Sequencer/Sequenciador (controla sequência e tempo); Angle of elevation (ângulo de inclinação do dispositivo); Blast zone (zona de disparo); Fallout (resíduo/detritos que caem); Concussion (onda de choque/som); Simul-firing (ensaio que simula o disparo); Misfire (falha de disparo).</li><li><strong>Postura profissional:</strong> Pontualidade, calma sob pressão, decisões rápidas e seguras, recusa firme a pedidos inseguros, cuidado com resíduos e meio ambiente, e comunicação respeitosa com autoridades e equipe. Esses traços definem a reputação do operador.</li><li><strong>Conclusão — o operador completo:</strong> Ser técnico de efeitos com formação em pirotecnia é unir arte (criar emoção), ciência (entender materiais, química e física) e responsabilidade (segurança, legislação, ética). O profissional completo domina equipamentos, normas e procedimentos, comunica-se bem, e nunca coloca o espetáculo acima da vida. Esse equilíbrio — impacto com segurança — é a essência do PLENO EFEITO.</li></ul><h4>Equipamentos / detalhes</h4><ul><li><strong>Sistema de comunicação (intercom/in-ear e rádios dedicados):</strong> Permite cues e sinais de segurança em tempo real entre operador, equipe e direção. Dedicado e testado antes do show; prioridade para mensagens de segurança.</li><li><strong>Folha de cues e glossário da equipe:</strong> Documento com a lista de cues, sinais combinados e os jargões usados, garantindo que toda a equipe fale a mesma língua e responda de forma padronizada.</li></ul><h4>Passo a passo</h4><ol><li><strong>1. Definir canais e protocolo:</strong> Escolha intercom/rádio dedicado; defina o protocolo de chamada-resposta e os sinais de standby, go, hold e abort.</li><li><strong>2. Alinhar a cadeia de comando:</strong> Combine quem dá cues e quem aborta; garanta que segurança tem prioridade e que a retomada é centralizada.</li><li><strong>3. Padronizar o vocabulário:</strong> Compartilhe o glossário de jargões e a folha de cues com toda a equipe e ensaie a comunicação.</li><li><strong>4. Integrar com o evento:</strong> Sincronize cues com som, luz, vídeo e palco usando o roteiro nos tempos musicais.</li><li><strong>5. Revisar no pós-evento:</strong> Avalie a comunicação no relatório: o que funcionou, ruídos, melhorias para o próximo show.</li></ol><p><strong>Na prática:</strong> Antes do show, o operador distribui a folha de cues com o glossário e ensaia com a equipe: ''standby CO2 frente... go'', ''hold'' se algo estiver errado, ''abort'' para parada total. Combina que qualquer pessoa pode pedir hold por segurança, mas só ele retoma. Durante o show, um spotter avisa ''misfire canal 12'' e a comunicação clara permite agir sem pânico. No pós-evento, registra que o intercom de um ponto falhou e troca o equipamento para o próximo evento.</p><h4>Resumo</h4><ul><li>Comunicação clara, cadeia de comando e sinais combinados (standby/go/hold/abort) são vitais.</li><li>Dominar os jargões padroniza a operação e reduz erros com a equipe.</li><li>O operador completo une arte, ciência e responsabilidade — impacto com segurança.</li></ul>',25,2,true,false);
insert into public.quizzes (id,lesson_id,titulo) values ('b4f229c1-dcb0-4516-aace-6ebef452363a','39489b88-3f09-4323-b837-f724c53d118d','Quiz — Comunicação, jargões técnicos e conclusão do operador comple');
insert into public.quiz_questions (id,quiz_id,texto,explicacao,ordem,pontos) values ('33069a35-65c7-4c1a-929b-7581efbf35e6','b4f229c1-dcb0-4516-aace-6ebef452363a','Em uma emergência durante o show, sobre o ''abort'':','Segurança tem prioridade; a decisão final e a retomada ficam com o operador-chefe.',1,1);
insert into public.quiz_options (question_id,texto,correta,ordem) values ('33069a35-65c7-4c1a-929b-7581efbf35e6','Só o cliente pode pedir',false,1);
insert into public.quiz_options (question_id,texto,correta,ordem) values ('33069a35-65c7-4c1a-929b-7581efbf35e6','Qualquer membro pode pedir hold/abort por segurança, mas a retomada é centralizada no chefe',true,2);
insert into public.quiz_options (question_id,texto,correta,ordem) values ('33069a35-65c7-4c1a-929b-7581efbf35e6','Ninguém pode parar o show',false,3);
insert into public.quiz_options (question_id,texto,correta,ordem) values ('33069a35-65c7-4c1a-929b-7581efbf35e6','É decidido pelo público',false,4);
insert into public.quiz_questions (id,quiz_id,texto,explicacao,ordem,pontos) values ('7d201e03-2246-4606-b58a-f09811a259f1','b4f229c1-dcb0-4516-aace-6ebef452363a','O que é um ''cue'' no jargão de efeitos?','Cue é o comando que aciona um dispositivo ou efeito no tempo certo.',2,1);
insert into public.quiz_options (question_id,texto,correta,ordem) values ('7d201e03-2246-4606-b58a-f09811a259f1','Um tipo de fogo',false,1);
insert into public.quiz_options (question_id,texto,correta,ordem) values ('7d201e03-2246-4606-b58a-f09811a259f1','O sinal/comando que dispara um efeito',true,2);
insert into public.quiz_options (question_id,texto,correta,ordem) values ('7d201e03-2246-4606-b58a-f09811a259f1','A mesa de disparo',false,3);
insert into public.quiz_options (question_id,texto,correta,ordem) values ('7d201e03-2246-4606-b58a-f09811a259f1','O resíduo do show',false,4);
insert into public.quiz_questions (id,quiz_id,texto,explicacao,ordem,pontos) values ('81a5b5e7-96db-484c-81f0-11369f9f683e','b4f229c1-dcb0-4516-aace-6ebef452363a','''Fallout'' significa:','Fallout é o material que cai; sua zona deve estar livre de público e inflamáveis.',3,1);
insert into public.quiz_options (question_id,texto,correta,ordem) values ('81a5b5e7-96db-484c-81f0-11369f9f683e','O brilho do efeito',false,1);
insert into public.quiz_options (question_id,texto,correta,ordem) values ('81a5b5e7-96db-484c-81f0-11369f9f683e','Os resíduos/detritos que caem após a queima',true,2);
insert into public.quiz_options (question_id,texto,correta,ordem) values ('81a5b5e7-96db-484c-81f0-11369f9f683e','A carga de elevação',false,3);
insert into public.quiz_options (question_id,texto,correta,ordem) values ('81a5b5e7-96db-484c-81f0-11369f9f683e','O ângulo de disparo',false,4);
insert into public.quiz_questions (id,quiz_id,texto,explicacao,ordem,pontos) values ('7fbf48b3-7ea7-455b-8fc5-ab6b6b5398a1','b4f229c1-dcb0-4516-aace-6ebef452363a','Por que padronizar os jargões e a folha de cues com a equipe?','Vocabulário comum e cues padronizados reduzem erro humano na operação.',4,1);
insert into public.quiz_options (question_id,texto,correta,ordem) values ('7fbf48b3-7ea7-455b-8fc5-ab6b6b5398a1','Por formalidade',false,1);
insert into public.quiz_options (question_id,texto,correta,ordem) values ('7fbf48b3-7ea7-455b-8fc5-ab6b6b5398a1','Para que todos falem a mesma língua e a operação tenha menos erros',true,2);
insert into public.quiz_options (question_id,texto,correta,ordem) values ('7fbf48b3-7ea7-455b-8fc5-ab6b6b5398a1','Para impressionar o cliente',false,3);
insert into public.quiz_options (question_id,texto,correta,ordem) values ('7fbf48b3-7ea7-455b-8fc5-ab6b6b5398a1','Não é necessário',false,4);
insert into public.quiz_questions (id,quiz_id,texto,explicacao,ordem,pontos) values ('923ee6dc-3d41-4c95-b226-744439dca8b4','b4f229c1-dcb0-4516-aace-6ebef452363a','Ser um operador de efeitos completo significa unir:','O equilíbrio entre impacto e segurança, com base técnica e ética, define o profissional completo.',5,1);
insert into public.quiz_options (question_id,texto,correta,ordem) values ('923ee6dc-3d41-4c95-b226-744439dca8b4','Apenas criatividade',false,1);
insert into public.quiz_options (question_id,texto,correta,ordem) values ('923ee6dc-3d41-4c95-b226-744439dca8b4','Arte, ciência e responsabilidade (segurança, legislação e ética)',true,2);
insert into public.quiz_options (question_id,texto,correta,ordem) values ('923ee6dc-3d41-4c95-b226-744439dca8b4','Só conhecimento técnico',false,3);
insert into public.quiz_options (question_id,texto,correta,ordem) values ('923ee6dc-3d41-4c95-b226-744439dca8b4','Apenas seguir ordens',false,4);
insert into public.modules (id,course_id,titulo,ordem) values ('cef76734-430c-404a-94e0-4feb3415736e','831af45f-bd33-487c-8149-e11e72741d34','Equipamentos de Efeito: Modelos e Detalhes',8);
insert into public.lessons (id,module_id,titulo,tipo,conteudo_rico,duracao_min,ordem,tem_quiz,preview_gratis) values ('02333363-b75e-43d8-bafe-36f030c26758','cef76734-430c-404a-94e0-4feb3415736e','Atmosfera: Fumaça, Hazer e Low Fog','texto','<p><strong>Para começar:</strong> Antes de qualquer raio de luz aparecer no ar, alguém precisou colocar atmosfera nele. Fumaça e haze são a base de quase todo show iluminado.</p><p>Atmosfera é o efeito mais usado e mais subestimado. Sem partículas no ar, os feixes de luz não aparecem. Nesta aula você vai diferenciar fog (fumaça densa), haze (névoa fina e homogênea) e low fog (fumaça que fica rente ao chão), conhecer as máquinas de referência do mercado, o fluido correto para cada uma e como controlar tudo por DMX com segurança.</p><ul><li><strong>Fog x Haze x Low fog:</strong> Fog é fumaça densa de aparição rápida, ótima para blast e revelações; dissipa em segundos. Haze é uma névoa finíssima e contínua que fica suspensa por minutos, ideal para realçar feixes sem ''nuvem'' visível. Low fog é fumaça pesada e fria que se mantém rente ao piso (efeito ''mar de nuvens''), obtida resfriando o vapor com gelo, CO2 ou trocador térmico.</li><li><strong>Tecnologias de geração:</strong> Máquinas a base de óleo (haze cracker/óleo mineral) produzem haze de longuíssima duração. Máquinas a base de água/glicol aquecem fluido e geram fog/haze de aparência mais ''leitosa''. Low fog dedicado usa fluido próprio resfriado. Cada tecnologia exige o fluido certo do fabricante: misturar fluido errado entope, danifica a bomba e perde garantia.</li><li><strong>Por que DMX e ventilação importam:</strong> Toda atmosfera deve ser dosada: excesso dispara alarmes de incêndio, reduz visibilidade de saídas e satura o ambiente. Controle por DMX permite regular saída (output) e ventilador com precisão e repetibilidade. Conhecer o HVAC do local e a posição dos detectores de fumaça é parte do trabalho do operador.</li></ul><h4>Equipamentos / detalhes</h4><ul><li><strong>Antari Z-series (ex.: Z-1520, Z-3000):</strong> Máquinas de fog a base de água/glicol, alta potência (1500 a 3000 W). O que é: fog denso de aparição rápida para revelações e blast. Specs típicas: saída ajustável, controle DMX e timer, aquecimento por bloco térmico. Quando usar: efeitos pontuais, entradas, cortinas de fumaça. Segurança: fluido Antari FLG/FLR específico; bocal e corpo ficam quentes; nunca acionar perto de detector sem coordenação.</li><li><strong>Antari F-series / Hazer (ex.: F-1, M-series haze):</strong> Hazers para névoa fina e contínua. O que é: realça feixes de luz por longos períodos. Specs: ventilador integrado, baixo consumo de fluido, DMX. Quando usar: shows, TV e teatro onde se quer luz ''desenhada'' no ar sem nuvem aparente. Segurança: usar fluido de haze próprio; haze de base água precisa reposição mais frequente que óleo.</li><li><strong>Look Solutions Unique 2.1:</strong> Hazer profissional a base de óleo (haze cracker). O que é: referência de haze homogêneo e fino, partícula muito pequena e duradoura. Specs: fluido Unique-fog específico, DMX, ventilador interno, consumo baixíssimo. Quando usar: broadcast, turnês e teatro de alto nível onde se exige haze invisível e estável por horas. Segurança: óleo mineral; não usar fluido de água; ventilação adequada do ambiente.</li><li><strong>Look Solutions Viper (NT/2.6/io):</strong> Máquina de fog/haze versátil de base água/glicol com controle eletrônico fino. O que é: faz desde haze leve até fog denso. Specs: bomba de precisão, DMX, telas/menu, fluidos Look (Quick, Regular, Slow conforme dissipação desejada). Quando usar: produções que precisam de uma só máquina flexível. Segurança: escolher o fluido conforme tempo de dissipação; corpo aquece.</li><li><strong>MDG ATMOSPHERE / theONE:</strong> Hazers premium movidos a CO2/nitrogênio comprimido. O que é: padrão de broadcast e grandes turnês; haze extremamente fino, uniforme e silencioso. Specs: alimentação por gás inerte de alta pureza, controle DMX/rede, baixíssima partícula. Quando usar: TV ao vivo, arenas, onde uniformidade é crítica. Segurança: cilindro de gás pressurizado fixo e ventilado; conexões certificadas; fluido MDG próprio.</li><li><strong>MDG / low fog dedicado (ex.: ICE FOG, máquinas de low fog com trocador):</strong> Geradores de fumaça pesada rente ao chão. O que é: cria o ''mar de nuvens'' para primeiras danças, óperas e cenas dramáticas. Specs: resfriamento por CO2/nitrogênio ou trocador térmico, mangueiras de distribuição. Quando usar: efeito de chão sem subir para o ambiente. Segurança: CO2 deslocando ar em piso/poços é risco de asfixia; ventilação e monitoramento de O2 em ambientes baixos.</li></ul><h4>Passo a passo</h4><ol><li><strong>Planejar e posicionar:</strong> Defina tipo de efeito (fog/haze/low fog), posicione a máquina longe de pessoas e fora do alcance direto de detectores; comunique-se com bombeiros/brigada e produção sobre o uso de atmosfera.</li><li><strong>Conferir fluido:</strong> Use somente o fluido recomendado pelo fabricante da máquina; verifique nível, validade e que não há mistura de tipos diferentes no tanque.</li><li><strong>Energizar e aquecer:</strong> Ligue a máquina, aguarde o aquecimento completo (LED/indicador de ''ready''); acionar antes do ready cospe fluido líquido e suja o palco.</li><li><strong>Endereçar DMX e testar baixo:</strong> Defina o endereço DMX, faça um teste de saída em valor baixo, observe densidade e dissipação reais no ambiente antes do show.</li><li><strong>Dosar durante o show:</strong> Trabalhe com rajadas curtas e antecipação; mantenha haze de fundo em nível constante e use fog denso só em momentos pontuais, sempre observando visibilidade de saídas.</li><li><strong>Desligar com purga:</strong> Ao final, siga o procedimento de desligamento/purga do fabricante para evitar entupimento; deixe esfriar antes de transportar.</li></ol><p><strong>Na prática:</strong> Em um show de médio porte, o operador sobe primeiro um nível baixo e constante de haze (Unique 2.1 ou MDG) cerca de 15 a 20 minutos antes do público entrar, deixando o ar ''carregado'' de forma sutil para os feixes aparecerem. Durante a apresentação, reserva uma Antari Z para blasts de fog em viradas e refrões, sempre em rajadas curtas. Se o local tem detectores sensíveis, combina previamente com a brigada a inibição/monitoramento dos sensores na área — nunca improvisa cobrindo um detector.</p><h4>Resumo</h4><ul><li>Fog é denso e rápido, haze é fino e duradouro, low fog fica rente ao chão — cada um pede máquina e fluido próprios.</li><li>Sempre use o fluido recomendado pelo fabricante e controle a saída por DMX em rajadas dosadas.</li><li>Atmosfera reduz visibilidade: comunique brigada/detectores e mantenha rotas de fuga sempre identificáveis.</li></ul>',55,1,true,false);
insert into public.quizzes (id,lesson_id,titulo) values ('aab19394-8d03-48a6-befd-28feb8ea2595','02333363-b75e-43d8-bafe-36f030c26758','Quiz — Atmosfera: Fumaça, Hazer e Low Fog');
insert into public.quiz_questions (id,quiz_id,texto,explicacao,ordem,pontos) values ('42c09cb9-5218-46ef-ab00-b30638bff055','aab19394-8d03-48a6-befd-28feb8ea2595','Qual a principal diferença entre haze e fog?','Haze cria névoa fina e contínua para realçar luz; fog é fumaça densa de aparição rápida e dissipação curta.',1,1);
insert into public.quiz_options (question_id,texto,correta,ordem) values ('42c09cb9-5218-46ef-ab00-b30638bff055','Haze é colorido e fog é branco',false,1);
insert into public.quiz_options (question_id,texto,correta,ordem) values ('42c09cb9-5218-46ef-ab00-b30638bff055','Haze é uma névoa fina e duradoura que realça feixes; fog é denso e dissipa rápido',true,2);
insert into public.quiz_options (question_id,texto,correta,ordem) values ('42c09cb9-5218-46ef-ab00-b30638bff055','Fog fica sempre no chão e haze sempre no teto',false,3);
insert into public.quiz_options (question_id,texto,correta,ordem) values ('42c09cb9-5218-46ef-ab00-b30638bff055','Não há diferença, são sinônimos',false,4);
insert into public.quiz_questions (id,quiz_id,texto,explicacao,ordem,pontos) values ('1fdc6600-24b7-4378-b012-8799ddb1c413','aab19394-8d03-48a6-befd-28feb8ea2595','O que pode acontecer ao usar fluido errado em um hazer de óleo como o Unique 2.1?','Cada máquina exige o fluido específico do fabricante; misturar tipos entope, danifica e anula a garantia.',2,1);
insert into public.quiz_options (question_id,texto,correta,ordem) values ('1fdc6600-24b7-4378-b012-8799ddb1c413','Melhora o rendimento',false,1);
insert into public.quiz_options (question_id,texto,correta,ordem) values ('1fdc6600-24b7-4378-b012-8799ddb1c413','Entope a bomba, danifica a máquina e perde garantia',true,2);
insert into public.quiz_options (question_id,texto,correta,ordem) values ('1fdc6600-24b7-4378-b012-8799ddb1c413','Muda a cor da fumaça',false,3);
insert into public.quiz_options (question_id,texto,correta,ordem) values ('1fdc6600-24b7-4378-b012-8799ddb1c413','Nada, qualquer fluido serve',false,4);
insert into public.quiz_questions (id,quiz_id,texto,explicacao,ordem,pontos) values ('47ed672b-d634-49db-b444-433b9db1d6da','aab19394-8d03-48a6-befd-28feb8ea2595','Por que o low fog exige cuidado extra de segurança?','Low fog usa CO2/gás frio que se acumula no chão e em poços, deslocando o oxigênio — risco de asfixia.',3,1);
insert into public.quiz_options (question_id,texto,correta,ordem) values ('47ed672b-d634-49db-b444-433b9db1d6da','Porque é inflamável',false,1);
insert into public.quiz_options (question_id,texto,correta,ordem) values ('47ed672b-d634-49db-b444-433b9db1d6da','Porque o gás de resfriamento (CO2) pode deslocar o ar e causar asfixia em pisos baixos',true,2);
insert into public.quiz_options (question_id,texto,correta,ordem) values ('47ed672b-d634-49db-b444-433b9db1d6da','Porque cega o público',false,3);
insert into public.quiz_options (question_id,texto,correta,ordem) values ('47ed672b-d634-49db-b444-433b9db1d6da','Porque não funciona com DMX',false,4);
insert into public.quiz_questions (id,quiz_id,texto,explicacao,ordem,pontos) values ('f7cf56ed-adc8-4800-9dc3-5f399bf45fb2','aab19394-8d03-48a6-befd-28feb8ea2595','Antes de acionar a máquina de fog, o operador deve garantir que:','Acionar antes do ''ready'' cospe fluido líquido; e nunca se deve cobrir detectores — coordena-se com a brigada.',4,1);
insert into public.quiz_options (question_id,texto,correta,ordem) values ('f7cf56ed-adc8-4800-9dc3-5f399bf45fb2','A máquina está aquecida e em ''ready''',true,1);
insert into public.quiz_options (question_id,texto,correta,ordem) values ('f7cf56ed-adc8-4800-9dc3-5f399bf45fb2','O fluido acabou',false,2);
insert into public.quiz_options (question_id,texto,correta,ordem) values ('f7cf56ed-adc8-4800-9dc3-5f399bf45fb2','Os detectores estão cobertos com fita',false,3);
insert into public.quiz_options (question_id,texto,correta,ordem) values ('f7cf56ed-adc8-4800-9dc3-5f399bf45fb2','O ventilador está desligado',false,4);
insert into public.lessons (id,module_id,titulo,tipo,conteudo_rico,duracao_min,ordem,tem_quiz,preview_gratis) values ('7d8894fe-1baf-4d3e-8d06-729eb61881ab','cef76734-430c-404a-94e0-4feb3415736e','Faísca Fria (Cold Spark): SPARXTAR e Sparkular','texto','<p><strong>Para começar:</strong> Aquela ''cachoeira de faíscas'' brilhantes em casamentos e shows não é pirotecnia tradicional — é faísca fria, e entender por que ela é ''fria'' (e onde ainda assim queima) é o que separa o amador do profissional.</p><p>As máquinas de cold spark geram um jato de partículas brilhantes que lembram fogos de artifício, mas sem chama aberta e com muito menos calor a distância. Elas funcionam aquecendo um pó granulado metálico até ele incandescer. Nesta aula você vai conhecer SPARXTAR e Sparkular, o consumível correto, alturas e distâncias de segurança e por que ''fria'' não significa ''sem risco''.</p><ul><li><strong>Como funciona:</strong> A máquina suga um pó granulado (composto à base de titânio/liga metálica) e o aquece em uma câmara; as partículas saem incandescentes formando o jato de faíscas. Como não há explosivo nem chama sustentada, dispensa licença de pirotecnia em muitos contextos e pode ser usada indoor — mas isso varia conforme legislação e local.</li><li><strong>Por que ''fria'' não é ''sem calor'':</strong> Na origem e a curta distância as partículas estão quentes e podem queimar pele, cabelo e tecidos finos, marcar pisos e acionar detectores. O termo ''fria'' refere-se à rápida queda de temperatura ao longo da trajetória: a poucos centímetros do jato já é seguro tocar, mas dentro do jato não. Respeitar altura e raio é essencial.</li><li><strong>Pó/granulado e manutenção:</strong> O consumível é específico de cada fabricante e vem com granulometria controlada; usar pó genérico ou úmido causa entupimento, jato irregular e risco. A câmara aquece muito e exige limpeza/manutenção regular. Pó é insumo controlado: armazene seco, identificado e longe de fontes de ignição.</li></ul><h4>Equipamentos / detalhes</h4><ul><li><strong>MagicFX SPARXTAR:</strong> Máquina de faísca fria profissional. O que é: gera jato de faíscas controlado por DMX, com altura ajustável (tipicamente de cerca de 1 a 5 m conforme configuração). Specs: usa granulado MagicFX dedicado, ventilação e câmara aquecida, controle DMX/rádio. Quando usar: shows, TV, casamentos e eventos indoor onde não se quer chama aberta. Segurança: respeitar raio livre ao redor e acima do jato; nada inflamável na trajetória; pessoas fora do alcance.</li><li><strong>MagicFX SPARXTAR (consumível/granulado):</strong> Pó granulado oficial da máquina. O que é: insumo que vira a faísca; granulometria e composição calibradas para a câmara. Specs: vendido em embalagens fechadas, com validade e identificação. Quando usar: exclusivamente na SPARXTAR conforme manual. Segurança: manter seco e lacrado, longe de calor; não substituir por pó genérico (entope e gera risco).</li><li><strong>Sparkular (Cold Spark Machine):</strong> Linha pioneira de máquinas de faísca fria. O que é: equipamento que popularizou o efeito; modelos com diferentes alturas e a versão ''fall''/cascata. Specs: jato ajustável, DMX, câmara aquecida, consumível próprio. Quando usar: efeito de fonte/cascata de faíscas em palcos e cerimônias. Segurança: mesma lógica de distância, altura livre e ausência de inflamáveis; cuidado com tecidos e cabelos próximos.</li><li><strong>Sparkular FALL / mini e variantes:</strong> Versões para cascata descendente e ambientes menores. O que é: criam efeito de ''cortina/queda'' de faíscas ou jato reduzido para espaços compactos. Specs: altura menor, mesmo princípio de granulado aquecido. Quando usar: mesas, entradas, espaços com pé-direito limitado. Segurança: ainda exige raio livre e cuidado com calor a curta distância; nunca apontar para pessoas.</li></ul><h4>Passo a passo</h4><ol><li><strong>Avaliar o espaço:</strong> Meça o pé-direito e o raio livre acima e ao redor de cada máquina; garanta que não há tecidos, cortinas, decoração ou pessoas dentro do alcance do jato e da zona de calor.</li><li><strong>Posicionar e fixar:</strong> Coloque a máquina em base estável e nivelada, apontada para cima e longe da plateia; em piso sensível, proteja a área sob o jato.</li><li><strong>Carregar o granulado correto:</strong> Use somente o pó do fabricante, seco e dentro da validade; verifique a câmara limpa e sem resíduo úmido.</li><li><strong>Endereçar DMX e testar baixo:</strong> Defina endereço/canal, faça um teste curto em altura mínima com a área isolada, observando o alcance real antes do evento.</li><li><strong>Coordenar com a equipe:</strong> Comunique cinegrafistas, equipe e segurança sobre o momento do efeito; mantenha extintor adequado por perto e a área de queda monitorada.</li><li><strong>Operar e desligar:</strong> Dispare apenas nos momentos combinados, com a zona livre; ao final, desligue, aguarde a câmara esfriar e faça a limpeza antes de guardar.</li></ol><p><strong>Na prática:</strong> Em um casamento indoor, o operador alinha quatro SPARXTAR na entrada da pista. Antes confere o pé-direito (precisa de margem confortável acima do topo do jato), afasta o tapete e as cortinas próximas, e isola um raio livre ao redor de cada base. Faz um teste em altura mínima com o salão vazio para confirmar o alcance e a ausência de fumaça que dispare o detector. No momento da entrada do casal, dispara a sequência por DMX, com a equipe e os convidados fora da zona de faíscas e um extintor de fácil acesso.</p><h4>Resumo</h4><ul><li>Faísca fria aquece um granulado metálico — sem chama aberta, mas quente e perigosa dentro do jato.</li><li>''Fria'' refere-se à queda rápida de temperatura: respeitar altura e raio livre é obrigatório.</li><li>Use só o consumível do fabricante, teste em baixo e mantenha pessoas e inflamáveis fora do alcance.</li></ul>',50,2,true,false);
insert into public.quizzes (id,lesson_id,titulo) values ('3178aaba-1a3a-4fac-972c-177990cf4490','7d8894fe-1baf-4d3e-8d06-729eb61881ab','Quiz — Faísca Fria (Cold Spark): SPARXTAR e Sparkular');
insert into public.quiz_questions (id,quiz_id,texto,explicacao,ordem,pontos) values ('c62ac9ea-edde-406d-b294-25ab708779fa','3178aaba-1a3a-4fac-972c-177990cf4490','Por que a faísca fria é chamada de ''fria''?','As partículas saem quentes mas esfriam rápido na trajetória; perto do jato ainda queimam.',1,1);
insert into public.quiz_options (question_id,texto,correta,ordem) values ('c62ac9ea-edde-406d-b294-25ab708779fa','Porque é feita de gelo',false,1);
insert into public.quiz_options (question_id,texto,correta,ordem) values ('c62ac9ea-edde-406d-b294-25ab708779fa','Porque a temperatura das partículas cai rapidamente ao longo da trajetória',true,2);
insert into public.quiz_options (question_id,texto,correta,ordem) values ('c62ac9ea-edde-406d-b294-25ab708779fa','Porque não emite luz',false,3);
insert into public.quiz_options (question_id,texto,correta,ordem) values ('c62ac9ea-edde-406d-b294-25ab708779fa','Porque é refrigerada por água',false,4);
insert into public.quiz_questions (id,quiz_id,texto,explicacao,ordem,pontos) values ('8c703fcc-a03b-4961-b952-d16a92d797c7','3178aaba-1a3a-4fac-972c-177990cf4490','O que gera o efeito na máquina de cold spark?','A máquina aquece um granulado metálico calibrado que sai incandescente como faísca.',2,1);
insert into public.quiz_options (question_id,texto,correta,ordem) values ('8c703fcc-a03b-4961-b952-d16a92d797c7','Pólvora',false,1);
insert into public.quiz_options (question_id,texto,correta,ordem) values ('8c703fcc-a03b-4961-b952-d16a92d797c7','Um pó granulado metálico aquecido até incandescer',true,2);
insert into public.quiz_options (question_id,texto,correta,ordem) values ('8c703fcc-a03b-4961-b952-d16a92d797c7','Gás propano',false,3);
insert into public.quiz_options (question_id,texto,correta,ordem) values ('8c703fcc-a03b-4961-b952-d16a92d797c7','Lâmpadas de LED',false,4);
insert into public.quiz_questions (id,quiz_id,texto,explicacao,ordem,pontos) values ('0e7c33da-03b7-46e4-b2af-8624df6a848f','3178aaba-1a3a-4fac-972c-177990cf4490','Qual cuidado é indispensável ao posicionar uma SPARXTAR ou Sparkular?','É preciso espaço livre acima e ao redor, sem inflamáveis nem pessoas na zona de faíscas e calor.',3,1);
insert into public.quiz_options (question_id,texto,correta,ordem) values ('0e7c33da-03b7-46e4-b2af-8624df6a848f','Apontar para a plateia para melhor efeito',false,1);
insert into public.quiz_options (question_id,texto,correta,ordem) values ('0e7c33da-03b7-46e4-b2af-8624df6a848f','Garantir altura/raio livre sem inflamáveis e pessoas fora do jato',true,2);
insert into public.quiz_options (question_id,texto,correta,ordem) values ('0e7c33da-03b7-46e4-b2af-8624df6a848f','Cobrir a saída com tecido',false,3);
insert into public.quiz_options (question_id,texto,correta,ordem) values ('0e7c33da-03b7-46e4-b2af-8624df6a848f','Usar pó genérico para economizar',false,4);
insert into public.quiz_questions (id,quiz_id,texto,explicacao,ordem,pontos) values ('6ecea822-bd43-4e85-a354-4149b2354e57','3178aaba-1a3a-4fac-972c-177990cf4490','Por que não se deve usar pó genérico no lugar do consumível oficial?','Granulometria e composição são calibradas; pó genérico ou úmido entope e cria risco operacional.',4,1);
insert into public.quiz_options (question_id,texto,correta,ordem) values ('6ecea822-bd43-4e85-a354-4149b2354e57','Fica mais barato e seguro',false,1);
insert into public.quiz_options (question_id,texto,correta,ordem) values ('6ecea822-bd43-4e85-a354-4149b2354e57','Pode entupir a câmara, gerar jato irregular e risco',true,2);
insert into public.quiz_options (question_id,texto,correta,ordem) values ('6ecea822-bd43-4e85-a354-4149b2354e57','Aumenta a altura do jato',false,3);
insert into public.quiz_options (question_id,texto,correta,ordem) values ('6ecea822-bd43-4e85-a354-4149b2354e57','Não muda nada',false,4);
insert into public.lessons (id,module_id,titulo,tipo,conteudo_rico,duracao_min,ordem,tem_quiz,preview_gratis) values ('009e5b65-3593-4f6f-8703-fb95fbd8d350','cef76734-430c-404a-94e0-4feb3415736e','CO2 e Confete: Jatos, Stadium Blaster e Lança-Confete','texto','<p><strong>Para começar:</strong> O ''CHHHH'' branco que sobe do palco e a chuva de confete que cobre a arena são efeitos de impacto imediato — e ambos dependem de gás e ar comprimidos manejados com técnica.</p><p>Efeitos de CO2 criam jatos densos de névoa branca e fria; lança-confetes usam ar comprimido ou CO2 para projetar papel a grandes distâncias. Nesta aula você vai entender a diferença entre CO2 jet e confete, os modelos MagicFX de referência, como funcionam cilindro e mangueira, e os riscos específicos de gás pressurizado e frio extremo.</p><ul><li><strong>CO2 jet x confete:</strong> O CO2 jet libera dióxido de carbono líquido de um cilindro; ao expandir, vira névoa branca densa e muito fria que sobe rápido e some — ótimo para impacto e ''respiração'' do palco. O lança-confete projeta tiras/quadrados de papel ou metalizado usando ar comprimido (compressor) ou CO2 como propelente, cobrindo grandes áreas em segundos.</li><li><strong>Cilindro, mangueira e conexões:</strong> O CO2 vem de cilindros (com ou sem tubo pescador/sifão, conforme o efeito) conectados por mangueiras de alta pressão certificadas até a máquina/jato. Conexões frouxas ou mangueiras fora de especificação são perigosas: o gás está sob alta pressão e a baixíssima temperatura pode causar queimadura por frio (frostbite) e fragilizar materiais.</li><li><strong>CO2 é asfixiante:</strong> CO2 é mais pesado que o ar e desloca o oxigênio; em ambientes fechados, fossos, palcos baixos ou porões, o acúmulo pode causar tontura, desmaio e asfixia. Ventilação, quantidade dosada e atenção a áreas baixas são parte central da operação. Confete também precisa de plano de limpeza e cuidado com piso escorregadio e detectores.</li></ul><h4>Equipamentos / detalhes</h4><ul><li><strong>MagicFX CO2 Jet (ex.: CO2 Jet / Swirl):</strong> Jato de CO2 controlado. O que é: dispara coluna de névoa branca fria para cima; versão Swirl gira o jato. Specs: conexão a cilindro de CO2 por mangueira de alta pressão, acionamento DMX/rádio, bocal direcionável. Quando usar: viradas, refrões, impacto em shows e DJs. Segurança: cilindro fixo e em pé, mangueira certificada, ninguém na frente do bocal; risco de queimadura por frio e de asfixia em local fechado.</li><li><strong>MagicFX Stadium Blaster:</strong> Lança-confete/streamer de longo alcance movido a CO2. O que é: projeta grande volume de confete ou serpentina a dezenas de metros, cobrindo arenas. Specs: alimentado por cilindro de CO2, cartucho/tremonta de confete, DMX. Quando usar: clímax de shows, estádios, grandes públicos. Segurança: alcance e força elevados — manter trajetória livre de pessoas próximas; cilindro e conexões seguros.</li><li><strong>MagicFX Stadium Shot / Power Shot (lança-confete):</strong> Canhões de confete/serpentina de impacto. O que é: disparo único potente de confete metalizado ou papel. Specs: propelido por CO2 ou ar, recarga por cartucho, acionamento DMX. Quando usar: momento único de grande efeito visual. Segurança: nunca apontar para pessoas a curta distância; o disparo tem força; planejar limpeza.</li><li><strong>Lança-confete a ar comprimido (Confetti Blower / máquinas contínuas):</strong> Sopradores que lançam confete de forma contínua usando ar/compressor em vez de CO2. O que é: criam ''chuva'' prolongada de papel. Specs: ventilador/compressor, tremonha de confete, DMX. Quando usar: efeito contínuo e prolongado, não só um disparo. Segurança: confete acumulado deixa piso escorregadio e pode obstruir saídas; combinar com detectores e limpeza.</li><li><strong>Cilindro de CO2 + mangueira de alta pressão (acessório crítico):</strong> Conjunto de alimentação. O que é: cilindro de CO2 (sifão/pescador para fase líquida) e mangueira certificada que leva o gás ao jato. Specs: pressão de trabalho elevada, engates específicos, válvula. Quando usar: em todo efeito de CO2. Segurança: cilindro sempre preso na vertical, longe de calor; mangueira sem dobras nem desgaste; checar vazamentos antes; usar luvas (frio extremo).</li></ul><h4>Passo a passo</h4><ol><li><strong>Planejar trajetória e público:</strong> Defina a direção do jato/confete garantindo que ninguém esteja na linha de disparo a curta distância; avalie ventilação e áreas baixas onde o CO2 pode acumular.</li><li><strong>Fixar o cilindro:</strong> Mantenha o cilindro de CO2 sempre na vertical e preso (cinta/corrente), longe de fontes de calor; confirme se é com ou sem tubo sifão conforme o efeito.</li><li><strong>Conectar mangueira e checar vazamentos:</strong> Use mangueira de alta pressão certificada e os engates corretos; aperte firme e teste vazamentos (audição/solução) antes de pressurizar para o show; use luvas.</li><li><strong>Carregar confete e endereçar DMX:</strong> Abasteça o canhão/lançador com o confete correto, defina o endereço DMX e o modo de disparo; confirme o acionamento.</li><li><strong>Teste controlado:</strong> Faça um teste curto com a trajetória livre, observando alcance, força e dispersão reais; reposicione se necessário.</li><li><strong>Operar e despressurizar:</strong> Dispare nos momentos combinados; ao final, feche a válvula do cilindro, alivie a pressão da linha conforme o manual e só então desconecte; planeje a limpeza do confete.</li></ol><p><strong>Na prática:</strong> No clímax de um show em arena, dois Stadium Blasters laterais e quatro CO2 Jets na boca do palco são acionados na última virada. O operador prende cada cilindro de CO2 na vertical com cinta, usa mangueiras certificadas e testa vazamentos antes da casa abrir. Confirma que ninguém da equipe fica na linha de disparo do confete e que o fosso e as laterais baixas têm ventilação, já que o CO2 desce. Após o efeito, fecha as válvulas, alivia a linha e aciona a equipe de limpeza para retirar o confete das saídas e do piso, evitando escorregões.</p><h4>Resumo</h4><ul><li>CO2 jet usa gás líquido de cilindro que vira névoa fria; lança-confete usa CO2 ou ar para projetar papel a distância.</li><li>Cilindro sempre preso e na vertical, mangueira certificada e teste de vazamento são inegociáveis.</li><li>CO2 desloca o oxigênio: cuide da ventilação e de áreas baixas, use luvas e nunca aponte para pessoas próximas.</li></ul>',50,3,true,false);
insert into public.quizzes (id,lesson_id,titulo) values ('f1bf5222-00d2-459c-8d4a-9d389316ebcf','009e5b65-3593-4f6f-8703-fb95fbd8d350','Quiz — CO2 e Confete: Jatos, Stadium Blaster e Lança-Confete');
insert into public.quiz_questions (id,quiz_id,texto,explicacao,ordem,pontos) values ('edbbaeee-3aea-4bfe-a615-b7becfb43ed1','f1bf5222-00d2-459c-8d4a-9d389316ebcf','Qual o principal risco de acumular CO2 em um fosso ou palco baixo?','CO2 é mais pesado que o ar e se acumula em áreas baixas, deslocando o oxigênio e podendo causar asfixia.',1,1);
insert into public.quiz_options (question_id,texto,correta,ordem) values ('edbbaeee-3aea-4bfe-a615-b7becfb43ed1','Incêndio',false,1);
insert into public.quiz_options (question_id,texto,correta,ordem) values ('edbbaeee-3aea-4bfe-a615-b7becfb43ed1','Asfixia, porque o CO2 desloca o oxigênio',true,2);
insert into public.quiz_options (question_id,texto,correta,ordem) values ('edbbaeee-3aea-4bfe-a615-b7becfb43ed1','Curto-circuito',false,3);
insert into public.quiz_options (question_id,texto,correta,ordem) values ('edbbaeee-3aea-4bfe-a615-b7becfb43ed1','Excesso de luz',false,4);
insert into public.quiz_questions (id,quiz_id,texto,explicacao,ordem,pontos) values ('d48cc99b-2f5d-40ad-b3c2-0428f1d18d2e','f1bf5222-00d2-459c-8d4a-9d389316ebcf','Como o cilindro de CO2 deve ser mantido durante a operação?','O cilindro deve ficar na vertical, firmemente preso e afastado de calor, com mangueira certificada.',2,1);
insert into public.quiz_options (question_id,texto,correta,ordem) values ('d48cc99b-2f5d-40ad-b3c2-0428f1d18d2e','Deitado perto do aquecedor',false,1);
insert into public.quiz_options (question_id,texto,correta,ordem) values ('d48cc99b-2f5d-40ad-b3c2-0428f1d18d2e','Na vertical, preso e longe de fontes de calor',true,2);
insert into public.quiz_options (question_id,texto,correta,ordem) values ('d48cc99b-2f5d-40ad-b3c2-0428f1d18d2e','Solto no chão',false,3);
insert into public.quiz_options (question_id,texto,correta,ordem) values ('d48cc99b-2f5d-40ad-b3c2-0428f1d18d2e','Dentro de um saco fechado',false,4);
insert into public.quiz_questions (id,quiz_id,texto,explicacao,ordem,pontos) values ('b45c569f-a9c8-43f1-86f2-74973a6d4f24','f1bf5222-00d2-459c-8d4a-9d389316ebcf','O Stadium Blaster da MagicFX é usado principalmente para:','É um lança-confete de longo alcance propelido por CO2, ideal para clímax em arenas.',3,1);
insert into public.quiz_options (question_id,texto,correta,ordem) values ('b45c569f-a9c8-43f1-86f2-74973a6d4f24','Gerar haze contínuo',false,1);
insert into public.quiz_options (question_id,texto,correta,ordem) values ('b45c569f-a9c8-43f1-86f2-74973a6d4f24','Projetar grande volume de confete/serpentina a longa distância com CO2',true,2);
insert into public.quiz_options (question_id,texto,correta,ordem) values ('b45c569f-a9c8-43f1-86f2-74973a6d4f24','Criar low fog no chão',false,3);
insert into public.quiz_options (question_id,texto,correta,ordem) values ('b45c569f-a9c8-43f1-86f2-74973a6d4f24','Disparar pirotecnia explosiva',false,4);
insert into public.quiz_questions (id,quiz_id,texto,explicacao,ordem,pontos) values ('67d16237-3dc1-4da9-a025-c12342c459c3','f1bf5222-00d2-459c-8d4a-9d389316ebcf','Por que se usam luvas ao manusear o sistema de CO2?','O CO2 líquido/expandido é extremamente frio e pode causar queimadura por frio (frostbite) na pele.',4,1);
insert into public.quiz_options (question_id,texto,correta,ordem) values ('67d16237-3dc1-4da9-a025-c12342c459c3','Por questão estética',false,1);
insert into public.quiz_options (question_id,texto,correta,ordem) values ('67d16237-3dc1-4da9-a025-c12342c459c3','Porque o gás a baixíssima temperatura pode causar queimadura por frio',true,2);
insert into public.quiz_options (question_id,texto,correta,ordem) values ('67d16237-3dc1-4da9-a025-c12342c459c3','Para melhorar a aderência ao DMX',false,3);
insert into public.quiz_options (question_id,texto,correta,ordem) values ('67d16237-3dc1-4da9-a025-c12342c459c3','Não é necessário usar luvas',false,4);
insert into public.lessons (id,module_id,titulo,tipo,conteudo_rico,duracao_min,ordem,tem_quiz,preview_gratis) values ('7edba16d-1f15-4c90-9011-acdf919860b3','cef76734-430c-404a-94e0-4feb3415736e','Pirotecnia e Disparo: Le Maitre, Galaxis, Mesa e Time Code','texto','<p><strong>Para começar:</strong> Aqui o erro não suja o palco — fere pessoas. Pirotecnia profissional é a área onde técnica, licença e brigada deixam de ser recomendação e viram obrigação legal.</p><p>Pirotecnia de palco envolve efeitos com material explosivo controlado: gerbs, comets, jatos, flames e cenografia pirotécnica. Diferente de cold spark ou CO2, há combustão real e exigência legal de licença, profissional habilitado e brigada. Nesta aula você verá os sistemas Le Maitre e Galaxis, como funciona uma mesa de disparo, sincronização por time code e o quadro de segurança e legislação que torna a operação lícita.</p><ul><li><strong>O que é pirotecnia de palco:</strong> São efeitos com cargas pirotécnicas projetadas para indoor/palco (proximate pyrotechnics): gerbs (jatos de faísca), comets, mines, flame projectors (a gás), entre outros. Têm distância de segurança, fallout (área de queda) e classe próprias. Não confundir com fogos de grande altura nem com efeitos sem explosivo (cold spark, CO2).</li><li><strong>Sistema de disparo e endereçamento:</strong> Um sistema pirotécnico tem mesa/controlador, módulos de disparo (firing modules) com cues endereçados e os e-matches/igniters que acendem cada efeito. Cada cue é numerado e testado por continuidade. O sistema deve ter chave de armar (arm/safety) separada do disparo (fire) para evitar acionamento acidental.</li><li><strong>Time code e sincronização:</strong> Em shows complexos, os disparos são sincronizados a uma timeline por SMPTE/MIDI time code, casando música, luz e efeito no quadro exato. O operador deve poder assumir o controle manual e ABORTAR a qualquer momento — automação nunca substitui o dedo no botão de segurança e a visão do palco.</li><li><strong>Licença, brigada e legislação:</strong> Pirotecnia exige profissional habilitado (blaster), licenças e autorizações (Exército/Corpo de Bombeiros conforme a legislação aplicável), ART/responsável técnico quando exigido, plano de efeitos aprovado e brigada de incêndio presente com extintores adequados. Distâncias de segurança, fallout e evacuação fazem parte do projeto, não são improviso.</li></ul><h4>Equipamentos / detalhes</h4><ul><li><strong>Le Maitre (efeitos pirotécnicos de palco):</strong> Fabricante de referência em pirotecnia de proximidade e máquinas de chama. O que é: linha de efeitos (gerbs, comets, flames) e o sistema de disparo associado. Specs: cargas de classe para palco, igniters dedicados, controladores de disparo. Quando usar: efeitos cênicos controlados em teatro, shows e TV. Segurança: distâncias e fallout definidos por catálogo; só profissional habilitado carrega e dispara; brigada presente.</li><li><strong>Le Maitre Salamander / sistemas de flame:</strong> Projetores de chama a gás (GLP) controlados. O que é: lançam labaredas de altura ajustável de forma sincronizada. Specs: alimentação por gás, válvulas e ignição eletrônica, controle por sistema dedicado. Quando usar: efeito de fogo cênico de impacto. Segurança: gás inflamável sob controle rígido, distância de inflamáveis e público, intertravamentos e parada de emergência.</li><li><strong>Galaxis (Pyro/PFC) — sistema de disparo:</strong> Sistema profissional de firing sem fio/com fio de alto nível. O que é: controlador e módulos endereçáveis (firing modules) para sincronizar centenas de cues. Specs: comunicação criptografada, teste de continuidade por cue, chave de armar, suporte a time code. Quando usar: shows e espetáculos com muitos efeitos sincronizados. Segurança: cada módulo armado só após área liberada; aborto centralizado; redundância de comunicação.</li><li><strong>Mesa/controlador de disparo (firing console):</strong> Estação central de comando dos efeitos. O que é: define cues, dispara manual ou por time code, mostra status/continuidade. Specs: chave de armar separada do botão de disparo, botão de parada/abort, indicação de cada cue. Quando usar: em qualquer operação pirotécnica. Segurança: só o operador habilitado opera a mesa; armar apenas com palco/área controlados e brigada pronta.</li><li><strong>Igniters / e-matches e módulos de cue:</strong> Acessórios que iniciam cada efeito. O que é: o e-match recebe o pulso do módulo e acende a carga; o cue é o endereço daquele efeito. Specs: resistência/continuidade testável, conexão firme. Quando usar: ligados a cada gerb/comet/flame. Segurança: testar continuidade só com sistema desarmado; manter desconectados até a montagem final aprovada; transporte/armazenamento conforme norma.</li></ul><h4>Passo a passo</h4><ol><li><strong>Verificar licenças e equipe:</strong> Confirme licenças/autorizações, profissional habilitado responsável, ART/plano de efeitos aprovado e brigada de incêndio presente com extintores adequados antes de qualquer montagem.</li><li><strong>Definir distâncias e fallout:</strong> Marque distâncias de segurança, área de queda (fallout) e zona livre de público/inflamáveis conforme o catálogo de cada efeito; sinalize e controle o acesso.</li><li><strong>Montar efeitos e endereçar cues:</strong> Instale gerbs/comets/flames fixos e direcionados corretamente; conecte os igniters aos cues numerados, ainda com o sistema DESARMADO.</li><li><strong>Testar continuidade desarmado:</strong> Com o sistema desarmado, verifique a continuidade de cada cue na mesa; corrija conexões antes de prosseguir.</li><li><strong>Programar time code com controle manual:</strong> Se usar SMPTE/MIDI time code, sincronize a timeline mas mantenha a possibilidade de assumir manual e ABORTAR; teste o aborto.</li><li><strong>Armar só com área controlada e disparar:</strong> Arme apenas quando palco/fallout estiverem livres e a brigada pronta; dispare nos cues; ao fim, desarme, descarregue efeitos não disparados com segurança e inspecione.</li></ol><p><strong>Na prática:</strong> Em um espetáculo com gerbs Le Maitre e um sistema Galaxis, o blaster habilitado só inicia a montagem após conferir licenças, ART e a presença da brigada com extintores. Monta cada gerb com a distância e o fallout do catálogo, conecta os e-matches aos cues e testa a continuidade com a mesa DESARMADA. A sequência é sincronizada por time code com a luz, mas ele mantém o dedo no abort durante a passagem. Só arma o sistema quando o palco está controlado e a área de queda livre; ao final, desarma e trata com cuidado qualquer carga que não tenha disparado (misfire), nunca a manipulando de imediato.</p><h4>Resumo</h4><ul><li>Pirotecnia tem combustão real e exige licença, profissional habilitado e brigada — não é improviso.</li><li>A mesa de disparo separa armar de disparar e sempre permite abortar; time code não dispensa o controle manual.</li><li>Distâncias, fallout e tratamento de misfire fazem parte do projeto e protegem vidas.</li></ul>',60,4,true,false);
insert into public.quizzes (id,lesson_id,titulo) values ('228e1759-2e82-42f2-b1de-5ede7902a937','7edba16d-1f15-4c90-9011-acdf919860b3','Quiz — Pirotecnia e Disparo: Le Maitre, Galaxis, Mesa e Time Code');
insert into public.quiz_questions (id,quiz_id,texto,explicacao,ordem,pontos) values ('5da76019-9887-4386-a255-d4212370c97b','228e1759-2e82-42f2-b1de-5ede7902a937','O que diferencia pirotecnia de palco de efeitos como cold spark e CO2?','Pirotecnia envolve material explosivo e combustão real, com exigência legal de licença, habilitação e brigada.',1,1);
insert into public.quiz_options (question_id,texto,correta,ordem) values ('5da76019-9887-4386-a255-d4212370c97b','Nada, são iguais',false,1);
insert into public.quiz_options (question_id,texto,correta,ordem) values ('5da76019-9887-4386-a255-d4212370c97b','A pirotecnia tem combustão real de material explosivo e exige licença e brigada',true,2);
insert into public.quiz_options (question_id,texto,correta,ordem) values ('5da76019-9887-4386-a255-d4212370c97b','A pirotecnia é mais barata',false,3);
insert into public.quiz_options (question_id,texto,correta,ordem) values ('5da76019-9887-4386-a255-d4212370c97b','Cold spark é mais perigoso que pirotecnia',false,4);
insert into public.quiz_questions (id,quiz_id,texto,explicacao,ordem,pontos) values ('ff52e5f4-a02b-4acf-823c-6070d359fc73','228e1759-2e82-42f2-b1de-5ede7902a937','Por que a mesa de disparo separa a chave de ''armar'' do botão de ''disparar''?','A separação arm/fire é uma camada de segurança contra disparos acidentais.',2,1);
insert into public.quiz_options (question_id,texto,correta,ordem) values ('ff52e5f4-a02b-4acf-823c-6070d359fc73','Para economizar energia',false,1);
insert into public.quiz_options (question_id,texto,correta,ordem) values ('ff52e5f4-a02b-4acf-823c-6070d359fc73','Para evitar acionamento acidental: só se dispara com o sistema deliberadamente armado',true,2);
insert into public.quiz_options (question_id,texto,correta,ordem) values ('ff52e5f4-a02b-4acf-823c-6070d359fc73','Para acelerar o show',false,3);
insert into public.quiz_options (question_id,texto,correta,ordem) values ('ff52e5f4-a02b-4acf-823c-6070d359fc73','Para conectar ao DMX',false,4);
insert into public.quiz_questions (id,quiz_id,texto,explicacao,ordem,pontos) values ('13f72e78-070e-4f4d-97f2-e32f6d1e1edc','228e1759-2e82-42f2-b1de-5ede7902a937','Mesmo usando time code, o operador de pirotecnia deve sempre poder:','Automação nunca substitui o controle humano: é preciso poder assumir manual e abortar imediatamente.',3,1);
insert into public.quiz_options (question_id,texto,correta,ordem) values ('13f72e78-070e-4f4d-97f2-e32f6d1e1edc','Sair da sala',false,1);
insert into public.quiz_options (question_id,texto,correta,ordem) values ('13f72e78-070e-4f4d-97f2-e32f6d1e1edc','Assumir o controle manual e ABORTAR a qualquer momento',true,2);
insert into public.quiz_options (question_id,texto,correta,ordem) values ('13f72e78-070e-4f4d-97f2-e32f6d1e1edc','Desligar a brigada',false,3);
insert into public.quiz_options (question_id,texto,correta,ordem) values ('13f72e78-070e-4f4d-97f2-e32f6d1e1edc','Ignorar o fallout',false,4);
insert into public.quiz_questions (id,quiz_id,texto,explicacao,ordem,pontos) values ('d3de7ea2-8250-40bc-9e0a-bc92d8eceed0','228e1759-2e82-42f2-b1de-5ede7902a937','Quando se testa a continuidade dos cues, o sistema deve estar:','A continuidade é verificada com o sistema DESARMADO para evitar disparo acidental durante o teste.',4,1);
insert into public.quiz_options (question_id,texto,correta,ordem) values ('d3de7ea2-8250-40bc-9e0a-bc92d8eceed0','Armado e pronto para disparar',false,1);
insert into public.quiz_options (question_id,texto,correta,ordem) values ('d3de7ea2-8250-40bc-9e0a-bc92d8eceed0','Desarmado',true,2);
insert into public.quiz_options (question_id,texto,correta,ordem) values ('d3de7ea2-8250-40bc-9e0a-bc92d8eceed0','Conectado à música',false,3);
insert into public.quiz_options (question_id,texto,correta,ordem) values ('d3de7ea2-8250-40bc-9e0a-bc92d8eceed0','Sem a brigada',false,4);
insert into public.quiz_questions (id,quiz_id,texto,explicacao,ordem,pontos) values ('db9280fa-e554-4755-a5b8-43015f61a1ae','228e1759-2e82-42f2-b1de-5ede7902a937','Diante de uma carga que não disparou (misfire), o correto é:','Misfire exige procedimento específico e tempo de espera; nunca se manipula a carga de imediato.',5,1);
insert into public.quiz_options (question_id,texto,correta,ordem) values ('db9280fa-e554-4755-a5b8-43015f61a1ae','Manipular imediatamente para reaproveitar',false,1);
insert into public.quiz_options (question_id,texto,correta,ordem) values ('db9280fa-e554-4755-a5b8-43015f61a1ae','Seguir o procedimento de segurança e não manipular de imediato',true,2);
insert into public.quiz_options (question_id,texto,correta,ordem) values ('db9280fa-e554-4755-a5b8-43015f61a1ae','Pisar na carga',false,3);
insert into public.quiz_options (question_id,texto,correta,ordem) values ('db9280fa-e554-4755-a5b8-43015f61a1ae','Jogar água quente',false,4);
insert into public.lessons (id,module_id,titulo,tipo,conteudo_rico,duracao_min,ordem,tem_quiz,preview_gratis) values ('f512ea3e-eaaf-487d-b124-5bbdf0f3405d','cef76734-430c-404a-94e0-4feb3415736e','Controle e Segurança Operacional: DMX, Testes, Distâncias e Legislação','texto','<p><strong>Para começar:</strong> Todo o módulo converge aqui: a diferença entre um operador e um profissional não é o efeito mais bonito, é o protocolo de segurança que impede o pior dia da sua carreira.</p><p>Esta aula amarra o controle técnico e a segurança que valem para todos os efeitos. Você vai consolidar endereçamento DMX, rotina de testes, distâncias de segurança e fallout, EPI e o enquadramento legal e de coordenação com a brigada e o local. É a checklist mental que o operador roda em todo evento, independentemente do equipamento.</p><ul><li><strong>Endereçamento DMX e controle:</strong> DMX512 é o protocolo padrão para comandar máquinas de efeito. Cada equipamento recebe um endereço inicial e ocupa um número de canais (saída, ventilador, ângulo, disparo etc.). Endereços sobrepostos fazem máquinas dispararem juntas sem querer. Boas práticas: mapa de patch documentado, terminador na ponta da linha DMX, cabo DMX (não cabo de áudio) e teste de cada fixture antes do show. Pirotecnia usa sistema de disparo dedicado, não DMX comum, justamente por segurança.</li><li><strong>Rotina de teste:</strong> Teste sempre em condições controladas e com baixa intensidade: confirme endereço, sentido/ângulo, alcance real, continuidade (pirotecnia, com sistema desarmado) e tempo de resposta. O teste revela alcance e dissipação reais no local — diferentes do datasheet. Nada vai ao ar sem teste.</li><li><strong>Distâncias, fallout e EPI:</strong> Cada efeito tem distância mínima a pessoas e inflamáveis e, na pirotecnia, área de queda (fallout). Mantenha essas zonas livres e sinalizadas. EPI conforme o efeito: luvas para CO2 (frio) e manuseio, proteção auditiva em disparos altos, óculos quando aplicável, e roupas/cabelos protegidos perto de faísca e chama. Extintores adequados sempre acessíveis.</li><li><strong>Legislação, brigada e coordenação:</strong> O operador trabalha dentro de um quadro legal: pirotecnia exige licenças/autorizações e profissional habilitado; atmosfera exige coordenação com detectores e HVAC; CO2/low fog exige ventilação. Comunique sempre produção, segurança do local e brigada; tenha plano de emergência, parada/abort e rotas de fuga desobstruídas. Documentar (riders, plots, autorizações) protege o público e o profissional.</li></ul><h4>Equipamentos / detalhes</h4><ul><li><strong>Controladora/console DMX (ex.: consoles de luz com cues de efeito):</strong> Comando central dos efeitos por DMX. O que é: envia os canais para hazers, jatos e máquinas; permite cues e intensidades. Specs: universos DMX, patch, fade/timing. Quando usar: para haze, fog, CO2 e confete (não pirotecnia explosiva). Segurança: patch documentado, cue de ''all stop'', teste por fixture antes do show.</li><li><strong>Sistema de disparo dedicado (Galaxis/Le Maitre etc.):</strong> Controle exclusivo de pirotecnia. O que é: mesa + módulos com cues, chave de armar e aborto. Specs: continuidade por cue, comunicação segura, time code. Quando usar: sempre que houver carga pirotécnica. Segurança: separado do DMX comum; só profissional habilitado opera; armar só com área controlada.</li><li><strong>Cabos DMX, terminador e splitter:</strong> Infraestrutura de sinal. O que é: cabo DMX (impedância correta), terminador de 120 ohms na ponta e splitter/booster para várias linhas. Specs: conectores XLR de 3/5 vias conforme o equipamento. Quando usar: em toda rede DMX. Segurança: não usar cabo de áudio (erros intermitentes que podem disparar efeitos errados); linha terminada e organizada.</li><li><strong>EPI (luvas, proteção auditiva, óculos, extintor):</strong> Equipamentos de proteção do operador e da equipe. O que é: luvas para frio/calor, protetor auricular, óculos e extintores adequados ao tipo de risco. Specs: conforme o efeito (CO2, faísca, chama). Quando usar: sempre que o efeito exigir. Segurança: extintor de fácil acesso, EPI compatível com o risco, equipe treinada no uso.</li><li><strong>Detectores de fumaça / interface com HVAC e brigada:</strong> Sistemas do local que interagem com atmosfera. O que é: detectores e ventilação que podem ser afetados por fog/haze/CO2. Specs: variam por edificação. Quando usar: planejamento de qualquer efeito de atmosfera ou CO2. Segurança: coordenar inibição/monitoramento com a brigada e o responsável do local — nunca burlar ou cobrir detectores por conta própria.</li></ul><h4>Passo a passo</h4><ol><li><strong>Levantar o local e a legislação:</strong> Antes do evento, conheça o espaço, pé-direito, detectores, HVAC, saídas e as exigências legais; reúna licenças/autorizações e alinhe com produção e brigada.</li><li><strong>Documentar o patch DMX e os cues:</strong> Monte um mapa de endereços e canais sem sobreposição; defina cues e um comando de parada geral; use cabo DMX e terminador.</li><li><strong>Testar cada efeito controladamente:</strong> Com baixa intensidade e área isolada, teste endereço, ângulo, alcance e continuidade (pirotecnia desarmada); ajuste posições conforme o resultado real.</li><li><strong>Marcar distâncias, fallout e EPI:</strong> Sinalize zonas de segurança e fallout, mantenha-as livres, distribua o EPI necessário e posicione extintores acessíveis.</li><li><strong>Coordenar a operação:</strong> Combine momentos, sinais e comunicação com produção, segurança e brigada; confirme rotas de fuga desobstruídas e o plano de emergência/aborto.</li><li><strong>Operar, abortar se preciso e encerrar:</strong> Opere apenas com as zonas controladas; aborte ao primeiro risco; ao final, desligue/despressurize/desarme conforme cada equipamento, inspecione e registre ocorrências.</li></ol><p><strong>Na prática:</strong> Antes de um evento, o operador chega cedo, percorre o local e marca onde estão detectores, saídas e tomadas, e confirma com a produção quais autorizações existem. Monta o patch DMX em um mapa: hazer no canal X, CO2 jets em Y, confete em Z, sem sobreposição, com um cue de ''all stop'' acessível. Testa cada fixture em baixa intensidade com a casa vazia, mede alcances reais e ajusta posições. Marca e sinaliza as distâncias de segurança e o fallout dos efeitos pirotécnicos, distribui EPI, posiciona extintores e alinha com a brigada o sinal de aborto. Só então libera para o show, mantendo o dedo no comando de parada.</p><h4>Resumo</h4><ul><li>DMX comanda atmosfera, CO2 e confete; pirotecnia usa sistema de disparo dedicado, com armar/abortar separados.</li><li>Nenhum efeito vai ao ar sem teste controlado de endereço, alcance e continuidade no próprio local.</li><li>Distâncias, fallout, EPI, brigada e legislação são o núcleo da operação — segurança vem antes do efeito.</li></ul>',55,5,true,false);
insert into public.quizzes (id,lesson_id,titulo) values ('f9a68d72-0cbf-47b7-a733-7b82fa091bae','f512ea3e-eaaf-487d-b124-5bbdf0f3405d','Quiz — Controle e Segurança Operacional: DMX, Testes, Distâncias e ');
insert into public.quiz_questions (id,quiz_id,texto,explicacao,ordem,pontos) values ('3f3b4f23-28c2-479b-b64b-02bf89c03381','f9a68d72-0cbf-47b7-a733-7b82fa091bae','Por que dois equipamentos não podem compartilhar o mesmo endereço DMX inicial sem querer?','Endereços sobrepostos fazem máquinas reagirem ao mesmo canal, causando acionamentos não intencionais.',1,1);
insert into public.quiz_options (question_id,texto,correta,ordem) values ('3f3b4f23-28c2-479b-b64b-02bf89c03381','Porque consomem mais energia',false,1);
insert into public.quiz_options (question_id,texto,correta,ordem) values ('3f3b4f23-28c2-479b-b64b-02bf89c03381','Porque passariam a responder juntos ao mesmo comando, podendo disparar efeitos involuntários',true,2);
insert into public.quiz_options (question_id,texto,correta,ordem) values ('3f3b4f23-28c2-479b-b64b-02bf89c03381','Porque o cabo esquenta',false,3);
insert into public.quiz_options (question_id,texto,correta,ordem) values ('3f3b4f23-28c2-479b-b64b-02bf89c03381','Porque o DMX não permite mais de um equipamento',false,4);
insert into public.quiz_questions (id,quiz_id,texto,explicacao,ordem,pontos) values ('0f8fe389-3cfc-4450-b0d5-e3d92706ca48','f9a68d72-0cbf-47b7-a733-7b82fa091bae','Por que a pirotecnia explosiva não é controlada pelo DMX comum?','Pirotecnia exige sistema dedicado com chave de armar, aborto e teste de continuidade — não DMX comum.',2,1);
insert into public.quiz_options (question_id,texto,correta,ordem) values ('0f8fe389-3cfc-4450-b0d5-e3d92706ca48','Porque o DMX é caro',false,1);
insert into public.quiz_options (question_id,texto,correta,ordem) values ('0f8fe389-3cfc-4450-b0d5-e3d92706ca48','Por segurança: usa sistema de disparo dedicado com armar/abortar e continuidade',true,2);
insert into public.quiz_options (question_id,texto,correta,ordem) values ('0f8fe389-3cfc-4450-b0d5-e3d92706ca48','Porque não existe cabo',false,3);
insert into public.quiz_options (question_id,texto,correta,ordem) values ('0f8fe389-3cfc-4450-b0d5-e3d92706ca48','Porque é mais lento',false,4);
insert into public.quiz_questions (id,quiz_id,texto,explicacao,ordem,pontos) values ('0b6ecb64-3c8d-45d7-af7d-96cda54f478f','f9a68d72-0cbf-47b7-a733-7b82fa091bae','Qual EPI é essencial ao manusear sistemas de CO2?','O CO2 é extremamente frio e pode causar queimadura por frio; luvas adequadas são essenciais.',3,1);
insert into public.quiz_options (question_id,texto,correta,ordem) values ('0b6ecb64-3c8d-45d7-af7d-96cda54f478f','Capacete de obra',false,1);
insert into public.quiz_options (question_id,texto,correta,ordem) values ('0b6ecb64-3c8d-45d7-af7d-96cda54f478f','Luvas, pelo risco de queimadura por frio',true,2);
insert into public.quiz_options (question_id,texto,correta,ordem) values ('0b6ecb64-3c8d-45d7-af7d-96cda54f478f','Colete refletivo apenas',false,3);
insert into public.quiz_options (question_id,texto,correta,ordem) values ('0b6ecb64-3c8d-45d7-af7d-96cda54f478f','Nenhum',false,4);
insert into public.quiz_questions (id,quiz_id,texto,explicacao,ordem,pontos) values ('f47cb8d7-8221-4158-8f9f-fb612919f908','f9a68d72-0cbf-47b7-a733-7b82fa091bae','O que o operador deve fazer com os detectores de fumaça ao usar atmosfera?','Nunca se burla detector por conta própria; coordena-se a inibição/monitoramento com a brigada e o local.',4,1);
insert into public.quiz_options (question_id,texto,correta,ordem) values ('f47cb8d7-8221-4158-8f9f-fb612919f908','Cobri-los com fita por conta própria',false,1);
insert into public.quiz_options (question_id,texto,correta,ordem) values ('f47cb8d7-8221-4158-8f9f-fb612919f908','Coordenar inibição/monitoramento com a brigada e o responsável do local',true,2);
insert into public.quiz_options (question_id,texto,correta,ordem) values ('f47cb8d7-8221-4158-8f9f-fb612919f908','Ignorá-los',false,3);
insert into public.quiz_options (question_id,texto,correta,ordem) values ('f47cb8d7-8221-4158-8f9f-fb612919f908','Desligar a energia do prédio',false,4);
insert into public.quiz_questions (id,quiz_id,texto,explicacao,ordem,pontos) values ('556572f1-ae00-4a5c-97ae-e03b5af4ee95','f9a68d72-0cbf-47b7-a733-7b82fa091bae','Qual é a ordem correta de prioridade na operação de efeitos?','Segurança, testes e coordenação vêm sempre antes do impacto visual do efeito.',5,1);
insert into public.quiz_options (question_id,texto,correta,ordem) values ('556572f1-ae00-4a5c-97ae-e03b5af4ee95','Efeito bonito primeiro, segurança depois',false,1);
insert into public.quiz_options (question_id,texto,correta,ordem) values ('556572f1-ae00-4a5c-97ae-e03b5af4ee95','Segurança e protocolo antes do efeito',true,2);
insert into public.quiz_options (question_id,texto,correta,ordem) values ('556572f1-ae00-4a5c-97ae-e03b5af4ee95','Velocidade acima de tudo',false,3);
insert into public.quiz_options (question_id,texto,correta,ordem) values ('556572f1-ae00-4a5c-97ae-e03b5af4ee95','Economia de fluido em primeiro lugar',false,4);

-- CURSO: Pleno — Produtor
insert into public.courses (id,titulo,slug,descricao_curta,nivel,categoria,categorias,tipo,carga_horaria,total_aulas,ativo,destaque,ordem) values
  ('f82b5aeb-95fd-4212-a067-4bec55c0fb6d','Pleno — Produtor','pleno-produtor','Curso Pleno — Produtor — SMU PRO','pleno','producao','{}','free',704,24,false,false,8);
insert into public.modules (id,course_id,titulo,ordem) values ('70490a9d-5f7f-4d28-be19-59e91f405bb9','f82b5aeb-95fd-4212-a067-4bec55c0fb6d','Módulo 1 - O Produtor Executivo: papel, perfil e estrutura da equipe',1);
insert into public.lessons (id,module_id,titulo,tipo,conteudo_rico,duracao_min,ordem,tem_quiz,preview_gratis) values ('09fbf284-95c2-45dd-ab2f-1aeab21a2c24','70490a9d-5f7f-4d28-be19-59e91f405bb9','Quem é o Produtor e os tipos de produção','texto','<p><strong>Para começar:</strong> Antes de planilhas e riders, é preciso entender QUEM dá a última palavra dentro de uma produção e por quê.</p><p>O produtor é o eixo de uma produção de eventos. Nesta aula você vai entender as diferentes funções de produção, onde cada uma começa e termina, e por que o produtor executivo é a voz mais alta da operação. Compreender a hierarquia evita o erro clássico do iniciante: tentar fazer tudo sozinho ou pisar na função do colega.</p><ul><li><strong>Produtor Executivo / Geral:</strong> É o responsável por TODAS as camadas da equipe: transporte, hospedagem, pagamentos, aprovações, e a coordenação dos demais produtores (técnico e artístico). É o chefe da operação e a última voz em qualquer decisão. Quando há conflito de informação entre departamentos, é ele quem decide. Toda a cadeia de responsabilidade financeira e contratual passa por ele.</li><li><strong>Produtor Artístico:</strong> Coordena e gerencia os aspectos da criação artística: seleção de músicos, escolha de repertório, organização de ensaios e gravações, supervisão da produção musical e definição da direção criativa. Garante que a visão artística do projeto seja realizada da melhor forma possível. Em shows, alinha o set, as transições e os momentos-chave da apresentação.</li><li><strong>Produtor Técnico:</strong> Cuida da equipe técnica. Confere os detalhes do rider com o contratante, valida o que o local oferece, organiza transporte e hospedagem da equipe técnica (contratados pelo produtor geral) e aluga ou gerencia os equipamentos necessários. É a ponte entre a exigência técnica do artista e a realidade do local.</li><li><strong>Produtor Pessoal (do artista):</strong> Foca no lado administrativo e na coordenação logística do dia a dia do artista. Diferente do artístico ou do executivo, cuida das necessidades pessoais do artista, assegurando que ele tenha todo o suporte para se concentrar na carreira. Cuida de agenda pessoal, deslocamentos, alimentação e bem-estar.</li><li><strong>Por que a hierarquia importa:</strong> Numa operação de evento, decisões precisam de um dono. Se ''todos decidem'', ninguém decide, e o atraso ou o erro acontece. A definição clara de quem responde por cada camada (e quem dá a palavra final) é o que diferencia uma produção profissional de um amadorismo caro.</li></ul><h4>Equipamentos / detalhes</h4><ul><li><strong>Organograma da produção:</strong> Diagrama que mostra a hierarquia e quem responde a quem. Serve para a equipe inteira saber a quem reportar cada tipo de problema. Monte um simples no Google Slides ou Canva e cole no grupo do evento.</li><li><strong>Lista de contatos da equipe (planilha):</strong> Planilha com nome, função, telefone/WhatsApp e responsabilidade de cada integrante. É o primeiro documento que o produtor monta. Mantenha sempre atualizada.</li></ul><h4>Passo a passo</h4><ol><li><strong>1. Defina as camadas do projeto:</strong> Liste quais frentes seu evento tem: artística, técnica, logística, financeira, segurança. Nem todo evento tem todas.</li><li><strong>2. Atribua um responsável por camada:</strong> Para cada frente, defina quem responde. Em eventos pequenos, uma pessoa pode acumular funções; registre isso explicitamente.</li><li><strong>3. Estabeleça a voz final:</strong> Deixe claro, por escrito no grupo, que o produtor executivo decide em caso de impasse. Isso evita travamento na hora da pressão.</li><li><strong>4. Desenhe e compartilhe o organograma:</strong> Distribua o diagrama para toda a equipe antes do evento.</li></ol><p><strong>Na prática:</strong> Imagine um show de médio porte. O contratante liga reclamando do horário de carga/descarga. Quem resolve? O produtor técnico fala com a equipe e o local; mas a decisão de pagar uma hora extra de pátio é financeira, então passa pelo produtor executivo. Saber esse fluxo em segundos é o que mantém o evento andando.</p><h4>Resumo</h4><ul><li>O produtor executivo coordena todas as camadas e dá a última palavra.</li><li>Artístico cuida da criação; técnico cuida da equipe e do rider; pessoal cuida do artista.</li><li>Definir responsáveis e a voz final evita travamento sob pressão.</li></ul>',25,1,true,true);
insert into public.quizzes (id,lesson_id,titulo) values ('4a0b94fd-4abf-4368-9b0e-d88bd2a44ca4','09fbf284-95c2-45dd-ab2f-1aeab21a2c24','Quiz — Quem é o Produtor e os tipos de produção');
insert into public.quiz_questions (id,quiz_id,texto,explicacao,ordem,pontos) values ('ea21150d-697a-496b-a0d3-2a072569e3ce','4a0b94fd-4abf-4368-9b0e-d88bd2a44ca4','Quem dá a última palavra em uma decisão dentro da produção?','O produtor executivo coordena todas as camadas e é a voz final em qualquer decisão.',1,1);
insert into public.quiz_options (question_id,texto,correta,ordem) values ('ea21150d-697a-496b-a0d3-2a072569e3ce','Produtor artístico',false,1);
insert into public.quiz_options (question_id,texto,correta,ordem) values ('ea21150d-697a-496b-a0d3-2a072569e3ce','Produtor executivo/geral',true,2);
insert into public.quiz_options (question_id,texto,correta,ordem) values ('ea21150d-697a-496b-a0d3-2a072569e3ce','Técnico de som',false,3);
insert into public.quiz_options (question_id,texto,correta,ordem) values ('ea21150d-697a-496b-a0d3-2a072569e3ce','Road manager',false,4);
insert into public.quiz_questions (id,quiz_id,texto,explicacao,ordem,pontos) values ('e57337ea-76b6-4886-bd9c-91e9d0ed5a5d','4a0b94fd-4abf-4368-9b0e-d88bd2a44ca4','Conferir os detalhes do rider com o contratante e gerenciar equipamentos é função de qual produtor?','O produtor técnico cuida da equipe técnica, do rider e dos equipamentos.',2,1);
insert into public.quiz_options (question_id,texto,correta,ordem) values ('e57337ea-76b6-4886-bd9c-91e9d0ed5a5d','Pessoal',false,1);
insert into public.quiz_options (question_id,texto,correta,ordem) values ('e57337ea-76b6-4886-bd9c-91e9d0ed5a5d','Artístico',false,2);
insert into public.quiz_options (question_id,texto,correta,ordem) values ('e57337ea-76b6-4886-bd9c-91e9d0ed5a5d','Técnico',true,3);
insert into public.quiz_options (question_id,texto,correta,ordem) values ('e57337ea-76b6-4886-bd9c-91e9d0ed5a5d','Executivo',false,4);
insert into public.quiz_questions (id,quiz_id,texto,explicacao,ordem,pontos) values ('49c623de-6a6a-4fdc-a97b-2d9df7a52374','4a0b94fd-4abf-4368-9b0e-d88bd2a44ca4','O foco do produtor pessoal é:','O produtor pessoal cuida das necessidades diárias do artista para que ele foque na carreira.',3,1);
insert into public.quiz_options (question_id,texto,correta,ordem) values ('49c623de-6a6a-4fdc-a97b-2d9df7a52374','A direção criativa do show',false,1);
insert into public.quiz_options (question_id,texto,correta,ordem) values ('49c623de-6a6a-4fdc-a97b-2d9df7a52374','A negociação dos contratos do evento',false,2);
insert into public.quiz_options (question_id,texto,correta,ordem) values ('49c623de-6a6a-4fdc-a97b-2d9df7a52374','O suporte administrativo e logístico do dia a dia do artista',true,3);
insert into public.quiz_options (question_id,texto,correta,ordem) values ('49c623de-6a6a-4fdc-a97b-2d9df7a52374','A operação da mesa de som',false,4);
insert into public.quiz_questions (id,quiz_id,texto,explicacao,ordem,pontos) values ('8f1f115e-6521-4084-b9d3-d361bef81ffc','4a0b94fd-4abf-4368-9b0e-d88bd2a44ca4','Por que definir ''a voz final'' é importante?','Sem um dono claro da decisão, a operação trava no momento de maior pressão.',4,1);
insert into public.quiz_options (question_id,texto,correta,ordem) values ('8f1f115e-6521-4084-b9d3-d361bef81ffc','Para diminuir a equipe',false,1);
insert into public.quiz_options (question_id,texto,correta,ordem) values ('8f1f115e-6521-4084-b9d3-d361bef81ffc','Para que decisões tenham um dono e não travem sob pressão',true,2);
insert into public.quiz_options (question_id,texto,correta,ordem) values ('8f1f115e-6521-4084-b9d3-d361bef81ffc','Para reduzir o orçamento',false,3);
insert into public.quiz_options (question_id,texto,correta,ordem) values ('8f1f115e-6521-4084-b9d3-d361bef81ffc','Para evitar contratos',false,4);
insert into public.lessons (id,module_id,titulo,tipo,conteudo_rico,duracao_min,ordem,tem_quiz,preview_gratis) values ('101dcafb-40db-4f1e-b6b1-fdb2358ecb97','70490a9d-5f7f-4d28-be19-59e91f405bb9','Competências do produtor: perfil profissional','texto','<p><strong>Para começar:</strong> Ferramentas se aprendem; postura se constrói. O que separa um produtor confiável de um improvisador é o conjunto de competências comportamentais.</p><p>Nenhuma planilha salva uma produção tocada por alguém desorganizado ou que não comunica. Esta aula consolida as competências centrais do produtor e mostra como cada uma se traduz em ação prática no dia a dia.</p><ul><li><strong>Proatividade:</strong> Tomar a iniciativa e agir antecipadamente, identificando problemas e oportunidades antes que se tornem evidentes. O produtor proativo não espera o problema explodir: antecipa necessidades, planeja com antecedência e age para influenciar o resultado. É a competência que evita a maioria dos incêndios.</li><li><strong>Discernimento:</strong> Capacidade de analisar e avaliar situações de forma clara e sensata para tomar decisões prudentes. Envolve distinguir opções, entender consequências e escolher a melhor abordagem com critérios racionais e éticos. Essencial em situações ambíguas, onde não há resposta óbvia.</li><li><strong>Organização:</strong> Estruturar, planejar e administrar tarefas, recursos e informações com eficiência. Priorizar tarefas, definir metas claras, acompanhar prazos e manter tudo acessível. Inclui manter a agenda sempre atualizada e confirmar com a equipe novas datas e horários.</li><li><strong>Comunicação:</strong> Expressar ideias com clareza e ouvir bem, adaptando a mensagem ao público e ao contexto. Comunicação eficaz constrói relacionamentos, viabiliza colaboração e resolve conflitos. No evento, comunicação ruim vira atraso e retrabalho.</li><li><strong>Confiabilidade:</strong> Ser alguém em quem a equipe pode depender: consistente em ações e palavras, cumpridor de promessas, ético e discreto. A confiança permite que pessoas compartilhem informações e trabalhem juntas. É construída ao longo do tempo e é a base do networking no setor.</li><li><strong>Foco:</strong> Manter a atenção no objetivo do evento mesmo sob ruído, imprevisto e pressão. O produtor que perde o foco perde o controle do cronograma.</li></ul><h4>Equipamentos / detalhes</h4><ul><li><strong>Agenda digital (Google Agenda):</strong> Mantém datas, horários e confirmações da equipe sempre atualizados. Use lembretes e convites com confirmação de presença para registrar quem confirmou.</li><li><strong>App de tarefas / checklist:</strong> Trello, Notion ou Google Keep para registrar pendências e não confiar só na memória. Transforma a proatividade em sistema.</li></ul><h4>Passo a passo</h4><ol><li><strong>1. Faça autoavaliação:</strong> Para cada competência, dê uma nota de 1 a 5 em você mesmo. Seja honesto.</li><li><strong>2. Ataque a competência mais fraca:</strong> Escolha a de menor nota e defina uma ação concreta (ex.: organização → começar a usar uma planilha de tarefas hoje).</li><li><strong>3. Crie rotinas de confirmação:</strong> Toda nova data/horário deve ser confirmada com a equipe por escrito. Vire isso um hábito.</li></ol><p><strong>Na prática:</strong> Um fornecedor avisa que o caminhão atrasará 2h. O produtor proativo já tinha o telefone de um fornecedor reserva (organização), avalia se vale esperar ou trocar (discernimento), comunica a equipe imediatamente (comunicação) e mantém a calma para não contaminar o time (foco). As cinco competências agem juntas em segundos.</p><h4>Resumo</h4><ul><li>Proatividade, discernimento, organização, comunicação e confiabilidade são o núcleo do produtor.</li><li>Competências se traduzem em rotinas: agenda atualizada, confirmações por escrito, plano B pronto.</li><li>Sob pressão, as competências agem juntas e em segundos.</li></ul>',20,2,true,false);
insert into public.quizzes (id,lesson_id,titulo) values ('c0cb7753-e5c5-4d8d-8834-7dceba8a67f4','101dcafb-40db-4f1e-b6b1-fdb2358ecb97','Quiz — Competências do produtor: perfil profissional');
insert into public.quiz_questions (id,quiz_id,texto,explicacao,ordem,pontos) values ('ddb03771-beda-474e-baf7-d2940b533b54','c0cb7753-e5c5-4d8d-8834-7dceba8a67f4','Antecipar necessidades e agir antes do problema aparecer é:','Proatividade é tomar a iniciativa e agir antecipadamente.',1,1);
insert into public.quiz_options (question_id,texto,correta,ordem) values ('ddb03771-beda-474e-baf7-d2940b533b54','Discernimento',false,1);
insert into public.quiz_options (question_id,texto,correta,ordem) values ('ddb03771-beda-474e-baf7-d2940b533b54','Proatividade',true,2);
insert into public.quiz_options (question_id,texto,correta,ordem) values ('ddb03771-beda-474e-baf7-d2940b533b54','Confiabilidade',false,3);
insert into public.quiz_options (question_id,texto,correta,ordem) values ('ddb03771-beda-474e-baf7-d2940b533b54','Foco',false,4);
insert into public.quiz_questions (id,quiz_id,texto,explicacao,ordem,pontos) values ('f4d40a4d-7f99-4693-b496-e6f5b07dd798','c0cb7753-e5c5-4d8d-8834-7dceba8a67f4','Escolher a melhor opção em uma situação ambígua, avaliando consequências, é:','Discernimento é avaliar situações e decidir com critério racional e ético.',2,1);
insert into public.quiz_options (question_id,texto,correta,ordem) values ('f4d40a4d-7f99-4693-b496-e6f5b07dd798','Organização',false,1);
insert into public.quiz_options (question_id,texto,correta,ordem) values ('f4d40a4d-7f99-4693-b496-e6f5b07dd798','Comunicação',false,2);
insert into public.quiz_options (question_id,texto,correta,ordem) values ('f4d40a4d-7f99-4693-b496-e6f5b07dd798','Discernimento',true,3);
insert into public.quiz_options (question_id,texto,correta,ordem) values ('f4d40a4d-7f99-4693-b496-e6f5b07dd798','Proatividade',false,4);
insert into public.quiz_questions (id,quiz_id,texto,explicacao,ordem,pontos) values ('7c064e48-cd54-4b9b-9d93-3c122113cb23','c0cb7753-e5c5-4d8d-8834-7dceba8a67f4','Manter a agenda atualizada e confirmar novas datas com a equipe é expressão de:','Organização inclui acompanhar prazos e manter a agenda atualizada.',3,1);
insert into public.quiz_options (question_id,texto,correta,ordem) values ('7c064e48-cd54-4b9b-9d93-3c122113cb23','Organização',true,1);
insert into public.quiz_options (question_id,texto,correta,ordem) values ('7c064e48-cd54-4b9b-9d93-3c122113cb23','Confiabilidade',false,2);
insert into public.quiz_options (question_id,texto,correta,ordem) values ('7c064e48-cd54-4b9b-9d93-3c122113cb23','Criatividade',false,3);
insert into public.quiz_options (question_id,texto,correta,ordem) values ('7c064e48-cd54-4b9b-9d93-3c122113cb23','Foco',false,4);
insert into public.quiz_questions (id,quiz_id,texto,explicacao,ordem,pontos) values ('2f59251c-396c-424c-a1ad-92c4188dfac1','c0cb7753-e5c5-4d8d-8834-7dceba8a67f4','A confiabilidade no setor de eventos é importante porque:','Ser de confiança permite colaboração e é cultivado ao longo do tempo.',4,1);
insert into public.quiz_options (question_id,texto,correta,ordem) values ('2f59251c-396c-424c-a1ad-92c4188dfac1','Reduz o orçamento',false,1);
insert into public.quiz_options (question_id,texto,correta,ordem) values ('2f59251c-396c-424c-a1ad-92c4188dfac1','É a base de relacionamentos e do networking, construída ao longo do tempo',true,2);
insert into public.quiz_options (question_id,texto,correta,ordem) values ('2f59251c-396c-424c-a1ad-92c4188dfac1','Substitui a comunicação',false,3);
insert into public.quiz_options (question_id,texto,correta,ordem) values ('2f59251c-396c-424c-a1ad-92c4188dfac1','Elimina a necessidade de contratos',false,4);
insert into public.modules (id,course_id,titulo,ordem) values ('22e48967-735f-485e-b1d9-971d1c3e99bf','f82b5aeb-95fd-4212-a067-4bec55c0fb6d','Módulo 2 - Pré-evento I: briefing, licenças e projeto',2);
insert into public.lessons (id,module_id,titulo,tipo,conteudo_rico,duracao_min,ordem,tem_quiz,preview_gratis) values ('29163c42-4b0f-44d9-89bb-6d434e22c9ab','22e48967-735f-485e-b1d9-971d1c3e99bf','Briefing: o documento que dá origem ao evento','texto','<p><strong>Para começar:</strong> Todo evento bom nasce de um briefing claro. Sem ele, a produção vira adivinhação cara.</p><p>O briefing é o documento que fornece as informações essenciais e orientações para guiar a criação e a execução de um projeto. Ele alinha todas as partes envolvidas em uma compreensão comum das metas e expectativas. Nesta aula você vai aprender a estrutura completa de um briefing e como conduzi-lo com o cliente.</p><ul><li><strong>Informações gerais:</strong> Título do projeto, data de início e conclusão prevista, e o local onde o evento será realizado. É o cabeçalho que identifica o projeto.</li><li><strong>Objetivo do projeto:</strong> Descrição do que é o evento, sua finalidade e o que se espera alcançar. Inclui o público-alvo: para quem o evento é feito. Tudo o que vier depois precisa servir a esse objetivo.</li><li><strong>Inspiração e conceito:</strong> Tema ou conceito que orienta a produção e referências visuais (imagens, obras, exemplos) que inspiram a criação. Dá a ''cara'' do evento.</li><li><strong>Formato e mídia:</strong> Tipo de evento/arte (show, peça, exposição, performance) e as ferramentas ou materiais específicos a serem usados.</li><li><strong>Orçamento:</strong> Orçamento total disponível, incluindo materiais, equipamentos, honorários e demais custos. É o limite que define o que é possível.</li><li><strong>Cronograma e logística:</strong> Datas-chave (marcos, ensaios, instalação, abertura), características do espaço e requisitos técnicos (iluminação, som, projeção).</li><li><strong>Equipe, aprovações e métricas:</strong> Lista de participantes e funções, processo e número de aprovações/revisões, métricas de sucesso (como o resultado será medido), gestão de feedback e os contatos com a frequência de atualizações.</li></ul><h4>Equipamentos / detalhes</h4><ul><li><strong>Modelo de briefing (Google Docs/Forms):</strong> Documento padronizado com todos os campos acima. Use um Google Forms para o cliente preencher e cair direto numa planilha, ou um Doc compartilhado para preencher na reunião.</li><li><strong>Pasta de referências visuais:</strong> Pasta no Drive ou board no Pinterest/Notion para reunir as referências de conceito que o cliente trouxer.</li></ul><h4>Passo a passo</h4><ol><li><strong>1. Agende a reunião de briefing:</strong> Marque com o cliente/contratante. Leve o modelo pronto para preencher campo a campo.</li><li><strong>2. Preencha informações gerais e objetivo:</strong> Comece pelo nome, data, local e, principalmente, o objetivo e o público-alvo.</li><li><strong>3. Capture conceito e referências:</strong> Peça exemplos visuais. ''Mostre-me um evento que você admira'' destrava o conceito.</li><li><strong>4. Trave orçamento e datas-chave:</strong> Sem o teto de orçamento e os marcos, nada do resto se planeja.</li><li><strong>5. Defina aprovações e métricas de sucesso:</strong> Quem aprova cada etapa e como o sucesso será medido (público, satisfação, impacto).</li><li><strong>6. Valide e distribua:</strong> Releia com o cliente, ajuste e compartilhe a versão final com a equipe. Clareza e precisão são essenciais.</li></ol><p><strong>Na prática:</strong> Cliente diz: ''quero um show inesquecível''. Inutilizável. Com o briefing você transforma isso em: evento dia 20/09, para 800 pessoas de 25-40 anos, conceito anos 80, orçamento de R$ 80 mil, sucesso medido por lotação e pesquisa de satisfação. Agora dá para produzir.</p><h4>Resumo</h4><ul><li>O briefing alinha todos numa compreensão comum do projeto.</li><li>Sem objetivo, público, orçamento e datas-chave, não há planejamento.</li><li>Clareza e precisão no briefing evitam retrabalho e surpresas.</li></ul>',30,1,true,false);
insert into public.quizzes (id,lesson_id,titulo) values ('6ac49cc8-fd9c-4727-a64d-1d5b7ce92fba','29163c42-4b0f-44d9-89bb-6d434e22c9ab','Quiz — Briefing: o documento que dá origem ao evento');
insert into public.quiz_questions (id,quiz_id,texto,explicacao,ordem,pontos) values ('b2093ebe-b84e-4ecb-a995-d2f2b57b278e','6ac49cc8-fd9c-4727-a64d-1d5b7ce92fba','Qual a principal função do briefing?','O briefing garante que todos tenham compreensão comum de metas e expectativas.',1,1);
insert into public.quiz_options (question_id,texto,correta,ordem) values ('b2093ebe-b84e-4ecb-a995-d2f2b57b278e','Pagar fornecedores',false,1);
insert into public.quiz_options (question_id,texto,correta,ordem) values ('b2093ebe-b84e-4ecb-a995-d2f2b57b278e','Alinhar todas as partes numa compreensão comum do projeto',true,2);
insert into public.quiz_options (question_id,texto,correta,ordem) values ('b2093ebe-b84e-4ecb-a995-d2f2b57b278e','Desmontar o palco',false,3);
insert into public.quiz_options (question_id,texto,correta,ordem) values ('b2093ebe-b84e-4ecb-a995-d2f2b57b278e','Operar a luz',false,4);
insert into public.quiz_questions (id,quiz_id,texto,explicacao,ordem,pontos) values ('46f4200e-55cf-4a19-acf2-077da67bbb7e','6ac49cc8-fd9c-4727-a64d-1d5b7ce92fba','O que NÃO pode faltar para viabilizar o planejamento?','Sem objetivo, público, orçamento e datas, o evento não se planeja.',2,1);
insert into public.quiz_options (question_id,texto,correta,ordem) values ('46f4200e-55cf-4a19-acf2-077da67bbb7e','A cor do convite',false,1);
insert into public.quiz_options (question_id,texto,correta,ordem) values ('46f4200e-55cf-4a19-acf2-077da67bbb7e','Objetivo, público, orçamento e datas-chave',true,2);
insert into public.quiz_options (question_id,texto,correta,ordem) values ('46f4200e-55cf-4a19-acf2-077da67bbb7e','O nome do motorista',false,3);
insert into public.quiz_options (question_id,texto,correta,ordem) values ('46f4200e-55cf-4a19-acf2-077da67bbb7e','A marca do microfone',false,4);
insert into public.quiz_questions (id,quiz_id,texto,explicacao,ordem,pontos) values ('f53f94c8-a1fb-4152-94ad-e1813dff0b1e','6ac49cc8-fd9c-4727-a64d-1d5b7ce92fba','''Métricas de sucesso'' no briefing servem para:','As métricas definem como o sucesso será medido (público, satisfação, impacto).',3,1);
insert into public.quiz_options (question_id,texto,correta,ordem) values ('f53f94c8-a1fb-4152-94ad-e1813dff0b1e','Definir o repertório',false,1);
insert into public.quiz_options (question_id,texto,correta,ordem) values ('f53f94c8-a1fb-4152-94ad-e1813dff0b1e','Medir como o resultado do evento será avaliado',true,2);
insert into public.quiz_options (question_id,texto,correta,ordem) values ('f53f94c8-a1fb-4152-94ad-e1813dff0b1e','Escolher o local',false,3);
insert into public.quiz_options (question_id,texto,correta,ordem) values ('f53f94c8-a1fb-4152-94ad-e1813dff0b1e','Pagar a equipe',false,4);
insert into public.quiz_questions (id,quiz_id,texto,explicacao,ordem,pontos) values ('8d2276d2-21f3-4807-a6c2-76a9dc83c010','6ac49cc8-fd9c-4727-a64d-1d5b7ce92fba','Uma boa prática para capturar o conceito é:','Referências visuais destravam o conceito e alinham expectativas.',4,1);
insert into public.quiz_options (question_id,texto,correta,ordem) values ('8d2276d2-21f3-4807-a6c2-76a9dc83c010','Decidir tudo sozinho',false,1);
insert into public.quiz_options (question_id,texto,correta,ordem) values ('8d2276d2-21f3-4807-a6c2-76a9dc83c010','Pedir referências visuais e exemplos ao cliente',true,2);
insert into public.quiz_options (question_id,texto,correta,ordem) values ('8d2276d2-21f3-4807-a6c2-76a9dc83c010','Ignorar o público-alvo',false,3);
insert into public.quiz_options (question_id,texto,correta,ordem) values ('8d2276d2-21f3-4807-a6c2-76a9dc83c010','Começar pela desmontagem',false,4);
insert into public.lessons (id,module_id,titulo,tipo,conteudo_rico,duracao_min,ordem,tem_quiz,preview_gratis) values ('09b1d99a-1337-4c67-85f7-c108e7c993e8','22e48967-735f-485e-b1d9-971d1c3e99bf','Licenças, autorizações e documentação legal do evento','texto','<p><strong>Para começar:</strong> Um evento sem documentação em ordem é uma multa (ou uma interdição) esperando para acontecer.</p><p>As licenças variam conforme o tipo de evento, o porte e o município/estado. O produtor não precisa ser advogado, mas precisa saber QUAIS frentes existem e acionar assessoria jurídica e os órgãos certos. IMPORTANTE: exigências, prazos e órgãos mudam conforme a legislação local; confirme sempre com a prefeitura e com assessoria especializada.</p><ul><li><strong>Licenças do evento:</strong> Alvará de autorização da prefeitura (uso do espaço), licença do Corpo de Bombeiros (segurança contra incêndio e pânico), licença ambiental (quando há impacto, como shows ao ar livre), licença de funcionamento de evento temporário, autorização para uso de som amplificado e autorização para venda de alimentos e bebidas (vigilância sanitária).</li><li><strong>Direitos autorais (ECAD):</strong> Para execução de músicas protegidas é necessária a autorização/recolhimento junto ao ECAD, garantindo a compensação a autores e compositores. Aplica-se a música ao vivo e mecânica.</li><li><strong>Casos específicos:</strong> Licença para venda de ingressos (evento pago), licença para fogos de artifício e licença de segurança/proteção contra incêndios em locais fechados. Cada um tem órgão e exigência próprios.</li><li><strong>Documentação do local:</strong> Habite-se (local apto para uso), laudo de segurança estrutural (palcos, arquibancadas), alvará sanitário (alimentos/banheiros) e contrato de locação do espaço.</li><li><strong>Documentação de contratação:</strong> Contratos de prestação de serviços, CNPJ/CPF dos prestadores, certificados de capacitação (operadores, seguranças, brigadistas) e seguro de responsabilidade civil para cobrir acidentes.</li><li><strong>Comunicação prévia às autoridades:</strong> Polícia Militar (segurança pública), Secretaria de Trânsito (impacto no tráfego) e Conselho Tutelar (eventos com menores). Avisar com antecedência evita problemas no dia.</li><li><strong>Seguro de responsabilidade civil:</strong> Não é uma licença, mas cobre danos ou lesões durante o evento. Altamente recomendado para qualquer evento com público.</li></ul><h4>Equipamentos / detalhes</h4><ul><li><strong>Checklist de licenças por evento:</strong> Planilha onde cada licença vira uma linha com status (a solicitar / solicitada / emitida), órgão, prazo e responsável. É o mapa da regularização.</li><li><strong>Pasta 06_Documentação_Legal (Drive):</strong> Subpasta dedicada para guardar alvarás, laudos, contratos e comprovantes. Acesso restrito.</li><li><strong>Assessoria jurídica especializada:</strong> Profissional ou escritório que valida contratos e licenças. Para eventos de porte, é investimento, não custo.</li></ul><h4>Passo a passo</h4><ol><li><strong>1. Mapeie as exigências locais:</strong> Consulte a prefeitura do município do evento e/ou a assessoria jurídica. As regras são locais.</li><li><strong>2. Liste todas as licenças aplicáveis:</strong> Monte o checklist marcando o que se aplica ao seu caso (som, alimentos, fogos, ingressos, etc.).</li><li><strong>3. Identifique prazos e responsáveis:</strong> Cada órgão tem prazo. Licenças de bombeiros e ambiental costumam demorar; comece cedo.</li><li><strong>4. Reúna a documentação do local e dos prestadores:</strong> Habite-se, laudo estrutural, contratos, CNPJ/CPF, certificados de capacitação.</li><li><strong>5. Faça as comunicações prévias:</strong> PM, trânsito e Conselho Tutelar quando aplicável.</li><li><strong>6. Contrate o seguro de responsabilidade civil:</strong> Dimensione conforme o porte e o público.</li></ol><p><strong>Na prática:</strong> Show ao ar livre para 2 mil pessoas com venda de bebida. Frentes obrigatórias: alvará da prefeitura, bombeiros, licença ambiental (ruído/ar livre), autorização de som, autorização de bebidas (sanitária), ECAD, comunicação à PM e ao trânsito, e seguro. Esquecer uma única delas pode interditar o evento na véspera.</p><h4>Resumo</h4><ul><li>Licenças variam por tipo, porte e legislação local: sempre confirme com a prefeitura e assessoria.</li><li>ECAD, bombeiros, sanitária, ambiental e alvará são as frentes mais comuns.</li><li>Documentação do local e dos prestadores e seguro completam a regularização.</li></ul>',30,2,true,false);
insert into public.quizzes (id,lesson_id,titulo) values ('c0fe0a85-6cdf-48c2-a623-5d0034475044','09b1d99a-1337-4c67-85f7-c108e7c993e8','Quiz — Licenças, autorizações e documentação legal do evento');
insert into public.quiz_questions (id,quiz_id,texto,explicacao,ordem,pontos) values ('ab90ea60-16e2-4cc1-9821-46cfd44b287b','c0fe0a85-6cdf-48c2-a623-5d0034475044','Para execução de músicas protegidas no evento, é necessária autorização de:','O ECAD garante a compensação a autores e compositores pela execução musical.',1,1);
insert into public.quiz_options (question_id,texto,correta,ordem) values ('ab90ea60-16e2-4cc1-9821-46cfd44b287b','Bombeiros',false,1);
insert into public.quiz_options (question_id,texto,correta,ordem) values ('ab90ea60-16e2-4cc1-9821-46cfd44b287b','ECAD',true,2);
insert into public.quiz_options (question_id,texto,correta,ordem) values ('ab90ea60-16e2-4cc1-9821-46cfd44b287b','Conselho Tutelar',false,3);
insert into public.quiz_options (question_id,texto,correta,ordem) values ('ab90ea60-16e2-4cc1-9821-46cfd44b287b','Vigilância Sanitária',false,4);
insert into public.quiz_questions (id,quiz_id,texto,explicacao,ordem,pontos) values ('a39f92ea-478f-45a1-8f22-aa164192a54e','c0fe0a85-6cdf-48c2-a623-5d0034475044','A segurança contra incêndio e pânico do local é responsabilidade de licença emitida pelo:','A licença do Corpo de Bombeiros garante que o local atende às normas de segurança.',2,1);
insert into public.quiz_options (question_id,texto,correta,ordem) values ('a39f92ea-478f-45a1-8f22-aa164192a54e','ECAD',false,1);
insert into public.quiz_options (question_id,texto,correta,ordem) values ('a39f92ea-478f-45a1-8f22-aa164192a54e','INSS',false,2);
insert into public.quiz_options (question_id,texto,correta,ordem) values ('a39f92ea-478f-45a1-8f22-aa164192a54e','Corpo de Bombeiros',true,3);
insert into public.quiz_options (question_id,texto,correta,ordem) values ('a39f92ea-478f-45a1-8f22-aa164192a54e','Cartório',false,4);
insert into public.quiz_questions (id,quiz_id,texto,explicacao,ordem,pontos) values ('842ec6e7-a854-4201-8ce9-21d9c88b0755','c0fe0a85-6cdf-48c2-a623-5d0034475044','Sobre as licenças, é correto afirmar:','As exigências são locais; sempre confirmar com prefeitura e assessoria especializada.',3,1);
insert into public.quiz_options (question_id,texto,correta,ordem) values ('842ec6e7-a854-4201-8ce9-21d9c88b0755','São iguais em todo o país',false,1);
insert into public.quiz_options (question_id,texto,correta,ordem) values ('842ec6e7-a854-4201-8ce9-21d9c88b0755','Variam por tipo, porte e legislação local, e devem ser confirmadas com prefeitura/assessoria',true,2);
insert into public.quiz_options (question_id,texto,correta,ordem) values ('842ec6e7-a854-4201-8ce9-21d9c88b0755','Não são necessárias em eventos pagos',false,3);
insert into public.quiz_options (question_id,texto,correta,ordem) values ('842ec6e7-a854-4201-8ce9-21d9c88b0755','Só o ECAD é obrigatório',false,4);
insert into public.quiz_questions (id,quiz_id,texto,explicacao,ordem,pontos) values ('c819d1d1-6587-443d-9d89-0cc27fb1716f','c0fe0a85-6cdf-48c2-a623-5d0034475044','O seguro de responsabilidade civil:','O seguro não é licença, mas cobre possíveis danos e lesões durante o evento.',4,1);
insert into public.quiz_options (question_id,texto,correta,ordem) values ('c819d1d1-6587-443d-9d89-0cc27fb1716f','É uma licença obrigatória da prefeitura',false,1);
insert into public.quiz_options (question_id,texto,correta,ordem) values ('c819d1d1-6587-443d-9d89-0cc27fb1716f','Não é uma licença, mas cobre danos/lesões durante o evento',true,2);
insert into public.quiz_options (question_id,texto,correta,ordem) values ('c819d1d1-6587-443d-9d89-0cc27fb1716f','Substitui o alvará dos bombeiros',false,3);
insert into public.quiz_options (question_id,texto,correta,ordem) values ('c819d1d1-6587-443d-9d89-0cc27fb1716f','Só serve para o artista',false,4);
insert into public.modules (id,course_id,titulo,ordem) values ('731cdd00-a84e-4302-a3f4-b8032e7d5c9b','f82b5aeb-95fd-4212-a067-4bec55c0fb6d','Módulo 3 - Pré-evento II: roteiro logístico, cronogramas e rider técnico',3);
insert into public.lessons (id,module_id,titulo,tipo,conteudo_rico,duracao_min,ordem,tem_quiz,preview_gratis) values ('fb0b730f-f363-440d-8370-0843d4ff9e39','731cdd00-a84e-4302-a3f4-b8032e7d5c9b','Roteiro logístico do evento','texto','<p><strong>Para começar:</strong> O roteiro logístico é o documento que garante que cada coisa esteja no lugar certo, na hora certa.</p><p>O roteiro logístico de um show garante que todos os elementos estejam no local e na hora corretos, contribuindo para uma produção suave e eficiente. Nesta aula você vai conhecer a estrutura completa do roteiro e aprender a montá-lo.</p><ul><li><strong>Informações gerais e equipe:</strong> Nome do evento, data, hora e local. Equipe envolvida dividida em produção, técnica (som, luz, palco) e segurança, com nomes e contatos.</li><li><strong>Cronograma do dia:</strong> Sequência horária: montagem e teste de som; montagem de iluminação e cenografia; check-in da banda/artista (com camarins); ensaio geral; portas abertas (conferência de ingressos e orientação do público); e o show ao vivo.</li><li><strong>Recursos necessários:</strong> Equipamento de som e iluminação, instrumentos, camarins, seguranças e equipe de atendimento ao público. É a lista do que precisa existir no local.</li><li><strong>Logística de carga e descarga:</strong> Horários designados para descarga e para carregamento pós-evento, local específico de carga/descarga e o responsável por essa logística.</li><li><strong>Segurança e emergência:</strong> Pontos de saída de emergência, localização do kit de primeiros socorros e procedimentos de evacuação. Item inegociável.</li><li><strong>Aprovações, contatos e anexos:</strong> Processo de aprovação, número de revisões, lista de contatos, frequência de atualizações, assinaturas e anexos (mapas do local, contratos relevantes).</li></ul><h4>Equipamentos / detalhes</h4><ul><li><strong>Modelo de roteiro logístico (Google Docs):</strong> Documento com as seções acima. Reaproveite como template entre eventos, ajustando datas e nomes.</li><li><strong>Planilha de cronograma horário:</strong> Coluna de horário, atividade e responsável. Visualiza o dia inteiro numa olhada (ver exemplo na próxima aula).</li><li><strong>Mapa do local / planta:</strong> Imagem ou planta do espaço marcando palco, carga/descarga, saídas de emergência, camarins e posto médico.</li></ul><h4>Passo a passo</h4><ol><li><strong>1. Preencha cabeçalho e equipe:</strong> Evento, data, local e a equipe por área com contatos.</li><li><strong>2. Monte o cronograma horário:</strong> Do início da montagem ao fim do show, hora a hora, com responsável por bloco.</li><li><strong>3. Liste recursos e carga/descarga:</strong> O que precisa existir e quando entra/sai do local, com responsável.</li><li><strong>4. Defina o plano de segurança e emergência:</strong> Saídas, primeiros socorros e evacuação. Comunique à equipe.</li><li><strong>5. Anexe mapa e contratos e colha aprovações:</strong> Mapa do local, contratos relevantes e assinaturas das partes.</li><li><strong>6. Distribua e mantenha versão única:</strong> Todos trabalham na MESMA versão. Datar o arquivo evita confusão.</li></ol><p><strong>Na prática:</strong> Sem roteiro, o caminhão de backline chega na hora das portas abrirem e trava tudo. Com o roteiro, a descarga foi às 07:30, o palco montou até as 12:00, o soundcheck rodou às 13:00 e o público entrou às 18:00 sem cruzar com equipamento. O roteiro é o que evita o caos do dia.</p><h4>Resumo</h4><ul><li>O roteiro logístico coloca cada coisa no lugar e na hora certa.</li><li>Cobre equipe, cronograma, recursos, carga/descarga, segurança e anexos.</li><li>Versão única e datada evita confusão no dia do evento.</li></ul>',30,1,true,false);
insert into public.quizzes (id,lesson_id,titulo) values ('1fb21913-f2fc-4a16-887e-d6f29dac097f','fb0b730f-f363-440d-8370-0843d4ff9e39','Quiz — Roteiro logístico do evento');
insert into public.quiz_questions (id,quiz_id,texto,explicacao,ordem,pontos) values ('b8e80458-2cfc-4bd1-8235-528132a8be46','1fb21913-f2fc-4a16-887e-d6f29dac097f','O roteiro logístico serve principalmente para:','O roteiro logístico assegura uma produção suave colocando tudo no lugar e hora certos.',1,1);
insert into public.quiz_options (question_id,texto,correta,ordem) values ('b8e80458-2cfc-4bd1-8235-528132a8be46','Pagar o artista',false,1);
insert into public.quiz_options (question_id,texto,correta,ordem) values ('b8e80458-2cfc-4bd1-8235-528132a8be46','Garantir cada elemento no local e hora certos',true,2);
insert into public.quiz_options (question_id,texto,correta,ordem) values ('b8e80458-2cfc-4bd1-8235-528132a8be46','Definir o repertório',false,3);
insert into public.quiz_options (question_id,texto,correta,ordem) values ('b8e80458-2cfc-4bd1-8235-528132a8be46','Negociar o cachê',false,4);
insert into public.quiz_questions (id,quiz_id,texto,explicacao,ordem,pontos) values ('89b54ab3-e043-42e8-a2b2-755d078d1cef','1fb21913-f2fc-4a16-887e-d6f29dac097f','Qual item é inegociável no roteiro?','Segurança e emergência são item obrigatório do roteiro logístico.',2,1);
insert into public.quiz_options (question_id,texto,correta,ordem) values ('89b54ab3-e043-42e8-a2b2-755d078d1cef','A cor do camarim',false,1);
insert into public.quiz_options (question_id,texto,correta,ordem) values ('89b54ab3-e043-42e8-a2b2-755d078d1cef','Saídas de emergência, primeiros socorros e evacuação',true,2);
insert into public.quiz_options (question_id,texto,correta,ordem) values ('89b54ab3-e043-42e8-a2b2-755d078d1cef','O cardápio do catering',false,3);
insert into public.quiz_options (question_id,texto,correta,ordem) values ('89b54ab3-e043-42e8-a2b2-755d078d1cef','A marca da van',false,4);
insert into public.quiz_questions (id,quiz_id,texto,explicacao,ordem,pontos) values ('3bd871a0-961a-402d-9691-2da6d92e1603','1fb21913-f2fc-4a16-887e-d6f29dac097f','Carga e descarga deve constar com:','A logística de carga/descarga inclui horários, local e responsável.',3,1);
insert into public.quiz_options (question_id,texto,correta,ordem) values ('3bd871a0-961a-402d-9691-2da6d92e1603','Apenas o nome do artista',false,1);
insert into public.quiz_options (question_id,texto,correta,ordem) values ('3bd871a0-961a-402d-9691-2da6d92e1603','Horários designados, local específico e responsável',true,2);
insert into public.quiz_options (question_id,texto,correta,ordem) values ('3bd871a0-961a-402d-9691-2da6d92e1603','Só o valor do frete',false,3);
insert into public.quiz_options (question_id,texto,correta,ordem) values ('3bd871a0-961a-402d-9691-2da6d92e1603','Apenas a placa do caminhão',false,4);
insert into public.quiz_questions (id,quiz_id,texto,explicacao,ordem,pontos) values ('be7a5974-2353-4f9f-996b-f740dd932fca','1fb21913-f2fc-4a16-887e-d6f29dac097f','Por que manter versão única e datada do roteiro?','Versão única datada evita que a equipe trabalhe com informações divergentes.',4,1);
insert into public.quiz_options (question_id,texto,correta,ordem) values ('be7a5974-2353-4f9f-996b-f740dd932fca','Para gastar mais papel',false,1);
insert into public.quiz_options (question_id,texto,correta,ordem) values ('be7a5974-2353-4f9f-996b-f740dd932fca','Para que todos trabalhem na mesma informação e evitar confusão',true,2);
insert into public.quiz_options (question_id,texto,correta,ordem) values ('be7a5974-2353-4f9f-996b-f740dd932fca','Para esconder do cliente',false,3);
insert into public.quiz_options (question_id,texto,correta,ordem) values ('be7a5974-2353-4f9f-996b-f740dd932fca','Não é necessário',false,4);
insert into public.lessons (id,module_id,titulo,tipo,conteudo_rico,duracao_min,ordem,tem_quiz,preview_gratis) values ('26fbb910-2570-4488-a426-fea6346108e3','731cdd00-a84e-4302-a3f4-b8032e7d5c9b','Cronogramas de equipe técnica, artística e de viagem','texto','<p><strong>Para começar:</strong> O cronograma é o relógio do evento. Quem domina o cronograma domina a operação.</p><p>Existem cronogramas distintos que se encaixam: o da equipe técnica, o da equipe artística e o de viagem/turnê. Nesta aula você aprende a montar cada um e a sincronizá-los para que som, luz, artista e público convirjam no mesmo ponto.</p><ul><li><strong>Cronograma da equipe técnica:</strong> Do dia do evento: montagem e teste de som e luz; check-in e recepção do artista (camarins e requisitos específicos); ensaio e ajustes finais; performance ao vivo com monitoramento constante de som e luz; e a desmontagem e carga de equipamentos no pós-evento. A equipe técnica deve manter comunicação constante (rádio) e ter plano de contingência para falhas técnicas.</li><li><strong>Cronograma da equipe artística:</strong> Chegada e preparação nos camarins; ensaio geral e ajustes de som/luz/cenografia; tempo livre e descanso; jantar; check de figurino e maquiagem; preparação pré-show (revisão de repertório, alinhamento com a banda); performance; e interação com fãs/mídia (autógrafos, fotos, entrevistas).</li><li><strong>Cronograma de viagem/turnê:</strong> Para deslocamentos: check-in no aeroporto e verificação de documentos; voo; transferência e check-in no hotel; tempo de aclimatação; reunião de equipe (revisão de itinerário e briefing); ensaios e preparação. Em dias de show numa turnê, integra exploração local, refeições, preparação, show, interação com fãs e debriefing pós-show.</li><li><strong>Sincronização dos cronogramas:</strong> Os três precisam conversar: a montagem técnica tem que estar pronta antes do ensaio artístico; o check-in do artista depende da viagem; o soundcheck precisa de palco montado. O produtor é quem garante o encaixe.</li><li><strong>Reunião de briefing do cronograma:</strong> Ao compartilhar os cronogramas, faça reuniões de briefing para garantir que todos conheçam suas responsabilidades e o fluxo de trabalho. Cronograma sem briefing é papel ignorado.</li></ul><h4>Equipamentos / detalhes</h4><ul><li><strong>Planilha de cronograma (Google Sheets):</strong> Colunas: Horário | Atividade | Responsável. Uma aba por frente (técnica, artística, viagem). Cores por status facilitam a leitura.</li><li><strong>Calendário compartilhado (Google Agenda):</strong> Registra ensaios, shows, deslocamentos e prazos. Convites com confirmação documentam quem está ciente.</li><li><strong>Rádio comunicador / grupo de WhatsApp:</strong> Comunicação constante no dia. Rádio para a operação técnica; grupo para alinhamentos e registros.</li></ul><h4>Passo a passo</h4><ol><li><strong>1. Defina o horário do show (âncora):</strong> Tudo se calcula a partir da hora do show, de trás para frente.</li><li><strong>2. Aloque a montagem técnica:</strong> Reserve tempo de sobra para montagem e teste de som/luz. Atraso aqui derruba o resto.</li><li><strong>3. Encaixe check-in do artista e ensaio:</strong> O artista chega depois da montagem; o ensaio acontece com o palco pronto.</li><li><strong>4. Posicione preparação, figurino e pré-show:</strong> Jantar, descanso, figurino/maquiagem e alinhamento de repertório antes de subir ao palco.</li><li><strong>5. Sincronize com a viagem:</strong> Se há deslocamento, o cronograma de viagem precisa entregar o artista antes do check-in.</li><li><strong>6. Faça a reunião de briefing:</strong> Apresente o cronograma e confirme que cada um entendeu sua responsabilidade.</li></ol><p><strong>Na prática:</strong> Show às 21:00. De trás para frente: pré-show 19:30, figurino 19:00, jantar 18:00, ensaio 14:00-16:00, montagem técnica 12:00-15:00, descarga 07:30. Se o voo do artista só pousa às 18:00, há conflito com o jantar; o produtor antecipa o jantar ou o transporte. É o encaixe dos três cronogramas que faz o show acontecer.</p><h4>Resumo</h4><ul><li>Há cronogramas técnico, artístico e de viagem, e eles devem se sincronizar.</li><li>Monte de trás para frente a partir do horário do show.</li><li>Cronograma sem reunião de briefing é papel ignorado.</li></ul>',30,2,true,false);
insert into public.quizzes (id,lesson_id,titulo) values ('422c4b5a-6b6f-477d-bb31-2d7821979186','26fbb910-2570-4488-a426-fea6346108e3','Quiz — Cronogramas de equipe técnica, artística e de viagem');
insert into public.quiz_questions (id,quiz_id,texto,explicacao,ordem,pontos) values ('3e0c5399-fc61-4d2b-b7fe-04d529eea373','422c4b5a-6b6f-477d-bb31-2d7821979186','A melhor forma de montar o cronograma do dia é:','Com o horário do show como âncora, calcula-se tudo de trás para frente.',1,1);
insert into public.quiz_options (question_id,texto,correta,ordem) values ('3e0c5399-fc61-4d2b-b7fe-04d529eea373','Do começo da manhã para frente, sem âncora',false,1);
insert into public.quiz_options (question_id,texto,correta,ordem) values ('3e0c5399-fc61-4d2b-b7fe-04d529eea373','De trás para frente a partir do horário do show',true,2);
insert into public.quiz_options (question_id,texto,correta,ordem) values ('3e0c5399-fc61-4d2b-b7fe-04d529eea373','Começando pela desmontagem',false,3);
insert into public.quiz_options (question_id,texto,correta,ordem) values ('3e0c5399-fc61-4d2b-b7fe-04d529eea373','Aleatoriamente',false,4);
insert into public.quiz_questions (id,quiz_id,texto,explicacao,ordem,pontos) values ('f563b8e3-4da7-43e7-84d4-8b286d8bf238','422c4b5a-6b6f-477d-bb31-2d7821979186','Por que a montagem técnica deve ter folga de tempo?','A montagem precede ensaio e soundcheck; atraso aqui contamina o resto.',2,1);
insert into public.quiz_options (question_id,texto,correta,ordem) values ('f563b8e3-4da7-43e7-84d4-8b286d8bf238','Para a equipe descansar',false,1);
insert into public.quiz_options (question_id,texto,correta,ordem) values ('f563b8e3-4da7-43e7-84d4-8b286d8bf238','Porque atraso na montagem derruba ensaio, soundcheck e show',true,2);
insert into public.quiz_options (question_id,texto,correta,ordem) values ('f563b8e3-4da7-43e7-84d4-8b286d8bf238','Para economizar dinheiro',false,3);
insert into public.quiz_options (question_id,texto,correta,ordem) values ('f563b8e3-4da7-43e7-84d4-8b286d8bf238','Não precisa de folga',false,4);
insert into public.quiz_questions (id,quiz_id,texto,explicacao,ordem,pontos) values ('498b522f-a23f-4321-907e-c95c324092dd','422c4b5a-6b6f-477d-bb31-2d7821979186','A equipe técnica deve, durante o show:','Comunicação constante e plano de contingência são essenciais para a técnica.',3,1);
insert into public.quiz_options (question_id,texto,correta,ordem) values ('498b522f-a23f-4321-907e-c95c324092dd','Ficar offline',false,1);
insert into public.quiz_options (question_id,texto,correta,ordem) values ('498b522f-a23f-4321-907e-c95c324092dd','Manter comunicação constante (rádio) e ter plano de contingência',true,2);
insert into public.quiz_options (question_id,texto,correta,ordem) values ('498b522f-a23f-4321-907e-c95c324092dd','Desmontar o palco',false,3);
insert into public.quiz_options (question_id,texto,correta,ordem) values ('498b522f-a23f-4321-907e-c95c324092dd','Sair do local',false,4);
insert into public.quiz_questions (id,quiz_id,texto,explicacao,ordem,pontos) values ('aee00e72-5067-4e60-945e-db31936315e2','422c4b5a-6b6f-477d-bb31-2d7821979186','Compartilhar o cronograma sem reunião de briefing tende a:','A reunião de briefing garante que todos conheçam responsabilidades e fluxo.',4,1);
insert into public.quiz_options (question_id,texto,correta,ordem) values ('aee00e72-5067-4e60-945e-db31936315e2','Funcionar perfeitamente',false,1);
insert into public.quiz_options (question_id,texto,correta,ordem) values ('aee00e72-5067-4e60-945e-db31936315e2','Fazer o documento ser ignorado e gerar falhas',true,2);
insert into public.quiz_options (question_id,texto,correta,ordem) values ('aee00e72-5067-4e60-945e-db31936315e2','Reduzir custos',false,3);
insert into public.quiz_options (question_id,texto,correta,ordem) values ('aee00e72-5067-4e60-945e-db31936315e2','Acelerar a montagem',false,4);
insert into public.lessons (id,module_id,titulo,tipo,conteudo_rico,duracao_min,ordem,tem_quiz,preview_gratis) values ('2a1cb3d4-8a10-40d8-978a-2f18b82d612f','731cdd00-a84e-4302-a3f4-b8032e7d5c9b','Rider técnico: o documento técnico do artista','texto','<p><strong>Para começar:</strong> O rider técnico é a ponte entre o que o artista exige e o que o local oferece. Lê-lo errado custa caro.</p><p>O rider técnico descreve as especificações técnicas necessárias para a produção: equipamentos, palco, energia, equipe e hospitalidade. É elaborado pelo artista/equipe e compartilhado com a equipe técnica do local. O produtor técnico confere o rider com o contratante e valida o que o local entrega. Nesta aula você aprende a ler, conferir e usar um rider.</p><ul><li><strong>Equipamentos:</strong> Especificações detalhadas de som, luz, palco e demais equipamentos, com marcas e modelos preferidos pelo artista (PA, monitores, microfones, backline). É a ''lista de compras'' técnica.</li><li><strong>Configuração de palco:</strong> Dimensões e layout do palco, número de microfones, caixas, monitores e os requisitos de cenografia e elementos visuais. Define o que precisa caber e onde.</li><li><strong>Requisitos elétricos:</strong> Necessidades de alimentação elétrica de todos os equipamentos e os pontos estratégicos de energia. Falha elétrica é uma das principais causas de problema em palco.</li><li><strong>Equipe técnica:</strong> Número e funções dos profissionais necessários: engenheiro de som (PA e monitor), iluminador, técnicos de palco e backline. Define quem precisa estar presente.</li><li><strong>Camarins e hospedagem:</strong> Necessidades de camarim (água, alimentos específicos) e os requisitos de hospedagem da equipe e do artista. É o rider de hospitalidade, parte do cuidado com o artista.</li><li><strong>Segurança e logística de carga:</strong> Requisitos de segurança no palco e no local, instruções de emergência, e horários/locais de carga e descarga, com necessidade de estacionamento.</li><li><strong>Rider técnico x rider de hospitalidade:</strong> O rider técnico trata de equipamentos e palco; o rider de hospitalidade trata de camarim, alimentação, transporte e conforto. Frequentemente vêm juntos, mas o produtor trata cada frente com o fornecedor certo.</li></ul><h4>Equipamentos / detalhes</h4><ul><li><strong>Rider técnico (PDF do artista):</strong> Documento-fonte enviado pelo artista. Guarde sempre a última versão datada na pasta do artista.</li><li><strong>Stage plan / mapa de palco:</strong> Desenho que mostra onde fica cada músico, instrumento, monitor e microfone no palco. Acompanha o rider e orienta a montagem.</li><li><strong>Input list (lista de canais):</strong> Lista numerada de cada entrada na mesa de som (canal 1: bumbo, canal 2: caixa, etc.). É o que o engenheiro de som usa para ligar tudo.</li><li><strong>Planilha de conferência de rider:</strong> Coluna do que o rider pede x o que o local oferece x status (ok / faltando / substituto). É como o produtor técnico valida o rider.</li></ul><h4>Passo a passo</h4><ol><li><strong>1. Receba e leia o rider completo:</strong> Não pule. Cada linha de equipamento e energia importa.</li><li><strong>2. Confronte rider x infraestrutura do local:</strong> Monte a planilha de conferência: o que o rider pede e o que o local realmente tem.</li><li><strong>3. Resolva as lacunas:</strong> O que falta: aluga, substitui por equivalente (com aprovação do artista) ou negocia. Documente cada decisão.</li><li><strong>4. Valide o stage plan e a input list:</strong> Confira o mapa de palco e a lista de canais com o engenheiro de som.</li><li><strong>5. Trate a hospitalidade separadamente:</strong> Camarim, alimentação e hospedagem vão para os fornecedores certos.</li><li><strong>6. Confirme com o contratante e a equipe técnica do local:</strong> Alinhe expectativas antes do dia. O cumprimento do rider é o que garante a performance.</li></ol><p><strong>Na prática:</strong> O rider pede PA L-Acoustics, 6 vias de monitor in-ear, SM58 nas vozes e kit padrão de bateria. O local só tem 4 vias de monitor. O produtor técnico identifica a lacuna na planilha, aluga 2 vias extras e confirma com o engenheiro do artista antes do soundcheck. Sem essa conferência, o problema só apareceria na hora do show, sem solução.</p><h4>Resumo</h4><ul><li>O rider técnico especifica equipamentos, palco, energia, equipe e hospitalidade.</li><li>O produtor técnico confere rider x local e resolve as lacunas antes do dia.</li><li>Stage plan e input list orientam a montagem e a operação de som.</li></ul>',30,3,true,false);
insert into public.quizzes (id,lesson_id,titulo) values ('88269049-d0f3-46d6-8e58-8196457b7263','2a1cb3d4-8a10-40d8-978a-2f18b82d612f','Quiz — Rider técnico: o documento técnico do artista');
insert into public.quiz_questions (id,quiz_id,texto,explicacao,ordem,pontos) values ('693ae8f6-09dd-45b1-9730-a846a71467a8','88269049-d0f3-46d6-8e58-8196457b7263','O rider técnico é elaborado por quem?','O rider técnico é elaborado pelo artista/equipe e compartilhado com a equipe técnica do local.',1,1);
insert into public.quiz_options (question_id,texto,correta,ordem) values ('693ae8f6-09dd-45b1-9730-a846a71467a8','Pela prefeitura',false,1);
insert into public.quiz_options (question_id,texto,correta,ordem) values ('693ae8f6-09dd-45b1-9730-a846a71467a8','Pelo artista ou sua equipe',true,2);
insert into public.quiz_options (question_id,texto,correta,ordem) values ('693ae8f6-09dd-45b1-9730-a846a71467a8','Pela vigilância sanitária',false,3);
insert into public.quiz_options (question_id,texto,correta,ordem) values ('693ae8f6-09dd-45b1-9730-a846a71467a8','Pelo público',false,4);
insert into public.quiz_questions (id,quiz_id,texto,explicacao,ordem,pontos) values ('950a8a18-7f1d-4246-a362-98587001a0d4','88269049-d0f3-46d6-8e58-8196457b7263','O documento que mostra onde cada músico e equipamento fica no palco é o:','O stage plan (mapa de palco) mostra as posições no palco.',2,1);
insert into public.quiz_options (question_id,texto,correta,ordem) values ('950a8a18-7f1d-4246-a362-98587001a0d4','Input list',false,1);
insert into public.quiz_options (question_id,texto,correta,ordem) values ('950a8a18-7f1d-4246-a362-98587001a0d4','Stage plan / mapa de palco',true,2);
insert into public.quiz_options (question_id,texto,correta,ordem) values ('950a8a18-7f1d-4246-a362-98587001a0d4','Alvará',false,3);
insert into public.quiz_options (question_id,texto,correta,ordem) values ('950a8a18-7f1d-4246-a362-98587001a0d4','Briefing',false,4);
insert into public.quiz_questions (id,quiz_id,texto,explicacao,ordem,pontos) values ('3beb414a-fe62-4e02-bce9-50d0827cfdb4','88269049-d0f3-46d6-8e58-8196457b7263','Ao conferir o rider, ao encontrar uma lacuna o produtor técnico deve:','Lacunas se resolvem antes do dia: aluguel ou substituto aprovado, sempre documentado.',3,1);
insert into public.quiz_options (question_id,texto,correta,ordem) values ('3beb414a-fe62-4e02-bce9-50d0827cfdb4','Ignorar e ver no dia',false,1);
insert into public.quiz_options (question_id,texto,correta,ordem) values ('3beb414a-fe62-4e02-bce9-50d0827cfdb4','Alugar, substituir por equivalente com aprovação ou negociar, documentando',true,2);
insert into public.quiz_options (question_id,texto,correta,ordem) values ('3beb414a-fe62-4e02-bce9-50d0827cfdb4','Cancelar o show',false,3);
insert into public.quiz_options (question_id,texto,correta,ordem) values ('3beb414a-fe62-4e02-bce9-50d0827cfdb4','Mudar o repertório',false,4);
insert into public.quiz_questions (id,quiz_id,texto,explicacao,ordem,pontos) values ('bdb4d020-7916-473f-94d8-9dd50c0ff619','88269049-d0f3-46d6-8e58-8196457b7263','A diferença entre rider técnico e rider de hospitalidade é:','O técnico cuida de palco/equipamentos; a hospitalidade, de camarim e conforto.',4,1);
insert into public.quiz_options (question_id,texto,correta,ordem) values ('bdb4d020-7916-473f-94d8-9dd50c0ff619','São o mesmo documento',false,1);
insert into public.quiz_options (question_id,texto,correta,ordem) values ('bdb4d020-7916-473f-94d8-9dd50c0ff619','Técnico trata de equipamentos/palco; hospitalidade trata de camarim, alimentação e conforto',true,2);
insert into public.quiz_options (question_id,texto,correta,ordem) values ('bdb4d020-7916-473f-94d8-9dd50c0ff619','Hospitalidade trata de energia elétrica',false,3);
insert into public.quiz_options (question_id,texto,correta,ordem) values ('bdb4d020-7916-473f-94d8-9dd50c0ff619','Técnico trata só de comida',false,4);
insert into public.modules (id,course_id,titulo,ordem) values ('37296755-a6ac-43c8-b0a2-a2a46b427baf','f82b5aeb-95fd-4212-a067-4bec55c0fb6d','Módulo 4 - Equipe e financeiro: contratação, orçamento e documentos de pagamento',4);
insert into public.lessons (id,module_id,titulo,tipo,conteudo_rico,duracao_min,ordem,tem_quiz,preview_gratis) values ('f08dda32-5363-4765-9403-4609e9e0df99','37296755-a6ac-43c8-b0a2-a2a46b427baf','Montando a equipe: funções, contratação e escala','texto','<p><strong>Para começar:</strong> Formar uma equipe é essencial. O evento é tão bom quanto as pessoas que o operam.</p><p>Nesta aula você vai conhecer as funções de uma equipe de produção, os critérios de contratação e como montar a escala de trabalho que distribui as pessoas ao longo do pré, durante e pós-evento.</p><ul><li><strong>Funções técnicas e de apoio:</strong> Técnico de som, técnico de luz, VJ, técnico de efeito, técnico de segurança, técnico de transporte, roadie, produtor pessoal, produtor técnico e equipe artística (banda, DJ, músicos, dobra). Cada função tem responsabilidade e perfil próprios.</li><li><strong>Posições-chave da produção:</strong> Gerente de produção (supervisão geral e coordenação logística), diretor artístico (direção criativa), engenheiro de som (mixagem em estúdio e ao vivo), road manager (logística em turnê e solução de problemas em tempo real), técnico de palco, designer de iluminação, coordenador de marketing, assistente pessoal do artista, equipe de apoio em turnê e contratantes locais.</li><li><strong>Critérios de contratação:</strong> Selecione por habilidade técnica E por compatibilidade cultural e comprometimento com a visão do projeto. Para cada posição, avalie experiência comprovada, habilidades específicas (organização, comunicação) e, em funções sensíveis, discrição e confiabilidade. Comunicação aberta e colaboração são fundamentais.</li><li><strong>Contratantes locais:</strong> Em eventos fora da base, profissionais locais que conhecem regulamentações e têm rede estabelecida na cidade. Reduzem risco e custo de deslocamento de equipe.</li><li><strong>A escala de trabalho:</strong> Documento que distribui quem faz o quê em cada fase: pré-produção (semana anterior), dia do show (manhã, tarde, noite/durante, após) e pós-produção (dia seguinte e suporte contínuo). Garante que cada momento tenha responsável e evita buracos de cobertura.</li></ul><h4>Equipamentos / detalhes</h4><ul><li><strong>Planilha de equipe e contatos:</strong> Nome | Função | Contato. Base para escala, logística e comunicação. Mantenha atualizada.</li><li><strong>Escala de trabalho (planilha):</strong> Distribui funções por fase (pré, dia, pós). Cada bloco com responsável nomeado.</li><li><strong>Documento de contratação de fornecedores/equipe:</strong> Registra fornecedor, serviço contratado, data/hora e valor acordado de cada contratação, com responsabilidades e condições gerais.</li></ul><h4>Passo a passo</h4><ol><li><strong>1. Liste as funções que o evento exige:</strong> Nem todo evento precisa de VJ ou designer de iluminação dedicado. Dimensione pelo porte.</li><li><strong>2. Defina critérios por posição:</strong> Para cada função, anote habilidade técnica + perfil (confiabilidade, comunicação) exigidos.</li><li><strong>3. Selecione e contrate:</strong> Avalie experiência e compatibilidade. Formalize com o documento de contratação (serviço, data, valor).</li><li><strong>4. Considere contratantes locais:</strong> Em eventos fora da base, contrate apoio local que conheça a cidade e as regras.</li><li><strong>5. Monte a escala por fase:</strong> Distribua a equipe na pré-produção, no dia (manhã/tarde/durante/após) e no pós.</li><li><strong>6. Faça o briefing de responsabilidades:</strong> Cada um precisa saber claramente o que faz e quando. Mantenha contingência para imprevistos.</li></ol><p><strong>Na prática:</strong> Para um show, a escala fica: na semana anterior o gerente de produção planeja e o técnico de palco confere equipamento; na manhã do dia, montagem; à tarde, soundcheck e luz; à noite, som e luz operando o show; após, desmontagem; no dia seguinte, avaliação e relatório. Cada bloco com nome. Sem escala, alguém sempre ''achava que era o outro''.</p><h4>Resumo</h4><ul><li>A equipe combina funções técnicas, artísticas, de apoio e posições-chave de gestão.</li><li>Contrate por habilidade técnica E por confiabilidade e alinhamento com o projeto.</li><li>A escala distribui responsáveis por fase e evita buracos de cobertura.</li></ul>',30,1,true,false);
insert into public.quizzes (id,lesson_id,titulo) values ('ca77f4aa-dedd-4767-80ff-e40ecdeb50f6','f08dda32-5363-4765-9403-4609e9e0df99','Quiz — Montando a equipe: funções, contratação e escala');
insert into public.quiz_questions (id,quiz_id,texto,explicacao,ordem,pontos) values ('ff8fe600-f436-40c5-b8d6-2de130a4b5a9','ca77f4aa-dedd-4767-80ff-e40ecdeb50f6','A seleção da equipe deve considerar:','Contrata-se por habilidade técnica e também por perfil e alinhamento com a visão.',1,1);
insert into public.quiz_options (question_id,texto,correta,ordem) values ('ff8fe600-f436-40c5-b8d6-2de130a4b5a9','Apenas o menor preço',false,1);
insert into public.quiz_options (question_id,texto,correta,ordem) values ('ff8fe600-f436-40c5-b8d6-2de130a4b5a9','Habilidade técnica E compatibilidade/confiabilidade com o projeto',true,2);
insert into public.quiz_options (question_id,texto,correta,ordem) values ('ff8fe600-f436-40c5-b8d6-2de130a4b5a9','Apenas a cidade da pessoa',false,3);
insert into public.quiz_options (question_id,texto,correta,ordem) values ('ff8fe600-f436-40c5-b8d6-2de130a4b5a9','Apenas a idade',false,4);
insert into public.quiz_questions (id,quiz_id,texto,explicacao,ordem,pontos) values ('b83fc3df-f3e2-4a42-839c-d5c90e60eac0','ca77f4aa-dedd-4767-80ff-e40ecdeb50f6','A escala de trabalho serve para:','A escala distribui funções ao longo das fases e evita buracos de cobertura.',2,1);
insert into public.quiz_options (question_id,texto,correta,ordem) values ('b83fc3df-f3e2-4a42-839c-d5c90e60eac0','Definir o cachê do artista',false,1);
insert into public.quiz_options (question_id,texto,correta,ordem) values ('b83fc3df-f3e2-4a42-839c-d5c90e60eac0','Distribuir quem faz o quê em cada fase (pré, dia, pós)',true,2);
insert into public.quiz_options (question_id,texto,correta,ordem) values ('b83fc3df-f3e2-4a42-839c-d5c90e60eac0','Substituir o rider',false,3);
insert into public.quiz_options (question_id,texto,correta,ordem) values ('b83fc3df-f3e2-4a42-839c-d5c90e60eac0','Escolher o local',false,4);
insert into public.quiz_questions (id,quiz_id,texto,explicacao,ordem,pontos) values ('fc342c09-cd19-4c70-82ab-28efb5e7699e','ca77f4aa-dedd-4767-80ff-e40ecdeb50f6','Contratantes locais são úteis principalmente para:','Contratantes locais conhecem regulamentações e têm rede na cidade do evento.',3,1);
insert into public.quiz_options (question_id,texto,correta,ordem) values ('fc342c09-cd19-4c70-82ab-28efb5e7699e','Reduzir a qualidade',false,1);
insert into public.quiz_options (question_id,texto,correta,ordem) values ('fc342c09-cd19-4c70-82ab-28efb5e7699e','Aproveitar conhecimento das regras locais e rede da cidade em eventos fora da base',true,2);
insert into public.quiz_options (question_id,texto,correta,ordem) values ('fc342c09-cd19-4c70-82ab-28efb5e7699e','Substituir o produtor executivo',false,3);
insert into public.quiz_options (question_id,texto,correta,ordem) values ('fc342c09-cd19-4c70-82ab-28efb5e7699e','Operar a mesa de som',false,4);
insert into public.quiz_questions (id,quiz_id,texto,explicacao,ordem,pontos) values ('ab391930-a0ad-4b63-bb64-09951a2595e3','ca77f4aa-dedd-4767-80ff-e40ecdeb50f6','O road manager é responsável por:','O road manager gerencia a logística da turnê e resolve problemas em tempo real.',4,1);
insert into public.quiz_options (question_id,texto,correta,ordem) values ('ab391930-a0ad-4b63-bb64-09951a2595e3','Direção criativa',false,1);
insert into public.quiz_options (question_id,texto,correta,ordem) values ('ab391930-a0ad-4b63-bb64-09951a2595e3','Logística em turnê e solução de problemas em tempo real',true,2);
insert into public.quiz_options (question_id,texto,correta,ordem) values ('ab391930-a0ad-4b63-bb64-09951a2595e3','Mixagem de estúdio',false,3);
insert into public.quiz_options (question_id,texto,correta,ordem) values ('ab391930-a0ad-4b63-bb64-09951a2595e3','Emissão de alvarás',false,4);
insert into public.lessons (id,module_id,titulo,tipo,conteudo_rico,duracao_min,ordem,tem_quiz,preview_gratis) values ('9fed4ee2-09df-4046-b532-63eb662c232f','37296755-a6ac-43c8-b0a2-a2a46b427baf','Orçamento do evento: como montar a planilha','texto','<p><strong>Para começar:</strong> O orçamento é onde o evento prova que é viável. Sem ele, você produz no escuro.</p><p>Montar a planilha de orçamento pré-evento é etapa crucial para identificar e gerenciar todos os custos. Nesta aula você vai aprender o passo a passo completo da construção de um orçamento, com fórmulas, contingência e validação.</p><ul><li><strong>Categorias de custo:</strong> Liste todas as categorias possíveis: locação de espaço, equipe, equipamentos, marketing, catering, transporte, decoração, entre outros. Nada deve ficar de fora.</li><li><strong>Custos fixos x variáveis:</strong> Custos fixos são constantes (locação do salão); variáveis mudam com o porte/número de participantes (catering por pessoa). Distinguir os dois ajuda a simular cenários.</li><li><strong>Custos diretos x indiretos:</strong> Diretos são ligados ao evento (palco, artista); indiretos incluem despesas administrativas, seguro e taxas. Esquecer indiretos estoura o orçamento depois.</li><li><strong>Contingência:</strong> Reserve uma porcentagem do total para custos imprevistos e mudanças de última hora. É o que separa o produtor experiente do otimista.</li><li><strong>Taxas e impostos:</strong> Inclua taxas e impostos aplicáveis aos custos para evitar surpresas no valor final.</li><li><strong>Estrutura da planilha:</strong> Colunas: Categoria | Descrição do item | Quantidade | Custo unitário | Custo total. Use fórmulas (quantidade x custo unitário) e subtotais por categoria mais total geral.</li><li><strong>Validação e atualização:</strong> Revise para garantir que nada foi omitido, compartilhe com as partes interessadas (equipe, cliente, patrocinadores) e atualize sempre que surgirem novas informações.</li></ul><h4>Equipamentos / detalhes</h4><ul><li><strong>Planilha de orçamento (Google Sheets / Excel):</strong> Onde o orçamento vive. Use SOMA, multiplicação e formatação de moeda. Uma aba de resumo com subtotais e total geral.</li><li><strong>Cotações de fornecedores:</strong> Documentos de apoio (e-mails, propostas) que sustentam cada valor estimado. Vincule-os à planilha.</li><li><strong>Modelo de estrutura de orçamento:</strong> Template com categorias-padrão (locação, catering, marketing, equipamentos, transporte, decoração, administrativo) para reaproveitar entre eventos.</li></ul><h4>Passo a passo</h4><ol><li><strong>1. Liste as categorias de custo:</strong> Levante todas as frentes do evento. Use o briefing como base.</li><li><strong>2. Detalhe os itens por categoria:</strong> Para cada categoria, crie linhas com descrição, quantidade e custo unitário.</li><li><strong>3. Estime com cotações reais:</strong> Baseie os valores em pesquisa de mercado, cotações de fornecedores e experiência. Nunca chute.</li><li><strong>4. Aplique fórmulas e subtotais:</strong> Custo total = quantidade x unitário. Some subtotais por categoria e o total geral.</li><li><strong>5. Some contingência, indiretos, taxas e impostos:</strong> Reserve a contingência e inclua custos indiretos, taxas e impostos.</li><li><strong>6. Revise, valide e compartilhe:</strong> Confira se nada foi omitido, valide com as partes interessadas e mantenha o documento de apoio (cotações) anexo.</li><li><strong>7. Atualize ao longo do projeto:</strong> Sempre que mudar algo, atualize a planilha para manter precisão.</li></ol><p><strong>Na prática:</strong> Exemplo simples: Locação (1 salão x R$ 5.000 = R$ 5.000) + Catering (150 coffee breaks x R$ 10 = R$ 1.500) + Marketing (5.000 flyers x R$ 0,20 = R$ 1.000)... total parcial R$ 15.000. Sobre isso, soma-se contingência (ex.: 10% = R$ 1.500), indiretos, taxas e impostos. O número final é o que torna o evento viável ou não.</p><h4>Resumo</h4><ul><li>O orçamento lista todas as categorias, distinguindo fixos/variáveis e diretos/indiretos.</li><li>Use fórmulas, subtotais e total geral; estime com cotações reais.</li><li>Sempre reserve contingência e inclua taxas/impostos para não estourar.</li></ul>',35,2,true,false);
insert into public.quizzes (id,lesson_id,titulo) values ('72b7ff77-1d50-4168-a484-b9ac1f5f50d4','9fed4ee2-09df-4046-b532-63eb662c232f','Quiz — Orçamento do evento: como montar a planilha');
insert into public.quiz_questions (id,quiz_id,texto,explicacao,ordem,pontos) values ('ac15243d-df23-4871-893a-e3da38ef18ba','72b7ff77-1d50-4168-a484-b9ac1f5f50d4','Custos que variam conforme o número de participantes são:','Custos variáveis mudam com o porte/número de participantes, como catering por pessoa.',1,1);
insert into public.quiz_options (question_id,texto,correta,ordem) values ('ac15243d-df23-4871-893a-e3da38ef18ba','Fixos',false,1);
insert into public.quiz_options (question_id,texto,correta,ordem) values ('ac15243d-df23-4871-893a-e3da38ef18ba','Variáveis',true,2);
insert into public.quiz_options (question_id,texto,correta,ordem) values ('ac15243d-df23-4871-893a-e3da38ef18ba','Indiretos',false,3);
insert into public.quiz_options (question_id,texto,correta,ordem) values ('ac15243d-df23-4871-893a-e3da38ef18ba','Contingência',false,4);
insert into public.quiz_questions (id,quiz_id,texto,explicacao,ordem,pontos) values ('8321d4d2-97ba-446c-a511-8b8e3b4df36d','72b7ff77-1d50-4168-a484-b9ac1f5f50d4','A contingência no orçamento serve para:','A contingência é uma reserva para imprevistos e mudanças de última hora.',2,1);
insert into public.quiz_options (question_id,texto,correta,ordem) values ('8321d4d2-97ba-446c-a511-8b8e3b4df36d','Aumentar o lucro do artista',false,1);
insert into public.quiz_options (question_id,texto,correta,ordem) values ('8321d4d2-97ba-446c-a511-8b8e3b4df36d','Cobrir custos imprevistos e mudanças de última hora',true,2);
insert into public.quiz_options (question_id,texto,correta,ordem) values ('8321d4d2-97ba-446c-a511-8b8e3b4df36d','Pagar impostos',false,3);
insert into public.quiz_options (question_id,texto,correta,ordem) values ('8321d4d2-97ba-446c-a511-8b8e3b4df36d','Reduzir a equipe',false,4);
insert into public.quiz_questions (id,quiz_id,texto,explicacao,ordem,pontos) values ('ce468d7f-cd74-429f-a691-d6f993b5f87c','72b7ff77-1d50-4168-a484-b9ac1f5f50d4','A fórmula básica do custo total de um item é:','Custo total = quantidade × custo unitário.',3,1);
insert into public.quiz_options (question_id,texto,correta,ordem) values ('ce468d7f-cd74-429f-a691-d6f993b5f87c','Custo unitário ÷ quantidade',false,1);
insert into public.quiz_options (question_id,texto,correta,ordem) values ('ce468d7f-cd74-429f-a691-d6f993b5f87c','Quantidade × custo unitário',true,2);
insert into public.quiz_options (question_id,texto,correta,ordem) values ('ce468d7f-cd74-429f-a691-d6f993b5f87c','Quantidade + impostos',false,3);
insert into public.quiz_options (question_id,texto,correta,ordem) values ('ce468d7f-cd74-429f-a691-d6f993b5f87c','Custo unitário − taxas',false,4);
insert into public.quiz_questions (id,quiz_id,texto,explicacao,ordem,pontos) values ('14234332-6c38-463c-9902-a1e8c0749aa8','72b7ff77-1d50-4168-a484-b9ac1f5f50d4','Esquecer custos indiretos (administrativos, seguro, taxas) tende a:','Custos indiretos esquecidos estouram o orçamento final.',4,1);
insert into public.quiz_options (question_id,texto,correta,ordem) values ('14234332-6c38-463c-9902-a1e8c0749aa8','Não afetar nada',false,1);
insert into public.quiz_options (question_id,texto,correta,ordem) values ('14234332-6c38-463c-9902-a1e8c0749aa8','Estourar o orçamento depois',true,2);
insert into public.quiz_options (question_id,texto,correta,ordem) values ('14234332-6c38-463c-9902-a1e8c0749aa8','Reduzir o custo final',false,3);
insert into public.quiz_options (question_id,texto,correta,ordem) values ('14234332-6c38-463c-9902-a1e8c0749aa8','Eliminar a contingência',false,4);
insert into public.lessons (id,module_id,titulo,tipo,conteudo_rico,duracao_min,ordem,tem_quiz,preview_gratis) values ('641b86e1-b247-498a-beef-58c1414720a5','37296755-a6ac-43c8-b0a2-a2a46b427baf','Documentos financeiros: despesas, pagamentos e contratações','texto','<p><strong>Para começar:</strong> Dinheiro sem documento é problema. Cada real que entra ou sai precisa de registro.</p><p>Além do orçamento, o produtor mantém três documentos financeiros operacionais: o de despesas, o de pagamentos e o de contratações. Nesta aula você vê a estrutura de cada um e como usá-los para manter o controle e a transparência.</p><ul><li><strong>Documento de despesas pré-evento:</strong> Organiza as despesas em grupos (gerais, específicas e administrativas), cada item com descrição, quantidade, custo unitário e custo total, com subtotais por grupo e total geral. Mostra para onde o dinheiro vai antes do evento.</li><li><strong>Documento de pagamentos:</strong> Registra, por fornecedor, cada serviço com: data prevista, valor previsto, data de pagamento, valor pago e método de pagamento (transferência, cartão, cheque, dinheiro). Acompanha o total previsto x total pago e mantém recibos e comprovantes.</li><li><strong>Documento de contratações:</strong> Para cada fornecedor/equipe técnica: nome, serviço contratado, data e hora, e valor acordado. Inclui responsabilidades contratuais, termos e condições gerais e espaço para assinatura do organizador.</li><li><strong>Métodos de pagamento e comprovação:</strong> Cada transação pode ter método diferente; o essencial é registrar e guardar comprovante. A documentação de apoio (recibos, notas) sustenta o controle e a prestação de contas.</li><li><strong>Orientação jurídica:</strong> Ao elaborar contratos, busque sempre orientação jurídica para cobrir os aspectos legais. Os modelos são pontos de partida, não substituem assessoria.</li></ul><h4>Equipamentos / detalhes</h4><ul><li><strong>Planilha de despesas (por grupo):</strong> Gerais, específicas e administrativas com subtotais e total geral. Reflete a saída de caixa pré-evento.</li><li><strong>Planilha de pagamentos (previsto x pago):</strong> Controla data prevista, valor previsto, data e valor pagos e método. Mostra o que ainda está pendente.</li><li><strong>Modelo de documento de contratações:</strong> Registra cada fornecedor, serviço, data/hora e valor acordado, com cláusulas e assinatura.</li><li><strong>Pasta de recibos e comprovantes:</strong> Arquivo organizado de notas fiscais, RPA e comprovantes. Base da prestação de contas e do fechamento.</li></ul><h4>Passo a passo</h4><ol><li><strong>1. Monte o documento de despesas:</strong> Agrupe em gerais, específicas e administrativas; calcule subtotais e total geral.</li><li><strong>2. Crie o controle de pagamentos:</strong> Para cada fornecedor, registre previsto x pago, datas e método. Atualize a cada pagamento.</li><li><strong>3. Formalize as contratações:</strong> Para cada contratação, registre serviço, data/hora e valor acordado, com termos e assinatura.</li><li><strong>4. Guarde todos os comprovantes:</strong> Recibo, nota ou comprovante de transferência para cada pagamento. Sem comprovante, não houve pagamento (para fins de controle).</li><li><strong>5. Mantenha comunicação clara com fornecedores:</strong> Qualquer alteração de serviço, data ou valor deve ser acordada por escrito entre as partes.</li><li><strong>6. Busque orientação jurídica nos contratos:</strong> Valide cláusulas com assessoria antes de assinar.</li></ol><p><strong>Na prática:</strong> Você fecha catering por R$ 1.500, pagamento previsto para o dia 10 via transferência. No documento de pagamentos, a linha fica: previsto R$ 1.500 / pago R$ 1.500 em 10/xx / transferência, com o comprovante anexado na pasta. No fechamento pós-evento, basta somar os ''valor pago'' para saber exatamente quanto saiu.</p><h4>Resumo</h4><ul><li>Despesas, pagamentos e contratações são os três documentos financeiros operacionais.</li><li>Pagamentos controlam previsto x pago, data e método, com comprovante guardado.</li><li>Modelos são ponto de partida: contratos pedem orientação jurídica.</li></ul>',30,3,true,false);
insert into public.quizzes (id,lesson_id,titulo) values ('3f43277c-37c2-4415-a6c4-233380eb5b75','641b86e1-b247-498a-beef-58c1414720a5','Quiz — Documentos financeiros: despesas, pagamentos e contratações');
insert into public.quiz_questions (id,quiz_id,texto,explicacao,ordem,pontos) values ('7c08b3ae-ea31-4c96-9ba2-794ab61dcf8b','3f43277c-37c2-4415-a6c4-233380eb5b75','O documento de pagamentos deve registrar, entre outros:','O controle de pagamentos acompanha previsto x pago, datas e método.',1,1);
insert into public.quiz_options (question_id,texto,correta,ordem) values ('7c08b3ae-ea31-4c96-9ba2-794ab61dcf8b','Apenas o nome do artista',false,1);
insert into public.quiz_options (question_id,texto,correta,ordem) values ('7c08b3ae-ea31-4c96-9ba2-794ab61dcf8b','Valor previsto, valor pago, datas e método de pagamento',true,2);
insert into public.quiz_options (question_id,texto,correta,ordem) values ('7c08b3ae-ea31-4c96-9ba2-794ab61dcf8b','Só a cor do flyer',false,3);
insert into public.quiz_options (question_id,texto,correta,ordem) values ('7c08b3ae-ea31-4c96-9ba2-794ab61dcf8b','Apenas o cachê',false,4);
insert into public.quiz_questions (id,quiz_id,texto,explicacao,ordem,pontos) values ('4ed6e74b-a937-4332-a5c1-9c9f746590cf','3f43277c-37c2-4415-a6c4-233380eb5b75','Sobre os modelos de contrato, é correto:','Os modelos são genéricos; recomenda-se sempre orientação jurídica.',2,1);
insert into public.quiz_options (question_id,texto,correta,ordem) values ('4ed6e74b-a937-4332-a5c1-9c9f746590cf','Substituem advogado',false,1);
insert into public.quiz_options (question_id,texto,correta,ordem) values ('4ed6e74b-a937-4332-a5c1-9c9f746590cf','São ponto de partida e exigem orientação jurídica',true,2);
insert into public.quiz_options (question_id,texto,correta,ordem) values ('4ed6e74b-a937-4332-a5c1-9c9f746590cf','Não precisam de assinatura',false,3);
insert into public.quiz_options (question_id,texto,correta,ordem) values ('4ed6e74b-a937-4332-a5c1-9c9f746590cf','Valem em qualquer país sem ajuste',false,4);
insert into public.quiz_questions (id,quiz_id,texto,explicacao,ordem,pontos) values ('30290d67-e6e3-4c08-97cb-1a6bc6c60769','3f43277c-37c2-4415-a6c4-233380eb5b75','Guardar recibos e comprovantes serve para:','A documentação de apoio sustenta o controle e a prestação de contas.',3,1);
insert into public.quiz_options (question_id,texto,correta,ordem) values ('30290d67-e6e3-4c08-97cb-1a6bc6c60769','Decorar a pasta',false,1);
insert into public.quiz_options (question_id,texto,correta,ordem) values ('30290d67-e6e3-4c08-97cb-1a6bc6c60769','Sustentar o controle financeiro e a prestação de contas',true,2);
insert into public.quiz_options (question_id,texto,correta,ordem) values ('30290d67-e6e3-4c08-97cb-1a6bc6c60769','Aumentar o cachê',false,3);
insert into public.quiz_options (question_id,texto,correta,ordem) values ('30290d67-e6e3-4c08-97cb-1a6bc6c60769','Substituir o orçamento',false,4);
insert into public.quiz_questions (id,quiz_id,texto,explicacao,ordem,pontos) values ('c4264c1d-1009-496f-b0f6-9fa0fda7cb8c','3f43277c-37c2-4415-a6c4-233380eb5b75','Alterações de serviço, data ou valor com fornecedores devem ser:','Qualquer alteração deve ser comunicada e acordada por escrito por ambas as partes.',4,1);
insert into public.quiz_options (question_id,texto,correta,ordem) values ('c4264c1d-1009-496f-b0f6-9fa0fda7cb8c','Combinadas só de boca',false,1);
insert into public.quiz_options (question_id,texto,correta,ordem) values ('c4264c1d-1009-496f-b0f6-9fa0fda7cb8c','Acordadas por escrito entre as partes',true,2);
insert into public.quiz_options (question_id,texto,correta,ordem) values ('c4264c1d-1009-496f-b0f6-9fa0fda7cb8c','Ignoradas',false,3);
insert into public.quiz_options (question_id,texto,correta,ordem) values ('c4264c1d-1009-496f-b0f6-9fa0fda7cb8c','Decididas pelo público',false,4);
insert into public.modules (id,course_id,titulo,ordem) values ('25d936ed-0c2b-4b15-a57c-1f5e5ef56467','f82b5aeb-95fd-4212-a067-4bec55c0fb6d','Módulo 5 - Durante o evento: logística, montagem e execução',5);
insert into public.lessons (id,module_id,titulo,tipo,conteudo_rico,duracao_min,ordem,tem_quiz,preview_gratis) values ('4fbaf91c-4e38-45ae-868e-ca005b97d8ff','25d936ed-0c2b-4b15-a57c-1f5e5ef56467','Assegurar a logística e acompanhar a montagem','texto','<p><strong>Para começar:</strong> No dia do evento, o produtor deixa de planejar e passa a fazer acontecer. A logística e a montagem são o primeiro teste.</p><p>Assegurar a logística é fundamental para o sucesso da produção. Nesta aula você vê as responsabilidades do produtor no planejamento logístico prévio e, principalmente, no acompanhamento da montagem no dia, fase crítica que define se o evento começa bem.</p><ul><li><strong>Planejamento logístico prévio:</strong> Confirmar disponibilidade e adequação do local e a data/horário; colaborar com a equipe técnica para atender os requisitos do rider; e organizar transporte e hospedagem da equipe e dos equipamentos com reserva antecipada.</li><li><strong>Coordenação de chegada:</strong> Garantir que equipe técnica, artistas e envolvidos cheguem conforme o cronograma, mantendo comunicação aberta para lidar com atrasos ou problemas de transporte.</li><li><strong>Presença no local desde o início da montagem:</strong> O produtor deve estar presente ANTES do início da montagem para supervisionar desde o começo, cumprimentar e coordenar a equipe técnica garantindo que todos entendam suas funções.</li><li><strong>Coordenação com a equipe técnica:</strong> Revisar o plano técnico com a equipe, estar disponível para esclarecer dúvidas e monitorar de perto a montagem de palco, som, luz e demais equipamentos, garantindo o cumprimento do cronograma.</li><li><strong>Logística e testes de equipamentos:</strong> Verificar que todos os equipamentos estão presentes e funcionando, antecipar problemas com peças sobressalentes e realizar testes iniciais para evitar surpresas durante o evento.</li><li><strong>Ambiente de backstage:</strong> Supervisionar a organização do backstage para que seja funcional e confortável, com alimentos e bebidas disponíveis, coordenando iluminação adequada e catering com os departamentos certos.</li><li><strong>Verificação final:</strong> Após a montagem, fazer uma inspeção do local para garantir que tudo está conforme o planejado e em conformidade com as expectativas, antes do início do evento.</li></ul><h4>Equipamentos / detalhes</h4><ul><li><strong>Roteiro logístico e cronograma de montagem:</strong> Documentos-guia do dia. O cronograma de montagem detalha o que sobe e quando (palco, som, luz).</li><li><strong>Rádio comunicador:</strong> Comunicação contínua entre produção e técnica durante a montagem. Agiliza a resolução de problemas.</li><li><strong>Checklist de equipamentos / peças sobressalentes:</strong> Garante que tudo chegou e funciona, e antecipa falhas com itens reserva.</li></ul><h4>Passo a passo</h4><ol><li><strong>1. Confirme local, transporte e hospedagem antes:</strong> Reservas antecipadas e adequação do espaço validada.</li><li><strong>2. Esteja no local antes da montagem começar:</strong> Chegue antes da equipe técnica para coordenar desde o início.</li><li><strong>3. Revise o plano técnico com a equipe:</strong> Garanta que todos entendam as especificações e suas funções.</li><li><strong>4. Monitore a montagem contra o cronograma:</strong> Acompanhe palco, som e luz e cobre os prazos. Aja se atrasar.</li><li><strong>5. Faça os testes iniciais:</strong> Teste equipamentos cedo para que problemas apareçam com tempo de resolver.</li><li><strong>6. Organize o backstage e faça a inspeção final:</strong> Camarim funcional, catering e luz; depois inspecione tudo antes de abrir.</li></ol><p><strong>Na prática:</strong> O produtor chega às 07:00, antes do caminhão. Cumprimenta a equipe, revisa o cronograma de montagem, acompanha palco e som subindo, percebe que um monitor não liga e — porque tinha peça reserva e tempo — resolve antes do soundcheck. Quando o artista chega, está tudo testado. Essa antecipação é o trabalho.</p><h4>Resumo</h4><ul><li>Logística prévia: confirmar local, transporte, hospedagem e requisitos técnicos.</li><li>O produtor chega antes da montagem e coordena a equipe desde o início.</li><li>Testes iniciais e peças reserva fazem problemas aparecerem com tempo de resolver.</li></ul>',30,1,true,false);
insert into public.quizzes (id,lesson_id,titulo) values ('cfa68f97-3679-47d6-bfcc-7ea015b69d89','4fbaf91c-4e38-45ae-868e-ca005b97d8ff','Quiz — Assegurar a logística e acompanhar a montagem');
insert into public.quiz_questions (id,quiz_id,texto,explicacao,ordem,pontos) values ('e7930cb4-d645-40de-928f-49d8bbaf308d','cfa68f97-3679-47d6-bfcc-7ea015b69d89','Quando o produtor deve chegar ao local no dia do evento?','O produtor deve estar presente antes da montagem para coordenar desde o início.',1,1);
insert into public.quiz_options (question_id,texto,correta,ordem) values ('e7930cb4-d645-40de-928f-49d8bbaf308d','Junto com o público',false,1);
insert into public.quiz_options (question_id,texto,correta,ordem) values ('e7930cb4-d645-40de-928f-49d8bbaf308d','Antes do início da montagem',true,2);
insert into public.quiz_options (question_id,texto,correta,ordem) values ('e7930cb4-d645-40de-928f-49d8bbaf308d','Só para o show',false,3);
insert into public.quiz_options (question_id,texto,correta,ordem) values ('e7930cb4-d645-40de-928f-49d8bbaf308d','Na desmontagem',false,4);
insert into public.quiz_questions (id,quiz_id,texto,explicacao,ordem,pontos) values ('504abc22-7ba7-49be-b26a-4fb93809eeac','cfa68f97-3679-47d6-bfcc-7ea015b69d89','Os testes iniciais de equipamento servem para:','Testar cedo evita surpresas durante o evento, dando tempo para corrigir.',2,1);
insert into public.quiz_options (question_id,texto,correta,ordem) values ('504abc22-7ba7-49be-b26a-4fb93809eeac','Atrasar o evento',false,1);
insert into public.quiz_options (question_id,texto,correta,ordem) values ('504abc22-7ba7-49be-b26a-4fb93809eeac','Fazer problemas aparecerem com tempo de resolver',true,2);
insert into public.quiz_options (question_id,texto,correta,ordem) values ('504abc22-7ba7-49be-b26a-4fb93809eeac','Gastar energia',false,3);
insert into public.quiz_options (question_id,texto,correta,ordem) values ('504abc22-7ba7-49be-b26a-4fb93809eeac','Impressionar o público',false,4);
insert into public.quiz_questions (id,quiz_id,texto,explicacao,ordem,pontos) values ('e684f95d-0d47-404f-b33b-352f6355066e','cfa68f97-3679-47d6-bfcc-7ea015b69d89','Antecipar problemas com peças sobressalentes é exemplo de:','Antecipar com peças reserva é parte da logística proativa do produtor.',3,1);
insert into public.quiz_options (question_id,texto,correta,ordem) values ('e684f95d-0d47-404f-b33b-352f6355066e','Improviso',false,1);
insert into public.quiz_options (question_id,texto,correta,ordem) values ('e684f95d-0d47-404f-b33b-352f6355066e','Planejamento logístico proativo',true,2);
insert into public.quiz_options (question_id,texto,correta,ordem) values ('e684f95d-0d47-404f-b33b-352f6355066e','Desorganização',false,3);
insert into public.quiz_options (question_id,texto,correta,ordem) values ('e684f95d-0d47-404f-b33b-352f6355066e','Economia de equipe',false,4);
insert into public.quiz_questions (id,quiz_id,texto,explicacao,ordem,pontos) values ('aab36142-b372-47d1-889f-13e68b0cd1a6','cfa68f97-3679-47d6-bfcc-7ea015b69d89','A verificação final após a montagem serve para:','A inspeção final confirma que tudo está conforme o planejado antes do início.',4,1);
insert into public.quiz_options (question_id,texto,correta,ordem) values ('aab36142-b372-47d1-889f-13e68b0cd1a6','Liberar a equipe sem checar',false,1);
insert into public.quiz_options (question_id,texto,correta,ordem) values ('aab36142-b372-47d1-889f-13e68b0cd1a6','Garantir que tudo está conforme o planejado antes de abrir',true,2);
insert into public.quiz_options (question_id,texto,correta,ordem) values ('aab36142-b372-47d1-889f-13e68b0cd1a6','Pular o soundcheck',false,3);
insert into public.quiz_options (question_id,texto,correta,ordem) values ('aab36142-b372-47d1-889f-13e68b0cd1a6','Iniciar a desmontagem',false,4);
insert into public.lessons (id,module_id,titulo,tipo,conteudo_rico,duracao_min,ordem,tem_quiz,preview_gratis) values ('3fb82069-5851-4045-bdd9-b48967830086','25d936ed-0c2b-4b15-a57c-1f5e5ef56467','Gerenciar a execução do evento','texto','<p><strong>Para começar:</strong> Com o evento rolando, o produtor é o ponto central. Tudo passa por ele e ele mantém tudo no eixo.</p><p>Gerenciar a execução é a etapa em que o produtor centraliza comunicações, acompanha o cronograma em tempo real e resolve problemas sob pressão. Nesta aula você vê as responsabilidades durante o show e como manter a operação no controle.</p><ul><li><strong>Coordenação geral:</strong> Atuar como ponto central de todas as comunicações durante o evento, com linha clara e eficaz com toda a equipe, e supervisionar todas as atividades garantindo que ocorram conforme o planejado.</li><li><strong>Acompanhamento do cronograma em tempo real:</strong> Monitorar regularmente o cronograma, estar pronto para ajustá-lo conforme necessário e comunicar prontamente qualquer mudança a técnica, artistas e colaboradores.</li><li><strong>Resolução de problemas:</strong> Tomar decisões rápidas e eficazes para problemas emergentes, colaborando com a equipe e mantendo comunicação transparente com orientações claras.</li><li><strong>Relações com fornecedores e parceiros:</strong> Supervisionar o cumprimento de contratos e estar preparado para mediar conflitos entre partes, buscando soluções que mantenham um ambiente positivo e profissional.</li><li><strong>Gestão de pessoal:</strong> Oferecer apoio contínuo à equipe, atender necessidades e fornecer recursos adicionais; reconhecer conquistas e lidar proativamente com preocupações, mantendo a motivação.</li><li><strong>Avaliação contínua e gestão financeira:</strong> Dar feedback imediato à equipe, estar aberto a sugestões, e monitorar custos durante o evento para mantê-los no orçamento, decidindo rápido quando necessário.</li><li><strong>Postura sob pressão:</strong> Manter calma e compostura, transmitindo confiança à equipe. O produtor é o termômetro emocional da operação: se ele perde o controle, a equipe perde junto.</li></ul><h4>Equipamentos / detalhes</h4><ul><li><strong>Rádio / grupo de comunicação:</strong> Mantém o produtor como ponto central. Decisões e mudanças circulam por aqui em tempo real.</li><li><strong>Cronograma do dia (impresso e digital):</strong> Referência constante para verificar se o evento segue o planejado e ajustar quando preciso.</li><li><strong>Plano de contingência:</strong> Lista de ''o que fazer se'' (falha técnica, atraso, emergência) preparada antes. Acelera a decisão sob pressão.</li></ul><h4>Passo a passo</h4><ol><li><strong>1. Centralize a comunicação:</strong> Seja o ponto por onde passam informações e decisões. Evite ordens paralelas e contraditórias.</li><li><strong>2. Monitore o cronograma em tempo real:</strong> Compare o que está acontecendo com o planejado e ajuste quando necessário.</li><li><strong>3. Comunique mudanças imediatamente:</strong> Toda alteração de horário ou fluxo vai para os envolvidos na hora.</li><li><strong>4. Decida rápido nos imprevistos:</strong> Colabore com a equipe, escolha a solução prática e oriente com clareza.</li><li><strong>5. Apoie e motive a equipe:</strong> Dê suporte, reconheça o esforço e mantenha o clima profissional sob pressão.</li><li><strong>6. Controle os custos do dia:</strong> Monitore gastos extras e decida com critério para não estourar o orçamento.</li></ol><p><strong>Na prática:</strong> O show atrasa 20 minutos porque a banda de abertura estendeu. O produtor recalcula o cronograma na hora, avisa luz, som e o road manager pelo rádio, comunica a mudança ao bar e à segurança para o fluxo de público, e mantém a calma para a equipe não entrar em pânico. Em 5 minutos, o evento voltou ao controle.</p><h4>Resumo</h4><ul><li>Na execução, o produtor centraliza comunicação e supervisiona tudo.</li><li>Monitorar o cronograma em tempo real e comunicar mudanças na hora é essencial.</li><li>Calma e plano de contingência transformam imprevistos em decisões rápidas.</li></ul>',30,2,true,false);
insert into public.quizzes (id,lesson_id,titulo) values ('b16859bd-be4e-46c9-87f5-4b0b24705c97','3fb82069-5851-4045-bdd9-b48967830086','Quiz — Gerenciar a execução do evento');
insert into public.quiz_questions (id,quiz_id,texto,explicacao,ordem,pontos) values ('85c82672-520b-4b13-a5e8-80e2695507dd','b16859bd-be4e-46c9-87f5-4b0b24705c97','Durante a execução, o produtor deve ser:','O produtor centraliza as comunicações e supervisiona todas as atividades.',1,1);
insert into public.quiz_options (question_id,texto,correta,ordem) values ('85c82672-520b-4b13-a5e8-80e2695507dd','Invisível',false,1);
insert into public.quiz_options (question_id,texto,correta,ordem) values ('85c82672-520b-4b13-a5e8-80e2695507dd','O ponto central de todas as comunicações',true,2);
insert into public.quiz_options (question_id,texto,correta,ordem) values ('85c82672-520b-4b13-a5e8-80e2695507dd','Apenas espectador',false,3);
insert into public.quiz_options (question_id,texto,correta,ordem) values ('85c82672-520b-4b13-a5e8-80e2695507dd','Substituído pelo road manager',false,4);
insert into public.quiz_questions (id,quiz_id,texto,explicacao,ordem,pontos) values ('9b44a331-5c14-43f9-8bf7-daab7a1c0964','b16859bd-be4e-46c9-87f5-4b0b24705c97','Ao surgir um imprevisto, a postura correta é:','Decisões rápidas, comunicação transparente e calma mantêm a operação no controle.',2,1);
insert into public.quiz_options (question_id,texto,correta,ordem) values ('9b44a331-5c14-43f9-8bf7-daab7a1c0964','Entrar em pânico',false,1);
insert into public.quiz_options (question_id,texto,correta,ordem) values ('9b44a331-5c14-43f9-8bf7-daab7a1c0964','Decidir rápido, colaborar e comunicar com clareza, mantendo a calma',true,2);
insert into public.quiz_options (question_id,texto,correta,ordem) values ('9b44a331-5c14-43f9-8bf7-daab7a1c0964','Esperar o problema passar sozinho',false,3);
insert into public.quiz_options (question_id,texto,correta,ordem) values ('9b44a331-5c14-43f9-8bf7-daab7a1c0964','Culpar a equipe',false,4);
insert into public.quiz_questions (id,quiz_id,texto,explicacao,ordem,pontos) values ('d5fc2635-db92-4f5f-8450-83bd99baccbb','b16859bd-be4e-46c9-87f5-4b0b24705c97','Mudanças no cronograma durante o evento devem ser:','Qualquer mudança deve ser comunicada prontamente a técnica, artistas e colaboradores.',3,1);
insert into public.quiz_options (question_id,texto,correta,ordem) values ('d5fc2635-db92-4f5f-8450-83bd99baccbb','Guardadas em segredo',false,1);
insert into public.quiz_options (question_id,texto,correta,ordem) values ('d5fc2635-db92-4f5f-8450-83bd99baccbb','Comunicadas prontamente a todos os envolvidos',true,2);
insert into public.quiz_options (question_id,texto,correta,ordem) values ('d5fc2635-db92-4f5f-8450-83bd99baccbb','Decididas pelo público',false,3);
insert into public.quiz_options (question_id,texto,correta,ordem) values ('d5fc2635-db92-4f5f-8450-83bd99baccbb','Ignoradas',false,4);
insert into public.quiz_questions (id,quiz_id,texto,explicacao,ordem,pontos) values ('5f0cf5a1-ddef-46dc-a863-77df214d8dfe','b16859bd-be4e-46c9-87f5-4b0b24705c97','A calma do produtor sob pressão é importante porque:','Manter compostura transmite confiança e evita que a equipe perca o controle junto.',4,1);
insert into public.quiz_options (question_id,texto,correta,ordem) values ('5f0cf5a1-ddef-46dc-a863-77df214d8dfe','Impressiona patrocinadores',false,1);
insert into public.quiz_options (question_id,texto,correta,ordem) values ('5f0cf5a1-ddef-46dc-a863-77df214d8dfe','Ele é o termômetro emocional da equipe; sua confiança contagia o time',true,2);
insert into public.quiz_options (question_id,texto,correta,ordem) values ('5f0cf5a1-ddef-46dc-a863-77df214d8dfe','Reduz o orçamento',false,3);
insert into public.quiz_options (question_id,texto,correta,ordem) values ('5f0cf5a1-ddef-46dc-a863-77df214d8dfe','Substitui o cronograma',false,4);
insert into public.modules (id,course_id,titulo,ordem) values ('db404c27-9482-4439-bb2c-c0b040efd55a','f82b5aeb-95fd-4212-a067-4bec55c0fb6d','Módulo 6 - Pós-evento, documentação e organização digital',6);
insert into public.lessons (id,module_id,titulo,tipo,conteudo_rico,duracao_min,ordem,tem_quiz,preview_gratis) values ('b2106b82-473d-4f80-a279-a1fc9994d6d3','db404c27-9482-4439-bb2c-c0b040efd55a','Desmontagem e fechamento financeiro pós-evento','texto','<p><strong>Para começar:</strong> O evento só termina quando o local está limpo, as contas fechadas e os equipamentos devolvidos. Não antes.</p><p>O pós-evento começa com a coordenação da desmontagem e o fechamento financeiro. Nesta aula você vê como encerrar a operação de forma organizada, segura e com as contas no lugar, condição para a saúde das próximas produções.</p><ul><li><strong>Coordenação da desmontagem:</strong> Atribuir tarefas específicas à equipe, supervisionar do início ao fim, e dar instruções claras de como desmontar e embalar cada equipamento, verificando possíveis danos durante o processo.</li><li><strong>Logística de transporte e devoluções:</strong> Comunicar-se com fornecedores de transporte para garantir veículos, listar e preparar tudo para embarque, e coordenar a devolução de equipamentos alugados ou emprestados nos prazos.</li><li><strong>Desmontagem de palco e backstage:</strong> Desmontar o palco com segurança e padrões corretos, recolher materiais (barricadas, grades), organizar o backstage e devolver pertences pessoais a artistas e equipe.</li><li><strong>Descarte de resíduos e sustentabilidade:</strong> Planejar o descarte adequado de resíduos, coordenar com serviços de remoção e promover práticas sustentáveis (reciclagem), deixando o local limpo e em ordem.</li><li><strong>Revisão de despesas e receitas:</strong> Revisar todas as despesas e receitas, conferir se estão conforme os contratos e garantir documentação completa (faturas, recibos, extratos).</li><li><strong>Contabilidade, pagamentos e cobranças:</strong> Atualizar registros contábeis, fazer conciliação bancária, finalizar pagamentos pendentes a fornecedores/artistas/equipe e acompanhar recebíveis (patrocínios, ingressos).</li><li><strong>Relatórios e arquivamento financeiro:</strong> Preparar demonstrações de resultado, comparar o realizado com o orçamento inicial, analisar variações e arquivar todos os documentos de forma organizada pelo período exigido.</li></ul><h4>Equipamentos / detalhes</h4><ul><li><strong>Checklist de desmontagem:</strong> Lista de tarefas e responsáveis para encerrar com organização e sem perder equipamento.</li><li><strong>Controle de devoluções:</strong> Planilha do que foi alugado/emprestado, prazo e status de devolução. Evita cobrança por item não devolvido.</li><li><strong>Planilha de fechamento financeiro:</strong> Despesas e receitas finais, realizado x orçado, com conciliação bancária e variações.</li><li><strong>Pasta de documentos financeiros:</strong> Faturas, recibos, extratos e comprovantes arquivados pelo período legalmente exigido.</li></ul><h4>Passo a passo</h4><ol><li><strong>1. Distribua as tarefas de desmontagem:</strong> Cada pessoa com responsabilidade clara; supervisione do início ao fim.</li><li><strong>2. Verifique equipamentos e organize a devolução:</strong> Cheque danos, embale corretamente e coordene as devoluções dentro do prazo.</li><li><strong>3. Recolha pertences e deixe o local em ordem:</strong> Devolva pertences pessoais, descarte resíduos e entregue o local limpo.</li><li><strong>4. Revise despesas e receitas:</strong> Confira tudo contra os contratos e reúna a documentação completa.</li><li><strong>5. Finalize pagamentos e cobranças:</strong> Quite pendências e acompanhe recebíveis; faça a conciliação bancária.</li><li><strong>6. Compare realizado x orçado e arquive:</strong> Analise variações, prepare o relatório financeiro e arquive os documentos.</li></ol><p><strong>Na prática:</strong> Após o show, a desmontagem é distribuída: técnica desmonta som e luz, roadies embalam backline, apoio recolhe o backstage. O controle de devoluções garante que as 2 vias de monitor alugadas voltem no prazo. No financeiro, o produtor soma os ''valor pago'', compara com o orçamento (ex.: gastou R$ 26 mil de R$ 27,9 mil previstos) e fecha as contas com comprovantes arquivados.</p><h4>Resumo</h4><ul><li>A desmontagem é coordenada com tarefas, devoluções e local limpo.</li><li>O fechamento financeiro revisa despesas/receitas, concilia e compara com o orçamento.</li><li>Arquivar comprovantes de forma organizada sustenta as próximas produções.</li></ul>',30,1,true,false);
insert into public.quizzes (id,lesson_id,titulo) values ('ae23df0e-f745-4bb1-99b5-7ef3515451de','b2106b82-473d-4f80-a279-a1fc9994d6d3','Quiz — Desmontagem e fechamento financeiro pós-evento');
insert into public.quiz_questions (id,quiz_id,texto,explicacao,ordem,pontos) values ('638ef918-254e-42c7-ad76-e5001ae2c96e','ae23df0e-f745-4bb1-99b5-7ef3515451de','O evento é considerado encerrado quando:','O encerramento exige desmontagem, local em ordem, contas fechadas e devoluções feitas.',1,1);
insert into public.quiz_options (question_id,texto,correta,ordem) values ('638ef918-254e-42c7-ad76-e5001ae2c96e','O show acaba',false,1);
insert into public.quiz_options (question_id,texto,correta,ordem) values ('638ef918-254e-42c7-ad76-e5001ae2c96e','Local limpo, contas fechadas e equipamentos devolvidos',true,2);
insert into public.quiz_options (question_id,texto,correta,ordem) values ('638ef918-254e-42c7-ad76-e5001ae2c96e','O público vai embora',false,3);
insert into public.quiz_options (question_id,texto,correta,ordem) values ('638ef918-254e-42c7-ad76-e5001ae2c96e','A banda sai do palco',false,4);
insert into public.quiz_questions (id,quiz_id,texto,explicacao,ordem,pontos) values ('c6aee086-5256-4bd9-8170-4bd2326c0802','ae23df0e-f745-4bb1-99b5-7ef3515451de','O controle de devoluções serve para:','O controle de devoluções evita cobrança por equipamento não devolvido no prazo.',2,1);
insert into public.quiz_options (question_id,texto,correta,ordem) values ('c6aee086-5256-4bd9-8170-4bd2326c0802','Decorar a planilha',false,1);
insert into public.quiz_options (question_id,texto,correta,ordem) values ('c6aee086-5256-4bd9-8170-4bd2326c0802','Garantir que itens alugados/emprestados voltem no prazo e evitar cobranças',true,2);
insert into public.quiz_options (question_id,texto,correta,ordem) values ('c6aee086-5256-4bd9-8170-4bd2326c0802','Pagar o artista',false,3);
insert into public.quiz_options (question_id,texto,correta,ordem) values ('c6aee086-5256-4bd9-8170-4bd2326c0802','Definir o repertório',false,4);
insert into public.quiz_questions (id,quiz_id,texto,explicacao,ordem,pontos) values ('57af22a8-4ff5-466c-953a-75cc79267a51','ae23df0e-f745-4bb1-99b5-7ef3515451de','No fechamento financeiro, comparar realizado x orçado serve para:','Comparar o real com o orçamento revela desvios e suas causas para aprendizado.',3,1);
insert into public.quiz_options (question_id,texto,correta,ordem) values ('57af22a8-4ff5-466c-953a-75cc79267a51','Aumentar o cachê',false,1);
insert into public.quiz_options (question_id,texto,correta,ordem) values ('57af22a8-4ff5-466c-953a-75cc79267a51','Identificar variações e analisar suas razões',true,2);
insert into public.quiz_options (question_id,texto,correta,ordem) values ('57af22a8-4ff5-466c-953a-75cc79267a51','Eliminar contratos',false,3);
insert into public.quiz_options (question_id,texto,correta,ordem) values ('57af22a8-4ff5-466c-953a-75cc79267a51','Cancelar o seguro',false,4);
insert into public.quiz_questions (id,quiz_id,texto,explicacao,ordem,pontos) values ('3457e23c-702c-4489-a7f1-ec21918f74f8','ae23df0e-f745-4bb1-99b5-7ef3515451de','Os documentos financeiros devem ser:','Os documentos devem ser arquivados organizadamente pelo período legalmente exigido.',4,1);
insert into public.quiz_options (question_id,texto,correta,ordem) values ('3457e23c-702c-4489-a7f1-ec21918f74f8','Descartados após o show',false,1);
insert into public.quiz_options (question_id,texto,correta,ordem) values ('3457e23c-702c-4489-a7f1-ec21918f74f8','Arquivados de forma organizada pelo período exigido',true,2);
insert into public.quiz_options (question_id,texto,correta,ordem) values ('3457e23c-702c-4489-a7f1-ec21918f74f8','Enviados ao público',false,3);
insert into public.quiz_options (question_id,texto,correta,ordem) values ('3457e23c-702c-4489-a7f1-ec21918f74f8','Mantidos só na memória',false,4);
insert into public.lessons (id,module_id,titulo,tipo,conteudo_rico,duracao_min,ordem,tem_quiz,preview_gratis) values ('3311b215-1ced-43f8-8ba0-c0fb07643bf2','db404c27-9482-4439-bb2c-c0b040efd55a','Relatório pós-evento: avaliar e aprender','texto','<p><strong>Para começar:</strong> O relatório pós-evento transforma a experiência em aprendizado. É o que faz o próximo evento ser melhor que o atual.</p><p>Elaborar relatórios pós-evento é prática essencial para avaliar desempenho, identificar melhorias e gerar insights para futuras produções. Nesta aula você aprende a estrutura completa do relatório e como conduzi-lo.</p><ul><li><strong>Introdução e objetivos:</strong> Resumo executivo com os principais destaques, o propósito do relatório, e a revisão dos objetivos definidos antes do evento, avaliando o quanto foram alcançados.</li><li><strong>Planejamento, participação e público:</strong> Análise da eficácia do planejamento (logística, cronograma, equipe), número total de participantes comparado às expectativas, e o perfil demográfico do público (faixa etária, localização).</li><li><strong>Avaliação do público:</strong> Resultados de pesquisas de satisfação e feedback, com pontos positivos e negativos, e análise das interações em mídias sociais (posts, compartilhamentos, menções).</li><li><strong>Desempenho artístico e operações:</strong> Avaliação dos artistas (resposta do público, qualidade, desafios) e da eficiência das operações logísticas (montagem, desmontagem, equipamentos), apontando melhorias.</li><li><strong>Finanças e orçamento:</strong> Comparação dos custos reais com o orçamento, identificando desvios e razões, e apresentação das receitas (ingressos, patrocínios), avaliando a captação de recursos.</li><li><strong>Lições aprendidas e recomendações:</strong> Principais lições do evento, ações corretivas e preventivas, e recomendações específicas para futuras produções, considerando feedback de equipe, artistas e público.</li><li><strong>Agradecimentos, anexos e conclusão:</strong> Reconhecimento dos envolvidos, anexos de apoio (fotos, gráficos financeiros, relatórios de mídia) e um resumo final sobre o sucesso e os aprendizados do evento.</li></ul><h4>Equipamentos / detalhes</h4><ul><li><strong>Modelo de relatório pós-evento:</strong> Documento estruturado nas seções acima. Reaproveite como template. Use gráficos e visualizações para facilitar a leitura.</li><li><strong>Pesquisa de satisfação (Google Forms):</strong> Coleta feedback do público de forma estruturada e gera dados para o relatório automaticamente.</li><li><strong>Pasta de registros do evento:</strong> Fotos, vídeos, prints de mídias sociais e gráficos financeiros que viram anexos e evidências.</li></ul><h4>Passo a passo</h4><ol><li><strong>1. Abra com resumo executivo e objetivos:</strong> Destaques principais e revisão dos objetivos definidos antes do evento.</li><li><strong>2. Avalie planejamento, público e satisfação:</strong> Eficácia do planejamento, número e perfil de público e resultados das pesquisas.</li><li><strong>3. Analise desempenho artístico e operações:</strong> Resposta do público aos artistas e eficiência logística, com melhorias.</li><li><strong>4. Compare finanças com o orçamento:</strong> Custos reais x previstos, receitas e patrocínios, com desvios analisados.</li><li><strong>5. Registre lições e recomendações:</strong> O que funcionou, o que melhorar e ações para os próximos eventos.</li><li><strong>6. Anexe evidências e compartilhe:</strong> Fotos, gráficos e relatórios de mídia; distribua para equipe e partes interessadas.</li></ol><p><strong>Na prática:</strong> Após o festival, o relatório mostra: meta de 800 pessoas, vieram 950 (acima do esperado); satisfação de 4,3/5; orçamento previsto R$ 80 mil, gasto R$ 78 mil; lição aprendida: a fila de entrada travou 30 min, recomendação de abrir mais um portão. No próximo evento, esse aprendizado evita o mesmo erro. É assim que a produção evolui.</p><h4>Resumo</h4><ul><li>O relatório pós-evento avalia objetivos, público, artístico, operações e finanças.</li><li>Lições aprendidas e recomendações alimentam as próximas produções.</li><li>Gráficos, fotos e dados de satisfação dão evidência ao relatório.</li></ul>',25,2,true,false);
insert into public.quizzes (id,lesson_id,titulo) values ('9bafc76b-c6df-4d73-baf3-d51dbe19371a','3311b215-1ced-43f8-8ba0-c0fb07643bf2','Quiz — Relatório pós-evento: avaliar e aprender');
insert into public.quiz_questions (id,quiz_id,texto,explicacao,ordem,pontos) values ('efbd0898-8899-43f1-bc1d-3054cdca9d27','9bafc76b-c6df-4d73-baf3-d51dbe19371a','O principal valor do relatório pós-evento é:','O relatório identifica melhorias e gera insights para os próximos eventos.',1,1);
insert into public.quiz_options (question_id,texto,correta,ordem) values ('efbd0898-8899-43f1-bc1d-3054cdca9d27','Cumprir burocracia',false,1);
insert into public.quiz_options (question_id,texto,correta,ordem) values ('efbd0898-8899-43f1-bc1d-3054cdca9d27','Avaliar o desempenho e gerar aprendizado para futuras produções',true,2);
insert into public.quiz_options (question_id,texto,correta,ordem) values ('efbd0898-8899-43f1-bc1d-3054cdca9d27','Pagar fornecedores',false,3);
insert into public.quiz_options (question_id,texto,correta,ordem) values ('efbd0898-8899-43f1-bc1d-3054cdca9d27','Desmontar o palco',false,4);
insert into public.quiz_questions (id,quiz_id,texto,explicacao,ordem,pontos) values ('28cba63f-cd46-401b-aae5-8f9e79ffc657','9bafc76b-c6df-4d73-baf3-d51dbe19371a','Na seção financeira do relatório, compara-se:','Compara-se o custo real x orçado e apresentam-se as receitas e patrocínios.',2,1);
insert into public.quiz_options (question_id,texto,correta,ordem) values ('28cba63f-cd46-401b-aae5-8f9e79ffc657','Cores de iluminação',false,1);
insert into public.quiz_options (question_id,texto,correta,ordem) values ('28cba63f-cd46-401b-aae5-8f9e79ffc657','Custos reais com o orçamento inicial e as receitas obtidas',true,2);
insert into public.quiz_options (question_id,texto,correta,ordem) values ('28cba63f-cd46-401b-aae5-8f9e79ffc657','Repertório com a concorrência',false,3);
insert into public.quiz_options (question_id,texto,correta,ordem) values ('28cba63f-cd46-401b-aae5-8f9e79ffc657','Nomes da equipe',false,4);
insert into public.quiz_questions (id,quiz_id,texto,explicacao,ordem,pontos) values ('5b915906-da0e-41d8-a2cf-229974c3f958','9bafc76b-c6df-4d73-baf3-d51dbe19371a','As ''lições aprendidas'' servem para:','As lições orientam ações corretivas e preventivas nas próximas produções.',3,1);
insert into public.quiz_options (question_id,texto,correta,ordem) values ('5b915906-da0e-41d8-a2cf-229974c3f958','Encerrar o evento sem registro',false,1);
insert into public.quiz_options (question_id,texto,correta,ordem) values ('5b915906-da0e-41d8-a2cf-229974c3f958','Apontar ações corretivas/preventivas para eventos futuros',true,2);
insert into public.quiz_options (question_id,texto,correta,ordem) values ('5b915906-da0e-41d8-a2cf-229974c3f958','Aumentar o cachê',false,3);
insert into public.quiz_options (question_id,texto,correta,ordem) values ('5b915906-da0e-41d8-a2cf-229974c3f958','Substituir o briefing',false,4);
insert into public.quiz_questions (id,quiz_id,texto,explicacao,ordem,pontos) values ('ce15ce04-44ce-4b95-8ab7-db2f28816de0','9bafc76b-c6df-4d73-baf3-d51dbe19371a','Uma boa prática para o relatório é:','Gráficos e visualizações tornam o relatório mais acessível e útil para a equipe.',4,1);
insert into public.quiz_options (question_id,texto,correta,ordem) values ('ce15ce04-44ce-4b95-8ab7-db2f28816de0','Texto longo sem dados',false,1);
insert into public.quiz_options (question_id,texto,correta,ordem) values ('ce15ce04-44ce-4b95-8ab7-db2f28816de0','Usar gráficos e visualizações para torná-lo acessível',true,2);
insert into public.quiz_options (question_id,texto,correta,ordem) values ('ce15ce04-44ce-4b95-8ab7-db2f28816de0','Não compartilhar com ninguém',false,3);
insert into public.quiz_options (question_id,texto,correta,ordem) values ('ce15ce04-44ce-4b95-8ab7-db2f28816de0','Omitir o financeiro',false,4);
insert into public.lessons (id,module_id,titulo,tipo,conteudo_rico,duracao_min,ordem,tem_quiz,preview_gratis) values ('a697a3a7-5a0e-4a4c-bae8-809b00b15057','db404c27-9482-4439-bb2c-c0b040efd55a','Documentação, organização digital e comunicação','texto','<p><strong>Para começar:</strong> Um produtor é tão bom quanto a organização dos seus arquivos. Documento perdido é decisão atrasada.</p><p>Organizar e armazenar documentos de forma eficiente é crucial para a gestão do projeto e para manter as informações acessíveis. Nesta aula você aprende a estrutura de pastas, a nomeação de arquivos, o uso de nuvem e softwares, e as práticas de comunicação da documentação à equipe.</p><ul><li><strong>Estrutura de pastas digitais:</strong> Uma pasta principal por artista/projeto, com subpastas padronizadas: 01_Contratos_e_Acordos, 02_Rider_Técnico_e_Logística, 03_Orçamento_e_Finanças, 04_Marketing_e_Promoção, 05_Contatos_e_Listas, 06_Documentação_Legal, 07_Produção_Arte_e_Design, 08_Registros_Eventos_Anteriores, 09_Logística_de_Viagem.</li><li><strong>Estrutura por evento:</strong> Para o produtor de eventos, uma pasta ''Eventos'' com subpastas por evento nomeadas com data (ex.: 2025-05-12_Festival_Planeta_Beat), contendo Artistas, Imagens, Equipe e Documentos. Some a isso uma pasta ''Artistas_Cadastrados'' (riders, press kit, documentos com acesso restrito) e uma pasta ''Modelos e Templates''.</li><li><strong>Nomeação de arquivos:</strong> Padrão consistente: TipoDocumento_NomeEvento-Artista_Data.extensão (ex.: Contrato_ShowSP_ArtistaXYZ_2025-06-15.pdf). Use sempre data no formato AAAA-MM-DD e números de versão para distinguir atualizações.</li><li><strong>Armazenamento na nuvem:</strong> Google Drive (integração com Workspace), Dropbox (controle de versões) ou OneDrive (Office 365). Crie pastas compartilhadas com permissões por função, use senha e autenticação de dois fatores, e faça backup regular.</li><li><strong>Softwares de gerenciamento:</strong> Trello (cronogramas e divisão de tarefas), Asana (equipes maiores, integração com e-mail), Monday (controle visual de estágios) e Notion (documentos e bancos de dados no mesmo ambiente). Google Docs/Teams para colaboração online.</li><li><strong>Comunicação da documentação:</strong> Centralize os documentos, mantenha estrutura organizada e compartilhe com permissões. Use notificações automáticas, calendário compartilhado, e-mails informativos, reuniões regulares, checklists e ferramentas de comunicação instantânea (Slack, Teams). Estabeleça protocolos de resposta rápida para mudanças de última hora.</li><li><strong>Checklist de manutenção documental:</strong> Rotinas periódicas com responsável: revisar contratos (mensal), organizar arquivos por data (semanal), backup (semanal), auditoria de pastas e permissões (trimestral), reunião de feedback (semestral).</li></ul><h4>Equipamentos / detalhes</h4><ul><li><strong>Google Drive / Dropbox / OneDrive:</strong> Armazenamento central na nuvem com pastas compartilhadas por função e backup automático. Use cores e emojis nos nomes de pastas para identificação rápida.</li><li><strong>Trello / Asana / Monday / Notion:</strong> Gestão de tarefas e estágios de produção. Trello para quadros simples; Notion para unir documentos e bancos de dados.</li><li><strong>Google Forms:</strong> Coleta dados dos artistas (ficha de cadastro) e já organiza em planilha no Drive. Ótimo para padronizar a entrada de informações.</li><li><strong>Slack / Microsoft Teams:</strong> Comunicação instantânea com canais específicos por frente (logística, marketing) para alinhamentos rápidos.</li></ul><h4>Passo a passo</h4><ol><li><strong>1. Crie a pasta principal e as subpastas padrão:</strong> No Drive, monte a pasta do artista/projeto ou do evento com as subpastas numeradas.</li><li><strong>2. Defina o padrão de nomeação:</strong> Adote TipoDocumento_Evento-Artista_AAAA-MM-DD e versões. Aplique a TODOS os arquivos.</li><li><strong>3. Ajuste permissões e segurança:</strong> Compartilhe por função, restrinja pastas sensíveis (financeiro, documentos pessoais) e ative dois fatores.</li><li><strong>4. Escolha o software de gestão:</strong> Defina Trello/Asana/Monday/Notion conforme o tamanho da equipe e mantenha as tarefas lá.</li><li><strong>5. Centralize e comunique:</strong> Use calendário compartilhado, notificações e reuniões para a equipe sempre saber onde está cada documento.</li><li><strong>6. Mantenha a rotina de manutenção:</strong> Siga o checklist (revisão, backup, auditoria, feedback) com responsáveis definidos.</li></ol><p><strong>Na prática:</strong> Faltam 2 dias para o show e o iluminador pede o rider. Numa produção organizada, ele entra em 02_Rider_Técnico_e_Logística, acha ''Rider_Tecnico_EventoX_2025-06-15.pdf'' na versão certa e resolve sozinho em 30 segundos. Numa produção bagunçada, ele liga para o produtor no meio da montagem. A organização digital é o que te dá tempo no dia mais corrido.</p><h4>Resumo</h4><ul><li>Pastas padronizadas e nomeação consistente (data AAAA-MM-DD, versão) tornam tudo localizável.</li><li>Nuvem com permissões por função, dois fatores e backup protege a documentação.</li><li>Centralizar e comunicar a documentação, com rotina de manutenção, sustenta a operação.</li></ul>',30,3,true,false);
insert into public.quizzes (id,lesson_id,titulo) values ('754dcc89-0f14-4147-9f45-6022702ad110','a697a3a7-5a0e-4a4c-bae8-809b00b15057','Quiz — Documentação, organização digital e comunicação');
insert into public.quiz_questions (id,quiz_id,texto,explicacao,ordem,pontos) values ('ab5f905f-c91c-45fb-91fa-d3e6fa8508f8','754dcc89-0f14-4147-9f45-6022702ad110','O padrão recomendado para datas em nomes de arquivo é:','Usa-se sempre o padrão AAAA-MM-DD para manter o histórico ordenado.',1,1);
insert into public.quiz_options (question_id,texto,correta,ordem) values ('ab5f905f-c91c-45fb-91fa-d3e6fa8508f8','DD/MM/AA',false,1);
insert into public.quiz_options (question_id,texto,correta,ordem) values ('ab5f905f-c91c-45fb-91fa-d3e6fa8508f8','AAAA-MM-DD',true,2);
insert into public.quiz_options (question_id,texto,correta,ordem) values ('ab5f905f-c91c-45fb-91fa-d3e6fa8508f8','Mês por extenso',false,3);
insert into public.quiz_options (question_id,texto,correta,ordem) values ('ab5f905f-c91c-45fb-91fa-d3e6fa8508f8','Sem data',false,4);
insert into public.quiz_questions (id,quiz_id,texto,explicacao,ordem,pontos) values ('e970ae2b-5f84-4b13-a191-a891572f4842','754dcc89-0f14-4147-9f45-6022702ad110','Pastas sensíveis (financeiro, documentos pessoais) devem:','O acesso a pastas sensíveis deve ser restrito, com permissões e autenticação de dois fatores.',2,1);
insert into public.quiz_options (question_id,texto,correta,ordem) values ('e970ae2b-5f84-4b13-a191-a891572f4842','Ser públicas',false,1);
insert into public.quiz_options (question_id,texto,correta,ordem) values ('e970ae2b-5f84-4b13-a191-a891572f4842','Ter acesso restrito, com permissões por função e dois fatores',true,2);
insert into public.quiz_options (question_id,texto,correta,ordem) values ('e970ae2b-5f84-4b13-a191-a891572f4842','Ficar fora da nuvem',false,3);
insert into public.quiz_options (question_id,texto,correta,ordem) values ('e970ae2b-5f84-4b13-a191-a891572f4842','Ser apagadas',false,4);
insert into public.quiz_questions (id,quiz_id,texto,explicacao,ordem,pontos) values ('4c5e39dd-99ed-4123-8d1e-146afb1a59f6','754dcc89-0f14-4147-9f45-6022702ad110','Qual ferramenta une documentos e bancos de dados no mesmo ambiente?','O Notion é útil para manter documentos e bancos de dados no mesmo ambiente.',3,1);
insert into public.quiz_options (question_id,texto,correta,ordem) values ('4c5e39dd-99ed-4123-8d1e-146afb1a59f6','Trello',false,1);
insert into public.quiz_options (question_id,texto,correta,ordem) values ('4c5e39dd-99ed-4123-8d1e-146afb1a59f6','Notion',true,2);
insert into public.quiz_options (question_id,texto,correta,ordem) values ('4c5e39dd-99ed-4123-8d1e-146afb1a59f6','Slack',false,3);
insert into public.quiz_options (question_id,texto,correta,ordem) values ('4c5e39dd-99ed-4123-8d1e-146afb1a59f6','OneDrive',false,4);
insert into public.quiz_questions (id,quiz_id,texto,explicacao,ordem,pontos) values ('a00c1411-d1aa-4362-b655-bab2555d83b6','754dcc89-0f14-4147-9f45-6022702ad110','A comunicação eficiente da documentação inclui:','Centralizar, compartilhar com permissões e comunicar (notificações, reuniões) mantém todos alinhados.',4,1);
insert into public.quiz_options (question_id,texto,correta,ordem) values ('a00c1411-d1aa-4362-b655-bab2555d83b6','Guardar tudo só no seu computador',false,1);
insert into public.quiz_options (question_id,texto,correta,ordem) values ('a00c1411-d1aa-4362-b655-bab2555d83b6','Centralizar, compartilhar com permissões e usar notificações/reuniões',true,2);
insert into public.quiz_options (question_id,texto,correta,ordem) values ('a00c1411-d1aa-4362-b655-bab2555d83b6','Não avisar a equipe',false,3);
insert into public.quiz_options (question_id,texto,correta,ordem) values ('a00c1411-d1aa-4362-b655-bab2555d83b6','Nomear arquivos sem padrão',false,4);
insert into public.lessons (id,module_id,titulo,tipo,conteudo_rico,duracao_min,ordem,tem_quiz,preview_gratis) values ('2c094cbd-3318-4564-aeeb-0526e76eec29','db404c27-9482-4439-bb2c-c0b040efd55a','Jargões, o produtor sênior e visão de carreira','texto','<p><strong>Para começar:</strong> Dominar a linguagem dos bastidores e entender o que faz um produtor sênior é o que fecha sua formação.</p><p>Esta aula final reúne o vocabulário prático dos bastidores e o perfil do produtor sênior, costurando tudo o que você aprendeu numa visão de carreira: do briefing ao relatório, do iniciante ao profissional que lidera produções complexas.</p><ul><li><strong>Jargões de bastidor:</strong> ''Está em cima da hora'' = o prazo de tempo será extrapolado, está apertado. ''Vamos dar o tapa'' = partiu, vamos embora, vamos fechar/seguir. A linguagem dos bastidores é rápida e direta; entendê-la evita ruído na operação.</li><li><strong>O produtor sênior: experiência e liderança:</strong> Profissional altamente experiente que lidera e supervisiona todo o planejamento, execução e avaliação dos eventos. Coordena equipes garantindo que cada membro entenda suas responsabilidades e contribua para o sucesso.</li><li><strong>Planejamento estratégico e gestão de orçamento:</strong> Desenvolve estratégias considerando objetivos, orçamentos, logística, marketing e experiência do público, e supervisiona a elaboração e gestão de orçamentos com uso eficiente dos recursos.</li><li><strong>Relacionamento e negociação:</strong> Interage com clientes, patrocinadores e parceiros, construindo relacionamentos sólidos, e negocia contratos com fornecedores, artistas e colaboradores buscando acordos justos e vantajosos.</li><li><strong>Gerenciamento de riscos e decisão:</strong> Identifica e gerencia proativamente riscos que possam afetar o evento e toma decisões rápidas e estratégicas para resolver problemas ou ajustar planos durante a operação.</li><li><strong>Inovação, mentoria e ética:</strong> Busca criatividade para experiências memoráveis, orienta membros menos experientes com mentoria e desenvolvimento, e mantém altos padrões éticos e profissionais em todas as interações.</li><li><strong>A jornada do produtor:</strong> Do briefing ao relatório pós-evento, cada documento e fase que você aprendeu se conecta. O produtor completo domina pré, durante e pós, e amadurece para o nível sênior com experiência, foco no cliente e visão estratégica.</li></ul><h4>Equipamentos / detalhes</h4><ul><li><strong>Glossário pessoal de jargões:</strong> Anote os termos que ouvir nos bastidores. Cada cena/região tem o seu; dominar a linguagem acelera a integração à equipe.</li><li><strong>Portfólio de eventos:</strong> Reúna relatórios, fotos e feedbacks dos eventos que produziu. É o que comprova experiência e sustenta a evolução para sênior.</li></ul><h4>Passo a passo</h4><ol><li><strong>1. Aprenda a linguagem do seu meio:</strong> Ouça e registre os jargões da sua cena. Use-os com naturalidade na operação.</li><li><strong>2. Mapeie suas competências de sênior:</strong> Compare-se ao perfil sênior (estratégia, negociação, risco, mentoria) e veja onde evoluir.</li><li><strong>3. Construa relacionamentos:</strong> Cuide de clientes, patrocinadores e fornecedores. A confiança é seu maior ativo de carreira.</li><li><strong>4. Documente sua trajetória:</strong> Guarde relatórios e resultados de cada evento no portfólio.</li><li><strong>5. Pratique mentoria e ética:</strong> Ensine quem está começando e mantenha padrão ético; é o que constrói reputação de sênior.</li></ol><p><strong>Na prática:</strong> Você já fez o ciclo completo: briefing, licenças, rider, cronograma, orçamento, equipe, execução e relatório. Quando alguém disser ''tá em cima da hora, vamos dar o tapa'', você entende e age. Com vários eventos documentados no portfólio, relacionamentos sólidos e decisões cada vez mais estratégicas, você caminha do produtor pleno ao produtor sênior.</p><h4>Resumo</h4><ul><li>Jargões agilizam a comunicação nos bastidores (''em cima da hora'', ''dar o tapa'').</li><li>O produtor sênior une experiência, estratégia, negociação, gestão de risco e mentoria.</li><li>Do briefing ao relatório, dominar pré, durante e pós forma o produtor completo.</li></ul>',20,4,true,false);
insert into public.quizzes (id,lesson_id,titulo) values ('c80c7bb1-6c1f-475f-ae28-aee2f3f7ba7e','2c094cbd-3318-4564-aeeb-0526e76eec29','Quiz — Jargões, o produtor sênior e visão de carreira');
insert into public.quiz_questions (id,quiz_id,texto,explicacao,ordem,pontos) values ('0c9ab4d6-1f08-4156-bcc6-0c5c8d4f9c12','c80c7bb1-6c1f-475f-ae28-aee2f3f7ba7e','No jargão de bastidor, ''está em cima da hora'' significa:','''Está em cima da hora'' indica que o prazo de tempo será extrapolado.',1,1);
insert into public.quiz_options (question_id,texto,correta,ordem) values ('0c9ab4d6-1f08-4156-bcc6-0c5c8d4f9c12','Sobra muito tempo',false,1);
insert into public.quiz_options (question_id,texto,correta,ordem) values ('0c9ab4d6-1f08-4156-bcc6-0c5c8d4f9c12','O prazo será extrapolado / está apertado',true,2);
insert into public.quiz_options (question_id,texto,correta,ordem) values ('0c9ab4d6-1f08-4156-bcc6-0c5c8d4f9c12','O show acabou',false,3);
insert into public.quiz_options (question_id,texto,correta,ordem) values ('0c9ab4d6-1f08-4156-bcc6-0c5c8d4f9c12','O artista chegou',false,4);
insert into public.quiz_questions (id,quiz_id,texto,explicacao,ordem,pontos) values ('adf508a9-b9c7-4fbe-b3f2-bb4cf75f276a','c80c7bb1-6c1f-475f-ae28-aee2f3f7ba7e','Uma marca do produtor sênior é:','O sênior decide rápido, pensa estrategicamente e gerencia riscos de forma proativa.',2,1);
insert into public.quiz_options (question_id,texto,correta,ordem) values ('adf508a9-b9c7-4fbe-b3f2-bb4cf75f276a','Evitar decisões',false,1);
insert into public.quiz_options (question_id,texto,correta,ordem) values ('adf508a9-b9c7-4fbe-b3f2-bb4cf75f276a','Tomar decisões rápidas e estratégicas e gerenciar riscos proativamente',true,2);
insert into public.quiz_options (question_id,texto,correta,ordem) values ('adf508a9-b9c7-4fbe-b3f2-bb4cf75f276a','Trabalhar sem orçamento',false,3);
insert into public.quiz_options (question_id,texto,correta,ordem) values ('adf508a9-b9c7-4fbe-b3f2-bb4cf75f276a','Ignorar o cliente',false,4);
insert into public.quiz_questions (id,quiz_id,texto,explicacao,ordem,pontos) values ('9e32b207-467f-4d8a-9a93-6e609665ed4a','c80c7bb1-6c1f-475f-ae28-aee2f3f7ba7e','A mentoria, no perfil sênior, significa:','O produtor sênior orienta os menos experientes com mentoria e desenvolvimento.',3,1);
insert into public.quiz_options (question_id,texto,correta,ordem) values ('9e32b207-467f-4d8a-9a93-6e609665ed4a','Trabalhar isolado',false,1);
insert into public.quiz_options (question_id,texto,correta,ordem) values ('9e32b207-467f-4d8a-9a93-6e609665ed4a','Orientar membros menos experientes e desenvolver a equipe',true,2);
insert into public.quiz_options (question_id,texto,correta,ordem) values ('9e32b207-467f-4d8a-9a93-6e609665ed4a','Reduzir a equipe',false,3);
insert into public.quiz_options (question_id,texto,correta,ordem) values ('9e32b207-467f-4d8a-9a93-6e609665ed4a','Negociar cachês',false,4);
insert into public.quiz_questions (id,quiz_id,texto,explicacao,ordem,pontos) values ('1437c28a-c364-43af-8247-6945695fae10','c80c7bb1-6c1f-475f-ae28-aee2f3f7ba7e','O que costura a formação do produtor completo?','O produtor completo domina todas as fases, do briefing ao relatório pós-evento.',4,1);
insert into public.quiz_options (question_id,texto,correta,ordem) values ('1437c28a-c364-43af-8247-6945695fae10','Apenas o dia do show',false,1);
insert into public.quiz_options (question_id,texto,correta,ordem) values ('1437c28a-c364-43af-8247-6945695fae10','Dominar pré, durante e pós-evento, do briefing ao relatório',true,2);
insert into public.quiz_options (question_id,texto,correta,ordem) values ('1437c28a-c364-43af-8247-6945695fae10','Somente o financeiro',false,3);
insert into public.quiz_options (question_id,texto,correta,ordem) values ('1437c28a-c364-43af-8247-6945695fae10','Apenas a desmontagem',false,4);
insert into public.modules (id,course_id,titulo,ordem) values ('e649b8c9-7385-4ab5-9f46-6a547c9ff1a3','f82b5aeb-95fd-4212-a067-4bec55c0fb6d','Produção Avançada: Gestão Profissional de Eventos',7);
insert into public.lessons (id,module_id,titulo,tipo,conteudo_rico,duracao_min,ordem,tem_quiz,preview_gratis) values ('0785fc6b-4b6a-4d24-9784-e514e35c20a7','e649b8c9-7385-4ab5-9f46-6a547c9ff1a3','Orçamento Profissional: Estrutura de Custos, Margem e Contingência','texto','<p><strong>Para começar:</strong> Um evento não quebra por falta de talento — quebra por orçamento mal feito. Antes de pensar em luz, som ou line-up, você precisa saber exatamente para onde vai cada real.</p><p>Nesta aula você vai aprender a montar um orçamento de evento como uma empresa de verdade: separando custos fixos de variáveis, calculando ponto de equilíbrio, embutindo margem e contingência, e projetando fluxo de caixa para não ficar no vermelho antes do dia do show. Vamos sair do ''achismo'' e entrar na planilha.</p><ul><li><strong>Custos fixos:</strong> São os que não variam com o tamanho do público dentro de uma faixa: aluguel do espaço, cachê de artista, estrutura de palco, som e luz contratados por diária, equipe técnica fixa, seguro. Você paga o mesmo valor com 200 ou 800 pessoas. Some-os primeiro porque definem o piso de despesa.</li><li><strong>Custos variáveis:</strong> Crescem com o público ou com a operação: copos, gelo, insumos de bar, comissão de bilheteria por ingresso vendido, taxa de cartão/gateway, pulseiras, segurança extra por lotação, limpeza proporcional. Calcule sempre por unidade (custo por pessoa) para projetar cenários.</li><li><strong>Ponto de equilíbrio (break-even):</strong> É quantos ingressos (ou qual faturamento) você precisa para cobrir todos os custos. Fórmula prática: Custos Fixos ÷ (preço do ingresso − custo variável por pessoa). Abaixo disso você tem prejuízo; acima, lucro. Saber esse número antes de abrir venda é inegociável.</li><li><strong>Margem de lucro:</strong> É o que sobra depois de pagar tudo, expressa em % sobre a receita. Em produção de eventos, margens saudáveis costumam ficar entre 15% e 30% dependendo do risco. Margem não é ''sobra que aparece'' — você a define antes, somando-a ao custo para chegar ao preço.</li><li><strong>Contingência (reserva técnica):</strong> Uma reserva de 5% a 15% do orçamento total para o imprevisto: chuva, equipamento queimado, hora extra, fornecedor que falhou. Não é gordura, é gestão de risco. Eventos sem contingência transformam qualquer surpresa em prejuízo direto.</li><li><strong>Fluxo de caixa:</strong> É o calendário de entradas e saídas no tempo. Você paga sinal de fornecedores semanas antes, mas só recebe a bilheteria no repasse pós-evento. Mapear isso evita o cenário clássico: evento lucrativo no papel, mas sem dinheiro em caixa para pagar a conta de hoje.</li><li><strong>Formas de cobrança e recebimento:</strong> Bilheteria por plataforma (Sympla, Shotgun, Ingresse) com repasse D+ alguns dias; venda na porta (dinheiro/Pix/maquininha); patrocínio via contrato e NF; permuta. Cada uma tem prazo e taxa diferentes — o prazo de recebimento impacta diretamente o fluxo de caixa.</li><li><strong>Nota fiscal e formalização:</strong> Para receber de patrocinadores, locais e produtoras você precisa emitir NF — como MEI, ME ou produtora. NF de serviço (NFS-e) é municipal. Trabalhar formalizado dá acesso a contratos maiores, evita problemas fiscais e profissionaliza a imagem. Tributação varia por regime (ex.: Simples Nacional).</li></ul><h4>Equipamentos / detalhes</h4><ul><li><strong>Planilha de orçamento (Excel/Google Sheets):</strong> Documento mestre com abas de custos fixos, variáveis, receitas e cenários. Use fórmulas para o break-even recalcular sozinho ao mudar preço ou público.</li><li><strong>Modelo de fluxo de caixa:</strong> Tabela mês a mês (ou semana a semana) com data prevista de cada entrada e saída, mostrando o saldo acumulado para identificar quando o caixa fica negativo.</li><li><strong>Emissor de NF-e/NFS-e:</strong> Sistema da prefeitura ou plataforma contábil para emitir nota dos serviços prestados e dos recebimentos de patrocínio/cachê.</li></ul><h4>Passo a passo</h4><ol><li><strong>Liste todos os custos fixos:</strong> Levante cachê, espaço, estrutura, equipe e seguro. Peça orçamento a fornecedores e use o valor real, não estimado de cabeça.</li><li><strong>Calcule os custos variáveis por pessoa:</strong> Some insumos, taxas e comissões e divida pelo público estimado para ter o custo unitário.</li><li><strong>Defina o preço do ingresso e ache o break-even:</strong> Aplique Custos Fixos ÷ (preço − custo variável por pessoa) para saber quantos ingressos cobrem tudo.</li><li><strong>Adicione margem e contingência:</strong> Some a margem desejada (ex.: 20%) e a reserva (ex.: 10%) ao custo total antes de fechar o preço final.</li><li><strong>Monte o fluxo de caixa no tempo:</strong> Coloque cada pagamento e recebimento na data real e confira se o saldo nunca fica negativo; se ficar, negocie prazos ou antecipe receita.</li></ol><p><strong>Na prática:</strong> Você vai produzir uma festa para 400 pessoas. Custos fixos somam R$ 32.000 (espaço, DJ headliner, som/luz, equipe). Custo variável por pessoa é R$ 15 (copo, taxa de bilheteria, segurança proporcional). Ingresso a R$ 80. Break-even: 32.000 ÷ (80 − 15) = ~493 ingressos — ou seja, a 400 pessoas você teria PREJUÍZO. Aqui você decide: subir o preço, cortar custo fixo, aumentar a meta de público ou buscar patrocínio para cobrir o gap. É essa conta, feita ANTES, que salva o evento.</p><h4>Resumo</h4><ul><li>Custo fixo é o piso; custo variável escala com o público — separe-os para projetar cenários.</li><li>O ponto de equilíbrio diz o mínimo para não ter prejuízo; margem e contingência se somam ANTES do preço.</li><li>Evento lucrativo no papel pode quebrar por fluxo de caixa: mapeie quando o dinheiro entra e sai.</li></ul>',30,1,true,false);
insert into public.quizzes (id,lesson_id,titulo) values ('ca1d952c-d8d5-4177-b532-de70373752cb','0785fc6b-4b6a-4d24-9784-e514e35c20a7','Quiz — Orçamento Profissional: Estrutura de Custos, Margem e Contin');
insert into public.quiz_questions (id,quiz_id,texto,explicacao,ordem,pontos) values ('2f83aa68-9efd-472a-99c4-b322d628467a','ca1d952c-d8d5-4177-b532-de70373752cb','Qual destes é um custo VARIÁVEL em um evento?','Comissão por ingresso cresce com o número de vendas, logo é variável; cachê, aluguel e diária são fixos dentro da faixa de público.',1,1);
insert into public.quiz_options (question_id,texto,correta,ordem) values ('2f83aa68-9efd-472a-99c4-b322d628467a','Cachê do artista headliner',false,1);
insert into public.quiz_options (question_id,texto,correta,ordem) values ('2f83aa68-9efd-472a-99c4-b322d628467a','Comissão de bilheteria por ingresso vendido',true,2);
insert into public.quiz_options (question_id,texto,correta,ordem) values ('2f83aa68-9efd-472a-99c4-b322d628467a','Aluguel do espaço',false,3);
insert into public.quiz_options (question_id,texto,correta,ordem) values ('2f83aa68-9efd-472a-99c4-b322d628467a','Diária da estrutura de palco',false,4);
insert into public.quiz_questions (id,quiz_id,texto,explicacao,ordem,pontos) values ('db55742e-a02f-43f6-8602-8f9c76d07917','ca1d952c-d8d5-4177-b532-de70373752cb','O ponto de equilíbrio é calculado por:','O break-even mostra quantos ingressos cobrem os custos fixos depois de descontar o custo variável de cada pessoa.',2,1);
insert into public.quiz_options (question_id,texto,correta,ordem) values ('db55742e-a02f-43f6-8602-8f9c76d07917','Receita total menos lucro',false,1);
insert into public.quiz_options (question_id,texto,correta,ordem) values ('db55742e-a02f-43f6-8602-8f9c76d07917','Custos Fixos ÷ (preço do ingresso − custo variável por pessoa)',true,2);
insert into public.quiz_options (question_id,texto,correta,ordem) values ('db55742e-a02f-43f6-8602-8f9c76d07917','Margem multiplicada pelo público',false,3);
insert into public.quiz_options (question_id,texto,correta,ordem) values ('db55742e-a02f-43f6-8602-8f9c76d07917','Custos variáveis ÷ número de fornecedores',false,4);
insert into public.quiz_questions (id,quiz_id,texto,explicacao,ordem,pontos) values ('048740cf-81fb-4e84-91e4-2433a16a3535','ca1d952c-d8d5-4177-b532-de70373752cb','A contingência em um orçamento serve para:','Contingência é reserva de risco (geralmente 5% a 15%), não lucro nem substituição de obrigações.',3,1);
insert into public.quiz_options (question_id,texto,correta,ordem) values ('048740cf-81fb-4e84-91e4-2433a16a3535','Aumentar a margem de lucro garantida',false,1);
insert into public.quiz_options (question_id,texto,correta,ordem) values ('048740cf-81fb-4e84-91e4-2433a16a3535','Pagar comissão dos vendedores',false,2);
insert into public.quiz_options (question_id,texto,correta,ordem) values ('048740cf-81fb-4e84-91e4-2433a16a3535','Cobrir imprevistos como chuva, hora extra ou equipamento queimado',true,3);
insert into public.quiz_options (question_id,texto,correta,ordem) values ('048740cf-81fb-4e84-91e4-2433a16a3535','Substituir a nota fiscal',false,4);
insert into public.quiz_questions (id,quiz_id,texto,explicacao,ordem,pontos) values ('dd91dca5-c728-4cc6-845c-d65bf158caee','ca1d952c-d8d5-4177-b532-de70373752cb','Por que um evento lucrativo no papel pode quebrar?','O descasamento entre datas de pagamento e de recebimento pode deixar o caixa negativo mesmo com lucro final.',4,1);
insert into public.quiz_options (question_id,texto,correta,ordem) values ('dd91dca5-c728-4cc6-845c-d65bf158caee','Porque a margem foi alta demais',false,1);
insert into public.quiz_options (question_id,texto,correta,ordem) values ('dd91dca5-c728-4cc6-845c-d65bf158caee','Por problema de fluxo de caixa: paga fornecedores antes de receber a bilheteria',true,2);
insert into public.quiz_options (question_id,texto,correta,ordem) values ('dd91dca5-c728-4cc6-845c-d65bf158caee','Porque emitiu nota fiscal',false,3);
insert into public.quiz_options (question_id,texto,correta,ordem) values ('dd91dca5-c728-4cc6-845c-d65bf158caee','Porque o break-even foi baixo',false,4);
insert into public.lessons (id,module_id,titulo,tipo,conteudo_rico,duracao_min,ordem,tem_quiz,preview_gratis) values ('8f16af9b-7415-4df0-9b4a-0a4642a9dd99','e649b8c9-7385-4ab5-9f46-6a547c9ff1a3','Contratos e Jurídico: Cláusulas, Direitos Autorais (ECAD) e Seguros','texto','<p><strong>Para começar:</strong> No improviso, tudo parece ir bem — até alguém não cumprir o combinado. Contrato não é desconfiança: é o que transforma uma promessa em obrigação exigível.</p><p>Esta aula te dá a base para negociar e ler contratos de evento sem ser advogado — entendendo cláusulas essenciais, responsabilidade civil, direitos autorais e ECAD, e seguros. O objetivo é te tornar capaz de orientar e cobrar sua assessoria jurídica, não substituí-la. Em valores e regras específicas, sempre confirme com um advogado.</p><ul><li><strong>Por que contrato sempre:</strong> Contrato define objeto, prazos, valores, obrigações e penalidades de forma exigível. Sem ele, qualquer descumprimento vira ''palavra contra palavra''. Para artista, fornecedor, espaço e patrocinador, o contrato protege os dois lados e dá previsibilidade.</li><li><strong>Tipos de contrato no evento:</strong> Contrato de apresentação artística (com o artista/empresário); contrato de locação de espaço; contrato de prestação de serviços (som, luz, segurança, catering); contrato de patrocínio/cota; contrato de cessão de imagem e som. Cada um tem objeto e riscos próprios.</li><li><strong>Cláusulas essenciais:</strong> Objeto (o que será feito), valor e forma de pagamento, datas e horários, obrigações de cada parte, rider técnico anexo, cláusula de cancelamento e no-show, multa por descumprimento, força maior, foro e cessão de direitos de imagem. Anexos (rider, mapa) fazem parte do contrato.</li><li><strong>Direitos autorais e ECAD:</strong> No Brasil, a execução pública de música exige pagamento de direitos autorais arrecadados pelo ECAD (escritório central que repassa às associações). Quem organiza o evento (não o artista) costuma ser o responsável por recolher. Calcule esse custo no orçamento — é obrigação legal, não opcional.</li><li><strong>Direito de imagem e som:</strong> Para gravar, transmitir ou usar imagens do artista e do público em divulgação, você precisa de autorização. Cláusula de cessão de imagem no contrato do artista e aviso/sinalização ao público (placas, termos) resolvem grande parte do risco.</li><li><strong>Responsabilidade civil:</strong> O organizador responde por danos a participantes, terceiros e patrimônio durante o evento. Estrutura que cede, acidente por superlotação, briga por falha de segurança — tudo pode recair sobre a produção. Por isso seguro e fornecedores idôneos não são luxo.</li><li><strong>Seguros:</strong> Seguro de responsabilidade civil (RC) de eventos cobre danos a terceiros; seguro patrimonial cobre equipamentos; e existem coberturas para cancelamento. Para muitos espaços e alvarás, apólice de RC é exigência. Cote com corretora especializada em eventos.</li><li><strong>Orientando a assessoria jurídica:</strong> Você não redige sozinho contratos complexos: leva à assessoria a minuta, os pontos de risco e o que negociou. Saber o que pedir — multa, força maior, cessão de imagem, prazo de pagamento — faz o advogado trabalhar a seu favor, não no escuro.</li></ul><h4>Equipamentos / detalhes</h4><ul><li><strong>Minuta-modelo de contrato artístico:</strong> Base reutilizável com objeto, cachê, datas, rider anexo e cláusulas-padrão, ajustada a cada artista pela assessoria jurídica.</li><li><strong>Termo de cessão de direito de imagem:</strong> Documento que autoriza captação e uso de imagem/som do artista e sinalização para o público.</li><li><strong>Apólice de seguro de RC de eventos:</strong> Cobertura de responsabilidade civil contratada com corretora especializada, frequentemente exigida para alvará.</li></ul><h4>Passo a passo</h4><ol><li><strong>Identifique todas as partes e contratos necessários:</strong> Liste artista, espaço, fornecedores e patrocinadores e qual tipo de contrato cada relação exige.</li><li><strong>Reúna os pontos comerciais negociados:</strong> Valor, datas, forma de pagamento, obrigações e rider já acordados viram a base do contrato.</li><li><strong>Inclua as cláusulas de proteção:</strong> Cancelamento, multa, força maior, cessão de imagem e foro precisam estar escritos, não combinados de boca.</li><li><strong>Encaminhe à assessoria jurídica:</strong> Entregue a minuta com os pontos de risco destacados para revisão e adequação legal.</li><li><strong>Provisione ECAD e seguro no orçamento:</strong> Recolha os direitos autorais junto ao ECAD e contrate a apólice de RC antes do evento.</li></ol><p><strong>Na prática:</strong> Você fecha um artista por R$ 25.000. No contrato você inclui: 50% de sinal e 50% no dia, rider técnico anexo, cláusula de no-show com devolução em dobro do sinal, força maior (chuva extrema/decreto), e cessão de imagem para divulgação. Paralelamente, calcula o ECAD para execução das músicas, contrata seguro de RC exigido pelo espaço e guarda tudo em pasta única. Quando o artista atrasa o voo e ameaça não chegar, é a cláusula de no-show — e não o nervosismo — que define o que acontece.</p><h4>Resumo</h4><ul><li>Contrato transforma combinados em obrigações exigíveis — sempre por escrito, com anexos.</li><li>Execução pública de música exige ECAD; uso de imagem exige cessão — ambos entram no planejamento.</li><li>Organizador responde civilmente pelo evento; seguro de RC e fornecedores idôneos reduzem o risco.</li></ul>',32,2,true,false);
insert into public.quizzes (id,lesson_id,titulo) values ('b737a7fd-108f-4f29-947b-2d4616160c28','8f16af9b-7415-4df0-9b4a-0a4642a9dd99','Quiz — Contratos e Jurídico: Cláusulas, Direitos Autorais (ECAD) e ');
insert into public.quiz_questions (id,quiz_id,texto,explicacao,ordem,pontos) values ('4f001d63-8e33-4530-98d1-8783e94257c8','b737a7fd-108f-4f29-947b-2d4616160c28','No Brasil, a execução pública de música em um evento exige:','O ECAD arrecada os direitos autorais de execução pública; a responsabilidade pelo recolhimento costuma ser do organizador.',1,1);
insert into public.quiz_options (question_id,texto,correta,ordem) values ('4f001d63-8e33-4530-98d1-8783e94257c8','Apenas a autorização verbal do artista',false,1);
insert into public.quiz_options (question_id,texto,correta,ordem) values ('4f001d63-8e33-4530-98d1-8783e94257c8','Recolhimento de direitos autorais junto ao ECAD',true,2);
insert into public.quiz_options (question_id,texto,correta,ordem) values ('4f001d63-8e33-4530-98d1-8783e94257c8','Nenhuma obrigação se o ingresso for gratuito',false,3);
insert into public.quiz_options (question_id,texto,correta,ordem) values ('4f001d63-8e33-4530-98d1-8783e94257c8','Apenas alvará da prefeitura',false,4);
insert into public.quiz_questions (id,quiz_id,texto,explicacao,ordem,pontos) values ('ba0bdaa7-f6fe-4f32-bf24-caa61f4bf34a','b737a7fd-108f-4f29-947b-2d4616160c28','Qual cláusula protege a produção se o artista não comparecer?','A cláusula de no-show define a penalidade pelo não comparecimento; força maior trata de eventos imprevisíveis e inevitáveis.',2,1);
insert into public.quiz_options (question_id,texto,correta,ordem) values ('ba0bdaa7-f6fe-4f32-bf24-caa61f4bf34a','Cláusula de força maior apenas',false,1);
insert into public.quiz_options (question_id,texto,correta,ordem) values ('ba0bdaa7-f6fe-4f32-bf24-caa61f4bf34a','Cláusula de no-show com penalidade definida',true,2);
insert into public.quiz_options (question_id,texto,correta,ordem) values ('ba0bdaa7-f6fe-4f32-bf24-caa61f4bf34a','Cláusula de foro',false,3);
insert into public.quiz_options (question_id,texto,correta,ordem) values ('ba0bdaa7-f6fe-4f32-bf24-caa61f4bf34a','Cláusula de cessão de imagem',false,4);
insert into public.quiz_questions (id,quiz_id,texto,explicacao,ordem,pontos) values ('54d24a72-d1a0-42f3-9a8c-07ebd6f49173','b737a7fd-108f-4f29-947b-2d4616160c28','A responsabilidade civil em um evento significa que:','O organizador responde por danos ocorridos no evento; o seguro de RC ajuda a cobrir esses riscos, mas não elimina a responsabilidade.',3,1);
insert into public.quiz_options (question_id,texto,correta,ordem) values ('54d24a72-d1a0-42f3-9a8c-07ebd6f49173','Só o fornecedor responde por acidentes',false,1);
insert into public.quiz_options (question_id,texto,correta,ordem) values ('54d24a72-d1a0-42f3-9a8c-07ebd6f49173','O organizador pode responder por danos a participantes e terceiros',true,2);
insert into public.quiz_options (question_id,texto,correta,ordem) values ('54d24a72-d1a0-42f3-9a8c-07ebd6f49173','Não há responsabilidade se houver seguro',false,3);
insert into public.quiz_options (question_id,texto,correta,ordem) values ('54d24a72-d1a0-42f3-9a8c-07ebd6f49173','A responsabilidade é sempre do espaço',false,4);
insert into public.quiz_questions (id,quiz_id,texto,explicacao,ordem,pontos) values ('159e8adc-1615-47a5-90a7-32d89bcc0899','b737a7fd-108f-4f29-947b-2d4616160c28','O papel correto do produtor diante da assessoria jurídica é:','O produtor reúne o que foi negociado e os riscos, e o jurídico formaliza — cada um no seu papel.',4,1);
insert into public.quiz_options (question_id,texto,correta,ordem) values ('159e8adc-1615-47a5-90a7-32d89bcc0899','Redigir sozinho os contratos para economizar',false,1);
insert into public.quiz_options (question_id,texto,correta,ordem) values ('159e8adc-1615-47a5-90a7-32d89bcc0899','Levar pontos negociados e riscos para o advogado revisar e adequar',true,2);
insert into public.quiz_options (question_id,texto,correta,ordem) values ('159e8adc-1615-47a5-90a7-32d89bcc0899','Evitar contratos para agilizar',false,3);
insert into public.quiz_options (question_id,texto,correta,ordem) values ('159e8adc-1615-47a5-90a7-32d89bcc0899','Assinar sem ler porque o advogado depois resolve',false,4);
insert into public.quiz_questions (id,quiz_id,texto,explicacao,ordem,pontos) values ('944d4b8d-c7e7-4df1-b134-874a7e166b2d','b737a7fd-108f-4f29-947b-2d4616160c28','Por que sinalizar o público sobre captação de imagem?','Avisos e termos sobre captação ajudam a respaldar o uso de imagens do público na divulgação.',5,1);
insert into public.quiz_options (question_id,texto,correta,ordem) values ('944d4b8d-c7e7-4df1-b134-874a7e166b2d','É proibido gravar o público',false,1);
insert into public.quiz_options (question_id,texto,correta,ordem) values ('944d4b8d-c7e7-4df1-b134-874a7e166b2d','Para reduzir risco jurídico de uso de imagem em divulgação',true,2);
insert into public.quiz_options (question_id,texto,correta,ordem) values ('944d4b8d-c7e7-4df1-b134-874a7e166b2d','Para aumentar a bilheteria',false,3);
insert into public.quiz_options (question_id,texto,correta,ordem) values ('944d4b8d-c7e7-4df1-b134-874a7e166b2d','Substitui o contrato com o artista',false,4);
insert into public.lessons (id,module_id,titulo,tipo,conteudo_rico,duracao_min,ordem,tem_quiz,preview_gratis) values ('fe3280de-b423-4362-b9ad-dd4a9108f3ef','e649b8c9-7385-4ab5-9f46-6a547c9ff1a3','Cronograma e Gestão de Tempo: Timeline, Caminho Crítico e Marcos','texto','<p><strong>Para começar:</strong> Todo evento tem uma data fixa que não se move. Por isso, em produção, tempo não é recurso — é o recurso. Quem domina o cronograma domina o evento.</p><p>Você vai aprender a construir uma timeline de produção de trás para frente a partir da data do evento, identificar o caminho crítico (as tarefas que não podem atrasar), definir marcos de controle e usar ferramentas como Gantt, Trello e Notion. E vai montar o schedule do dia — o minuto a minuto que rege a operação.</p><ul><li><strong>Timeline de produção (planejamento reverso):</strong> Comece pela data do evento e volte no tempo definindo quando cada coisa precisa estar pronta: contrato assinado, divulgação no ar, estrutura fechada, credenciamento montado. Planejar ''de trás para frente'' evita descobrir tarde que algo deveria ter começado semanas antes.</li><li><strong>Caminho crítico:</strong> É a sequência de tarefas que determina a duração mínima do projeto — se uma delas atrasa, o evento inteiro atrasa. Ex.: aprovar layout → contratar estrutura → montar palco → instalar som. Tarefas fora do caminho crítico têm folga; as do caminho, não. Identifique-as e proteja-as.</li><li><strong>Marcos (milestones):</strong> Pontos de controle com data e entrega clara: ''contratos fechados'', ''divulgação iniciada'', ''mapa de palco aprovado'', ''venda atingiu 50%''. Marcos não são tarefas — são checkpoints que dizem se o projeto está no rumo. Reuniões de produção giram em torno deles.</li><li><strong>Dependências entre tarefas:</strong> Algumas tarefas só começam quando outra termina (finish-to-start): você não imprime credenciais sem a lista fechada; não monta o som sem o palco erguido. Mapear dependências evita gargalos e equipe parada esperando.</li><li><strong>Gantt:</strong> Gráfico de barras no tempo que mostra cada tarefa, sua duração, suas dependências e o caminho crítico. É a visão macro da produção. Ferramentas: Excel, Notion, ClickUp, MS Project. Ideal para enxergar onde tudo se conecta e onde estão os riscos de atraso.</li><li><strong>Trello e Notion (gestão de tarefas):</strong> Trello organiza em quadros e colunas (A fazer / Fazendo / Feito) — ótimo para acompanhamento diário da equipe. Notion combina tarefas, documentos e cronograma num só lugar. Use quadros por área (técnica, marketing, logística) com responsável e prazo em cada cartão.</li><li><strong>Schedule do dia (run sheet operacional):</strong> É o minuto a minuto do dia do evento: horário de chegada da equipe, montagem, passagem de som, abertura de portões, set de cada artista, virada, desmonte. Diferente da timeline de semanas, o schedule do dia é em horas e minutos e rege a operação ao vivo.</li><li><strong>Folgas e buffers:</strong> Nunca encaixe tarefas coladas sem respiro. Coloque buffers (margens de tempo) entre etapas críticas — passagem de som que termina 1h antes da abertura, e não em cima. Buffer é o que absorve o atraso inevitável sem derrubar o cronograma.</li></ul><h4>Equipamentos / detalhes</h4><ul><li><strong>Gráfico de Gantt:</strong> Visão de timeline com barras de tarefas, dependências e caminho crítico para planejar e acompanhar prazos da produção.</li><li><strong>Quadro Trello/Notion por área:</strong> Gestão de tarefas em colunas com responsável e prazo, atualizada diariamente pela equipe.</li><li><strong>Schedule do dia (run sheet):</strong> Documento em horas e minutos com toda a sequência operacional do dia do evento, distribuído à equipe.</li></ul><h4>Passo a passo</h4><ol><li><strong>Fixe a data do evento e planeje ao contrário:</strong> Liste tudo que precisa estar pronto e atribua o prazo final de cada item recuando a partir do dia D.</li><li><strong>Mapeie dependências e ache o caminho crítico:</strong> Marque o que depende do quê e identifique a sequência que não admite atraso.</li><li><strong>Defina marcos de controle:</strong> Estabeleça checkpoints com data (contratos, divulgação, mapa aprovado, meta de venda) para medir o avanço.</li><li><strong>Monte o Gantt e os quadros de tarefas:</strong> Transfira tudo para Gantt (visão macro) e Trello/Notion (execução diária) com responsáveis.</li><li><strong>Construa o schedule do dia com buffers:</strong> Detalhe o minuto a minuto do evento incluindo folgas entre etapas críticas.</li></ol><p><strong>Na prática:</strong> Faltam 8 semanas. Você abre o Gantt e marca o caminho crítico: aprovar layout (sem 6) → contratar estrutura (sem 5) → confirmar montagem (dia −2) → passagem de som (dia D, 16h) → portões (19h). Tudo isso é intocável. Já a arte do convite ou o sorteio de brindes têm folga e podem deslizar sem afetar o show. No dia, o schedule reza: 12h equipe chega, 14h fim da montagem, 16h-18h passagem de som, 18h buffer, 19h portões, 21h abertura, 23h headliner, 02h fim, 02h-05h desmonte. Cada atraso bate primeiro no buffer, não no público.</p><h4>Resumo</h4><ul><li>Planeje de trás para frente: a data é fixa, todo o resto se organiza a partir dela.</li><li>O caminho crítico são as tarefas que, se atrasarem, atrasam tudo — proteja-as com buffers.</li><li>Timeline rege semanas; o schedule do dia rege horas e minutos da operação ao vivo.</li></ul>',30,3,true,false);
insert into public.quizzes (id,lesson_id,titulo) values ('6e95ff67-e688-4410-82a7-f732e9ba659d','fe3280de-b423-4362-b9ad-dd4a9108f3ef','Quiz — Cronograma e Gestão de Tempo: Timeline, Caminho Crítico e Ma');
insert into public.quiz_questions (id,quiz_id,texto,explicacao,ordem,pontos) values ('4b64c54f-b6cb-4a43-8068-f77d04258cb1','6e95ff67-e688-4410-82a7-f732e9ba659d','O ''caminho crítico'' de uma produção é:','O caminho crítico é a cadeia de tarefas sem folga que determina a duração mínima do projeto.',1,1);
insert into public.quiz_options (question_id,texto,correta,ordem) values ('4b64c54f-b6cb-4a43-8068-f77d04258cb1','A lista de fornecedores mais caros',false,1);
insert into public.quiz_options (question_id,texto,correta,ordem) values ('4b64c54f-b6cb-4a43-8068-f77d04258cb1','A sequência de tarefas que, se atrasar, atrasa o evento inteiro',true,2);
insert into public.quiz_options (question_id,texto,correta,ordem) values ('4b64c54f-b6cb-4a43-8068-f77d04258cb1','O trajeto de transporte dos equipamentos',false,3);
insert into public.quiz_options (question_id,texto,correta,ordem) values ('4b64c54f-b6cb-4a43-8068-f77d04258cb1','A ordem das músicas no palco',false,4);
insert into public.quiz_questions (id,quiz_id,texto,explicacao,ordem,pontos) values ('d7854ae5-fe7a-4cf1-b78e-f85c4ea6adf0','6e95ff67-e688-4410-82a7-f732e9ba659d','Planejar a timeline ''de trás para frente'' significa:','Como a data do evento é fixa, define-se cada prazo recuando a partir dela.',2,1);
insert into public.quiz_options (question_id,texto,correta,ordem) values ('d7854ae5-fe7a-4cf1-b78e-f85c4ea6adf0','Começar pelas tarefas mais fáceis',false,1);
insert into public.quiz_options (question_id,texto,correta,ordem) values ('d7854ae5-fe7a-4cf1-b78e-f85c4ea6adf0','Partir da data do evento e recuar definindo prazos',true,2);
insert into public.quiz_options (question_id,texto,correta,ordem) values ('d7854ae5-fe7a-4cf1-b78e-f85c4ea6adf0','Deixar tudo para a última semana',false,3);
insert into public.quiz_options (question_id,texto,correta,ordem) values ('d7854ae5-fe7a-4cf1-b78e-f85c4ea6adf0','Ignorar dependências',false,4);
insert into public.quiz_questions (id,quiz_id,texto,explicacao,ordem,pontos) values ('738c9109-e91c-4e24-af23-22021cb40983','6e95ff67-e688-4410-82a7-f732e9ba659d','O schedule do dia se diferencia da timeline porque:','O schedule do dia detalha a operação em horas e minutos; a timeline cobre semanas de produção.',3,1);
insert into public.quiz_options (question_id,texto,correta,ordem) values ('738c9109-e91c-4e24-af23-22021cb40983','É medido em semanas',false,1);
insert into public.quiz_options (question_id,texto,correta,ordem) values ('738c9109-e91c-4e24-af23-22021cb40983','É o minuto a minuto da operação do dia do evento',true,2);
insert into public.quiz_options (question_id,texto,correta,ordem) values ('738c9109-e91c-4e24-af23-22021cb40983','Lista apenas os contratos',false,3);
insert into public.quiz_options (question_id,texto,correta,ordem) values ('738c9109-e91c-4e24-af23-22021cb40983','Substitui o Gantt no planejamento de longo prazo',false,4);
insert into public.quiz_questions (id,quiz_id,texto,explicacao,ordem,pontos) values ('f1de257a-09f8-46a8-b0f0-7f687b2cf006','6e95ff67-e688-4410-82a7-f732e9ba659d','Para que serve um buffer no cronograma?','Buffers são margens de tempo entre etapas que absorvem imprevistos sem comprometer o cronograma.',4,1);
insert into public.quiz_options (question_id,texto,correta,ordem) values ('f1de257a-09f8-46a8-b0f0-7f687b2cf006','Aumentar o lucro',false,1);
insert into public.quiz_options (question_id,texto,correta,ordem) values ('f1de257a-09f8-46a8-b0f0-7f687b2cf006','Absorver atrasos inevitáveis sem derrubar a sequência',true,2);
insert into public.quiz_options (question_id,texto,correta,ordem) values ('f1de257a-09f8-46a8-b0f0-7f687b2cf006','Eliminar o caminho crítico',false,3);
insert into public.quiz_options (question_id,texto,correta,ordem) values ('f1de257a-09f8-46a8-b0f0-7f687b2cf006','Reduzir o número de fornecedores',false,4);
insert into public.lessons (id,module_id,titulo,tipo,conteudo_rico,duracao_min,ordem,tem_quiz,preview_gratis) values ('1750a5eb-ff6d-4331-9f46-18cff4b7b234','e649b8c9-7385-4ab5-9f46-6a547c9ff1a3','Equipe e Fornecedores: Contratação, Briefing, Escala e Hierarquia','texto','<p><strong>Para começar:</strong> Você não produz um evento sozinho. Produz através de pessoas. Saber montar, briefar e comandar a equipe certa é o que separa o produtor do faz-tudo sobrecarregado.</p><p>Nesta aula você vai entender como estruturar e contratar equipe, gerir fornecedores e terceirizados, escrever briefings que evitam retrabalho, montar escalas, e desenhar a hierarquia e a comunicação no dia (intercom, rádios, grupos). Gestão de gente é onde o evento vive ou morre na operação.</p><ul><li><strong>Estrutura e funções da equipe:</strong> Produtor executivo (responde pelo todo), coordenador/produtor de palco (manda no backstage e na ordem do show), produção de campo (resolve o operacional), técnicos (som, luz, vídeo), logística, credenciamento, segurança, limpeza, bar. Cada função tem responsável claro — sobreposição gera vácuo de decisão.</li><li><strong>Contratação e formalização:</strong> Defina se cada pessoa é CLT, freelancer (RPA/contrato), MEI ou via fornecedor terceirizado. Freelancers de evento normalmente faturam ou recebem por RPA. Formalizar protege você de passivo trabalhista e dá clareza de obrigações — combine valor, função e horário por escrito.</li><li><strong>Gestão de fornecedores:</strong> Som, luz, palco, gerador, banheiros químicos, catering, segurança, limpeza. Selecione por idoneidade, portfólio e referência — não só por preço. Tenha contrato, rider e prazo claros, e um plano B para os fornecedores críticos. Fornecedor que falha no caminho crítico para o evento.</li><li><strong>Terceirização:</strong> Você pode contratar empresas que entregam pacotes fechados (segurança, limpeza, A&amp;B). Vantagem: menos gente para gerir e responsabilidade da empresa. Cuidado: você ainda responde pelo resultado e deve checar documentação (alvará, seguro, treinamento) dos terceiros.</li><li><strong>Briefing:</strong> Documento ou reunião que alinha O QUE, COMO, QUANDO e POR QUÊ com cada equipe e fornecedor. Bom briefing traz objetivo, escopo, prazos, contatos, mapa e o que NÃO fazer. Briefing ruim gera retrabalho, atraso e estresse no dia. Escreva, não confie só na conversa.</li><li><strong>Escala de equipe:</strong> Quem trabalha, em qual horário, em qual posto, com qual folga. Numa operação longa, monte turnos para não esgotar a equipe. A escala deve cobrir montagem, evento e desmonte — muita gente esquece de escalar o desmonte e fica sem braço às 4h.</li><li><strong>Hierarquia e cadeia de decisão:</strong> Defina quem decide o quê e a quem cada um reporta. No dia, decisões precisam de dono: ''em caso de chuva, quem manda parar?''. Cadeia clara evita ordens contraditórias e paralisia. O coordenador de palco, por exemplo, é a autoridade do backstage.</li><li><strong>Comunicação no dia (intercom e grupos):</strong> Rádios HT/intercom para a equipe técnica e de produção (canais por área), grupo de mensagens para avisos e fechamento, e contatos-chave impressos. Combine códigos e protocolos antes. Comunicação travada no dia do evento custa minutos que viram crise.</li></ul><h4>Equipamentos / detalhes</h4><ul><li><strong>Organograma da equipe:</strong> Mapa visual de funções, responsáveis e a quem cada um reporta, distribuído antes do evento.</li><li><strong>Documento de briefing por área:</strong> Alinhamento escrito de escopo, prazos, contatos e mapa para cada equipe e fornecedor.</li><li><strong>Planilha de escala:</strong> Tabela com nome, função, posto, horário e folga cobrindo montagem, evento e desmonte.</li><li><strong>Rádios HT / intercom e grupo de mensagens:</strong> Canais de comunicação por área para a operação ao vivo, com códigos e protocolos combinados.</li></ul><h4>Passo a passo</h4><ol><li><strong>Desenhe o organograma e as funções:</strong> Liste todas as funções necessárias e defina um responsável claro para cada uma.</li><li><strong>Contrate e formalize equipe e fornecedores:</strong> Defina o vínculo (CLT, freela, MEI, terceirizado), combine valor/horário e registre por escrito.</li><li><strong>Escreva o briefing de cada área:</strong> Documente objetivo, escopo, prazos, contatos, mapa e o que não fazer.</li><li><strong>Monte a escala completa:</strong> Distribua pessoas por posto e horário cobrindo montagem, evento E desmonte, com folgas.</li><li><strong>Defina hierarquia e plano de comunicação:</strong> Estabeleça quem decide o quê e configure rádios/intercom e grupo de avisos com protocolos.</li></ol><p><strong>Na prática:</strong> Para um show de 600 pessoas você monta: produtor executivo (você), coordenador de palco, 2 da produção de campo, técnicos de som/luz do fornecedor, 4 de credenciamento, 6 seguranças terceirizados, 3 de bar, 2 de limpeza. Cada fornecedor recebe briefing escrito com horário de chegada, mapa e contato. No rádio, canal 1 é produção/palco, canal 2 é segurança/portaria. Você define: ''chuva forte = coordenador de palco decide pausar, eu autorizo retomar''. Quando o credenciamento engasga às 20h, o canal 1 resolve em 90 segundos porque a cadeia estava clara.</p><h4>Resumo</h4><ul><li>Cada função precisa de um dono claro — sobreposição gera vácuo de decisão.</li><li>Briefing escrito e escala completa (inclusive desmonte) previnem retrabalho e falta de braço.</li><li>Cadeia de decisão e comunicação por canais salvam minutos que, no dia, viram crise.</li></ul>',31,4,true,false);
insert into public.quizzes (id,lesson_id,titulo) values ('1013baa1-501c-43b6-91f4-146b3c6f2dd9','1750a5eb-ff6d-4331-9f46-18cff4b7b234','Quiz — Equipe e Fornecedores: Contratação, Briefing, Escala e Hiera');
insert into public.quiz_questions (id,quiz_id,texto,explicacao,ordem,pontos) values ('1fb76c43-ad8b-48d0-80cc-7666b94326de','1013baa1-501c-43b6-91f4-146b3c6f2dd9','No backstage e na ordem do show, a autoridade operacional costuma ser:','O coordenador de palco comanda o backstage e a sequência do show; cadeias claras evitam ordens contraditórias.',1,1);
insert into public.quiz_options (question_id,texto,correta,ordem) values ('1fb76c43-ad8b-48d0-80cc-7666b94326de','O técnico de som',false,1);
insert into public.quiz_options (question_id,texto,correta,ordem) values ('1fb76c43-ad8b-48d0-80cc-7666b94326de','O coordenador/produtor de palco',true,2);
insert into public.quiz_options (question_id,texto,correta,ordem) values ('1fb76c43-ad8b-48d0-80cc-7666b94326de','O segurança',false,3);
insert into public.quiz_options (question_id,texto,correta,ordem) values ('1fb76c43-ad8b-48d0-80cc-7666b94326de','O patrocinador',false,4);
insert into public.quiz_questions (id,quiz_id,texto,explicacao,ordem,pontos) values ('1f1b7825-7c49-4d19-a3e5-bd466608ed8f','1013baa1-501c-43b6-91f4-146b3c6f2dd9','Por que escrever briefing em vez de só conversar?','Briefing escrito reduz ambiguidade e retrabalho ao deixar claro o que, como, quando e por quê.',2,1);
insert into public.quiz_options (question_id,texto,correta,ordem) values ('1f1b7825-7c49-4d19-a3e5-bd466608ed8f','Para encarecer o projeto',false,1);
insert into public.quiz_options (question_id,texto,correta,ordem) values ('1f1b7825-7c49-4d19-a3e5-bd466608ed8f','Para alinhar escopo, prazos e mapa e evitar retrabalho',true,2);
insert into public.quiz_options (question_id,texto,correta,ordem) values ('1f1b7825-7c49-4d19-a3e5-bd466608ed8f','Porque a lei obriga',false,3);
insert into public.quiz_options (question_id,texto,correta,ordem) values ('1f1b7825-7c49-4d19-a3e5-bd466608ed8f','Para substituir o contrato',false,4);
insert into public.quiz_questions (id,quiz_id,texto,explicacao,ordem,pontos) values ('e87e7542-e63a-4491-b606-cdd2f1577d70','1013baa1-501c-43b6-91f4-146b3c6f2dd9','Um erro comum na escala de equipe é:','Muitas escalas cobrem montagem e evento, mas esquecem o desmonte e a operação fica sem braço no fim.',3,1);
insert into public.quiz_options (question_id,texto,correta,ordem) values ('e87e7542-e63a-4491-b606-cdd2f1577d70','Definir folgas',false,1);
insert into public.quiz_options (question_id,texto,correta,ordem) values ('e87e7542-e63a-4491-b606-cdd2f1577d70','Esquecer de escalar o desmonte',true,2);
insert into public.quiz_options (question_id,texto,correta,ordem) values ('e87e7542-e63a-4491-b606-cdd2f1577d70','Incluir os técnicos',false,3);
insert into public.quiz_options (question_id,texto,correta,ordem) values ('e87e7542-e63a-4491-b606-cdd2f1577d70','Cobrir a montagem',false,4);
insert into public.quiz_questions (id,quiz_id,texto,explicacao,ordem,pontos) values ('77958274-a3bb-4981-b9d6-5541163012db','1013baa1-501c-43b6-91f4-146b3c6f2dd9','Ao terceirizar segurança, o produtor deve:','Mesmo terceirizado, o organizador responde pelo evento e deve checar a idoneidade e documentação do fornecedor.',4,1);
insert into public.quiz_options (question_id,texto,correta,ordem) values ('77958274-a3bb-4981-b9d6-5541163012db','Ignorar a documentação porque a responsabilidade é só da empresa',false,1);
insert into public.quiz_options (question_id,texto,correta,ordem) values ('77958274-a3bb-4981-b9d6-5541163012db','Conferir alvará, seguro e treinamento dos terceiros, pois ainda responde pelo resultado',true,2);
insert into public.quiz_options (question_id,texto,correta,ordem) values ('77958274-a3bb-4981-b9d6-5541163012db','Contratar sempre o mais barato',false,3);
insert into public.quiz_options (question_id,texto,correta,ordem) values ('77958274-a3bb-4981-b9d6-5541163012db','Dispensar contrato',false,4);
insert into public.lessons (id,module_id,titulo,tipo,conteudo_rico,duracao_min,ordem,tem_quiz,preview_gratis) values ('64e0c14e-bdab-4fb9-b92b-9a1c5a998c9c','e649b8c9-7385-4ab5-9f46-6a547c9ff1a3','Documentação Completa: Rider Técnico, Stage Plan, Ordem de Serviço e Run of Show','texto','<p><strong>Para começar:</strong> Na produção profissional, o que não está documentado não existe. O dia do evento é executado por dezenas de pessoas — e elas seguem papéis, não a sua memória.</p><p>Esta aula reúne o pacote de documentos que faz uma produção rodar sem você precisar repetir tudo o tempo todo: briefing, rider técnico, stage plan (mapa de palco), ordem de serviço, checklist, contrato e run of show. Você vai entender o que cada um contém e como eles se conectam num kit de produção.</p><ul><li><strong>Briefing:</strong> O documento de partida: objetivo do evento, público, conceito, data, local, escopo de cada área e referências. É a fonte da qual todos os outros documentos derivam. Um briefing alinhado evita que cada fornecedor entenda o evento de um jeito diferente.</li><li><strong>Rider técnico:</strong> Lista de exigências técnicas do artista/banda: equipamentos de som, monitores, microfones, backline, input list (canais), energia, e às vezes hospitalidade (camarim). O rider vem do artista e vira contrato com o fornecedor de som/luz. Conferir o rider antes evita o pesadelo de descobrir no palco que falta equipamento.</li><li><strong>Stage plan (mapa de palco):</strong> Desenho de onde fica cada músico, instrumento, amplificador, monitor e ponto de energia no palco. Junto com o input list, orienta a montagem e a passagem de som. Sem stage plan, a montagem vira tentativa e erro e queima tempo precioso.</li><li><strong>Ordem de serviço (OS):</strong> Documento operacional que diz a cada equipe/fornecedor exatamente o que fazer, onde, quando e sob qual responsável. É a tradução do plano em tarefas executáveis no dia. A OS evita o ''achei que era você quem faria''.</li><li><strong>Mapa de palco e planta do evento:</strong> Além do palco, a planta geral mostra fluxos de público, posições de bar, banheiros, saídas de emergência, credenciamento, áreas técnicas e camarins. Serve para logística, segurança e aprovação junto a bombeiros/órgãos.</li><li><strong>Checklist:</strong> Listas de verificação por etapa (pré-evento, montagem, abertura, durante, desmonte). Transformam conhecimento em rotina à prova de esquecimento. Em operação sob pressão, o checklist garante que o óbvio não seja esquecido.</li><li><strong>Run of show (roteiro do evento):</strong> O roteiro minuto a minuto da experiência: abertura, falas, entrada de cada atração, viradas, cues técnicos (luz/som/vídeo), intervalos, encerramento. Diferente do schedule de produção, o run of show foca o que o PÚBLICO vê e ouve, e sincroniza palco, técnica e apresentação.</li><li><strong>Kit de produção integrado:</strong> Todos esses documentos vivem juntos numa pasta única (física e digital) acessível à equipe: briefing, contratos, riders, stage plan, OS, mapas, checklists, run of show, contatos. É o ''cérebro'' do evento — quem chega novo se vira lendo o kit.</li></ul><h4>Equipamentos / detalhes</h4><ul><li><strong>Rider técnico + input list:</strong> Especificação de equipamentos e canais exigidos pelo artista, base do contrato com o fornecedor técnico.</li><li><strong>Stage plan (mapa de palco):</strong> Desenho posicional do palco que orienta montagem e passagem de som.</li><li><strong>Ordem de serviço:</strong> Documento que distribui tarefas, locais, horários e responsáveis a cada equipe no dia.</li><li><strong>Run of show:</strong> Roteiro minuto a minuto com cues de palco, técnica e apresentação para sincronizar a operação ao vivo.</li></ul><h4>Passo a passo</h4><ol><li><strong>Parta do briefing:</strong> Consolide objetivo, público, conceito e escopo como fonte para todos os demais documentos.</li><li><strong>Colete e confira o rider técnico:</strong> Receba o rider do artista, valide com o fornecedor de som/luz e resolva faltas antes do dia.</li><li><strong>Monte stage plan e planta do evento:</strong> Desenhe palco e layout geral com fluxos, áreas técnicas e saídas de emergência.</li><li><strong>Emita as ordens de serviço e checklists:</strong> Traduza o plano em tarefas por equipe e crie checklists por etapa da operação.</li><li><strong>Escreva o run of show e monte o kit:</strong> Detalhe o minuto a minuto com cues e reúna tudo em uma pasta única acessível à equipe.</li></ol><p><strong>Na prática:</strong> Antes do show você recebe o rider da banda: pede 24 canais, 4 monitores, backline específico e bateria com microfonação completa. Você confronta com o fornecedor de som — falta um monitor; resolve com 10 dias de antecedência, não às 17h da passagem. Desenha o stage plan posicionando bateria ao fundo, baixo à esquerda, e marca os pontos de energia. No dia, a OS diz ao técnico exatamente onde montar; o run of show diz 21h00 abertura DJ, 22h30 vinheta, 22h35 entrada da banda, 00h00 bis, 00h15 encerramento. Tudo vive na pasta de produção, e qualquer um da equipe consegue se localizar sem te perguntar.</p><h4>Resumo</h4><ul><li>Cada documento deriva do briefing e tem função específica — juntos formam o kit de produção.</li><li>Rider e stage plan conferidos com antecedência evitam descobrir falta de equipamento no palco.</li><li>Run of show foca o que o público vê e sincroniza palco, técnica e apresentação minuto a minuto.</li></ul>',33,5,true,false);
insert into public.quizzes (id,lesson_id,titulo) values ('dff24a80-7108-4124-8cdf-fed73901855e','64e0c14e-bdab-4fb9-b92b-9a1c5a998c9c','Quiz — Documentação Completa: Rider Técnico, Stage Plan, Ordem de S');
insert into public.quiz_questions (id,quiz_id,texto,explicacao,ordem,pontos) values ('7ccdaf58-9e65-491d-806a-4b698d05e505','dff24a80-7108-4124-8cdf-fed73901855e','O rider técnico é:','O rider especifica som, monitores, backline e input list exigidos pelo artista, e baseia o contrato técnico.',1,1);
insert into public.quiz_options (question_id,texto,correta,ordem) values ('7ccdaf58-9e65-491d-806a-4b698d05e505','O roteiro do que o público vê',false,1);
insert into public.quiz_options (question_id,texto,correta,ordem) values ('7ccdaf58-9e65-491d-806a-4b698d05e505','A lista de exigências técnicas e de equipamentos do artista',true,2);
insert into public.quiz_options (question_id,texto,correta,ordem) values ('7ccdaf58-9e65-491d-806a-4b698d05e505','O contrato de patrocínio',false,3);
insert into public.quiz_options (question_id,texto,correta,ordem) values ('7ccdaf58-9e65-491d-806a-4b698d05e505','A escala da equipe',false,4);
insert into public.quiz_questions (id,quiz_id,texto,explicacao,ordem,pontos) values ('26091f56-0be8-495b-9303-74bb3f25d2a2','dff24a80-7108-4124-8cdf-fed73901855e','O stage plan serve principalmente para:','O stage plan mostra onde fica cada elemento no palco, guiando montagem e soundcheck.',2,1);
insert into public.quiz_options (question_id,texto,correta,ordem) values ('26091f56-0be8-495b-9303-74bb3f25d2a2','Definir o preço do ingresso',false,1);
insert into public.quiz_options (question_id,texto,correta,ordem) values ('26091f56-0be8-495b-9303-74bb3f25d2a2','Orientar a montagem e a passagem de som com o posicionamento no palco',true,2);
insert into public.quiz_options (question_id,texto,correta,ordem) values ('26091f56-0be8-495b-9303-74bb3f25d2a2','Listar os patrocinadores',false,3);
insert into public.quiz_options (question_id,texto,correta,ordem) values ('26091f56-0be8-495b-9303-74bb3f25d2a2','Controlar o caixa',false,4);
insert into public.quiz_questions (id,quiz_id,texto,explicacao,ordem,pontos) values ('ec755765-a35a-4da3-b47b-b7e1072b6851','dff24a80-7108-4124-8cdf-fed73901855e','A diferença entre run of show e schedule de produção é:','O run of show é o roteiro da experiência com cues; o schedule organiza a operação de produção.',3,1);
insert into public.quiz_options (question_id,texto,correta,ordem) values ('ec755765-a35a-4da3-b47b-b7e1072b6851','São idênticos',false,1);
insert into public.quiz_options (question_id,texto,correta,ordem) values ('ec755765-a35a-4da3-b47b-b7e1072b6851','O run of show foca o que o público vê e os cues; o schedule foca a operação',true,2);
insert into public.quiz_options (question_id,texto,correta,ordem) values ('ec755765-a35a-4da3-b47b-b7e1072b6851','O run of show cobre semanas',false,3);
insert into public.quiz_options (question_id,texto,correta,ordem) values ('ec755765-a35a-4da3-b47b-b7e1072b6851','O schedule só existe para o artista',false,4);
insert into public.quiz_questions (id,quiz_id,texto,explicacao,ordem,pontos) values ('6197bdab-52d8-4e6a-982c-39ebf4b1c892','dff24a80-7108-4124-8cdf-fed73901855e','A ordem de serviço (OS) existe para:','A OS traduz o plano em tarefas executáveis com local, horário e responsável.',4,1);
insert into public.quiz_options (question_id,texto,correta,ordem) values ('6197bdab-52d8-4e6a-982c-39ebf4b1c892','Substituir o contrato do artista',false,1);
insert into public.quiz_options (question_id,texto,correta,ordem) values ('6197bdab-52d8-4e6a-982c-39ebf4b1c892','Dizer a cada equipe o que fazer, onde, quando e sob qual responsável',true,2);
insert into public.quiz_options (question_id,texto,correta,ordem) values ('6197bdab-52d8-4e6a-982c-39ebf4b1c892','Calcular o ECAD',false,3);
insert into public.quiz_options (question_id,texto,correta,ordem) values ('6197bdab-52d8-4e6a-982c-39ebf4b1c892','Definir o cardápio',false,4);
insert into public.quiz_questions (id,quiz_id,texto,explicacao,ordem,pontos) values ('2de51a2d-252e-4f64-b70c-98defa875af4','dff24a80-7108-4124-8cdf-fed73901855e','Por que reunir tudo num kit de produção único?','O kit centraliza os documentos e torna a operação independente da memória de uma só pessoa.',5,1);
insert into public.quiz_options (question_id,texto,correta,ordem) values ('2de51a2d-252e-4f64-b70c-98defa875af4','Para dificultar o acesso',false,1);
insert into public.quiz_options (question_id,texto,correta,ordem) values ('2de51a2d-252e-4f64-b70c-98defa875af4','Para que a equipe se localize e execute sem depender da memória do produtor',true,2);
insert into public.quiz_options (question_id,texto,correta,ordem) values ('2de51a2d-252e-4f64-b70c-98defa875af4','Porque a lei exige',false,3);
insert into public.quiz_options (question_id,texto,correta,ordem) values ('2de51a2d-252e-4f64-b70c-98defa875af4','Para substituir o briefing',false,4);
insert into public.lessons (id,module_id,titulo,tipo,conteudo_rico,duracao_min,ordem,tem_quiz,preview_gratis) values ('0bfc9bb3-2b3a-4a66-b74d-dd6ddf341a0c','e649b8c9-7385-4ab5-9f46-6a547c9ff1a3','Logística e Operação: Montagem, Credenciamento, Segurança e Contingência','texto','<p><strong>Para começar:</strong> Planejamento bonito não enche caminhão nem abre portão. Logística é onde o plano encosta na realidade — e onde os imprevistos chegam sem aviso.</p><p>Aqui você aprende a operar: transporte e carga/descarga, montagem e desmontagem com ordem certa, credenciamento e controle de acesso, segurança e controle de público, plano de contingência e gestão de crise. É a aula que prepara você para o que acontece quando algo dá errado — porque algo sempre dá.</p><ul><li><strong>Transporte e carga/descarga:</strong> Planeje rotas, horários de chegada de caminhões, área e janela de carga/descarga, e quem recebe cada fornecedor. Em locais com restrição de horário ou acesso difícil, isso é caminho crítico. Atraso na descarga atrasa toda a montagem em efeito dominó.</li><li><strong>Montagem e desmontagem (ordem correta):</strong> Há uma sequência lógica: estrutura/palco → energia/gerador → som e luz → cenografia → ambientação → testes. Desmontar é o inverso e costuma ser subestimado. Defina ordem, equipe e janela de horário; locais cobram multa por atraso na devolução.</li><li><strong>Credenciamento e controle de acesso:</strong> Sistema de check-in (QR code, lista, pulseira), filas separadas por categoria (público, VIP, imprensa, equipe, artistas), e pontos de credenciamento dimensionados para o pico de chegada. Credenciamento lento gera fila, frustração e risco na entrada — superdimensione o pico.</li><li><strong>Segurança e controle de público:</strong> Cálculo de lotação conforme a capacidade do espaço e normas de bombeiros, equipe de segurança proporcional, revistas, controle de fluxo, sinalização de saídas de emergência e brigada. Superlotação é risco de vida e responsabilidade direta do organizador — respeite o limite do AVCB/alvará.</li><li><strong>Energia e infraestrutura:</strong> Dimensione a carga elétrica total (palco, bar, iluminação, frio) e tenha gerador com folga e, idealmente, redundância para o palco. Falha de energia no headliner é o tipo de crise que vira manchete. Banheiros, água e acessibilidade também são infraestrutura obrigatória.</li><li><strong>Plano de contingência:</strong> Documento com ''se acontecer X, fazemos Y'' para os riscos prováveis: chuva, falta de energia, atraso/no-show de artista, emergência médica, briga, superlotação, evacuação. Cada cenário tem um responsável e uma ação definida ANTES — improvisar na hora custa caro.</li><li><strong>Gestão de crise no dia:</strong> Quando o imprevisto vira crise: mantenha a cadeia de decisão (quem manda parar/retomar), comunique com clareza (equipe, público, autoridades), priorize segurança de pessoas acima do show, e registre o que aconteceu. Calma e protocolo, não pânico e improviso.</li><li><strong>Acessibilidade e atendimento:</strong> Rampas, lugares para cadeirantes, comunicação acessível e ponto de primeiros socorros/ambulância conforme o porte. Além de obrigação legal em muitos casos, é parte da operação profissional e da reputação do evento.</li></ul><h4>Equipamentos / detalhes</h4><ul><li><strong>Plano logístico de carga/descarga:</strong> Cronograma de chegada de fornecedores com janela, rota e responsável por recebimento.</li><li><strong>Sistema de credenciamento (QR/pulseira):</strong> Ferramenta de check-in e controle de acesso por categoria, dimensionada para o pico de entrada.</li><li><strong>Plano de contingência e evacuação:</strong> Documento com cenários de risco, ações e responsáveis, incluindo rota de evacuação e brigada.</li><li><strong>Gerador com redundância:</strong> Fonte de energia dimensionada com folga e backup para o palco, evitando queda no momento crítico.</li></ul><h4>Passo a passo</h4><ol><li><strong>Planeje transporte e janela de carga/descarga:</strong> Defina rotas, horários e responsável por receber cada fornecedor, respeitando restrições do local.</li><li><strong>Defina a ordem de montagem e desmontagem:</strong> Sequencie estrutura, energia, som/luz, cenografia e testes — e o inverso no desmonte, com janela de horário.</li><li><strong>Dimensione credenciamento e segurança:</strong> Calcule pontos de check-in para o pico e a equipe de segurança conforme a lotação permitida.</li><li><strong>Escreva o plano de contingência:</strong> Liste os riscos prováveis com ação e responsável definidos para cada cenário.</li><li><strong>Defina a cadeia de crise e a evacuação:</strong> Estabeleça quem decide parar/retomar, como comunicar e qual a rota de evacuação.</li></ol><p><strong>Na prática:</strong> Chega o dia. 12h o caminhão de estrutura descarrega na janela combinada (sem isso, nada sobe). 14h estrutura pronta, 14h30 gerador ligado, 15h som e luz, 17h passagem. Você dimensionou 6 pontos de credenciamento para o pico das 20h-21h, com fila VIP separada. No plano de contingência: ''chuva forte = lona no palco e o coordenador decide pausar; falta de energia = gerador backup assume o palco em 60s; emergência médica = ambulância no local aciona, segurança abre corredor''. Quando começa a chover às 22h, ninguém entra em pânico: o protocolo já estava escrito e cada um sabe seu papel.</p><h4>Resumo</h4><ul><li>Montagem e desmontagem têm ordem certa; atraso na carga/descarga derruba todo o cronograma.</li><li>Lotação, segurança e saídas de emergência são responsabilidade direta do organizador — nunca extrapole o limite legal.</li><li>Plano de contingência escrito antes transforma crise em protocolo executado com calma.</li></ul>',32,6,true,false);
insert into public.quizzes (id,lesson_id,titulo) values ('1f2c3b52-2259-41db-8716-4a737435f405','0bfc9bb3-2b3a-4a66-b74d-dd6ddf341a0c','Quiz — Logística e Operação: Montagem, Credenciamento, Segurança e ');
insert into public.quiz_questions (id,quiz_id,texto,explicacao,ordem,pontos) values ('1686b368-6b4f-48a7-b5ab-d6108c697cc2','1f2c3b52-2259-41db-8716-4a737435f405','A ordem lógica de montagem costuma ser:','Monta-se a base (estrutura e energia) antes de som, luz e cenografia, terminando com testes.',1,1);
insert into public.quiz_options (question_id,texto,correta,ordem) values ('1686b368-6b4f-48a7-b5ab-d6108c697cc2','Som/luz antes da estrutura',false,1);
insert into public.quiz_options (question_id,texto,correta,ordem) values ('1686b368-6b4f-48a7-b5ab-d6108c697cc2','Estrutura/palco, depois energia, depois som e luz, depois testes',true,2);
insert into public.quiz_options (question_id,texto,correta,ordem) values ('1686b368-6b4f-48a7-b5ab-d6108c697cc2','Cenografia primeiro, estrutura por último',false,3);
insert into public.quiz_options (question_id,texto,correta,ordem) values ('1686b368-6b4f-48a7-b5ab-d6108c697cc2','Não há ordem definida',false,4);
insert into public.quiz_questions (id,quiz_id,texto,explicacao,ordem,pontos) values ('0245ed20-fce7-4348-afd5-ab1470df7b9c','1f2c3b52-2259-41db-8716-4a737435f405','A lotação máxima de um evento deve respeitar:','Superlotação é risco de vida e responsabilidade do organizador; o limite vem do AVCB/alvará e das normas de bombeiros.',2,1);
insert into public.quiz_options (question_id,texto,correta,ordem) values ('0245ed20-fce7-4348-afd5-ab1470df7b9c','A meta de venda do produtor',false,1);
insert into public.quiz_options (question_id,texto,correta,ordem) values ('0245ed20-fce7-4348-afd5-ab1470df7b9c','A capacidade do espaço conforme alvará/AVCB e bombeiros',true,2);
insert into public.quiz_options (question_id,texto,correta,ordem) values ('0245ed20-fce7-4348-afd5-ab1470df7b9c','O número de patrocinadores',false,3);
insert into public.quiz_options (question_id,texto,correta,ordem) values ('0245ed20-fce7-4348-afd5-ab1470df7b9c','O tamanho do palco',false,4);
insert into public.quiz_questions (id,quiz_id,texto,explicacao,ordem,pontos) values ('626af4df-5330-4455-aa21-44e7f6e1b3c8','1f2c3b52-2259-41db-8716-4a737435f405','O plano de contingência deve ser definido:','Antecipar ''se X, então Y'' com responsável evita improviso e perda de tempo na hora da crise.',3,1);
insert into public.quiz_options (question_id,texto,correta,ordem) values ('626af4df-5330-4455-aa21-44e7f6e1b3c8','Improvisado no momento da crise',false,1);
insert into public.quiz_options (question_id,texto,correta,ordem) values ('626af4df-5330-4455-aa21-44e7f6e1b3c8','Antes do evento, com cenário, ação e responsável para cada risco',true,2);
insert into public.quiz_options (question_id,texto,correta,ordem) values ('626af4df-5330-4455-aa21-44e7f6e1b3c8','Apenas para chuva',false,3);
insert into public.quiz_options (question_id,texto,correta,ordem) values ('626af4df-5330-4455-aa21-44e7f6e1b3c8','Somente pelo fornecedor de som',false,4);
insert into public.quiz_questions (id,quiz_id,texto,explicacao,ordem,pontos) values ('72fdc0f6-14b0-4114-8f32-9ebecc0ed07e','1f2c3b52-2259-41db-8716-4a737435f405','Numa crise no dia, a prioridade é:','Segurança de pessoas vem primeiro; a cadeia de decisão definida orienta parar e retomar com protocolo.',4,1);
insert into public.quiz_options (question_id,texto,correta,ordem) values ('72fdc0f6-14b0-4114-8f32-9ebecc0ed07e','Manter o show a qualquer custo',false,1);
insert into public.quiz_options (question_id,texto,correta,ordem) values ('72fdc0f6-14b0-4114-8f32-9ebecc0ed07e','A segurança das pessoas acima do show, seguindo a cadeia de decisão',true,2);
insert into public.quiz_options (question_id,texto,correta,ordem) values ('72fdc0f6-14b0-4114-8f32-9ebecc0ed07e','Esperar o produtor postar nas redes',false,3);
insert into public.quiz_options (question_id,texto,correta,ordem) values ('72fdc0f6-14b0-4114-8f32-9ebecc0ed07e','Liberar mais ingressos',false,4);
insert into public.lessons (id,module_id,titulo,tipo,conteudo_rico,duracao_min,ordem,tem_quiz,preview_gratis) values ('b7a52235-2e91-4450-b380-332155cfcec6','e649b8c9-7385-4ab5-9f46-6a547c9ff1a3','Financeiro e Pós-Evento: Settlement, Conciliação, Relatório e KPIs','texto','<p><strong>Para começar:</strong> O evento acaba quando o último centavo é conciliado e o relatório está fechado — não quando o headliner sai do palco. O pós-evento é onde você descobre se ganhou dinheiro e o que aprendeu.</p><p>Esta aula fecha o ciclo financeiro e analítico: o settlement (fechamento de contas com artista/parceiros), a conciliação de receitas e despesas, o relatório de resultado, os KPIs que medem o sucesso e o registro de aprendizados. Sem pós-evento estruturado, você repete erros e nunca sabe sua real lucratividade.</p><ul><li><strong>Settlement (fechamento de contas):</strong> É o acerto final de contas do evento, especialmente com o artista quando há participação na bilheteria (cachê + percentual ou modelo de divisão). Reúne receita bruta, deduções acordadas (taxas, ECAD, custos pactuados) e chega ao valor líquido a repassar. Faça com documentos, não de cabeça.</li><li><strong>Conciliação financeira:</strong> Bater cada entrada e saída real contra o previsto: bilheteria vendida x repasse da plataforma, vendas na porta x relatório da maquininha, despesas orçadas x notas pagas. Conciliar revela furos (taxa a mais, venda não repassada, despesa esquecida) e fecha o caixa de verdade.</li><li><strong>Relatório de resultado (DRE simplificado):</strong> Demonstrativo com receita bruta, deduções, custos, e resultado líquido. Mostra preto no branco se o evento deu lucro ou prejuízo e por quê. É a base para decidir repetir, ajustar preço ou cortar custos na próxima edição.</li><li><strong>KPIs do evento:</strong> Indicadores que medem desempenho: público total x meta, taxa de conversão de venda, receita por participante (ticket médio), custo por participante, margem realizada, ocupação (% da lotação), origem das vendas, e satisfação (NPS/pesquisa). KPIs transformam ''achei legal'' em dado.</li><li><strong>Comparar previsto x realizado:</strong> Coloque lado a lado o orçamento planejado e o resultado real. Onde estourou? Onde sobrou? Essa comparação é a aula mais valiosa de cada evento e calibra o orçamento do próximo — sem ela, você orça sempre no escuro.</li><li><strong>Avaliação qualitativa:</strong> Além dos números: como foi a experiência do público, da equipe e dos parceiros? Pesquisa pós-evento, feedback da equipe e dos fornecedores, observações do dia. Problemas operacionais que não viram número precisam ser registrados para não se repetirem.</li><li><strong>Registro de aprendizados (lessons learned):</strong> Documento honesto do que funcionou e do que falhou: fornecedor que atrasou, gargalo no credenciamento, item de orçamento subestimado. Vira insumo para o briefing e o checklist do próximo evento. Quem não registra, recomeça do zero toda vez.</li><li><strong>Prestação de contas a parceiros:</strong> Patrocinadores e investidores querem relatório: alcance, público, mídia, fotos, retorno. Entregar uma prestação de contas profissional, com KPIs e evidências, é o que renova patrocínio e abre o próximo evento. Pós-evento também é venda do próximo.</li></ul><h4>Equipamentos / detalhes</h4><ul><li><strong>Planilha de settlement:</strong> Modelo que consolida receita, deduções e divisão para chegar ao líquido a repassar a artista/parceiros.</li><li><strong>Relatório de conciliação:</strong> Tabela que confronta previsto x realizado de cada receita e despesa para fechar o caixa.</li><li><strong>Dashboard de KPIs:</strong> Painel com público, ticket médio, ocupação, margem e satisfação para medir o desempenho.</li><li><strong>Relatório de prestação de contas:</strong> Documento com KPIs, evidências e fotos entregue a patrocinadores e investidores.</li></ul><h4>Passo a passo</h4><ol><li><strong>Consolide todas as receitas e despesas reais:</strong> Reúna repasses de bilheteria, vendas na porta, notas pagas e taxas efetivas.</li><li><strong>Faça o settlement com o artista/parceiros:</strong> Aplique a divisão acordada sobre os números reais e documente o repasse.</li><li><strong>Concilie previsto x realizado:</strong> Bata cada item contra o orçamento para identificar furos e fechar o caixa.</li><li><strong>Calcule os KPIs e monte o relatório:</strong> Apure público, ticket médio, ocupação, margem e satisfação e gere o DRE simplificado.</li><li><strong>Registre aprendizados e preste contas:</strong> Documente o que funcionou e falhou e entregue a prestação de contas aos parceiros.</li></ol><p><strong>Na prática:</strong> Acabou o show. Você consolida: bilheteria R$ 64.000 (já com taxa da plataforma descontada), bar R$ 18.000, patrocínio R$ 15.000 = receita real R$ 97.000. Despesas conciliadas: R$ 71.000 (orçamento previa R$ 68.000 — estourou R$ 3.000 em hora extra de segurança, anota no lessons learned). Settlement do artista: cachê fixo R$ 25.000, sem percentual, repasse confirmado por documento. Resultado líquido: R$ 26.000, margem ~27%. KPIs: 580 de 600 lotação (97% ocupação), ticket médio R$ 110, NPS 72. Você fecha um relatório, manda a prestação de contas ao patrocinador com fotos e números — e ele já fala da próxima edição.</p><h4>Resumo</h4><ul><li>Settlement e conciliação fecham o caixa com documentos e revelam a lucratividade real.</li><li>Comparar previsto x realizado e calcular KPIs calibra o próximo orçamento e prova o resultado.</li><li>Registrar aprendizados e prestar contas profissionalmente é o que renova patrocínio e melhora cada edição.</li></ul>',31,7,true,false);
insert into public.quizzes (id,lesson_id,titulo) values ('8ef827fd-f975-41f5-bfd7-30da5f70d66f','b7a52235-2e91-4450-b380-332155cfcec6','Quiz — Financeiro e Pós-Evento: Settlement, Conciliação, Relatório ');
insert into public.quiz_questions (id,quiz_id,texto,explicacao,ordem,pontos) values ('225d168f-6988-4c93-910f-787cd3c82a21','8ef827fd-f975-41f5-bfd7-30da5f70d66f','O settlement de um evento é:','O settlement consolida receita, deduções e divisão acordada para chegar ao valor líquido a repassar.',1,1);
insert into public.quiz_options (question_id,texto,correta,ordem) values ('225d168f-6988-4c93-910f-787cd3c82a21','A montagem do palco',false,1);
insert into public.quiz_options (question_id,texto,correta,ordem) values ('225d168f-6988-4c93-910f-787cd3c82a21','O acerto final de contas, especialmente com o artista/parceiros',true,2);
insert into public.quiz_options (question_id,texto,correta,ordem) values ('225d168f-6988-4c93-910f-787cd3c82a21','O plano de contingência',false,3);
insert into public.quiz_options (question_id,texto,correta,ordem) values ('225d168f-6988-4c93-910f-787cd3c82a21','A escala da equipe',false,4);
insert into public.quiz_questions (id,quiz_id,texto,explicacao,ordem,pontos) values ('4c6c8c33-1ed0-4387-aa6d-bb32e40ff5b3','8ef827fd-f975-41f5-bfd7-30da5f70d66f','Conciliação financeira significa:','Conciliar é confrontar previsto x realizado em cada receita e despesa para fechar o caixa e achar furos.',2,1);
insert into public.quiz_options (question_id,texto,correta,ordem) values ('4c6c8c33-1ed0-4387-aa6d-bb32e40ff5b3','Estimar o público de cabeça',false,1);
insert into public.quiz_options (question_id,texto,correta,ordem) values ('4c6c8c33-1ed0-4387-aa6d-bb32e40ff5b3','Bater cada entrada e saída real contra o previsto',true,2);
insert into public.quiz_options (question_id,texto,correta,ordem) values ('4c6c8c33-1ed0-4387-aa6d-bb32e40ff5b3','Aumentar a margem depois do evento',false,3);
insert into public.quiz_options (question_id,texto,correta,ordem) values ('4c6c8c33-1ed0-4387-aa6d-bb32e40ff5b3','Recolher o ECAD',false,4);
insert into public.quiz_questions (id,quiz_id,texto,explicacao,ordem,pontos) values ('e7bc7d0a-bdff-488a-9834-db595e1b63c2','8ef827fd-f975-41f5-bfd7-30da5f70d66f','Qual destes é um KPI de evento?','Ticket médio, ocupação, margem e satisfação são indicadores que medem o desempenho do evento.',3,1);
insert into public.quiz_options (question_id,texto,correta,ordem) values ('e7bc7d0a-bdff-488a-9834-db595e1b63c2','A cor do palco',false,1);
insert into public.quiz_options (question_id,texto,correta,ordem) values ('e7bc7d0a-bdff-488a-9834-db595e1b63c2','Ticket médio (receita por participante)',true,2);
insert into public.quiz_options (question_id,texto,correta,ordem) values ('e7bc7d0a-bdff-488a-9834-db595e1b63c2','O nome do fornecedor de som',false,3);
insert into public.quiz_options (question_id,texto,correta,ordem) values ('e7bc7d0a-bdff-488a-9834-db595e1b63c2','A marca do gerador',false,4);
insert into public.quiz_questions (id,quiz_id,texto,explicacao,ordem,pontos) values ('920feae5-bbbd-48de-8406-81bc12b68e17','8ef827fd-f975-41f5-bfd7-30da5f70d66f','Por que registrar aprendizados (lessons learned)?','O registro honesto do que funcionou e falhou evita recomeçar do zero e melhora cada evento.',4,1);
insert into public.quiz_options (question_id,texto,correta,ordem) values ('920feae5-bbbd-48de-8406-81bc12b68e17','Para cumprir burocracia inútil',false,1);
insert into public.quiz_options (question_id,texto,correta,ordem) values ('920feae5-bbbd-48de-8406-81bc12b68e17','Para não repetir erros e alimentar o briefing e o checklist da próxima edição',true,2);
insert into public.quiz_options (question_id,texto,correta,ordem) values ('920feae5-bbbd-48de-8406-81bc12b68e17','Para aumentar o cachê do artista',false,3);
insert into public.quiz_options (question_id,texto,correta,ordem) values ('920feae5-bbbd-48de-8406-81bc12b68e17','Para substituir a conciliação',false,4);
insert into public.quiz_questions (id,quiz_id,texto,explicacao,ordem,pontos) values ('8a99d736-03c1-4234-b330-fd9bb8b364f9','8ef827fd-f975-41f5-bfd7-30da5f70d66f','A prestação de contas a patrocinadores é importante porque:','Uma prestação de contas profissional comprova o retorno e é parte da venda da próxima edição.',5,1);
insert into public.quiz_options (question_id,texto,correta,ordem) values ('8a99d736-03c1-4234-b330-fd9bb8b364f9','É opcional e raramente cobrada',false,1);
insert into public.quiz_options (question_id,texto,correta,ordem) values ('8a99d736-03c1-4234-b330-fd9bb8b364f9','Com KPIs e evidências, renova patrocínio e viabiliza o próximo evento',true,2);
insert into public.quiz_options (question_id,texto,correta,ordem) values ('8a99d736-03c1-4234-b330-fd9bb8b364f9','Substitui o contrato',false,3);
insert into public.quiz_options (question_id,texto,correta,ordem) values ('8a99d736-03c1-4234-b330-fd9bb8b364f9','Só interessa ao artista',false,4);
insert into public.lessons (id,module_id,titulo,tipo,conteudo_rico,duracao_min,ordem,tem_quiz,preview_gratis) values ('2c593baf-d58a-4419-99cd-63a7b8869230','e649b8c9-7385-4ab5-9f46-6a547c9ff1a3','Gestão Profissional: Padronização, ''Artista = Empresa'' e Precificação do Serviço','texto','<p><strong>Para começar:</strong> Talento te coloca no jogo; gestão te mantém nele. A diferença entre quem faz eventos e quem vive de eventos está em tratar a própria operação como empresa.</p><p>A aula final eleva o olhar do evento para o negócio: padronizar processos para escalar, enxergar o artista e o produtor como empresa, construir networking e reputação, e precificar o próprio serviço com critério. É o que transforma esforço pontual em carreira sustentável e crescente.</p><ul><li><strong>Padronização de processos:</strong> Transformar o que deu certo em modelos reutilizáveis: planilha de orçamento padrão, checklist padrão, contratos-modelo, kit de produção, run of show template. Padronizar libera energia mental do operacional repetitivo e reduz erro — você para de reinventar a roda a cada evento.</li><li><strong>''Artista = empresa'' (e produtor também):</strong> Pense em si e no artista como uma microempresa: tem receita, custo, marca, contratos, impostos e reputação. Isso muda decisões — separar conta pessoal da profissional, emitir NF, reinvestir, precificar com margem, cuidar da imagem. Profissionalizar a gestão é o que dá longevidade.</li><li><strong>Escalabilidade:</strong> Crescer sem que tudo dependa de você. Documentação, processos padronizados, equipe de confiança e fornecedores recorrentes permitem produzir mais e maiores eventos sem proporcional aumento de caos. Escalar é multiplicar resultado sem multiplicar o esforço pessoal na mesma proporção.</li><li><strong>Networking e relacionamento:</strong> Em eventos, contrato bom muitas vezes vem de relação. Cultive fornecedores, artistas, espaços, patrocinadores e colegas com profissionalismo e palavra cumprida. Reputação de quem ''entrega e paga em dia'' é o ativo mais valioso e que mais abre portas no setor.</li><li><strong>Reputação e marca pessoal:</strong> Sua marca é o que falam de você quando você não está na sala. Entregar com qualidade, comunicar bem, resolver problemas e tratar a equipe com respeito constrói reputação. Em um mercado de relações, a marca pessoal precede o portfólio.</li><li><strong>Precificação do próprio serviço:</strong> Cobre pelo seu trabalho com método, não com chute: calcule seu custo (tempo, deslocamento, ferramentas, impostos), some a margem de lucro do seu serviço, e considere o valor entregue e o porte do evento. Cobrar barato demais sinaliza amadorismo e inviabiliza a operação no longo prazo.</li><li><strong>Modelos de remuneração do produtor:</strong> Fee fixo por projeto, percentual sobre o orçamento do evento, percentual sobre o resultado, ou misto. Cada modelo tem risco diferente — percentual sobre resultado alinha incentivos mas expõe você ao prejuízo; fee fixo protege. Deixe sempre claro em contrato o que está e o que não está incluído.</li><li><strong>Mentalidade de melhoria contínua:</strong> Cada evento alimenta o próximo: aprendizados viram processo, processo vira padrão, padrão libera você para pensar estratégia e crescimento. Profissional é quem melhora 1% a cada edição — em cinco anos, isso é um abismo de diferença para quem só ''vai fazendo''.</li></ul><h4>Equipamentos / detalhes</h4><ul><li><strong>Biblioteca de templates:</strong> Conjunto de modelos padronizados (orçamento, contrato, checklist, kit, run of show) reutilizáveis a cada novo evento.</li><li><strong>Planilha de precificação do serviço:</strong> Ferramenta para calcular custo, margem e valor do seu trabalho e definir o fee com critério.</li><li><strong>CRM/agenda de relacionamento:</strong> Registro de contatos, fornecedores, artistas e parceiros para cultivar networking de forma organizada.</li></ul><h4>Passo a passo</h4><ol><li><strong>Padronize seus documentos-chave:</strong> Transforme orçamento, checklist, contratos e kit em templates reutilizáveis.</li><li><strong>Estruture sua operação como empresa:</strong> Separe contas, formalize (NF/regime tributário) e trate marca e reputação como ativos.</li><li><strong>Calcule o preço do seu serviço:</strong> Some custo, margem e valor entregue, e escolha o modelo de remuneração adequado ao risco.</li><li><strong>Cultive networking com método:</strong> Mantenha relações profissionais, cumpra a palavra e registre contatos para parcerias recorrentes.</li><li><strong>Implemente melhoria contínua:</strong> Converta os aprendizados de cada evento em ajustes nos templates e processos.</li></ol><p><strong>Na prática:</strong> Depois de cinco eventos, você para de começar do zero. Tem sua planilha de orçamento, seu contrato-modelo (revisado pela assessoria), seu kit de produção e seu run of show template. Você se formaliza como produtora (NF, conta separada) e precifica seu serviço: custo do seu tempo + ferramentas + impostos, mais margem de 25%, num fee fixo de R$ 12.000 por projeto deste porte — e deixa claro no contrato o que inclui. Seu fornecedor de som de confiança te dá prioridade porque você paga em dia; um patrocinador te indica para outro evento porque você prestou contas direito. Você não trabalha mais; trabalha melhor — e a operação escala.</p><h4>Resumo</h4><ul><li>Padronizar processos libera energia do operacional e permite escalar sem multiplicar o caos.</li><li>Tratar artista e produtor como empresa — marca, NF, margem, reputação — dá longevidade à carreira.</li><li>Precificar com método e cultivar networking transforma esforço pontual em negócio sustentável.</li></ul>',30,8,true,false);
insert into public.quizzes (id,lesson_id,titulo) values ('d0c9a186-16c5-4a0f-93d1-ba757208105c','2c593baf-d58a-4419-99cd-63a7b8869230','Quiz — Gestão Profissional: Padronização, ''Artista = Empresa'' e Pre');
insert into public.quiz_questions (id,quiz_id,texto,explicacao,ordem,pontos) values ('f474b89d-cd7e-4f8d-80ea-beac68b8f369','d0c9a186-16c5-4a0f-93d1-ba757208105c','Padronizar processos em produção serve para:','Templates padronizados evitam reinventar a roda a cada evento e reduzem falhas, abrindo espaço para crescer.',1,1);
insert into public.quiz_options (question_id,texto,correta,ordem) values ('f474b89d-cd7e-4f8d-80ea-beac68b8f369','Engessar a criatividade',false,1);
insert into public.quiz_options (question_id,texto,correta,ordem) values ('f474b89d-cd7e-4f8d-80ea-beac68b8f369','Reutilizar modelos, reduzir erro e liberar energia para escalar',true,2);
insert into public.quiz_options (question_id,texto,correta,ordem) values ('f474b89d-cd7e-4f8d-80ea-beac68b8f369','Aumentar o número de fornecedores',false,3);
insert into public.quiz_options (question_id,texto,correta,ordem) values ('f474b89d-cd7e-4f8d-80ea-beac68b8f369','Substituir o contrato',false,4);
insert into public.quiz_questions (id,quiz_id,texto,explicacao,ordem,pontos) values ('eb2f2e3f-669c-48c9-83bc-a1343a724530','d0c9a186-16c5-4a0f-93d1-ba757208105c','Pensar ''artista = empresa'' implica:','Ver-se como empresa muda decisões: formalização, separação de contas, margem e cuidado com a reputação.',2,1);
insert into public.quiz_options (question_id,texto,correta,ordem) values ('eb2f2e3f-669c-48c9-83bc-a1343a724530','Ignorar impostos e marca',false,1);
insert into public.quiz_options (question_id,texto,correta,ordem) values ('eb2f2e3f-669c-48c9-83bc-a1343a724530','Tratar receita, custo, NF, margem e reputação como uma operação profissional',true,2);
insert into public.quiz_options (question_id,texto,correta,ordem) values ('eb2f2e3f-669c-48c9-83bc-a1343a724530','Cobrar sempre o mais barato',false,3);
insert into public.quiz_options (question_id,texto,correta,ordem) values ('eb2f2e3f-669c-48c9-83bc-a1343a724530','Não usar contrato',false,4);
insert into public.quiz_questions (id,quiz_id,texto,explicacao,ordem,pontos) values ('bd3c9214-b7e5-43cd-afc7-0946393cd42c','d0c9a186-16c5-4a0f-93d1-ba757208105c','Ao precificar o próprio serviço, o produtor deve:','Precificação com método cobre custo e impostos, embute margem e reflete o valor e o porte do evento.',3,1);
insert into public.quiz_options (question_id,texto,correta,ordem) values ('bd3c9214-b7e5-43cd-afc7-0946393cd42c','Chutar um valor baixo para fechar logo',false,1);
insert into public.quiz_options (question_id,texto,correta,ordem) values ('bd3c9214-b7e5-43cd-afc7-0946393cd42c','Somar custo, impostos e margem e considerar o valor entregue e o porte',true,2);
insert into public.quiz_options (question_id,texto,correta,ordem) values ('bd3c9214-b7e5-43cd-afc7-0946393cd42c','Cobrar igual a todos os concorrentes',false,3);
insert into public.quiz_options (question_id,texto,correta,ordem) values ('bd3c9214-b7e5-43cd-afc7-0946393cd42c','Cobrar só o deslocamento',false,4);
insert into public.quiz_questions (id,quiz_id,texto,explicacao,ordem,pontos) values ('b6c53e7e-409f-4dc9-b9d3-e44076564096','d0c9a186-16c5-4a0f-93d1-ba757208105c','No modelo de remuneração por percentual sobre o resultado, o produtor:','Percentual sobre resultado alinha interesses mas transfere risco ao produtor; fee fixo protege mais.',4,1);
insert into public.quiz_options (question_id,texto,correta,ordem) values ('b6c53e7e-409f-4dc9-b9d3-e44076564096','Nunca corre risco',false,1);
insert into public.quiz_options (question_id,texto,correta,ordem) values ('b6c53e7e-409f-4dc9-b9d3-e44076564096','Alinha incentivos, mas se expõe ao prejuízo se o evento for mal',true,2);
insert into public.quiz_options (question_id,texto,correta,ordem) values ('b6c53e7e-409f-4dc9-b9d3-e44076564096','Recebe sempre o mesmo valor fixo',false,3);
insert into public.quiz_options (question_id,texto,correta,ordem) values ('b6c53e7e-409f-4dc9-b9d3-e44076564096','Não precisa de contrato',false,4);
insert into public.quiz_questions (id,quiz_id,texto,explicacao,ordem,pontos) values ('f1bcbd0d-86bc-40fd-9afc-756efe849176','d0c9a186-16c5-4a0f-93d1-ba757208105c','Por que networking é um ativo central no setor de eventos?','Em um mercado de relações, reputação de quem entrega e paga em dia abre as portas dos próximos contratos.',5,1);
insert into public.quiz_options (question_id,texto,correta,ordem) values ('f1bcbd0d-86bc-40fd-9afc-756efe849176','Porque dispensa qualidade na entrega',false,1);
insert into public.quiz_options (question_id,texto,correta,ordem) values ('f1bcbd0d-86bc-40fd-9afc-756efe849176','Porque muitos contratos vêm de relação, reputação e palavra cumprida',true,2);
insert into public.quiz_options (question_id,texto,correta,ordem) values ('f1bcbd0d-86bc-40fd-9afc-756efe849176','Porque substitui o orçamento',false,3);
insert into public.quiz_options (question_id,texto,correta,ordem) values ('f1bcbd0d-86bc-40fd-9afc-756efe849176','Porque elimina a necessidade de seguro',false,4);

-- CURSO: Eletrônica para Eventos e Sistemas
insert into public.courses (id,titulo,slug,descricao_curta,nivel,categoria,categorias,tipo,carga_horaria,total_aulas,ativo,destaque,ordem) values
  ('07695dfc-c93c-4a8a-bb5a-58d3b926c76e','Eletrônica para Eventos e Sistemas','eletronica-para-eventos-e-sistemas','Curso Eletrônica para Eventos e Sistemas — SMU PRO','junior','outros','{}','free',800,24,false,false,9);
insert into public.modules (id,course_id,titulo,ordem) values ('68a1164f-7b80-4bc3-b406-08d97f904b15','07695dfc-c93c-4a8a-bb5a-58d3b926c76e','Módulo 1 — Fundamentos da Eletricidade',1);
insert into public.lessons (id,module_id,titulo,tipo,conteudo_rico,duracao_min,ordem,tem_quiz,preview_gratis) values ('d2a632c4-6a46-43e6-b4a6-373d2793084b','68a1164f-7b80-4bc3-b406-08d97f904b15','Grandezas elétricas: tensão, corrente, resistência, potência e energia','texto','<p><strong>Para começar:</strong> Antes de medir, soldar ou ligar qualquer equipamento, você precisa dominar a linguagem da eletricidade. Este é o alfabeto de todo o curso.</p><p>Toda a eletrônica se apoia em poucas grandezas fundamentais. Entendê-las com precisão — incluindo unidades e símbolos corretos — evita erros caros e situações perigosas no palco e no rack.</p><ul><li><strong>Carga elétrica (Q):</strong> Propriedade fundamental da matéria, medida em coulombs (C). 1 C equivale à carga de aproximadamente 6,24×10¹⁸ elétrons. A corrente nada mais é do que carga em movimento.</li><li><strong>Tensão (V):</strong> Também chamada de diferença de potencial ou ddp. É o ''empurrão'' que move os elétrons, medida em volts (V). Um volt corresponde a um joule por coulomb (1 V = 1 J/C). É sempre medida ENTRE dois pontos. Símbolo de unidade: V; símbolo de grandeza: U ou V.</li><li><strong>Corrente elétrica (I):</strong> Fluxo ordenado de cargas, medido em ampères (A). 1 A = 1 coulomb por segundo (1 C/s). Por convenção, a corrente convencional flui do + para o − (sentido oposto ao movimento real dos elétrons). Mede-se em série com o circuito.</li><li><strong>Resistência (R):</strong> Oposição à passagem de corrente, medida em ohms (Ω). Depende do material, comprimento, seção e temperatura do condutor. Seu inverso é a condutância, medida em siemens (S).</li><li><strong>Potência (P):</strong> Taxa de transferência de energia, medida em watts (W). 1 W = 1 J/s. Em eletricidade, P = V×I. É o que define o consumo de um equipamento e o dimensionamento de fontes e cabos.</li><li><strong>Energia (E):</strong> Potência ao longo do tempo, medida em joules (J) ou, na conta de luz, em quilowatt-hora (kWh). 1 kWh = 3,6×10⁶ J. É energia, não potência, que você paga à concessionária.</li><li><strong>Prefixos e notação:</strong> Domine os múltiplos e submúltiplos: mili (m, 10⁻³), micro (µ, 10⁻⁶), nano (n, 10⁻⁹), pico (p, 10⁻¹²), quilo (k, 10³), mega (M, 10⁶), giga (G, 10⁹). Confundir mV com V ou µF com mF é fonte clássica de erro.</li></ul><h4>Equipamentos / detalhes</h4><ul><li><strong>Multímetro:</strong> Mede tensão, corrente e resistência; instrumento básico para verificar todas estas grandezas.</li><li><strong>Wattímetro/medidor de energia:</strong> Mede potência e consumo (kWh) de equipamentos do evento.</li></ul><h4>Passo a passo</h4><ol><li><strong>Identifique a grandeza:</strong> Antes de medir, defina se procura tensão (entre dois pontos), corrente (no caminho) ou resistência (com circuito desenergizado).</li><li><strong>Confira a unidade e prefixo:</strong> Leia o display atentando para mV/V e mA/A; um fator de 1000 muda completamente a interpretação.</li><li><strong>Relacione com potência:</strong> Multiplique a tensão pela corrente medida para estimar a potência consumida pelo equipamento.</li></ol><p><strong>Na prática:</strong> No rack de um show, um operador vê ''0,5'' no multímetro e acha que mediu 0,5 V, mas o instrumento estava em mV — eram 0,5 mV, ruído desprezível. Ler corretamente a unidade e o prefixo é tão importante quanto o número.</p><h4>Resumo</h4><ul><li>Tensão (V), corrente (A) e resistência (Ω) são as três grandezas básicas; potência (W) é V×I.</li><li>Energia é potência no tempo, paga em kWh, não em watts.</li><li>Dominar prefixos (m, µ, k, M) evita erros de fator 1000 nas medições.</li></ul>',30,1,true,true);
insert into public.quizzes (id,lesson_id,titulo) values ('81192abb-0850-4cb8-ab9e-af93a9537cf1','d2a632c4-6a46-43e6-b4a6-373d2793084b','Quiz — Grandezas elétricas: tensão, corrente, resistência, potência');
insert into public.quiz_questions (id,quiz_id,texto,explicacao,ordem,pontos) values ('21b26a39-9160-41a2-abd5-b65a059b3e52','81192abb-0850-4cb8-ab9e-af93a9537cf1','Qual a unidade de potência elétrica?','Potência é medida em watts (W), onde 1 W = 1 J/s; também P = V×I.',1,1);
insert into public.quiz_options (question_id,texto,correta,ordem) values ('21b26a39-9160-41a2-abd5-b65a059b3e52','Volt',false,1);
insert into public.quiz_options (question_id,texto,correta,ordem) values ('21b26a39-9160-41a2-abd5-b65a059b3e52','Ampère',false,2);
insert into public.quiz_options (question_id,texto,correta,ordem) values ('21b26a39-9160-41a2-abd5-b65a059b3e52','Watt',true,3);
insert into public.quiz_options (question_id,texto,correta,ordem) values ('21b26a39-9160-41a2-abd5-b65a059b3e52','Ohm',false,4);
insert into public.quiz_questions (id,quiz_id,texto,explicacao,ordem,pontos) values ('200e8016-5cbe-41e5-aa0f-2fba77fcadab','81192abb-0850-4cb8-ab9e-af93a9537cf1','Quanto vale 1 ampère em termos de carga?','Corrente é fluxo de carga: 1 A = 1 C/s.',2,1);
insert into public.quiz_options (question_id,texto,correta,ordem) values ('200e8016-5cbe-41e5-aa0f-2fba77fcadab','1 coulomb por volt',false,1);
insert into public.quiz_options (question_id,texto,correta,ordem) values ('200e8016-5cbe-41e5-aa0f-2fba77fcadab','1 coulomb por segundo',true,2);
insert into public.quiz_options (question_id,texto,correta,ordem) values ('200e8016-5cbe-41e5-aa0f-2fba77fcadab','1 joule por segundo',false,3);
insert into public.quiz_options (question_id,texto,correta,ordem) values ('200e8016-5cbe-41e5-aa0f-2fba77fcadab','1 volt por ohm',false,4);
insert into public.quiz_questions (id,quiz_id,texto,explicacao,ordem,pontos) values ('0a9e12c2-b151-462d-acfa-3c5d8c65b425','81192abb-0850-4cb8-ab9e-af93a9537cf1','O que você paga na conta de luz?','A concessionária cobra energia consumida, medida em quilowatt-hora (kWh).',3,1);
insert into public.quiz_options (question_id,texto,correta,ordem) values ('0a9e12c2-b151-462d-acfa-3c5d8c65b425','Potência em watts',false,1);
insert into public.quiz_options (question_id,texto,correta,ordem) values ('0a9e12c2-b151-462d-acfa-3c5d8c65b425','Tensão em volts',false,2);
insert into public.quiz_options (question_id,texto,correta,ordem) values ('0a9e12c2-b151-462d-acfa-3c5d8c65b425','Energia em kWh',true,3);
insert into public.quiz_options (question_id,texto,correta,ordem) values ('0a9e12c2-b151-462d-acfa-3c5d8c65b425','Corrente em ampères',false,4);
insert into public.quiz_questions (id,quiz_id,texto,explicacao,ordem,pontos) values ('b4665b0c-d7d6-45d4-8e36-33465ae1e977','81192abb-0850-4cb8-ab9e-af93a9537cf1','O prefixo micro (µ) corresponde a:','Micro equivale a 10⁻⁶; mili é 10⁻³ e nano é 10⁻⁹.',4,1);
insert into public.quiz_options (question_id,texto,correta,ordem) values ('b4665b0c-d7d6-45d4-8e36-33465ae1e977','10⁻³',false,1);
insert into public.quiz_options (question_id,texto,correta,ordem) values ('b4665b0c-d7d6-45d4-8e36-33465ae1e977','10⁻⁶',true,2);
insert into public.quiz_options (question_id,texto,correta,ordem) values ('b4665b0c-d7d6-45d4-8e36-33465ae1e977','10⁻⁹',false,3);
insert into public.quiz_options (question_id,texto,correta,ordem) values ('b4665b0c-d7d6-45d4-8e36-33465ae1e977','10⁶',false,4);
insert into public.lessons (id,module_id,titulo,tipo,conteudo_rico,duracao_min,ordem,tem_quiz,preview_gratis) values ('fa02a582-0882-45b0-8daa-72eed63a22dd','68a1164f-7b80-4bc3-b406-08d97f904b15','Lei de Ohm e Leis de Kirchhoff','texto','<p><strong>Para começar:</strong> Três equações governam praticamente todo circuito que você vai analisar na carreira. Vamos dominá-las de vez.</p><p>A Lei de Ohm relaciona tensão, corrente e resistência; as Leis de Kirchhoff descrevem como tensões e correntes se distribuem em qualquer rede. Juntas, são a base do cálculo de circuitos.</p><ul><li><strong>Lei de Ohm:</strong> V = R×I. A tensão sobre um resistor é o produto da resistência pela corrente que o atravessa. Dela derivam I = V/R e R = V/I. Vale para componentes ôhmicos (resistores), em que R é constante.</li><li><strong>Potência dissipada:</strong> Combinando com P = V×I, obtêm-se P = I²×R e P = V²/R. São fórmulas essenciais para dimensionar a potência (wattagem) de um resistor e evitar que ele queime.</li><li><strong>1ª Lei de Kirchhoff (Correntes / LKC):</strong> A soma das correntes que entram em um nó é igual à soma das que saem. É a conservação da carga: nada se acumula no nó. ΣI_entra = ΣI_sai.</li><li><strong>2ª Lei de Kirchhoff (Tensões / LKT):</strong> A soma algébrica das tensões em qualquer malha fechada é zero. Subindo em fontes e caindo em cargas, ao dar a volta completa retorna-se ao mesmo potencial. ΣV = 0.</li><li><strong>Convenção de sinais:</strong> Defina um sentido de corrente, marque polaridades (+/−) nos componentes e seja consistente. Resultado negativo apenas indica que o sentido real é oposto ao arbitrado.</li><li><strong>Materiais ôhmicos x não-ôhmicos:</strong> Resistores seguem a Lei de Ohm (gráfico V×I é uma reta). Diodos, lâmpadas e semicondutores são não-ôhmicos: a relação V×I é curva.</li></ul><h4>Equipamentos / detalhes</h4><ul><li><strong>Multímetro:</strong> Verifica tensão e corrente para validar cálculos de Ohm e Kirchhoff.</li><li><strong>Fonte de bancada:</strong> Aplica tensão controlada para estudar a relação V×I de um componente.</li></ul><h4>Passo a passo</h4><ol><li><strong>Desenhe o circuito:</strong> Identifique nós, malhas, fontes e resistores antes de calcular.</li><li><strong>Arbitre sentidos:</strong> Escolha sentidos de corrente em cada ramo e polaridades nos componentes.</li><li><strong>Aplique LKC e LKT:</strong> Escreva uma equação de corrente por nó e uma de tensão por malha independente.</li><li><strong>Resolva e confira:</strong> Resolva o sistema; sinais negativos indicam sentido invertido. Confira somando potências.</li></ol><p><strong>Na prática:</strong> Para acender um LED de 2 V e 20 mA a partir de 12 V, calcula-se o resistor série pela Lei de Ohm: R = (12−2)/0,02 = 500 Ω. A potência nele é P = I²R = 0,02²×500 = 0,2 W, então um resistor de 1/4 W já fica no limite — usa-se 1/2 W por segurança.</p><h4>Resumo</h4><ul><li>Lei de Ohm: V = R×I, com derivadas para corrente e resistência.</li><li>Kirchhoff: correntes se conservam no nó (LKC) e tensões somam zero na malha (LKT).</li><li>Potência por P=I²R e P=V²/R dimensiona a wattagem dos componentes.</li></ul>',35,2,true,false);
insert into public.quizzes (id,lesson_id,titulo) values ('0f64fe33-76d5-433a-af93-0ff774dc84e8','fa02a582-0882-45b0-8daa-72eed63a22dd','Quiz — Lei de Ohm e Leis de Kirchhoff');
insert into public.quiz_questions (id,quiz_id,texto,explicacao,ordem,pontos) values ('042d63b5-9d73-43f9-9642-3abb3cb4ff63','0f64fe33-76d5-433a-af93-0ff774dc84e8','Pela Lei de Ohm, se V=12 V e R=240 Ω, a corrente é:','I = V/R = 12/240 = 0,05 A = 50 mA.',1,1);
insert into public.quiz_options (question_id,texto,correta,ordem) values ('042d63b5-9d73-43f9-9642-3abb3cb4ff63','0,5 A',false,1);
insert into public.quiz_options (question_id,texto,correta,ordem) values ('042d63b5-9d73-43f9-9642-3abb3cb4ff63','20 mA',false,2);
insert into public.quiz_options (question_id,texto,correta,ordem) values ('042d63b5-9d73-43f9-9642-3abb3cb4ff63','50 mA',true,3);
insert into public.quiz_options (question_id,texto,correta,ordem) values ('042d63b5-9d73-43f9-9642-3abb3cb4ff63','2 A',false,4);
insert into public.quiz_questions (id,quiz_id,texto,explicacao,ordem,pontos) values ('96f3b5d0-79cc-4bbb-9259-48a609e1eb70','0f64fe33-76d5-433a-af93-0ff774dc84e8','A 1ª Lei de Kirchhoff trata de:','A LKC afirma que a soma das correntes que entram num nó é igual à que sai.',2,1);
insert into public.quiz_options (question_id,texto,correta,ordem) values ('96f3b5d0-79cc-4bbb-9259-48a609e1eb70','Tensões na malha',false,1);
insert into public.quiz_options (question_id,texto,correta,ordem) values ('96f3b5d0-79cc-4bbb-9259-48a609e1eb70','Correntes no nó',true,2);
insert into public.quiz_options (question_id,texto,correta,ordem) values ('96f3b5d0-79cc-4bbb-9259-48a609e1eb70','Potência dissipada',false,3);
insert into public.quiz_options (question_id,texto,correta,ordem) values ('96f3b5d0-79cc-4bbb-9259-48a609e1eb70','Resistência equivalente',false,4);
insert into public.quiz_questions (id,quiz_id,texto,explicacao,ordem,pontos) values ('75007b93-ed0f-49b3-86ee-b9b8b85872b7','0f64fe33-76d5-433a-af93-0ff774dc84e8','Qual fórmula NÃO calcula potência?','V/R é corrente (Lei de Ohm), não potência.',3,1);
insert into public.quiz_options (question_id,texto,correta,ordem) values ('75007b93-ed0f-49b3-86ee-b9b8b85872b7','P=V×I',false,1);
insert into public.quiz_options (question_id,texto,correta,ordem) values ('75007b93-ed0f-49b3-86ee-b9b8b85872b7','P=I²×R',false,2);
insert into public.quiz_options (question_id,texto,correta,ordem) values ('75007b93-ed0f-49b3-86ee-b9b8b85872b7','P=V²/R',false,3);
insert into public.quiz_options (question_id,texto,correta,ordem) values ('75007b93-ed0f-49b3-86ee-b9b8b85872b7','P=V/R',true,4);
insert into public.quiz_questions (id,quiz_id,texto,explicacao,ordem,pontos) values ('2b03b8e5-5508-42eb-8c37-1dacbba8a2c6','0f64fe33-76d5-433a-af93-0ff774dc84e8','Em uma malha fechada, a soma algébrica das tensões é:','Pela LKT, a soma das tensões numa malha fechada é zero.',4,1);
insert into public.quiz_options (question_id,texto,correta,ordem) values ('2b03b8e5-5508-42eb-8c37-1dacbba8a2c6','Igual à fonte',false,1);
insert into public.quiz_options (question_id,texto,correta,ordem) values ('2b03b8e5-5508-42eb-8c37-1dacbba8a2c6','Zero',true,2);
insert into public.quiz_options (question_id,texto,correta,ordem) values ('2b03b8e5-5508-42eb-8c37-1dacbba8a2c6','Igual à corrente',false,3);
insert into public.quiz_options (question_id,texto,correta,ordem) values ('2b03b8e5-5508-42eb-8c37-1dacbba8a2c6','Infinita',false,4);
insert into public.lessons (id,module_id,titulo,tipo,conteudo_rico,duracao_min,ordem,tem_quiz,preview_gratis) values ('d2c25d96-c155-4f52-80bb-2d95b00abb23','68a1164f-7b80-4bc3-b406-08d97f904b15','CC x CA, circuitos série e paralelo','texto','<p><strong>Para começar:</strong> A bateria do walkie e a tomada do palco entregam energia de formas radicalmente diferentes. Entender CC, CA e como os componentes se associam é decisivo.</p><p>Corrente contínua e alternada têm comportamentos distintos; e a forma como resistores se associam (série ou paralelo) muda tensões e correntes em todo o circuito.</p><ul><li><strong>Corrente contínua (CC/DC):</strong> Polaridade e sentido constantes no tempo. Fornecida por baterias, pilhas e fontes de alimentação. Ideal para eletrônica de baixa tensão (5 V, 12 V, 48 V).</li><li><strong>Corrente alternada (CA/AC):</strong> Sentido e magnitude variam periodicamente, em geral senoidal. A rede elétrica brasileira opera a 60 Hz. Permite transmissão eficiente e uso de transformadores.</li><li><strong>Valores em CA:</strong> Distinga valor de pico (Vp), pico a pico (Vpp) e eficaz/RMS (Vrms). Para senoide, Vrms = Vp/√2. Os 127 V ou 220 V da tomada são valores RMS.</li><li><strong>Frequência e período:</strong> Frequência (f) em hertz (Hz) é o nº de ciclos por segundo; período T = 1/f. A 60 Hz, T ≈ 16,7 ms.</li><li><strong>Associação série:</strong> Componentes em sequência partilham a MESMA corrente. Resistências somam: Req = R1+R2+... A tensão se divide proporcionalmente a cada resistência.</li><li><strong>Associação paralelo:</strong> Componentes ligados entre os mesmos dois nós partilham a MESMA tensão. Condutâncias somam: 1/Req = 1/R1+1/R2+... A corrente se divide. A Req é sempre menor que o menor resistor.</li><li><strong>Caso de dois em paralelo:</strong> Para apenas dois resistores: Req = (R1×R2)/(R1+R2), o famoso ''produto sobre a soma''. Para N resistores iguais R, Req = R/N.</li></ul><h4>Equipamentos / detalhes</h4><ul><li><strong>Multímetro:</strong> Mede tensão CC/CA (RMS) e resistência equivalente das associações.</li><li><strong>Osciloscópio:</strong> Mostra a forma de onda CA, pico, pico a pico e frequência.</li></ul><h4>Passo a passo</h4><ol><li><strong>Classifique a fonte:</strong> Verifique se é CC (bateria/fonte) ou CA (rede) antes de medir.</li><li><strong>Selecione a função correta:</strong> No multímetro, escolha V⎓ (CC) ou V∼ (CA) conforme a fonte.</li><li><strong>Identifique série ou paralelo:</strong> Mesma corrente = série; mesma tensão (mesmos dois nós) = paralelo.</li><li><strong>Calcule a equivalente:</strong> Some resistências em série; use produto-sobre-soma ou inverso das somas em paralelo.</li></ol><p><strong>Na prática:</strong> Duas caixas de som de 8 Ω ligadas em paralelo no mesmo canal resultam em 4 Ω, exigindo o dobro de corrente do amplificador. Ignorar isso pode sobrecarregar e proteger/desligar o ampli — por isso impedância de caixas é assunto crítico.</p><h4>Resumo</h4><ul><li>CC tem polaridade fixa; CA alterna periodicamente (rede a 60 Hz).</li><li>Tensão da tomada é valor RMS; para senoide Vrms = Vp/√2.</li><li>Série soma resistências e divide tensão; paralelo divide corrente e reduz a resistência.</li></ul>',35,3,true,false);
insert into public.quizzes (id,lesson_id,titulo) values ('d0fa1f53-3121-456e-95c2-5250120bb513','d2c25d96-c155-4f52-80bb-2d95b00abb23','Quiz — CC x CA, circuitos série e paralelo');
insert into public.quiz_questions (id,quiz_id,texto,explicacao,ordem,pontos) values ('5b1ac88d-c553-4214-8e85-63e6976954c7','d0fa1f53-3121-456e-95c2-5250120bb513','A tensão de 127 V da tomada é um valor:','As tensões da rede são especificadas em valor eficaz (RMS).',1,1);
insert into public.quiz_options (question_id,texto,correta,ordem) values ('5b1ac88d-c553-4214-8e85-63e6976954c7','De pico',false,1);
insert into public.quiz_options (question_id,texto,correta,ordem) values ('5b1ac88d-c553-4214-8e85-63e6976954c7','Pico a pico',false,2);
insert into public.quiz_options (question_id,texto,correta,ordem) values ('5b1ac88d-c553-4214-8e85-63e6976954c7','Eficaz (RMS)',true,3);
insert into public.quiz_options (question_id,texto,correta,ordem) values ('5b1ac88d-c553-4214-8e85-63e6976954c7','Médio',false,4);
insert into public.quiz_questions (id,quiz_id,texto,explicacao,ordem,pontos) values ('9c7031ac-b1a6-4cb1-a644-5e8ff0be20c0','d0fa1f53-3121-456e-95c2-5250120bb513','Dois resistores de 8 Ω em paralelo equivalem a:','Para iguais em paralelo, Req=R/N=8/2=4 Ω.',2,1);
insert into public.quiz_options (question_id,texto,correta,ordem) values ('9c7031ac-b1a6-4cb1-a644-5e8ff0be20c0','16 Ω',false,1);
insert into public.quiz_options (question_id,texto,correta,ordem) values ('9c7031ac-b1a6-4cb1-a644-5e8ff0be20c0','8 Ω',false,2);
insert into public.quiz_options (question_id,texto,correta,ordem) values ('9c7031ac-b1a6-4cb1-a644-5e8ff0be20c0','4 Ω',true,3);
insert into public.quiz_options (question_id,texto,correta,ordem) values ('9c7031ac-b1a6-4cb1-a644-5e8ff0be20c0','2 Ω',false,4);
insert into public.quiz_questions (id,quiz_id,texto,explicacao,ordem,pontos) values ('f01073dd-f65a-48cf-95c2-6be4e60df3a0','d0fa1f53-3121-456e-95c2-5250120bb513','Em uma associação série, o que é comum a todos os componentes?','Em série, a mesma corrente atravessa todos os componentes.',3,1);
insert into public.quiz_options (question_id,texto,correta,ordem) values ('f01073dd-f65a-48cf-95c2-6be4e60df3a0','A tensão',false,1);
insert into public.quiz_options (question_id,texto,correta,ordem) values ('f01073dd-f65a-48cf-95c2-6be4e60df3a0','A corrente',true,2);
insert into public.quiz_options (question_id,texto,correta,ordem) values ('f01073dd-f65a-48cf-95c2-6be4e60df3a0','A potência',false,3);
insert into public.quiz_options (question_id,texto,correta,ordem) values ('f01073dd-f65a-48cf-95c2-6be4e60df3a0','A resistência',false,4);
insert into public.quiz_questions (id,quiz_id,texto,explicacao,ordem,pontos) values ('30e393ee-c070-44ae-9bda-a67eecbf1570','d0fa1f53-3121-456e-95c2-5250120bb513','Se f=60 Hz, o período é aproximadamente:','T=1/f=1/60≈16,7 ms.',4,1);
insert into public.quiz_options (question_id,texto,correta,ordem) values ('30e393ee-c070-44ae-9bda-a67eecbf1570','60 ms',false,1);
insert into public.quiz_options (question_id,texto,correta,ordem) values ('30e393ee-c070-44ae-9bda-a67eecbf1570','16,7 ms',true,2);
insert into public.quiz_options (question_id,texto,correta,ordem) values ('30e393ee-c070-44ae-9bda-a67eecbf1570','1 s',false,3);
insert into public.quiz_options (question_id,texto,correta,ordem) values ('30e393ee-c070-44ae-9bda-a67eecbf1570','6 ms',false,4);
insert into public.lessons (id,module_id,titulo,tipo,conteudo_rico,duracao_min,ordem,tem_quiz,preview_gratis) values ('80a03a55-131c-489f-b917-eff8963b4793','68a1164f-7b80-4bc3-b406-08d97f904b15','Divisor de tensão e divisor de corrente','texto','<p><strong>Para começar:</strong> Dois circuitos simples aparecem em quase todo projeto: o divisor de tensão e o de corrente. Vamos calcular ambos com confiança.</p><p>Divisores permitem obter frações de uma tensão ou corrente — base de sensores, polarizações e ajustes de nível.</p><ul><li><strong>Divisor de tensão:</strong> Com dois resistores em série, a tensão sobre R2 é Vout = Vin × R2/(R1+R2). Usado para reduzir tensões, polarizar bases de transistor e criar referências.</li><li><strong>Efeito da carga:</strong> Se uma carga for ligada à saída, ela fica em paralelo com R2 e altera a relação. Para um divisor estável, a corrente pela carga deve ser bem menor que a corrente do divisor.</li><li><strong>Divisor de corrente:</strong> Com dois resistores em paralelo, a corrente em um ramo é fração da total. Para R1 e R2: I1 = Itotal × R2/(R1+R2). A corrente prefere o caminho de menor resistência.</li><li><strong>Potenciômetro como divisor:</strong> Um potenciômetro é um divisor de tensão ajustável: o cursor entrega uma fração contínua da tensão aplicada nas extremidades. É a base de faders e knobs de volume.</li><li><strong>Aplicação em sensores:</strong> Sensores resistivos (NTC, LDR) formam um divisor com um resistor fixo; a tensão de saída varia com temperatura ou luz, sendo lida por um ADC.</li></ul><h4>Equipamentos / detalhes</h4><ul><li><strong>Resistores e potenciômetro:</strong> Montam divisores fixos e ajustáveis.</li><li><strong>Multímetro:</strong> Mede a tensão de saída do divisor para validar o cálculo.</li></ul><h4>Passo a passo</h4><ol><li><strong>Defina Vin e a fração desejada:</strong> Determine a tensão de entrada e o Vout alvo.</li><li><strong>Escolha R1 e R2:</strong> Calcule a razão R2/(R1+R2) para obter o Vout desejado.</li><li><strong>Verifique a corrente do divisor:</strong> Garanta corrente suficiente para que a carga não derrube a saída.</li><li><strong>Meça e ajuste:</strong> Confira Vout com o multímetro já com a carga conectada.</li></ol><p><strong>Na prática:</strong> Para ler um fader de volume num mixer digital, aplica-se 3,3 V nas pontas do potenciômetro; o cursor entrega de 0 a 3,3 V para o ADC, que converte a posição em valor de ganho. É um divisor de tensão variável puro.</p><h4>Resumo</h4><ul><li>Divisor de tensão: Vout = Vin×R2/(R1+R2), base de polarizações e referências.</li><li>A carga em paralelo com R2 altera a saída; mantenha a corrente do divisor alta.</li><li>Divisor de corrente reparte a corrente; ela prefere o menor resistor.</li></ul>',25,4,true,false);
insert into public.quizzes (id,lesson_id,titulo) values ('9f4177f2-2b9b-4c9a-8ae2-1b6d80ccbe7c','80a03a55-131c-489f-b917-eff8963b4793','Quiz — Divisor de tensão e divisor de corrente');
insert into public.quiz_questions (id,quiz_id,texto,explicacao,ordem,pontos) values ('fe7cc633-84cb-4a2f-9e27-902e92ccd079','9f4177f2-2b9b-4c9a-8ae2-1b6d80ccbe7c','Num divisor com Vin=10 V, R1=R2=1 kΩ, o Vout é:','Vout=10×1k/(1k+1k)=5 V.',1,1);
insert into public.quiz_options (question_id,texto,correta,ordem) values ('fe7cc633-84cb-4a2f-9e27-902e92ccd079','10 V',false,1);
insert into public.quiz_options (question_id,texto,correta,ordem) values ('fe7cc633-84cb-4a2f-9e27-902e92ccd079','5 V',true,2);
insert into public.quiz_options (question_id,texto,correta,ordem) values ('fe7cc633-84cb-4a2f-9e27-902e92ccd079','2,5 V',false,3);
insert into public.quiz_options (question_id,texto,correta,ordem) values ('fe7cc633-84cb-4a2f-9e27-902e92ccd079','1 V',false,4);
insert into public.quiz_questions (id,quiz_id,texto,explicacao,ordem,pontos) values ('058b620d-86a0-42a3-b6c6-65442409407a','9f4177f2-2b9b-4c9a-8ae2-1b6d80ccbe7c','Para o divisor manter-se estável sob carga, a corrente do divisor deve ser:','A corrente do divisor deve ser bem maior que a da carga para não derrubar a saída.',2,1);
insert into public.quiz_options (question_id,texto,correta,ordem) values ('058b620d-86a0-42a3-b6c6-65442409407a','Menor que a da carga',false,1);
insert into public.quiz_options (question_id,texto,correta,ordem) values ('058b620d-86a0-42a3-b6c6-65442409407a','Igual à da carga',false,2);
insert into public.quiz_options (question_id,texto,correta,ordem) values ('058b620d-86a0-42a3-b6c6-65442409407a','Bem maior que a da carga',true,3);
insert into public.quiz_options (question_id,texto,correta,ordem) values ('058b620d-86a0-42a3-b6c6-65442409407a','Zero',false,4);
insert into public.quiz_questions (id,quiz_id,texto,explicacao,ordem,pontos) values ('24805cc2-1f59-4ef4-b196-e8da36adfbc2','9f4177f2-2b9b-4c9a-8ae2-1b6d80ccbe7c','Um potenciômetro de volume funciona como:','O cursor entrega uma fração ajustável da tensão: é um divisor variável.',3,1);
insert into public.quiz_options (question_id,texto,correta,ordem) values ('24805cc2-1f59-4ef4-b196-e8da36adfbc2','Divisor de tensão ajustável',true,1);
insert into public.quiz_options (question_id,texto,correta,ordem) values ('24805cc2-1f59-4ef4-b196-e8da36adfbc2','Fonte de corrente',false,2);
insert into public.quiz_options (question_id,texto,correta,ordem) values ('24805cc2-1f59-4ef4-b196-e8da36adfbc2','Retificador',false,3);
insert into public.quiz_options (question_id,texto,correta,ordem) values ('24805cc2-1f59-4ef4-b196-e8da36adfbc2','Amplificador',false,4);
insert into public.modules (id,course_id,titulo,ordem) values ('a4bf6f41-0098-4747-ad31-24b714145a91','07695dfc-c93c-4a8a-bb5a-58d3b926c76e','Módulo 2 — Componentes Eletrônicos',2);
insert into public.lessons (id,module_id,titulo,tipo,conteudo_rico,duracao_min,ordem,tem_quiz,preview_gratis) values ('6aac751f-27db-4c41-ac9e-fd9f40c95828','a4bf6f41-0098-4747-ad31-24b714145a91','Resistores, capacitores e indutores','texto','<p><strong>Para começar:</strong> Os três componentes passivos fundamentais. Quem entende resistor, capacitor e indutor entende metade da eletrônica.</p><p>Resistores dissipam, capacitores armazenam energia em campo elétrico e indutores em campo magnético. Cada um reage de forma diferente a CC e CA.</p><ul><li><strong>Resistor:</strong> Limita corrente e dissipa energia em calor. Caracterizado por resistência (Ω), potência (W) e tolerância (%). Tipos: filme de carbono, filme metálico (mais preciso), fio (alta potência), SMD.</li><li><strong>Código de cores:</strong> Resistores axiais usam faixas coloridas: as duas/três primeiras são dígitos, a seguinte o multiplicador e a última a tolerância (dourado ±5%, prata ±10%). Domine a sequência preto-marrom-vermelho-laranja-amarelo-verde-azul-violeta-cinza-branco (0 a 9).</li><li><strong>Capacitor:</strong> Armazena carga em campo elétrico entre placas; capacitância em farads (F), na prática µF, nF, pF. Bloqueia CC em regime e deixa passar CA. Tipos: cerâmico, poliéster, eletrolítico (polarizado!), tântalo.</li><li><strong>Reatância capacitiva:</strong> A oposição do capacitor à CA: Xc = 1/(2πfC), em ohms. Quanto maior a frequência, menor a oposição — por isso capacitores acoplam sinais e filtram.</li><li><strong>Indutor:</strong> Armazena energia em campo magnético; indutância em henrys (H), na prática mH e µH. Opõe-se a variações de corrente. Deixa passar CC e dificulta CA.</li><li><strong>Reatância indutiva:</strong> Xl = 2πfL, em ohms. Cresce com a frequência: indutores bloqueiam altas frequências, sendo usados em filtros e fontes.</li><li><strong>Constante de tempo RC:</strong> Em um circuito RC, τ = R×C define a velocidade de carga/descarga. Após ~5τ o capacitor está praticamente carregado. Base de temporizações e filtros.</li></ul><h4>Equipamentos / detalhes</h4><ul><li><strong>Multímetro/capacímetro:</strong> Mede resistência e capacitância para identificar e testar componentes.</li><li><strong>Ponte LCR:</strong> Mede com precisão indutância (L), capacitância (C) e resistência (R).</li></ul><h4>Passo a passo</h4><ol><li><strong>Leia o valor:</strong> Use o código de cores (resistor) ou a inscrição (capacitor/indutor) para identificar o valor.</li><li><strong>Respeite a polaridade:</strong> Em capacitores eletrolíticos/tântalo, ligue + e − corretamente; inversão pode explodir o componente.</li><li><strong>Teste com o instrumento:</strong> Meça R com ohmímetro e C com capacímetro, sempre com o circuito desenergizado.</li></ol><p><strong>Na prática:</strong> Num filtro de fonte, o capacitor eletrolítico de saída alisa a tensão. Se instalado com polaridade invertida, ele esquenta, incha e pode estourar — daí a regra de ouro de conferir a faixa de polaridade antes de energizar.</p><h4>Resumo</h4><ul><li>Resistor dissipa; capacitor armazena em campo elétrico; indutor em campo magnético.</li><li>Capacitor bloqueia CC e passa CA; indutor faz o oposto.</li><li>Reatâncias dependem da frequência: Xc cai e Xl sobe com f.</li></ul>',35,1,true,false);
insert into public.quizzes (id,lesson_id,titulo) values ('2e166ecc-52d4-42fe-824b-98eee921182b','6aac751f-27db-4c41-ac9e-fd9f40c95828','Quiz — Resistores, capacitores e indutores');
insert into public.quiz_questions (id,quiz_id,texto,explicacao,ordem,pontos) values ('78cca3eb-e3a5-46b0-9aaa-94ce7ba557cc','2e166ecc-52d4-42fe-824b-98eee921182b','Qual componente armazena energia em campo magnético?','O indutor armazena energia em campo magnético; o capacitor, em campo elétrico.',1,1);
insert into public.quiz_options (question_id,texto,correta,ordem) values ('78cca3eb-e3a5-46b0-9aaa-94ce7ba557cc','Resistor',false,1);
insert into public.quiz_options (question_id,texto,correta,ordem) values ('78cca3eb-e3a5-46b0-9aaa-94ce7ba557cc','Capacitor',false,2);
insert into public.quiz_options (question_id,texto,correta,ordem) values ('78cca3eb-e3a5-46b0-9aaa-94ce7ba557cc','Indutor',true,3);
insert into public.quiz_options (question_id,texto,correta,ordem) values ('78cca3eb-e3a5-46b0-9aaa-94ce7ba557cc','Diodo',false,4);
insert into public.quiz_questions (id,quiz_id,texto,explicacao,ordem,pontos) values ('abb6e219-01e7-4cbf-96b3-7617ee5b8047','2e166ecc-52d4-42fe-824b-98eee921182b','Um capacitor eletrolítico ligado com polaridade invertida tende a:','A inversão de polaridade danifica eletrolíticos, podendo aquecer e explodir.',2,1);
insert into public.quiz_options (question_id,texto,correta,ordem) values ('abb6e219-01e7-4cbf-96b3-7617ee5b8047','Funcionar normalmente',false,1);
insert into public.quiz_options (question_id,texto,correta,ordem) values ('abb6e219-01e7-4cbf-96b3-7617ee5b8047','Aumentar a capacitância',false,2);
insert into public.quiz_options (question_id,texto,correta,ordem) values ('abb6e219-01e7-4cbf-96b3-7617ee5b8047','Aquecer e estourar',true,3);
insert into public.quiz_options (question_id,texto,correta,ordem) values ('abb6e219-01e7-4cbf-96b3-7617ee5b8047','Virar resistor',false,4);
insert into public.quiz_questions (id,quiz_id,texto,explicacao,ordem,pontos) values ('5377bd92-d2ee-4b34-ad1d-b697fe4cc9ae','2e166ecc-52d4-42fe-824b-98eee921182b','A reatância capacitiva Xc, ao aumentar a frequência:','Xc=1/(2πfC): cresce f, cai Xc.',3,1);
insert into public.quiz_options (question_id,texto,correta,ordem) values ('5377bd92-d2ee-4b34-ad1d-b697fe4cc9ae','Aumenta',false,1);
insert into public.quiz_options (question_id,texto,correta,ordem) values ('5377bd92-d2ee-4b34-ad1d-b697fe4cc9ae','Diminui',true,2);
insert into public.quiz_options (question_id,texto,correta,ordem) values ('5377bd92-d2ee-4b34-ad1d-b697fe4cc9ae','Não muda',false,3);
insert into public.quiz_options (question_id,texto,correta,ordem) values ('5377bd92-d2ee-4b34-ad1d-b697fe4cc9ae','Vira zero instantâneo',false,4);
insert into public.quiz_questions (id,quiz_id,texto,explicacao,ordem,pontos) values ('4889dce7-3246-42cf-a72b-1c8eb4ac9406','2e166ecc-52d4-42fe-824b-98eee921182b','A constante de tempo de um circuito RC é:','τ=R×C define a velocidade de carga/descarga.',4,1);
insert into public.quiz_options (question_id,texto,correta,ordem) values ('4889dce7-3246-42cf-a72b-1c8eb4ac9406','R/C',false,1);
insert into public.quiz_options (question_id,texto,correta,ordem) values ('4889dce7-3246-42cf-a72b-1c8eb4ac9406','R+C',false,2);
insert into public.quiz_options (question_id,texto,correta,ordem) values ('4889dce7-3246-42cf-a72b-1c8eb4ac9406','R×C',true,3);
insert into public.quiz_options (question_id,texto,correta,ordem) values ('4889dce7-3246-42cf-a72b-1c8eb4ac9406','C/R',false,4);
insert into public.lessons (id,module_id,titulo,tipo,conteudo_rico,duracao_min,ordem,tem_quiz,preview_gratis) values ('a6a7e353-6c2a-46aa-9199-d85ea4a6d093','a4bf6f41-0098-4747-ad31-24b714145a91','Diodos: retificador, LED e zener','texto','<p><strong>Para começar:</strong> O diodo é a válvula de mão única da eletrônica. Dele nascem fontes, indicadores e referências de tensão.</p><p>Diodos conduzem corrente em um só sentido. Essa propriedade simples viabiliza retificação, sinalização (LED) e regulação (zener).</p><ul><li><strong>Junção PN e polarização:</strong> O diodo é uma junção PN. Em polarização direta (anodo + em relação ao catodo) conduz; em reversa, bloqueia. Há uma queda direta típica: ~0,7 V em silício, ~0,3 V em germânio.</li><li><strong>Diodo retificador:</strong> Converte CA em CC ao permitir passagem só do semiciclo favorável. Especificado por corrente máxima (If) e tensão reversa máxima (VRRM). Ex.: série 1N400x.</li><li><strong>LED (diodo emissor de luz):</strong> Emite luz ao conduzir; a queda direta varia com a cor (~1,8 V vermelho a ~3,2 V azul/branco). SEMPRE usar resistor limitador de corrente; corrente típica 10–20 mA.</li><li><strong>Diodo zener:</strong> Projetado para operar em polarização reversa numa tensão de ruptura definida (ex.: 5,1 V), mantendo-a estável. Usado como referência e regulador simples, sempre com resistor série.</li><li><strong>Diodo de roda livre (flyback):</strong> Colocado em paralelo com bobinas/relés para escoar a corrente quando desligadas, protegendo transistores contra o pico de tensão indutivo.</li><li><strong>Especificações críticas:</strong> Atente para corrente direta, tensão reversa, velocidade (diodos rápidos/Schottky para chaveamento) e queda direta (Schottky ~0,3 V, menor perda).</li></ul><h4>Equipamentos / detalhes</h4><ul><li><strong>Multímetro (modo diodo):</strong> Verifica a queda direta e a polaridade do diodo, identificando anodo e catodo.</li><li><strong>Resistor limitador:</strong> Protege LEDs e zeners, limitando a corrente.</li></ul><h4>Passo a passo</h4><ol><li><strong>Identifique anodo e catodo:</strong> O catodo é marcado por uma faixa no corpo (retificador) ou pela perna mais curta/chanfro (LED).</li><li><strong>Teste no modo diodo:</strong> Ponta vermelha no anodo e preta no catodo deve mostrar ~0,5–0,7 V; invertido, OL (aberto).</li><li><strong>Dimensione o resistor do LED:</strong> R=(Vfonte−Vled)/Iled; ex.: (5−2)/0,015 ≈ 200 Ω.</li></ol><p><strong>Na prática:</strong> Para sinalizar ''energizado'' num painel com 12 V e um LED verde (≈2,1 V, 15 mA): R=(12−2,1)/0,015≈660 Ω, usa-se 680 Ω comercial. Sem o resistor, o LED recebe corrente excessiva e queima instantaneamente.</p><h4>Resumo</h4><ul><li>Diodo conduz só num sentido; queda direta ~0,7 V em silício.</li><li>LED precisa de resistor limitador; queda varia com a cor.</li><li>Zener regula em polarização reversa; flyback protege contra picos indutivos.</li></ul>',30,2,true,false);
insert into public.quizzes (id,lesson_id,titulo) values ('a89cce39-0b7c-47d1-813b-9d5d82ceb5dd','a6a7e353-6c2a-46aa-9199-d85ea4a6d093','Quiz — Diodos: retificador, LED e zener');
insert into public.quiz_questions (id,quiz_id,texto,explicacao,ordem,pontos) values ('c7316694-4878-4150-8603-954620d7c3a3','a89cce39-0b7c-47d1-813b-9d5d82ceb5dd','A queda de tensão direta típica de um diodo de silício é:','Diodos de silício têm queda direta de aproximadamente 0,7 V.',1,1);
insert into public.quiz_options (question_id,texto,correta,ordem) values ('c7316694-4878-4150-8603-954620d7c3a3','0,2 V',false,1);
insert into public.quiz_options (question_id,texto,correta,ordem) values ('c7316694-4878-4150-8603-954620d7c3a3','0,7 V',true,2);
insert into public.quiz_options (question_id,texto,correta,ordem) values ('c7316694-4878-4150-8603-954620d7c3a3','1,5 V',false,3);
insert into public.quiz_options (question_id,texto,correta,ordem) values ('c7316694-4878-4150-8603-954620d7c3a3','3 V',false,4);
insert into public.quiz_questions (id,quiz_id,texto,explicacao,ordem,pontos) values ('aa240fba-764a-4fc1-a2d6-e1f49956a2d3','a89cce39-0b7c-47d1-813b-9d5d82ceb5dd','Por que um LED precisa de resistor em série?','O resistor limita a corrente, evitando que o LED queime.',2,1);
insert into public.quiz_options (question_id,texto,correta,ordem) values ('aa240fba-764a-4fc1-a2d6-e1f49956a2d3','Para aumentar o brilho',false,1);
insert into public.quiz_options (question_id,texto,correta,ordem) values ('aa240fba-764a-4fc1-a2d6-e1f49956a2d3','Para limitar a corrente',true,2);
insert into public.quiz_options (question_id,texto,correta,ordem) values ('aa240fba-764a-4fc1-a2d6-e1f49956a2d3','Para inverter a polaridade',false,3);
insert into public.quiz_options (question_id,texto,correta,ordem) values ('aa240fba-764a-4fc1-a2d6-e1f49956a2d3','Para retificar',false,4);
insert into public.quiz_questions (id,quiz_id,texto,explicacao,ordem,pontos) values ('9c413f65-74e2-41e8-923d-06a535ba698c','a89cce39-0b7c-47d1-813b-9d5d82ceb5dd','O diodo zener opera tipicamente em:','O zener regula em polarização reversa, na sua tensão de ruptura.',3,1);
insert into public.quiz_options (question_id,texto,correta,ordem) values ('9c413f65-74e2-41e8-923d-06a535ba698c','Polarização direta',false,1);
insert into public.quiz_options (question_id,texto,correta,ordem) values ('9c413f65-74e2-41e8-923d-06a535ba698c','Polarização reversa na tensão de ruptura',true,2);
insert into public.quiz_options (question_id,texto,correta,ordem) values ('9c413f65-74e2-41e8-923d-06a535ba698c','Curto-circuito',false,3);
insert into public.quiz_options (question_id,texto,correta,ordem) values ('9c413f65-74e2-41e8-923d-06a535ba698c','Aberto',false,4);
insert into public.quiz_questions (id,quiz_id,texto,explicacao,ordem,pontos) values ('8e267872-5446-42ea-9c71-d45535f72c21','a89cce39-0b7c-47d1-813b-9d5d82ceb5dd','O diodo de roda livre em um relé serve para:','Ele protege o circuito do pico de tensão gerado pela bobina ao desenergizar.',4,1);
insert into public.quiz_options (question_id,texto,correta,ordem) values ('8e267872-5446-42ea-9c71-d45535f72c21','Acender um LED',false,1);
insert into public.quiz_options (question_id,texto,correta,ordem) values ('8e267872-5446-42ea-9c71-d45535f72c21','Escoar o pico indutivo ao desligar',true,2);
insert into public.quiz_options (question_id,texto,correta,ordem) values ('8e267872-5446-42ea-9c71-d45535f72c21','Retificar a rede',false,3);
insert into public.quiz_options (question_id,texto,correta,ordem) values ('8e267872-5446-42ea-9c71-d45535f72c21','Aumentar a tensão',false,4);
insert into public.lessons (id,module_id,titulo,tipo,conteudo_rico,duracao_min,ordem,tem_quiz,preview_gratis) values ('30661da2-f105-497d-bea6-21830d20b92d','a4bf6f41-0098-4747-ad31-24b714145a91','Transistores: BJT e MOSFET','texto','<p><strong>Para começar:</strong> O transistor é o componente que mudou o mundo: ele amplifica e chaveia sinais. É o coração de todo equipamento ativo.</p><p>Transistores controlam uma corrente/tensão grande a partir de um sinal pequeno. Atuam como amplificadores ou como chaves eletrônicas.</p><ul><li><strong>BJT (Transistor Bipolar de Junção):</strong> Tem três terminais: base (B), coletor (C) e emissor (E). Uma pequena corrente de base controla uma corrente muito maior coletor-emissor. Tipos NPN e PNP.</li><li><strong>Ganho do BJT (β/hFE):</strong> A corrente de coletor é aproximadamente β vezes a de base: Ic ≈ β×Ib. Valores típicos de β: 100 a 300. Pequena corrente de base comanda grande corrente de carga.</li><li><strong>Regiões de operação:</strong> Corte (desligado), saturação (totalmente ligado, como chave fechada) e ativa (amplificação linear). Em chaveamento, usa-se corte e saturação; em áudio, a região ativa.</li><li><strong>MOSFET:</strong> Transistor de efeito de campo controlado por TENSÃO no terminal porta (gate); os outros são dreno (D) e fonte (S). Alta impedância de entrada, quase não consome corrente de gate. Tipos N e P.</li><li><strong>BJT x MOSFET:</strong> BJT é controlado por corrente; MOSFET por tensão. MOSFETs dominam o chaveamento de potência (fontes, dimmers, drivers de LED) por baixa perda em condução (RDS(on)) e alta velocidade.</li><li><strong>Transistor como chave:</strong> Levando à saturação (BJT) ou conduzindo plenamente (MOSFET), o transistor liga cargas (relés, LEDs de potência, motores) comandado por um microcontrolador.</li><li><strong>Cuidados:</strong> Respeite tensões e correntes máximas, use resistor de base (BJT) ou de gate (MOSFET) e dissipador quando houver potência. MOSFETs são sensíveis a descarga eletrostática (ESD).</li></ul><h4>Equipamentos / detalhes</h4><ul><li><strong>Multímetro (modo diodo/hFE):</strong> Identifica terminais e testa junções; alguns medem hFE de BJTs.</li><li><strong>Testador de componentes:</strong> Identifica tipo, pinagem e parâmetros de transistores automaticamente.</li></ul><h4>Passo a passo</h4><ol><li><strong>Identifique o tipo e pinagem:</strong> Consulte o datasheet para definir NPN/PNP ou canal N/P e os terminais.</li><li><strong>Defina a função:</strong> Decida se vai operar como chave (corte/saturação) ou amplificador (região ativa).</li><li><strong>Dimensione resistores:</strong> Calcule o resistor de base (BJT) para garantir saturação ou de gate (MOSFET) para chaveamento seguro.</li><li><strong>Teste em bancada:</strong> Verifique condução acionando a base/gate e medindo a tensão na carga.</li></ol><p><strong>Na prática:</strong> Para ligar uma fita de LED de 12 V com um Arduino (saída 5 V/poucos mA), usa-se um MOSFET de canal N como chave: o pino do Arduino comanda o gate e o MOSFET conduz a corrente da fita. O microcontrolador jamais conduziria essa corrente diretamente.</p><h4>Resumo</h4><ul><li>Transistores amplificam e chaveiam: pequeno sinal controla grande corrente.</li><li>BJT é comandado por corrente de base; MOSFET por tensão de gate.</li><li>Como chave, operam em corte/saturação para acionar cargas via microcontrolador.</li></ul>',35,3,true,false);
insert into public.quizzes (id,lesson_id,titulo) values ('23750b9a-6201-4400-a075-9a9f0b057bfc','30661da2-f105-497d-bea6-21830d20b92d','Quiz — Transistores: BJT e MOSFET');
insert into public.quiz_questions (id,quiz_id,texto,explicacao,ordem,pontos) values ('d856f490-b64c-4821-abd4-6eb8ad222965','23750b9a-6201-4400-a075-9a9f0b057bfc','O MOSFET é controlado por:','O MOSFET é um dispositivo controlado por tensão aplicada ao gate.',1,1);
insert into public.quiz_options (question_id,texto,correta,ordem) values ('d856f490-b64c-4821-abd4-6eb8ad222965','Corrente de base',false,1);
insert into public.quiz_options (question_id,texto,correta,ordem) values ('d856f490-b64c-4821-abd4-6eb8ad222965','Tensão no gate',true,2);
insert into public.quiz_options (question_id,texto,correta,ordem) values ('d856f490-b64c-4821-abd4-6eb8ad222965','Luz',false,3);
insert into public.quiz_options (question_id,texto,correta,ordem) values ('d856f490-b64c-4821-abd4-6eb8ad222965','Temperatura',false,4);
insert into public.quiz_questions (id,quiz_id,texto,explicacao,ordem,pontos) values ('1e4ed46d-442d-4934-b195-7c1a7eec0857','23750b9a-6201-4400-a075-9a9f0b057bfc','No BJT, a relação Ic ≈ β×Ib indica que:','Pequena corrente de base controla corrente de coletor β vezes maior.',2,1);
insert into public.quiz_options (question_id,texto,correta,ordem) values ('1e4ed46d-442d-4934-b195-7c1a7eec0857','A base controla pouca corrente',false,1);
insert into public.quiz_options (question_id,texto,correta,ordem) values ('1e4ed46d-442d-4934-b195-7c1a7eec0857','Pequena Ib comanda grande Ic',true,2);
insert into public.quiz_options (question_id,texto,correta,ordem) values ('1e4ed46d-442d-4934-b195-7c1a7eec0857','Não há ganho',false,3);
insert into public.quiz_options (question_id,texto,correta,ordem) values ('1e4ed46d-442d-4934-b195-7c1a7eec0857','O emissor é a entrada',false,4);
insert into public.quiz_questions (id,quiz_id,texto,explicacao,ordem,pontos) values ('34c0a59b-a875-44a5-b069-656e091db3bb','23750b9a-6201-4400-a075-9a9f0b057bfc','Para usar o transistor como chave totalmente ligada, ele opera em:','Na saturação o BJT conduz plenamente, como chave fechada.',3,1);
insert into public.quiz_options (question_id,texto,correta,ordem) values ('34c0a59b-a875-44a5-b069-656e091db3bb','Corte',false,1);
insert into public.quiz_options (question_id,texto,correta,ordem) values ('34c0a59b-a875-44a5-b069-656e091db3bb','Região ativa',false,2);
insert into public.quiz_options (question_id,texto,correta,ordem) values ('34c0a59b-a875-44a5-b069-656e091db3bb','Saturação',true,3);
insert into public.quiz_options (question_id,texto,correta,ordem) values ('34c0a59b-a875-44a5-b069-656e091db3bb','Ruptura',false,4);
insert into public.quiz_questions (id,quiz_id,texto,explicacao,ordem,pontos) values ('607fd25a-30aa-4d20-8498-0d2f2e3b3e49','23750b9a-6201-4400-a075-9a9f0b057bfc','Qual cuidado é típico com MOSFETs?','MOSFETs têm gate sensível a ESD e exigem manuseio cuidadoso.',4,1);
insert into public.quiz_options (question_id,texto,correta,ordem) values ('607fd25a-30aa-4d20-8498-0d2f2e3b3e49','Não precisam de dissipador nunca',false,1);
insert into public.quiz_options (question_id,texto,correta,ordem) values ('607fd25a-30aa-4d20-8498-0d2f2e3b3e49','São sensíveis a descarga eletrostática (ESD)',true,2);
insert into public.quiz_options (question_id,texto,correta,ordem) values ('607fd25a-30aa-4d20-8498-0d2f2e3b3e49','Funcionam só em CA',false,3);
insert into public.quiz_options (question_id,texto,correta,ordem) values ('607fd25a-30aa-4d20-8498-0d2f2e3b3e49','Dispensam datasheet',false,4);
insert into public.lessons (id,module_id,titulo,tipo,conteudo_rico,duracao_min,ordem,tem_quiz,preview_gratis) values ('30927e3f-4c2c-4115-8fc0-c1597131971d','a4bf6f41-0098-4747-ad31-24b714145a91','CIs, relés, transformadores, fusíveis e reguladores','texto','<p><strong>Para começar:</strong> Componentes que integram, isolam, transformam e protegem. São tijolos essenciais de qualquer equipamento profissional.</p><p>Aqui reunimos componentes de integração e infraestrutura: circuitos integrados, relés, transformadores, fusíveis e reguladores de tensão.</p><ul><li><strong>Circuito integrado (CI):</strong> Encapsula milhares a bilhões de transistores num único chip. Famílias: amplificadores operacionais, lógicos (74xx, CD4xxx), microcontroladores, reguladores. Encapsulamentos DIP (through-hole) e SMD.</li><li><strong>Amplificador operacional (op-amp):</strong> CI amplificador de altíssimo ganho com entradas inversora e não-inversora. Base de pré-amplificadores, filtros, somadores e comparadores de áudio.</li><li><strong>Relé:</strong> Chave eletromecânica: uma bobina, ao ser energizada, fecha/abre contatos isolados do circuito de comando. Permite que um sinal de baixa tensão controle cargas de alta tensão/potência. Sempre usar diodo de roda livre.</li><li><strong>Transformador:</strong> Transfere energia entre enrolamentos por indução magnética, elevando ou reduzindo tensão CA conforme a relação de espiras (Vs/Vp = Ns/Np). Oferece isolação galvânica entre primário e secundário.</li><li><strong>Fusível:</strong> Elemento de proteção que se rompe quando a corrente excede o valor nominal, interrompendo o circuito. Especificado por corrente (A), tensão e tipo (rápido/retardado). Nunca substituir por valor maior que o projetado.</li><li><strong>Regulador de tensão:</strong> Mantém a saída estável apesar de variações de entrada/carga. Lineares (série 78xx para positivos, 79xx negativos; LM317 ajustável) e chaveados (DC-DC, muito mais eficientes).</li><li><strong>Dissipação e proteção:</strong> Reguladores lineares dissipam a diferença (Vin−Vout)×I em calor, exigindo dissipador. Reguladores e CIs costumam ter proteção térmica e contra curto.</li></ul><h4>Equipamentos / detalhes</h4><ul><li><strong>Multímetro:</strong> Testa continuidade de fusíveis, contatos de relé e tensões de saída de reguladores.</li><li><strong>Fonte de bancada:</strong> Alimenta e valida reguladores e CIs com tensão controlada.</li></ul><h4>Passo a passo</h4><ol><li><strong>Confira o datasheet:</strong> Identifique pinagem do CI/regulador e os limites do relé/transformador/fusível.</li><li><strong>Teste o fusível:</strong> Em continuidade, fusível bom apita; rompido fica aberto. Substitua pelo MESMO valor.</li><li><strong>Verifique o regulador:</strong> Meça a tensão de saída sem e com carga; confirme estabilidade e temperatura.</li><li><strong>Acione o relé com proteção:</strong> Comande a bobina e confirme o chaveamento; mantenha o diodo de roda livre.</li></ol><p><strong>Na prática:</strong> Um regulador 7805 entrega 5 V fixos a partir de 12 V para alimentar a lógica de um controlador DMX. Como dissipa (12−5)×I em calor, em correntes maiores aquece muito — por isso projetos modernos preferem um conversor DC-DC chaveado, bem mais eficiente.</p><h4>Resumo</h4><ul><li>CIs integram muitos transistores; op-amps são base de áudio analógico.</li><li>Relé e transformador isolam circuitos; o transformador também muda a tensão CA.</li><li>Fusível protege por ruptura; reguladores estabilizam tensão (linear x chaveado).</li></ul>',35,4,true,false);
insert into public.quizzes (id,lesson_id,titulo) values ('d3faaac1-5ac7-4f7c-ab3b-c3e5b94dd3a4','30927e3f-4c2c-4115-8fc0-c1597131971d','Quiz — CIs, relés, transformadores, fusíveis e reguladores');
insert into public.quiz_questions (id,quiz_id,texto,explicacao,ordem,pontos) values ('8218492c-7800-4b1c-bb22-c31d893a4e28','d3faaac1-5ac7-4f7c-ab3b-c3e5b94dd3a4','A principal função do fusível é:','O fusível se rompe ao exceder a corrente nominal, protegendo o circuito.',1,1);
insert into public.quiz_options (question_id,texto,correta,ordem) values ('8218492c-7800-4b1c-bb22-c31d893a4e28','Regular tensão',false,1);
insert into public.quiz_options (question_id,texto,correta,ordem) values ('8218492c-7800-4b1c-bb22-c31d893a4e28','Proteger interrompendo sobrecorrente',true,2);
insert into public.quiz_options (question_id,texto,correta,ordem) values ('8218492c-7800-4b1c-bb22-c31d893a4e28','Amplificar sinal',false,3);
insert into public.quiz_options (question_id,texto,correta,ordem) values ('8218492c-7800-4b1c-bb22-c31d893a4e28','Isolar circuitos',false,4);
insert into public.quiz_questions (id,quiz_id,texto,explicacao,ordem,pontos) values ('077e5519-0212-40ec-a5d9-cdc55857293d','d3faaac1-5ac7-4f7c-ab3b-c3e5b94dd3a4','O transformador transfere energia por:','O acoplamento é magnético; a relação de espiras define a tensão e há isolação galvânica.',2,1);
insert into public.quiz_options (question_id,texto,correta,ordem) values ('077e5519-0212-40ec-a5d9-cdc55857293d','Condução direta',false,1);
insert into public.quiz_options (question_id,texto,correta,ordem) values ('077e5519-0212-40ec-a5d9-cdc55857293d','Indução magnética entre enrolamentos',true,2);
insert into public.quiz_options (question_id,texto,correta,ordem) values ('077e5519-0212-40ec-a5d9-cdc55857293d','Efeito fotoelétrico',false,3);
insert into public.quiz_options (question_id,texto,correta,ordem) values ('077e5519-0212-40ec-a5d9-cdc55857293d','Resistência',false,4);
insert into public.quiz_questions (id,quiz_id,texto,explicacao,ordem,pontos) values ('0b8e9c31-b676-4989-9e6c-1558b4b1616e','d3faaac1-5ac7-4f7c-ab3b-c3e5b94dd3a4','Um regulador linear 7805 fornece:','A série 78xx é de reguladores positivos fixos; o 7805 entrega 5 V.',3,1);
insert into public.quiz_options (question_id,texto,correta,ordem) values ('0b8e9c31-b676-4989-9e6c-1558b4b1616e','12 V ajustáveis',false,1);
insert into public.quiz_options (question_id,texto,correta,ordem) values ('0b8e9c31-b676-4989-9e6c-1558b4b1616e','5 V fixos',true,2);
insert into public.quiz_options (question_id,texto,correta,ordem) values ('0b8e9c31-b676-4989-9e6c-1558b4b1616e','Tensão negativa',false,3);
insert into public.quiz_options (question_id,texto,correta,ordem) values ('0b8e9c31-b676-4989-9e6c-1558b4b1616e','Tensão CA',false,4);
insert into public.quiz_questions (id,quiz_id,texto,explicacao,ordem,pontos) values ('df7672f6-9d7a-4a39-a727-b8b6b2a8ba66','d3faaac1-5ac7-4f7c-ab3b-c3e5b94dd3a4','Por que usar diodo de roda livre no relé?','Ao desligar a bobina, surge um pico de tensão que o diodo escoa com segurança.',4,1);
insert into public.quiz_options (question_id,texto,correta,ordem) values ('df7672f6-9d7a-4a39-a727-b8b6b2a8ba66','Aumentar a tensão',false,1);
insert into public.quiz_options (question_id,texto,correta,ordem) values ('df7672f6-9d7a-4a39-a727-b8b6b2a8ba66','Proteger contra o pico indutivo da bobina',true,2);
insert into public.quiz_options (question_id,texto,correta,ordem) values ('df7672f6-9d7a-4a39-a727-b8b6b2a8ba66','Acender um LED',false,3);
insert into public.quiz_options (question_id,texto,correta,ordem) values ('df7672f6-9d7a-4a39-a727-b8b6b2a8ba66','Retificar a saída',false,4);
insert into public.modules (id,course_id,titulo,ordem) values ('243b96ea-5c84-4a2d-9d5f-0e2d6e73216e','07695dfc-c93c-4a8a-bb5a-58d3b926c76e','Módulo 3 — Medição e Instrumentos',3);
insert into public.lessons (id,module_id,titulo,tipo,conteudo_rico,duracao_min,ordem,tem_quiz,preview_gratis) values ('b49df8b9-022d-4ac8-b880-1d730d10d682','243b96ea-5c84-4a2d-9d5f-0e2d6e73216e','O multímetro: tensão, corrente, resistência e continuidade','texto','<p><strong>Para começar:</strong> Se você só pudesse levar um instrumento para o trabalho, seria o multímetro. Vamos dominar cada função com segurança.</p><p>O multímetro é a ferramenta universal de medição. Usá-lo corretamente — e com segurança — é habilidade obrigatória para qualquer técnico.</p><ul><li><strong>Tipos de multímetro:</strong> Analógico (ponteiro) e digital (display). O digital domina por precisão e facilidade. Versões TRUE RMS medem corretamente sinais não-senoidais (essencial em fontes chaveadas e dimmers).</li><li><strong>Medição de tensão (voltímetro):</strong> Selecione V⎓ (CC) ou V∼ (CA). Ligue as pontas EM PARALELO com o ponto a medir (entre dois pontos). O voltímetro tem alta impedância para não perturbar o circuito.</li><li><strong>Medição de corrente (amperímetro):</strong> Selecione A e, fundamental, ligue o instrumento EM SÉRIE, abrindo o circuito para a corrente passar por ele. Use o borne correto (mA ou 10A). Erro clássico: medir corrente em paralelo causa curto.</li><li><strong>Medição de resistência (ohmímetro):</strong> SEMPRE com o circuito DESENERGIZADO e o componente isolado. O instrumento injeta uma pequena corrente e lê a resistência. Mediu com tensão presente? Leitura errada e risco ao aparelho.</li><li><strong>Continuidade:</strong> Função com sinal sonoro (beep) que indica caminho fechado (baixa resistência). Ideal para testar cabos, fusíveis, conexões e curtos — sempre desenergizado.</li><li><strong>Outras funções:</strong> Muitos medem capacitância, frequência, temperatura, ganho (hFE) e têm teste de diodo. Conheça o que seu modelo oferece.</li><li><strong>Categoria de segurança (CAT):</strong> Multímetros têm classificação CAT I a IV indicando onde podem ser usados com segurança (CAT IV o mais severo, próximo à entrada da rede). Respeite a categoria e a tensão máxima.</li></ul><h4>Equipamentos / detalhes</h4><ul><li><strong>Multímetro digital:</strong> Mede tensão, corrente, resistência e continuidade.</li><li><strong>Pontas de prova:</strong> Conectam o multímetro ao circuito; verifique isolação e estado das pontas.</li></ul><h4>Passo a passo</h4><ol><li><strong>Escolha a função e a faixa:</strong> Selecione V/A/Ω e CC/CA; em modelos manuais, comece pela faixa mais alta.</li><li><strong>Conecte os bornes corretos:</strong> COM (preto) sempre; vermelho em VΩ para tensão/resistência ou em A para corrente.</li><li><strong>Posicione as pontas:</strong> Paralelo para tensão; série para corrente; desenergizado para Ω e continuidade.</li><li><strong>Leia com atenção ao prefixo:</strong> Interprete mV/V e mA/A corretamente antes de concluir.</li></ol><p><strong>Na prática:</strong> Para descobrir por que um equipamento não liga, primeiro mede-se a tensão na tomada (paralelo), depois testa-se o fusível em continuidade (desenergizado). Se o fusível não apita, está rompido — achou o problema sem abrir nada mais.</p><h4>Resumo</h4><ul><li>Tensão se mede em paralelo; corrente em série; resistência desenergizada.</li><li>Continuidade (beep) testa cabos, fusíveis e curtos rapidamente.</li><li>True RMS e categoria CAT são critérios de precisão e segurança.</li></ul>',35,1,true,false);
insert into public.quizzes (id,lesson_id,titulo) values ('1ab28d6d-799c-442a-94ec-922e1dc1d408','b49df8b9-022d-4ac8-b880-1d730d10d682','Quiz — O multímetro: tensão, corrente, resistência e continuidade');
insert into public.quiz_questions (id,quiz_id,texto,explicacao,ordem,pontos) values ('d1525336-5b00-4359-bc59-3dc96f83c1de','1ab28d6d-799c-442a-94ec-922e1dc1d408','Para medir corrente, o multímetro deve ser ligado:','O amperímetro vai em série; a corrente precisa passar por ele.',1,1);
insert into public.quiz_options (question_id,texto,correta,ordem) values ('d1525336-5b00-4359-bc59-3dc96f83c1de','Em paralelo',false,1);
insert into public.quiz_options (question_id,texto,correta,ordem) values ('d1525336-5b00-4359-bc59-3dc96f83c1de','Em série, abrindo o circuito',true,2);
insert into public.quiz_options (question_id,texto,correta,ordem) values ('d1525336-5b00-4359-bc59-3dc96f83c1de','Desenergizado',false,3);
insert into public.quiz_options (question_id,texto,correta,ordem) values ('d1525336-5b00-4359-bc59-3dc96f83c1de','Entre fase e terra',false,4);
insert into public.quiz_questions (id,quiz_id,texto,explicacao,ordem,pontos) values ('63b1195f-346b-49e1-b00f-e24fcd4485f8','1ab28d6d-799c-442a-94ec-922e1dc1d408','Resistência e continuidade devem ser medidas com o circuito:','Sempre desenergizado, para leitura correta e segurança do aparelho.',2,1);
insert into public.quiz_options (question_id,texto,correta,ordem) values ('63b1195f-346b-49e1-b00f-e24fcd4485f8','Energizado',false,1);
insert into public.quiz_options (question_id,texto,correta,ordem) values ('63b1195f-346b-49e1-b00f-e24fcd4485f8','Desenergizado',true,2);
insert into public.quiz_options (question_id,texto,correta,ordem) values ('63b1195f-346b-49e1-b00f-e24fcd4485f8','Em curto',false,3);
insert into public.quiz_options (question_id,texto,correta,ordem) values ('63b1195f-346b-49e1-b00f-e24fcd4485f8','Em CA',false,4);
insert into public.quiz_questions (id,quiz_id,texto,explicacao,ordem,pontos) values ('5ab7b0f1-4edb-4d9f-825a-1822967be890','1ab28d6d-799c-442a-94ec-922e1dc1d408','Medir corrente em paralelo com a carga normalmente causa:','Como o amperímetro tem baixa resistência, ligá-lo em paralelo provoca curto.',3,1);
insert into public.quiz_options (question_id,texto,correta,ordem) values ('5ab7b0f1-4edb-4d9f-825a-1822967be890','Leitura precisa',false,1);
insert into public.quiz_options (question_id,texto,correta,ordem) values ('5ab7b0f1-4edb-4d9f-825a-1822967be890','Um curto-circuito',true,2);
insert into public.quiz_options (question_id,texto,correta,ordem) values ('5ab7b0f1-4edb-4d9f-825a-1822967be890','Nada',false,3);
insert into public.quiz_options (question_id,texto,correta,ordem) values ('5ab7b0f1-4edb-4d9f-825a-1822967be890','Aumento da resistência',false,4);
insert into public.quiz_questions (id,quiz_id,texto,explicacao,ordem,pontos) values ('6096a1b3-15ed-4148-ac42-1a454034675c','1ab28d6d-799c-442a-94ec-922e1dc1d408','A função True RMS é importante para medir:','True RMS mede corretamente formas de onda não-senoidais (dimmers, chaveadas).',4,1);
insert into public.quiz_options (question_id,texto,correta,ordem) values ('6096a1b3-15ed-4148-ac42-1a454034675c','Apenas CC',false,1);
insert into public.quiz_options (question_id,texto,correta,ordem) values ('6096a1b3-15ed-4148-ac42-1a454034675c','Sinais não-senoidais corretamente',true,2);
insert into public.quiz_options (question_id,texto,correta,ordem) values ('6096a1b3-15ed-4148-ac42-1a454034675c','Resistência',false,3);
insert into public.quiz_options (question_id,texto,correta,ordem) values ('6096a1b3-15ed-4148-ac42-1a454034675c','Temperatura',false,4);
insert into public.lessons (id,module_id,titulo,tipo,conteudo_rico,duracao_min,ordem,tem_quiz,preview_gratis) values ('aafccaaa-061e-401d-968d-a19a57613a49','243b96ea-5c84-4a2d-9d5f-0e2d6e73216e','Osciloscópio, pontas de prova e analisadores','texto','<p><strong>Para começar:</strong> O multímetro dá números; o osciloscópio mostra o sinal vivo no tempo. É a janela para enxergar a forma de onda.</p><p>O osciloscópio revela como a tensão varia no tempo, permitindo ver ruído, distorção, frequência e tempos. Pontas de prova e analisadores completam a bancada.</p><ul><li><strong>O que é o osciloscópio:</strong> Instrumento que plota tensão (eixo vertical) versus tempo (eixo horizontal). Permite medir amplitude, período, frequência, tempos de subida e observar a forma de onda real do sinal.</li><li><strong>Controles principais:</strong> Base de tempo (s/div, eixo horizontal), escala vertical (V/div), trigger (gatilho, que estabiliza a imagem) e acoplamento (DC mostra nível médio; AC remove o componente CC).</li><li><strong>Largura de banda e amostragem:</strong> A largura de banda (MHz) define a maior frequência fielmente exibida; a taxa de amostragem (digitais) deve ser bem maior que a do sinal. Escolha o aparelho conforme o sinal a observar.</li><li><strong>Pontas de prova:</strong> A ponta 1x passa o sinal direto; a 10x atenua por 10, aumentando a impedância e a banda úteis e reduzindo a carga sobre o circuito. Ajuste a compensação da ponta (quadrado de calibração) antes de medir.</li><li><strong>Aterramento da ponta:</strong> A garra de terra da ponta liga ao terra do circuito. Conectá-la em ponto errado pode causar curto pelo terra — cuidado em circuitos referenciados à rede.</li><li><strong>Analisadores:</strong> Analisador de espectro mostra o sinal no domínio da frequência (útil em RF e áudio). Analisador lógico captura múltiplos sinais digitais simultâneos para depurar barramentos.</li><li><strong>Medições típicas em eventos:</strong> Verificar ruído em linhas de áudio, integridade de sinais DMX/digitais, presença de oscilação, formas de onda de fontes chaveadas.</li></ul><h4>Equipamentos / detalhes</h4><ul><li><strong>Osciloscópio:</strong> Visualiza e mede formas de onda no tempo.</li><li><strong>Ponta de prova 10x:</strong> Mede com menor carga sobre o circuito e maior banda; requer compensação.</li><li><strong>Analisador de espectro/lógico:</strong> Analisa sinais no domínio da frequência ou barramentos digitais.</li></ul><h4>Passo a passo</h4><ol><li><strong>Ajuste a ponta:</strong> Selecione 10x e compense na saída de calibração até a onda quadrada ficar com cantos retos.</li><li><strong>Conecte terra e ponta:</strong> Garra de terra ao terra do circuito; ponta ao ponto de medição.</li><li><strong>Configure escalas e trigger:</strong> Ajuste V/div e s/div para enquadrar a onda e use o trigger para estabilizar a imagem.</li><li><strong>Meça os parâmetros:</strong> Leia amplitude (Vpp), período e calcule a frequência (f=1/T).</li></ol><p><strong>Na prática:</strong> Ao investigar zumbido numa linha de áudio, o osciloscópio mostra uma senoide de 60 Hz somada ao sinal — sintoma clássico de loop de terra. O número do multímetro não revelaria a forma; o osciloscópio diagnostica de imediato.</p><h4>Resumo</h4><ul><li>Osciloscópio mostra tensão x tempo: amplitude, período e forma de onda.</li><li>Ponta 10x carrega menos o circuito; sempre compensar antes de medir.</li><li>Analisadores de espectro (frequência) e lógico (barramentos digitais) complementam.</li></ul>',35,2,true,false);
insert into public.quizzes (id,lesson_id,titulo) values ('93ff34aa-89e3-47eb-aade-33575650717a','aafccaaa-061e-401d-968d-a19a57613a49','Quiz — Osciloscópio, pontas de prova e analisadores');
insert into public.quiz_questions (id,quiz_id,texto,explicacao,ordem,pontos) values ('95ef9ed6-196d-4427-a698-aed7ba7ad042','93ff34aa-89e3-47eb-aade-33575650717a','O eixo horizontal de um osciloscópio representa, por padrão:','O eixo horizontal é o tempo (s/div); o vertical é a tensão (V/div).',1,1);
insert into public.quiz_options (question_id,texto,correta,ordem) values ('95ef9ed6-196d-4427-a698-aed7ba7ad042','Tensão',false,1);
insert into public.quiz_options (question_id,texto,correta,ordem) values ('95ef9ed6-196d-4427-a698-aed7ba7ad042','Corrente',false,2);
insert into public.quiz_options (question_id,texto,correta,ordem) values ('95ef9ed6-196d-4427-a698-aed7ba7ad042','Tempo',true,3);
insert into public.quiz_options (question_id,texto,correta,ordem) values ('95ef9ed6-196d-4427-a698-aed7ba7ad042','Frequência',false,4);
insert into public.quiz_questions (id,quiz_id,texto,explicacao,ordem,pontos) values ('dd8dac75-505e-45d8-b3af-266d8aa3a36d','93ff34aa-89e3-47eb-aade-33575650717a','O trigger (gatilho) serve para:','O trigger sincroniza a varredura, estabilizando a imagem.',2,1);
insert into public.quiz_options (question_id,texto,correta,ordem) values ('dd8dac75-505e-45d8-b3af-266d8aa3a36d','Aumentar a tensão',false,1);
insert into public.quiz_options (question_id,texto,correta,ordem) values ('dd8dac75-505e-45d8-b3af-266d8aa3a36d','Estabilizar a forma de onda na tela',true,2);
insert into public.quiz_options (question_id,texto,correta,ordem) values ('dd8dac75-505e-45d8-b3af-266d8aa3a36d','Filtrar ruído',false,3);
insert into public.quiz_options (question_id,texto,correta,ordem) values ('dd8dac75-505e-45d8-b3af-266d8aa3a36d','Medir resistência',false,4);
insert into public.quiz_questions (id,quiz_id,texto,explicacao,ordem,pontos) values ('8bd33f0b-e27c-46d9-b620-573a900fd113','93ff34aa-89e3-47eb-aade-33575650717a','A ponta 10x, em relação à 1x:','A ponta 10x atenua por 10, com maior impedância e menor carga sobre o circuito.',3,1);
insert into public.quiz_options (question_id,texto,correta,ordem) values ('8bd33f0b-e27c-46d9-b620-573a900fd113','Carrega mais o circuito',false,1);
insert into public.quiz_options (question_id,texto,correta,ordem) values ('8bd33f0b-e27c-46d9-b620-573a900fd113','Atenua o sinal e carrega menos o circuito',true,2);
insert into public.quiz_options (question_id,texto,correta,ordem) values ('8bd33f0b-e27c-46d9-b620-573a900fd113','Amplifica por 10',false,3);
insert into public.quiz_options (question_id,texto,correta,ordem) values ('8bd33f0b-e27c-46d9-b620-573a900fd113','Mede corrente',false,4);
insert into public.quiz_questions (id,quiz_id,texto,explicacao,ordem,pontos) values ('c3f6bd75-5429-48cd-9584-dd2400dca54f','93ff34aa-89e3-47eb-aade-33575650717a','Para ver um sinal no domínio da frequência, usa-se:','O analisador de espectro mostra amplitude por frequência.',4,1);
insert into public.quiz_options (question_id,texto,correta,ordem) values ('c3f6bd75-5429-48cd-9584-dd2400dca54f','Multímetro',false,1);
insert into public.quiz_options (question_id,texto,correta,ordem) values ('c3f6bd75-5429-48cd-9584-dd2400dca54f','Analisador de espectro',true,2);
insert into public.quiz_options (question_id,texto,correta,ordem) values ('c3f6bd75-5429-48cd-9584-dd2400dca54f','Ohmímetro',false,3);
insert into public.quiz_options (question_id,texto,correta,ordem) values ('c3f6bd75-5429-48cd-9584-dd2400dca54f','Continuidade',false,4);
insert into public.modules (id,course_id,titulo,ordem) values ('75795dd8-9b99-4871-b1dc-2f892c42aefc','07695dfc-c93c-4a8a-bb5a-58d3b926c76e','Módulo 4 — Sinais e Eletrônica Digital',4);
insert into public.lessons (id,module_id,titulo,tipo,conteudo_rico,duracao_min,ordem,tem_quiz,preview_gratis) values ('914feec5-39ba-4441-8420-3dcb654d220a','75795dd8-9b99-4871-b1dc-2f892c42aefc','Analógico x digital, níveis lógicos e binário','texto','<p><strong>Para começar:</strong> O mundo é analógico, mas os equipamentos modernos pensam em binário. Entender essa fronteira é entender a eletrônica atual.</p><p>Sinais analógicos variam continuamente; digitais assumem valores discretos (0 e 1). Esta aula estabelece a base do raciocínio digital.</p><ul><li><strong>Sinal analógico:</strong> Varia continuamente no tempo e pode assumir infinitos valores dentro de uma faixa. Ex.: tensão de um microfone, posição de um fader. Sensível a ruído, que se soma ao sinal.</li><li><strong>Sinal digital:</strong> Assume valores discretos, normalmente dois: 0 e 1 (binário). Mais robusto a ruído, pois o receptor só precisa distinguir ''alto'' de ''baixo''. Base de computadores e equipamentos modernos.</li><li><strong>Níveis lógicos:</strong> Cada família define faixas de tensão para 0 e 1. Em lógica de 5 V (TTL), ~0 V é nível baixo e ~5 V é alto, com faixa proibida no meio. Há lógica de 3,3 V e outras; misturar tensões exige atenção.</li><li><strong>Sistema binário:</strong> Base 2, com dígitos 0 e 1 (bits). Cada posição vale uma potência de 2. Ex.: 1011₂ = 8+0+2+1 = 11. Computadores operam nativamente em binário.</li><li><strong>Bits, bytes e múltiplos:</strong> 8 bits = 1 byte. Um byte representa 0 a 255 (256 valores). Múltiplos: kilobyte, megabyte, etc. A quantidade de bits define a resolução e a faixa de valores.</li><li><strong>Hexadecimal:</strong> Base 16 (0–9, A–F) usada para representar binário de forma compacta: cada dígito hex equivale a 4 bits. Comum em endereços e cores (ex.: #FF0000).</li><li><strong>Lógica positiva e negativa:</strong> Em lógica positiva, nível alto = 1; em negativa, alto = 0. Saber a convenção evita interpretar sinais ao contrário.</li></ul><h4>Equipamentos / detalhes</h4><ul><li><strong>Multímetro/osciloscópio:</strong> Verifica níveis lógicos (alto/baixo) e a forma do sinal digital.</li><li><strong>Analisador lógico:</strong> Captura sequências de bits em barramentos digitais.</li></ul><h4>Passo a passo</h4><ol><li><strong>Identifique o tipo de sinal:</strong> Determine se a linha é analógica (variação contínua) ou digital (alto/baixo).</li><li><strong>Conheça a tensão da lógica:</strong> Verifique se é 5 V ou 3,3 V para não danificar entradas.</li><li><strong>Converta as bases:</strong> Treine conversões binário↔decimal↔hexadecimal.</li><li><strong>Meça os níveis:</strong> Confirme com o instrumento que ''1'' e ''0'' estão dentro das faixas válidas.</li></ol><p><strong>Na prática:</strong> Ao ligar um sensor de 5 V a um microcontrolador de 3,3 V, aplicar o nível alto de 5 V direto pode danificar a entrada. A solução é um divisor de tensão ou um conversor de nível lógico — questão prática frequente em integrações.</p><h4>Resumo</h4><ul><li>Analógico varia continuamente; digital usa valores discretos (0/1), mais imune a ruído.</li><li>Binário é base 2; hexadecimal compacta 4 bits por dígito.</li><li>Níveis lógicos definem faixas de 0 e 1; misturar 5 V e 3,3 V exige atenção.</li></ul>',30,1,true,false);
insert into public.quizzes (id,lesson_id,titulo) values ('644cecef-b64f-4b01-bbc6-3cf7835a76b3','914feec5-39ba-4441-8420-3dcb654d220a','Quiz — Analógico x digital, níveis lógicos e binário');
insert into public.quiz_questions (id,quiz_id,texto,explicacao,ordem,pontos) values ('a5d61f65-82c8-47dd-b9c7-a88d23071c0d','644cecef-b64f-4b01-bbc6-3cf7835a76b3','A principal vantagem do sinal digital é:','Por assumir valores discretos, o digital é mais robusto a ruído.',1,1);
insert into public.quiz_options (question_id,texto,correta,ordem) values ('a5d61f65-82c8-47dd-b9c7-a88d23071c0d','Mais bonito',false,1);
insert into public.quiz_options (question_id,texto,correta,ordem) values ('a5d61f65-82c8-47dd-b9c7-a88d23071c0d','Maior imunidade a ruído',true,2);
insert into public.quiz_options (question_id,texto,correta,ordem) values ('a5d61f65-82c8-47dd-b9c7-a88d23071c0d','Usar menos fios sempre',false,3);
insert into public.quiz_options (question_id,texto,correta,ordem) values ('a5d61f65-82c8-47dd-b9c7-a88d23071c0d','Ser sempre mais rápido',false,4);
insert into public.quiz_questions (id,quiz_id,texto,explicacao,ordem,pontos) values ('333a776f-d4fb-4ab9-8584-b2ea5ec096b9','644cecef-b64f-4b01-bbc6-3cf7835a76b3','O número binário 1011 em decimal é:','1011₂ = 8+0+2+1 = 11.',2,1);
insert into public.quiz_options (question_id,texto,correta,ordem) values ('333a776f-d4fb-4ab9-8584-b2ea5ec096b9','9',false,1);
insert into public.quiz_options (question_id,texto,correta,ordem) values ('333a776f-d4fb-4ab9-8584-b2ea5ec096b9','11',true,2);
insert into public.quiz_options (question_id,texto,correta,ordem) values ('333a776f-d4fb-4ab9-8584-b2ea5ec096b9','13',false,3);
insert into public.quiz_options (question_id,texto,correta,ordem) values ('333a776f-d4fb-4ab9-8584-b2ea5ec096b9','15',false,4);
insert into public.quiz_questions (id,quiz_id,texto,explicacao,ordem,pontos) values ('4fb7bd82-55da-4e82-ace0-1ac56ad9b904','644cecef-b64f-4b01-bbc6-3cf7835a76b3','Quantos valores um byte (8 bits) pode representar?','8 bits geram 2⁸ = 256 valores (0 a 255).',3,1);
insert into public.quiz_options (question_id,texto,correta,ordem) values ('4fb7bd82-55da-4e82-ace0-1ac56ad9b904','8',false,1);
insert into public.quiz_options (question_id,texto,correta,ordem) values ('4fb7bd82-55da-4e82-ace0-1ac56ad9b904','16',false,2);
insert into public.quiz_options (question_id,texto,correta,ordem) values ('4fb7bd82-55da-4e82-ace0-1ac56ad9b904','128',false,3);
insert into public.quiz_options (question_id,texto,correta,ordem) values ('4fb7bd82-55da-4e82-ace0-1ac56ad9b904','256',true,4);
insert into public.quiz_questions (id,quiz_id,texto,explicacao,ordem,pontos) values ('8664dc28-edfd-4972-b863-ee1f3ad2678a','644cecef-b64f-4b01-bbc6-3cf7835a76b3','Cada dígito hexadecimal equivale a quantos bits?','Um dígito hex (0–F) representa 4 bits.',4,1);
insert into public.quiz_options (question_id,texto,correta,ordem) values ('8664dc28-edfd-4972-b863-ee1f3ad2678a','2',false,1);
insert into public.quiz_options (question_id,texto,correta,ordem) values ('8664dc28-edfd-4972-b863-ee1f3ad2678a','4',true,2);
insert into public.quiz_options (question_id,texto,correta,ordem) values ('8664dc28-edfd-4972-b863-ee1f3ad2678a','8',false,3);
insert into public.quiz_options (question_id,texto,correta,ordem) values ('8664dc28-edfd-4972-b863-ee1f3ad2678a','16',false,4);
insert into public.lessons (id,module_id,titulo,tipo,conteudo_rico,duracao_min,ordem,tem_quiz,preview_gratis) values ('6ea276c0-7ef9-4157-bb39-e15192320d65','75795dd8-9b99-4871-b1dc-2f892c42aefc','Portas lógicas, amostragem e conversão (ADC/DAC)','texto','<p><strong>Para começar:</strong> Das portas lógicas nasce todo processamento digital; da amostragem nasce o áudio e o vídeo digitais. Vamos unir os dois mundos.</p><p>Portas lógicas implementam decisões em hardware; ADC e DAC fazem a ponte entre o mundo analógico e o digital, essencial em áudio e vídeo.</p><ul><li><strong>Portas lógicas básicas:</strong> Implementam funções booleanas. NOT (inverte), AND (1 só se todas as entradas forem 1), OR (1 se alguma for 1). São os blocos de todo circuito digital.</li><li><strong>Portas derivadas:</strong> NAND (AND negada), NOR (OR negada), XOR (1 quando as entradas diferem) e XNOR. NAND e NOR são ''universais'': qualquer função pode ser feita só com elas.</li><li><strong>Tabela-verdade:</strong> Lista todas as combinações de entrada e a saída correspondente. É a forma rigorosa de definir e verificar o comportamento de uma porta ou circuito lógico.</li><li><strong>Conversão Analógico-Digital (ADC):</strong> Transforma um sinal analógico em números digitais por dois processos: amostragem (medir em instantes) e quantização (arredondar a níveis discretos).</li><li><strong>Teorema da amostragem (Nyquist):</strong> Para reconstruir um sinal sem perda, a taxa de amostragem deve ser maior que o dobro da maior frequência do sinal. Por isso áudio (até ~20 kHz) usa 44,1 kHz ou 48 kHz.</li><li><strong>Quantização e resolução de bits:</strong> O número de bits define quantos níveis de amplitude existem: 16 bits = 65.536 níveis. Mais bits = menos erro de quantização e maior faixa dinâmica. Áudio profissional usa 24 bits.</li><li><strong>Conversão Digital-Analógico (DAC):</strong> Faz o caminho inverso: converte os números de volta em tensão analógica, reconstruindo o som ou o vídeo na saída do equipamento.</li></ul><h4>Equipamentos / detalhes</h4><ul><li><strong>CIs lógicos / microcontrolador:</strong> Implementam portas lógicas e contêm ADC/DAC internos.</li><li><strong>Osciloscópio:</strong> Compara o sinal analógico original com o reconstruído pelo DAC.</li></ul><h4>Passo a passo</h4><ol><li><strong>Monte a função lógica:</strong> Defina a tabela-verdade e escolha as portas (ou NAND/NOR universais).</li><li><strong>Defina a taxa de amostragem:</strong> Garanta taxa maior que o dobro da maior frequência do sinal (Nyquist).</li><li><strong>Escolha a resolução:</strong> Selecione o número de bits conforme a faixa dinâmica desejada.</li><li><strong>Verifique a reconstrução:</strong> Compare a saída do DAC com o sinal de entrada no osciloscópio.</li></ol><p><strong>Na prática:</strong> Uma mesa digital de som amostra cada entrada a 48 kHz com 24 bits. Respeitar Nyquist (&gt;2×20 kHz) e usar bits suficientes é o que garante áudio fiel, sem aliasing nem ruído de quantização audível.</p><h4>Resumo</h4><ul><li>Portas lógicas implementam decisões; NAND e NOR são universais.</li><li>ADC amostra (Nyquist: &gt;2× a maior frequência) e quantiza (bits = níveis).</li><li>DAC reconstrói o sinal analógico a partir dos números digitais.</li></ul>',35,2,true,false);
insert into public.quizzes (id,lesson_id,titulo) values ('59f82900-ed5c-481d-8c9a-85188efb5933','6ea276c0-7ef9-4157-bb39-e15192320d65','Quiz — Portas lógicas, amostragem e conversão (ADC/DAC)');
insert into public.quiz_questions (id,quiz_id,texto,explicacao,ordem,pontos) values ('cdfe4575-e90c-4c5b-b128-b0021a4a28e8','59f82900-ed5c-481d-8c9a-85188efb5933','A porta que produz 1 apenas quando todas as entradas são 1 é:','A porta AND só sai 1 quando todas as entradas valem 1.',1,1);
insert into public.quiz_options (question_id,texto,correta,ordem) values ('cdfe4575-e90c-4c5b-b128-b0021a4a28e8','OR',false,1);
insert into public.quiz_options (question_id,texto,correta,ordem) values ('cdfe4575-e90c-4c5b-b128-b0021a4a28e8','AND',true,2);
insert into public.quiz_options (question_id,texto,correta,ordem) values ('cdfe4575-e90c-4c5b-b128-b0021a4a28e8','XOR',false,3);
insert into public.quiz_options (question_id,texto,correta,ordem) values ('cdfe4575-e90c-4c5b-b128-b0021a4a28e8','NOR',false,4);
insert into public.quiz_questions (id,quiz_id,texto,explicacao,ordem,pontos) values ('f55428d8-68c7-4e05-8be3-8e99be1e33f3','59f82900-ed5c-481d-8c9a-85188efb5933','Pelo teorema de Nyquist, a taxa de amostragem deve ser:','Deve exceder o dobro da maior frequência do sinal.',2,1);
insert into public.quiz_options (question_id,texto,correta,ordem) values ('f55428d8-68c7-4e05-8be3-8e99be1e33f3','Igual à frequência do sinal',false,1);
insert into public.quiz_options (question_id,texto,correta,ordem) values ('f55428d8-68c7-4e05-8be3-8e99be1e33f3','Maior que o dobro da maior frequência',true,2);
insert into public.quiz_options (question_id,texto,correta,ordem) values ('f55428d8-68c7-4e05-8be3-8e99be1e33f3','Metade da frequência',false,3);
insert into public.quiz_options (question_id,texto,correta,ordem) values ('f55428d8-68c7-4e05-8be3-8e99be1e33f3','Irrelevante',false,4);
insert into public.quiz_questions (id,quiz_id,texto,explicacao,ordem,pontos) values ('102a1ffd-b817-401e-9b85-63f34012f69a','59f82900-ed5c-481d-8c9a-85188efb5933','Aumentar o número de bits na quantização:','Mais bits = mais níveis = menor erro de quantização e maior faixa dinâmica.',3,1);
insert into public.quiz_options (question_id,texto,correta,ordem) values ('102a1ffd-b817-401e-9b85-63f34012f69a','Reduz a faixa dinâmica',false,1);
insert into public.quiz_options (question_id,texto,correta,ordem) values ('102a1ffd-b817-401e-9b85-63f34012f69a','Aumenta o erro',false,2);
insert into public.quiz_options (question_id,texto,correta,ordem) values ('102a1ffd-b817-401e-9b85-63f34012f69a','Reduz o erro de quantização',true,3);
insert into public.quiz_options (question_id,texto,correta,ordem) values ('102a1ffd-b817-401e-9b85-63f34012f69a','Não muda nada',false,4);
insert into public.quiz_questions (id,quiz_id,texto,explicacao,ordem,pontos) values ('2f7f1bc1-1923-4b19-be19-0b5bfd8cdaf0','59f82900-ed5c-481d-8c9a-85188efb5933','O DAC é responsável por:','O DAC reconstrói a tensão analógica a partir dos valores digitais.',4,1);
insert into public.quiz_options (question_id,texto,correta,ordem) values ('2f7f1bc1-1923-4b19-be19-0b5bfd8cdaf0','Amostrar o sinal',false,1);
insert into public.quiz_options (question_id,texto,correta,ordem) values ('2f7f1bc1-1923-4b19-be19-0b5bfd8cdaf0','Converter digital em analógico',true,2);
insert into public.quiz_options (question_id,texto,correta,ordem) values ('2f7f1bc1-1923-4b19-be19-0b5bfd8cdaf0','Negar a lógica',false,3);
insert into public.quiz_options (question_id,texto,correta,ordem) values ('2f7f1bc1-1923-4b19-be19-0b5bfd8cdaf0','Filtrar ruído',false,4);
insert into public.modules (id,course_id,titulo,ordem) values ('a30e9253-d15b-488e-8365-86f0176f816f','07695dfc-c93c-4a8a-bb5a-58d3b926c76e','Módulo 5 — Transmissão de Dados e Conectividade',5);
insert into public.lessons (id,module_id,titulo,tipo,conteudo_rico,duracao_min,ordem,tem_quiz,preview_gratis) values ('bc4b2fac-0da8-4c3b-b3ba-505994468a1a','a30e9253-d15b-488e-8365-86f0176f816f','Cabos, conectores e impedância','texto','<p><strong>Para começar:</strong> No evento, o sinal só é tão bom quanto o cabo que o carrega. Conhecer cabos, conectores e impedância separa o amador do profissional.</p><p>Cada tipo de sinal pede um cabo e um conector adequados. Impedância e construção do cabo determinam qualidade e alcance.</p><ul><li><strong>Anatomia do cabo:</strong> Condutor (cobre), isolação, blindagem (malha/folha) e capa. A blindagem protege contra interferência externa e deve ser bem aterrada nas extremidades corretas.</li><li><strong>Impedância característica:</strong> Propriedade de cabos de transmissão (coaxial, de rede) que define como o sinal se propaga, em ohms. Ex.: coaxial de vídeo 75 Ω, antena 50 Ω. Casar a impedância evita reflexões.</li><li><strong>Reflexões e casamento:</strong> Quando a impedância da fonte, do cabo e da carga não casam, parte do sinal reflete, causando perda e distorção (importante em vídeo SDI, RF e DMX, que pede terminação de 120 Ω).</li><li><strong>Conectores de áudio:</strong> XLR (3 pinos, balanceado, microfones e linha profissional), P10/TRS (1/4'', balanceado ou estéreo), P10/TS (desbalanceado), RCA (desbalanceado, consumo), P2/3,5 mm.</li><li><strong>Conectores de vídeo/dados:</strong> BNC (vídeo/SDI, 75 Ω, travamento por baioneta), HDMI, RJ45 (rede Ethernet), USB, DisplayPort, fibra óptica para longas distâncias.</li><li><strong>Bitola e comprimento:</strong> Cabos longos têm mais resistência e capacitância, atenuando o sinal. Para potência (caixas), bitola maior (AWG menor) reduz perdas; para sinal, blindagem e qualidade importam mais.</li><li><strong>Cuidados de cabeamento:</strong> Evite emendas malfeitas, respeite o raio mínimo de curvatura, não passe cabo de sinal junto a cabo de energia e identifique/teste os cabos antes do show.</li></ul><h4>Equipamentos / detalhes</h4><ul><li><strong>Testador de cabos:</strong> Verifica continuidade e mapeamento de pinos de cabos XLR, P10, RJ45, etc.</li><li><strong>Multímetro:</strong> Mede continuidade da malha e dos condutores.</li></ul><h4>Passo a passo</h4><ol><li><strong>Escolha o cabo pelo sinal:</strong> Selecione coaxial 75 Ω para vídeo, par trançado para rede, blindado para áudio.</li><li><strong>Confira a impedância:</strong> Garanta casamento entre fonte, cabo e carga; termine o que pede terminação (DMX 120 Ω).</li><li><strong>Conecte e trave:</strong> Use o conector correto e trave (XLR/BNC) para evitar quedas durante o evento.</li><li><strong>Teste antes do show:</strong> Passe todos os cabos no testador para flagrar mau contato ou inversão de pinos.</li></ol><p><strong>Na prática:</strong> Numa linha DMX longa sem o resistor de terminação de 120 Ω no último aparelho, o sinal reflete e causa cintilação aleatória nas luzes. Colocar a terminação correta resolve — exemplo direto de casamento de impedância na prática.</p><h4>Resumo</h4><ul><li>Cada sinal pede cabo e conector próprios; XLR e BNC travam e são profissionais.</li><li>Impedância característica deve casar para evitar reflexões e perdas.</li><li>Blindagem, bitola e teste prévio garantem confiabilidade no palco.</li></ul>',35,1,true,false);
insert into public.quizzes (id,lesson_id,titulo) values ('a571c839-0656-48f2-8094-b6f877dd5058','bc4b2fac-0da8-4c3b-b3ba-505994468a1a','Quiz — Cabos, conectores e impedância');
insert into public.quiz_questions (id,quiz_id,texto,explicacao,ordem,pontos) values ('07d7e496-6c41-4e97-984d-7e415e13aa48','a571c839-0656-48f2-8094-b6f877dd5058','A impedância típica de um cabo coaxial de vídeo é:','Vídeo composto/SDI usa coaxial de 75 Ω.',1,1);
insert into public.quiz_options (question_id,texto,correta,ordem) values ('07d7e496-6c41-4e97-984d-7e415e13aa48','50 Ω',false,1);
insert into public.quiz_options (question_id,texto,correta,ordem) values ('07d7e496-6c41-4e97-984d-7e415e13aa48','75 Ω',true,2);
insert into public.quiz_options (question_id,texto,correta,ordem) values ('07d7e496-6c41-4e97-984d-7e415e13aa48','120 Ω',false,3);
insert into public.quiz_options (question_id,texto,correta,ordem) values ('07d7e496-6c41-4e97-984d-7e415e13aa48','600 Ω',false,4);
insert into public.quiz_questions (id,quiz_id,texto,explicacao,ordem,pontos) values ('c163c704-3209-4ae1-bdbe-be60d1045f41','a571c839-0656-48f2-8094-b6f877dd5058','O conector XLR de 3 pinos é tipicamente usado para:','O XLR de 3 pinos é o padrão de áudio balanceado profissional.',2,1);
insert into public.quiz_options (question_id,texto,correta,ordem) values ('c163c704-3209-4ae1-bdbe-be60d1045f41','Vídeo desbalanceado',false,1);
insert into public.quiz_options (question_id,texto,correta,ordem) values ('c163c704-3209-4ae1-bdbe-be60d1045f41','Áudio balanceado (microfone/linha)',true,2);
insert into public.quiz_options (question_id,texto,correta,ordem) values ('c163c704-3209-4ae1-bdbe-be60d1045f41','Rede Ethernet',false,3);
insert into public.quiz_options (question_id,texto,correta,ordem) values ('c163c704-3209-4ae1-bdbe-be60d1045f41','Alimentação CC',false,4);
insert into public.quiz_questions (id,quiz_id,texto,explicacao,ordem,pontos) values ('3cf73967-e849-4077-9a53-87a196cecbdd','a571c839-0656-48f2-8094-b6f877dd5058','A falta de terminação correta numa linha de transmissão causa:','Sem casamento, o sinal reflete, degradando a transmissão (ex.: DMX precisa de 120 Ω).',3,1);
insert into public.quiz_options (question_id,texto,correta,ordem) values ('3cf73967-e849-4077-9a53-87a196cecbdd','Mais brilho',false,1);
insert into public.quiz_options (question_id,texto,correta,ordem) values ('3cf73967-e849-4077-9a53-87a196cecbdd','Reflexões e degradação do sinal',true,2);
insert into public.quiz_options (question_id,texto,correta,ordem) values ('3cf73967-e849-4077-9a53-87a196cecbdd','Aumento de tensão',false,3);
insert into public.quiz_options (question_id,texto,correta,ordem) values ('3cf73967-e849-4077-9a53-87a196cecbdd','Nada',false,4);
insert into public.quiz_questions (id,quiz_id,texto,explicacao,ordem,pontos) values ('29a22914-e26f-4a4d-aef7-65636925f242','a571c839-0656-48f2-8094-b6f877dd5058','Para grandes distâncias com imunidade a interferência, o melhor meio é:','A fibra óptica é imune a EMI e cobre longas distâncias.',4,1);
insert into public.quiz_options (question_id,texto,correta,ordem) values ('29a22914-e26f-4a4d-aef7-65636925f242','RCA',false,1);
insert into public.quiz_options (question_id,texto,correta,ordem) values ('29a22914-e26f-4a4d-aef7-65636925f242','Fibra óptica',true,2);
insert into public.quiz_options (question_id,texto,correta,ordem) values ('29a22914-e26f-4a4d-aef7-65636925f242','P2 desbalanceado',false,3);
insert into public.quiz_options (question_id,texto,correta,ordem) values ('29a22914-e26f-4a4d-aef7-65636925f242','Cabo de força',false,4);
insert into public.lessons (id,module_id,titulo,tipo,conteudo_rico,duracao_min,ordem,tem_quiz,preview_gratis) values ('64999c14-61eb-4da4-a555-a9a004c3596c','a30e9253-d15b-488e-8365-86f0176f816f','Balanceado x desbalanceado e aterramento de sinal','texto','<p><strong>Para começar:</strong> Por que o cabo de microfone profissional tem três pinos e quase não pega ruído? A resposta está no sinal balanceado.</p><p>Linhas balanceadas rejeitam ruído por design; entender o conceito explica conexões profissionais de áudio e dados, e o papel do terra de sinal.</p><ul><li><strong>Sinal desbalanceado:</strong> Usa dois condutores: sinal e terra/blindagem. Simples e barato, mas a blindagem também é referência, captando ruído em cabos longos. Ex.: RCA, P10 TS, instrumentos.</li><li><strong>Sinal balanceado:</strong> Usa três condutores: dois para o sinal (em fase oposta) e um terra/blindagem. O sinal trafega como diferença entre os dois condutores.</li><li><strong>Rejeição de modo comum (CMRR):</strong> O ruído captado se soma igualmente aos dois condutores (modo comum). No receptor, ao subtrair um do outro, o sinal dobra e o ruído se cancela. Por isso linhas balanceadas correm longas distâncias com baixo ruído.</li><li><strong>Onde se usa:</strong> Balanceado: microfones, saídas de mesa, longas tiragens (XLR, TRS). Desbalanceado: curtas distâncias, equipamento doméstico, instrumentos (com cabo curto).</li><li><strong>Terra de sinal x terra de proteção:</strong> O terra de sinal é a referência 0 V do circuito; o terra de proteção (PE) é segurança elétrica. Confundi-los ou interligá-los em vários pontos cria loops de terra e zumbido.</li><li><strong>Lift de terra:</strong> Em equipamentos com problema de loop, alguns têm chave ''ground lift'' que desconecta o terra de sinal do chassi, quebrando o loop — sem jamais remover o terra de proteção da rede.</li><li><strong>Caixas de direct box (DI):</strong> Convertem sinal desbalanceado de alta impedância (instrumento) em balanceado de baixa impedância, permitindo longas tiragens com baixo ruído e isolando terras.</li></ul><h4>Equipamentos / detalhes</h4><ul><li><strong>Direct box (DI):</strong> Balanceia e isola sinais de instrumentos para a mesa.</li><li><strong>Multímetro/osciloscópio:</strong> Identifica zumbido e diferenças de potencial de terra entre equipamentos.</li></ul><h4>Passo a passo</h4><ol><li><strong>Classifique a linha:</strong> Veja se a conexão é balanceada (XLR/TRS) ou desbalanceada (RCA/TS).</li><li><strong>Prefira balanceado em longas tiragens:</strong> Use cabos balanceados para microfones e tiragens longas, reduzindo ruído.</li><li><strong>Trate o terra com critério:</strong> Mantenha o terra de proteção; use DI ou ground lift para resolver loops de sinal.</li><li><strong>Verifique zumbido:</strong> Se houver zumbido de 60 Hz, suspeite de loop de terra e isole.</li></ol><p><strong>Na prática:</strong> Um teclado a 20 m da mesa, ligado por cabo desbalanceado, chega cheio de zumbido. Trocando por uma DI box (balanceando o sinal e isolando o terra), o ruído some — solução padrão do áudio ao vivo.</p><h4>Resumo</h4><ul><li>Balanceado usa dois condutores em oposição e cancela ruído por subtração (CMRR).</li><li>Desbalanceado é simples mas capta ruído em longas distâncias.</li><li>Terra de sinal e de proteção são distintos; loops de terra causam zumbido — trate com DI/lift, nunca removendo o PE.</li></ul>',30,2,true,false);
insert into public.quizzes (id,lesson_id,titulo) values ('0c17bc91-c746-4f81-b6ef-fda2c5487837','64999c14-61eb-4da4-a555-a9a004c3596c','Quiz — Balanceado x desbalanceado e aterramento de sinal');
insert into public.quiz_questions (id,quiz_id,texto,explicacao,ordem,pontos) values ('6f6940a9-17db-474e-b54e-f8a9af8d7929','0c17bc91-c746-4f81-b6ef-fda2c5487837','A linha balanceada rejeita ruído porque:','O ruído comum aos dois condutores se cancela na subtração; o sinal dobra.',1,1);
insert into public.quiz_options (question_id,texto,correta,ordem) values ('6f6940a9-17db-474e-b54e-f8a9af8d7929','Usa tensão maior',false,1);
insert into public.quiz_options (question_id,texto,correta,ordem) values ('6f6940a9-17db-474e-b54e-f8a9af8d7929','Subtrai os dois condutores cancelando o modo comum',true,2);
insert into public.quiz_options (question_id,texto,correta,ordem) values ('6f6940a9-17db-474e-b54e-f8a9af8d7929','Tem blindagem dourada',false,3);
insert into public.quiz_options (question_id,texto,correta,ordem) values ('6f6940a9-17db-474e-b54e-f8a9af8d7929','É mais curta',false,4);
insert into public.quiz_questions (id,quiz_id,texto,explicacao,ordem,pontos) values ('a2d861e7-35fd-4658-85fc-fabb7b01ed61','0c17bc91-c746-4f81-b6ef-fda2c5487837','Para uma tiragem longa de microfone, o ideal é:','Linhas balanceadas (XLR) mantêm baixo ruído em longas distâncias.',2,1);
insert into public.quiz_options (question_id,texto,correta,ordem) values ('a2d861e7-35fd-4658-85fc-fabb7b01ed61','RCA desbalanceado',false,1);
insert into public.quiz_options (question_id,texto,correta,ordem) values ('a2d861e7-35fd-4658-85fc-fabb7b01ed61','XLR balanceado',true,2);
insert into public.quiz_options (question_id,texto,correta,ordem) values ('a2d861e7-35fd-4658-85fc-fabb7b01ed61','P2 estéreo',false,3);
insert into public.quiz_options (question_id,texto,correta,ordem) values ('a2d861e7-35fd-4658-85fc-fabb7b01ed61','Cabo de força',false,4);
insert into public.quiz_questions (id,quiz_id,texto,explicacao,ordem,pontos) values ('c6511181-3ac7-40fc-9440-5b7c983d948f','0c17bc91-c746-4f81-b6ef-fda2c5487837','O ''ground lift'' deve desconectar:','Ele quebra o loop separando o terra de sinal do chassi, NUNCA o terra de proteção.',3,1);
insert into public.quiz_options (question_id,texto,correta,ordem) values ('c6511181-3ac7-40fc-9440-5b7c983d948f','O terra de proteção da rede',false,1);
insert into public.quiz_options (question_id,texto,correta,ordem) values ('c6511181-3ac7-40fc-9440-5b7c983d948f','O terra de sinal do chassi',true,2);
insert into public.quiz_options (question_id,texto,correta,ordem) values ('c6511181-3ac7-40fc-9440-5b7c983d948f','O condutor de sinal',false,3);
insert into public.quiz_options (question_id,texto,correta,ordem) values ('c6511181-3ac7-40fc-9440-5b7c983d948f','A fase',false,4);
insert into public.quiz_questions (id,quiz_id,texto,explicacao,ordem,pontos) values ('513f09a1-cefd-4e90-bdfb-05a7f8c3cba2','0c17bc91-c746-4f81-b6ef-fda2c5487837','Uma DI box serve para:','A DI balanceia o sinal e isola terras, permitindo longas tiragens com baixo ruído.',4,1);
insert into public.quiz_options (question_id,texto,correta,ordem) values ('513f09a1-cefd-4e90-bdfb-05a7f8c3cba2','Amplificar potência',false,1);
insert into public.quiz_options (question_id,texto,correta,ordem) values ('513f09a1-cefd-4e90-bdfb-05a7f8c3cba2','Converter desbalanceado em balanceado e isolar terras',true,2);
insert into public.quiz_options (question_id,texto,correta,ordem) values ('513f09a1-cefd-4e90-bdfb-05a7f8c3cba2','Retificar a rede',false,3);
insert into public.quiz_options (question_id,texto,correta,ordem) values ('513f09a1-cefd-4e90-bdfb-05a7f8c3cba2','Medir impedância',false,4);
insert into public.lessons (id,module_id,titulo,tipo,conteudo_rico,duracao_min,ordem,tem_quiz,preview_gratis) values ('b6b6b751-a8b2-4c04-b949-994e7047bc37','a30e9253-d15b-488e-8365-86f0176f816f','Protocolos: DMX512, MIDI, USB, Ethernet/IP, Art-Net/sACN e sem fio','texto','<p><strong>Para começar:</strong> Eventos modernos são redes de dados. Dominar os protocolos de iluminação, áudio e controle é o que integra todo o show.</p><p>Cada protocolo carrega um tipo de informação com regras próprias de fios, velocidade e endereçamento. Conhecê-los permite integrar luz, som e vídeo.</p><ul><li><strong>DMX512:</strong> Protocolo padrão de iluminação cênica. Serial, baseado em RS-485, em par trançado com conector XLR de 5 pinos (às vezes 3). Um universo tem 512 canais; cada aparelho ocupa um endereço inicial e usa N canais. Exige terminação de 120 Ω.</li><li><strong>MIDI:</strong> Protocolo de instrumentos musicais (Musical Instrument Digital Interface). Serial a 31.250 bps, conector DIN de 5 pinos (ou via USB). Transmite mensagens como nota, velocity, controle e program change — não transmite áudio, e sim comandos.</li><li><strong>USB:</strong> Barramento serial universal para conectar periféricos (interfaces de áudio, controladores, pendrives). Fornece dados e alimentação (5 V). Várias gerações com velocidades crescentes; reconhece dispositivos automaticamente (plug and play).</li><li><strong>Ethernet/IP:</strong> Rede de dados padrão (cabo RJ45/par trançado ou fibra) sobre a qual trafegam protocolos de evento. Permite muitos universos de luz e canais de áudio por um único cabo, com switches gerenciáveis.</li><li><strong>Art-Net e sACN:</strong> Protocolos que transportam DMX sobre rede Ethernet/IP. Art-Net e sACN (E1.31) permitem centenas de universos por um cabo de rede, simplificando grandes montagens de iluminação e mídia.</li><li><strong>Áudio sobre IP:</strong> Padrões como Dante, AES67 e AVB transportam muitos canais de áudio digital por rede Ethernet com baixa latência, substituindo grandes multicabos analógicos.</li><li><strong>Sem fio (RF e IR):</strong> RF (rádio) para microfones sem fio, in-ear e controle remoto; opera em faixas licenciadas/livres e sofre com interferência e ocupação de espectro. IR (infravermelho) exige linha de visada, usado em controles e alguns sistemas.</li></ul><h4>Equipamentos / detalhes</h4><ul><li><strong>Interface DMX/USB e nó Art-Net:</strong> Conecta computador à rede de iluminação.</li><li><strong>Switch de rede gerenciável:</strong> Trafega Art-Net/sACN e áudio sobre IP com confiabilidade.</li><li><strong>Analisador/monitor de rede:</strong> Verifica tráfego e endereçamento dos protocolos.</li></ul><h4>Passo a passo</h4><ol><li><strong>Defina o protocolo por função:</strong> Luz: DMX/Art-Net/sACN; áudio: Dante/AES67; instrumentos: MIDI.</li><li><strong>Enderece os aparelhos:</strong> Atribua endereço DMX inicial e universo; configure IPs na rede.</li><li><strong>Cabeie corretamente:</strong> Par trançado/RJ45 e terminação onde exigido (DMX 120 Ω).</li><li><strong>Verifique a comunicação:</strong> Confirme resposta dos aparelhos e ausência de conflitos de endereço/IP.</li></ol><p><strong>Na prática:</strong> Numa turnê grande, em vez de dezenas de cabos DMX, usa-se um único cabo de rede levando sACN com vários universos até nós que o convertem em DMX nos pontos de luz. Menos cabo, menos peso, montagem mais rápida.</p><h4>Resumo</h4><ul><li>DMX512 controla luz (512 canais/universo, RS-485, terminação 120 Ω).</li><li>MIDI envia comandos musicais; USB e Ethernet/IP conectam e transportam dados.</li><li>Art-Net/sACN levam DMX por rede; Dante/AES67 levam áudio; RF/IR cobrem o sem fio.</li></ul>',40,3,true,false);
insert into public.quizzes (id,lesson_id,titulo) values ('426874b7-305d-453c-8b54-ba07be8c84c8','b6b6b751-a8b2-4c04-b949-994e7047bc37','Quiz — Protocolos: DMX512, MIDI, USB, Ethernet/IP, Art-Net/sACN e s');
insert into public.quiz_questions (id,quiz_id,texto,explicacao,ordem,pontos) values ('c91ed48d-39e9-4779-85d4-6a8b9ff05736','426874b7-305d-453c-8b54-ba07be8c84c8','Quantos canais tem um universo DMX512?','Um universo DMX512 possui 512 canais.',1,1);
insert into public.quiz_options (question_id,texto,correta,ordem) values ('c91ed48d-39e9-4779-85d4-6a8b9ff05736','128',false,1);
insert into public.quiz_options (question_id,texto,correta,ordem) values ('c91ed48d-39e9-4779-85d4-6a8b9ff05736','256',false,2);
insert into public.quiz_options (question_id,texto,correta,ordem) values ('c91ed48d-39e9-4779-85d4-6a8b9ff05736','512',true,3);
insert into public.quiz_options (question_id,texto,correta,ordem) values ('c91ed48d-39e9-4779-85d4-6a8b9ff05736','1024',false,4);
insert into public.quiz_questions (id,quiz_id,texto,explicacao,ordem,pontos) values ('7213bbc2-0b61-4592-a236-4bd2f929a88e','426874b7-305d-453c-8b54-ba07be8c84c8','O protocolo MIDI transmite:','MIDI carrega mensagens de controle, não o áudio em si.',2,1);
insert into public.quiz_options (question_id,texto,correta,ordem) values ('7213bbc2-0b61-4592-a236-4bd2f929a88e','Áudio analógico',false,1);
insert into public.quiz_options (question_id,texto,correta,ordem) values ('7213bbc2-0b61-4592-a236-4bd2f929a88e','Comandos musicais (notas, controles)',true,2);
insert into public.quiz_options (question_id,texto,correta,ordem) values ('7213bbc2-0b61-4592-a236-4bd2f929a88e','Vídeo',false,3);
insert into public.quiz_options (question_id,texto,correta,ordem) values ('7213bbc2-0b61-4592-a236-4bd2f929a88e','Energia',false,4);
insert into public.quiz_questions (id,quiz_id,texto,explicacao,ordem,pontos) values ('42b44866-ae6f-4158-8f88-f2dfe0d615e9','426874b7-305d-453c-8b54-ba07be8c84c8','Art-Net e sACN servem para:','Ambos transportam dados DMX sobre redes IP, permitindo muitos universos.',3,1);
insert into public.quiz_options (question_id,texto,correta,ordem) values ('42b44866-ae6f-4158-8f88-f2dfe0d615e9','Transportar DMX sobre rede Ethernet/IP',true,1);
insert into public.quiz_options (question_id,texto,correta,ordem) values ('42b44866-ae6f-4158-8f88-f2dfe0d615e9','Amplificar áudio',false,2);
insert into public.quiz_options (question_id,texto,correta,ordem) values ('42b44866-ae6f-4158-8f88-f2dfe0d615e9','Retificar tensão',false,3);
insert into public.quiz_options (question_id,texto,correta,ordem) values ('42b44866-ae6f-4158-8f88-f2dfe0d615e9','Medir impedância',false,4);
insert into public.quiz_questions (id,quiz_id,texto,explicacao,ordem,pontos) values ('8cdb9f91-59f4-4f42-85b7-9952005d21fb','426874b7-305d-453c-8b54-ba07be8c84c8','Uma limitação do infravermelho (IR) é:','O IR precisa de linha de visada direta entre emissor e receptor.',4,1);
insert into public.quiz_options (question_id,texto,correta,ordem) values ('8cdb9f91-59f4-4f42-85b7-9952005d21fb','Atravessar paredes',false,1);
insert into public.quiz_options (question_id,texto,correta,ordem) values ('8cdb9f91-59f4-4f42-85b7-9952005d21fb','Exigir linha de visada',true,2);
insert into public.quiz_options (question_id,texto,correta,ordem) values ('8cdb9f91-59f4-4f42-85b7-9952005d21fb','Alta potência',false,3);
insert into public.quiz_options (question_id,texto,correta,ordem) values ('8cdb9f91-59f4-4f42-85b7-9952005d21fb','Imunidade total a interferência',false,4);
insert into public.modules (id,course_id,titulo,ordem) values ('3d94fa4f-f7fe-446c-990e-7a2ef8f6275f','07695dfc-c93c-4a8a-bb5a-58d3b926c76e','Módulo 6 — Eletrônica de Áudio',6);
insert into public.lessons (id,module_id,titulo,tipo,conteudo_rico,duracao_min,ordem,tem_quiz,preview_gratis) values ('e8abc4e7-4ad3-4799-a9a8-bed9b3892b7d','3d94fa4f-f7fe-446c-990e-7a2ef8f6275f','Impedância, ganho e níveis de áudio','texto','<p><strong>Para começar:</strong> Som limpo começa no casamento de níveis e impedâncias. Aqui você aprende a falar a língua do áudio analógico.</p><p>Os conceitos de impedância, ganho e níveis de linha determinam se o sinal chega limpo, distorcido ou ruidoso à saída.</p><ul><li><strong>Impedância em áudio:</strong> Oposição à corrente em CA, em ohms. Regra prática: fonte de baixa impedância alimenta entrada de alta impedância (casamento por ponte de tensão). Microfones e saídas profissionais são de baixa impedância.</li><li><strong>Impedância de alto-falantes:</strong> Caixas têm impedância nominal (4, 8, 16 Ω). Ligar caixas em paralelo reduz a impedância e exige mais do amplificador; respeitar a carga mínima do ampli evita superaquecimento e proteção.</li><li><strong>Ganho:</strong> Quanto o sinal é amplificado, expresso em dB. Ganho positivo amplifica; negativo atenua. O estágio de ganho de entrada (gain/trim) ajusta o nível do sinal ao padrão interno da mesa.</li><li><strong>Decibel (dB):</strong> Unidade logarítmica de relação entre potências/tensões. +6 dB ≈ dobro de tensão; +10 dB ≈ percepção de ''dobro de volume''. dBu e dBV são referências de tensão; dBFS é referência digital (0 dBFS = máximo).</li><li><strong>Níveis de sinal:</strong> Mic level (baixíssimo, µV–mV, precisa de pré-amplificação), line level (nível de operação, ~+4 dBu profissional ou −10 dBV consumo), instrument level e speaker level (alto, pós-amplificação).</li><li><strong>Estrutura de ganho (gain staging):</strong> Ajustar cada estágio para operar com bom nível, longe do ruído (piso) e longe do clipping (teto). Gain staging correto maximiza a relação sinal-ruído e a faixa dinâmica.</li><li><strong>Clipping e headroom:</strong> Clipping é o ceifamento do sinal ao exceder o máximo, gerando distorção. Headroom é a margem entre o nível de trabalho e o máximo; manter headroom evita distorção em picos.</li></ul><h4>Equipamentos / detalhes</h4><ul><li><strong>Mesa de som / pré-amplificador:</strong> Aplica ganho e ajusta níveis de mic para line.</li><li><strong>Medidor de nível (VU/PPM):</strong> Monitora nível e headroom para evitar clipping.</li></ul><h4>Passo a passo</h4><ol><li><strong>Identifique o nível da fonte:</strong> Veja se é mic, instrumento ou line para escolher a entrada certa.</li><li><strong>Ajuste o ganho de entrada:</strong> Suba o trim até bom nível, com picos abaixo do clipping (headroom).</li><li><strong>Casamento de impedância:</strong> Garanta fonte de baixa impedância para entrada de alta impedância.</li><li><strong>Verifique a carga do amplificador:</strong> Some as impedâncias das caixas e respeite a mínima do ampli.</li></ol><p><strong>Na prática:</strong> Se o trim do microfone está baixo demais, sobe-se o fader e o ganho seguintes, amplificando junto o ruído de fundo — sinal fraco e chiado. Ajustar o ganho de entrada corretamente (gain staging) resolve a relação sinal-ruído na origem.</p><h4>Resumo</h4><ul><li>Em áudio, fonte de baixa impedância alimenta entrada de alta impedância.</li><li>dB é logarítmico; níveis vão de mic (fraco) a speaker (forte), passando por line.</li><li>Bom gain staging maximiza sinal-ruído mantendo headroom contra clipping.</li></ul>',35,1,true,false);
insert into public.quizzes (id,lesson_id,titulo) values ('c5c571ed-660b-47c5-9bbd-26df24a77fa9','e8abc4e7-4ad3-4799-a9a8-bed9b3892b7d','Quiz — Impedância, ganho e níveis de áudio');
insert into public.quiz_questions (id,quiz_id,texto,explicacao,ordem,pontos) values ('1411d01d-a250-4290-8231-accf91657e3a','c5c571ed-660b-47c5-9bbd-26df24a77fa9','O sinal de microfone (mic level) é, em relação ao line level:','Mic level é baixíssimo e precisa de pré-amplificação até o line level.',1,1);
insert into public.quiz_options (question_id,texto,correta,ordem) values ('1411d01d-a250-4290-8231-accf91657e3a','Muito mais forte',false,1);
insert into public.quiz_options (question_id,texto,correta,ordem) values ('1411d01d-a250-4290-8231-accf91657e3a','Muito mais fraco',true,2);
insert into public.quiz_options (question_id,texto,correta,ordem) values ('1411d01d-a250-4290-8231-accf91657e3a','Idêntico',false,3);
insert into public.quiz_options (question_id,texto,correta,ordem) values ('1411d01d-a250-4290-8231-accf91657e3a','Sempre digital',false,4);
insert into public.quiz_questions (id,quiz_id,texto,explicacao,ordem,pontos) values ('f5d96023-1926-4f92-b5cf-f6b4c972ad49','c5c571ed-660b-47c5-9bbd-26df24a77fa9','Um aumento de +6 dB em tensão corresponde a aproximadamente:','+6 dB equivale a aproximadamente o dobro da tensão.',2,1);
insert into public.quiz_options (question_id,texto,correta,ordem) values ('f5d96023-1926-4f92-b5cf-f6b4c972ad49','Metade da tensão',false,1);
insert into public.quiz_options (question_id,texto,correta,ordem) values ('f5d96023-1926-4f92-b5cf-f6b4c972ad49','Dobro da tensão',true,2);
insert into public.quiz_options (question_id,texto,correta,ordem) values ('f5d96023-1926-4f92-b5cf-f6b4c972ad49','10x a tensão',false,3);
insert into public.quiz_options (question_id,texto,correta,ordem) values ('f5d96023-1926-4f92-b5cf-f6b4c972ad49','Nenhuma mudança',false,4);
insert into public.quiz_questions (id,quiz_id,texto,explicacao,ordem,pontos) values ('951cccac-3d11-4929-835f-ad6edaa45bb6','c5c571ed-660b-47c5-9bbd-26df24a77fa9','Ligar mais caixas em paralelo no amplificador:','Paralelo reduz a impedância; respeitar a mínima do ampli é essencial.',3,1);
insert into public.quiz_options (question_id,texto,correta,ordem) values ('951cccac-3d11-4929-835f-ad6edaa45bb6','Aumenta a impedância',false,1);
insert into public.quiz_options (question_id,texto,correta,ordem) values ('951cccac-3d11-4929-835f-ad6edaa45bb6','Reduz a impedância e exige mais do ampli',true,2);
insert into public.quiz_options (question_id,texto,correta,ordem) values ('951cccac-3d11-4929-835f-ad6edaa45bb6','Não muda a carga',false,3);
insert into public.quiz_options (question_id,texto,correta,ordem) values ('951cccac-3d11-4929-835f-ad6edaa45bb6','Desliga o ampli automaticamente',false,4);
insert into public.quiz_questions (id,quiz_id,texto,explicacao,ordem,pontos) values ('c89158a6-a699-446c-bebe-4d71505f9a5b','c5c571ed-660b-47c5-9bbd-26df24a77fa9','Clipping ocorre quando:','Ao ultrapassar o máximo, o sinal é ceifado, gerando distorção.',4,1);
insert into public.quiz_options (question_id,texto,correta,ordem) values ('c89158a6-a699-446c-bebe-4d71505f9a5b','O ganho está baixo',false,1);
insert into public.quiz_options (question_id,texto,correta,ordem) values ('c89158a6-a699-446c-bebe-4d71505f9a5b','O sinal excede o nível máximo e é ceifado',true,2);
insert into public.quiz_options (question_id,texto,correta,ordem) values ('c89158a6-a699-446c-bebe-4d71505f9a5b','A impedância casa',false,3);
insert into public.quiz_options (question_id,texto,correta,ordem) values ('c89158a6-a699-446c-bebe-4d71505f9a5b','Há headroom de sobra',false,4);
insert into public.lessons (id,module_id,titulo,tipo,conteudo_rico,duracao_min,ordem,tem_quiz,preview_gratis) values ('6f6aee51-d35b-42c7-aef0-e266949b104c','3d94fa4f-f7fe-446c-990e-7a2ef8f6275f','Phantom +48V, ruído e relação sinal-ruído','texto','<p><strong>Para começar:</strong> O botão +48V e a luta contra o ruído definem a qualidade do som captado. Vamos entender ambos a fundo.</p><p>A alimentação phantom energiza microfones a condensador; e o controle de ruído determina a clareza do áudio. Dois pilares da captação profissional.</p><ul><li><strong>Phantom power +48V:</strong> Tensão CC de 48 V enviada pela mesa pelo mesmo cabo XLR balanceado para alimentar microfones a condensador e DIs ativas. É ''fantasma'' porque trafega igualmente nos dois condutores de sinal, sem afetar o áudio.</li><li><strong>Quem precisa e quem não:</strong> Microfones a condensador e DIs ativas PRECISAM de phantom. Microfones dinâmicos NÃO precisam — e, embora geralmente tolerem, conectar/desconectar com phantom ligado pode gerar estouros e, em equipamentos sensíveis (ribbon mal cabeado), causar dano.</li><li><strong>Boas práticas com phantom:</strong> Ligue o phantom só após conectar o microfone e com o fader/canal mudo; desligue antes de desconectar. Evite pops e protege os alto-falantes.</li><li><strong>Ruído eletrônico:</strong> Todo circuito gera ruído: térmico (agitação dos elétrons, inevitável), de fundo dos componentes e captado do ambiente (EMI, rede 60 Hz). O pré-amplificador é onde o ruído mais pesa, pois amplifica tudo a seguir.</li><li><strong>Relação sinal-ruído (SNR):</strong> Razão entre o nível do sinal e o do ruído de fundo, em dB. Quanto maior, mais limpo o áudio. Bom gain staging e cabos balanceados elevam a SNR.</li><li><strong>Tipos de interferência audível:</strong> Zumbido (hum) de 60 Hz por loop de terra; chiado (hiss) de ganho excessivo/ruído térmico; interferência de RF (celulares, transmissores). Cada um tem causa e tratamento próprios.</li><li><strong>Piso de ruído e faixa dinâmica:</strong> Piso de ruído é o nível mínimo audível do sistema; faixa dinâmica é a distância entre o piso e o nível máximo sem distorção. Sistemas profissionais buscam piso baixo e ampla faixa dinâmica.</li></ul><h4>Equipamentos / detalhes</h4><ul><li><strong>Microfone a condensador:</strong> Requer phantom +48V para funcionar.</li><li><strong>Mesa com phantom e medidores:</strong> Fornece +48V e monitora nível e ruído.</li></ul><h4>Passo a passo</h4><ol><li><strong>Conecte com o canal mudo:</strong> Plugue o microfone com o fader abaixado e o canal em mute.</li><li><strong>Ative o phantom se necessário:</strong> Ligue +48V apenas para condensadores/DI ativa; deixe desligado para dinâmicos.</li><li><strong>Ajuste o ganho buscando SNR:</strong> Suba o trim até bom nível, mantendo o ruído de fundo bem abaixo do sinal.</li><li><strong>Desligue antes de desconectar:</strong> Desative o phantom e abaixe o canal antes de retirar o microfone.</li></ol><p><strong>Na prática:</strong> Um microfone a condensador ''mudo'' costuma ser falta de phantom +48V. Ligando o botão na mesa, ele ganha vida. Já um zumbido constante de 60 Hz aponta loop de terra, não falta de phantom — diagnósticos diferentes para sintomas diferentes.</p><h4>Resumo</h4><ul><li>Phantom +48V alimenta microfones a condensador pelo XLR balanceado.</li><li>Manuseie phantom com canal mudo; dinâmicos não precisam dele.</li><li>SNR mede a limpeza do áudio; hum, hiss e RF têm causas e soluções distintas.</li></ul>',30,2,true,false);
insert into public.quizzes (id,lesson_id,titulo) values ('8b166523-782f-4fa2-9686-87e3d9a905ba','6f6aee51-d35b-42c7-aef0-e266949b104c','Quiz — Phantom +48V, ruído e relação sinal-ruído');
insert into public.quiz_questions (id,quiz_id,texto,explicacao,ordem,pontos) values ('e95d4cad-7116-4f3f-96da-ce076f9f43f9','8b166523-782f-4fa2-9686-87e3d9a905ba','A alimentação phantom +48V serve para:','Os 48 V alimentam condensadores e DIs ativas; dinâmicos não precisam.',1,1);
insert into public.quiz_options (question_id,texto,correta,ordem) values ('e95d4cad-7116-4f3f-96da-ce076f9f43f9','Microfones dinâmicos',false,1);
insert into public.quiz_options (question_id,texto,correta,ordem) values ('e95d4cad-7116-4f3f-96da-ce076f9f43f9','Microfones a condensador e DIs ativas',true,2);
insert into public.quiz_options (question_id,texto,correta,ordem) values ('e95d4cad-7116-4f3f-96da-ce076f9f43f9','Alto-falantes',false,3);
insert into public.quiz_options (question_id,texto,correta,ordem) values ('e95d4cad-7116-4f3f-96da-ce076f9f43f9','Cabos de rede',false,4);
insert into public.quiz_questions (id,quiz_id,texto,explicacao,ordem,pontos) values ('9d4b53fa-10c8-4a48-b2e9-6b0e414f7bb3','8b166523-782f-4fa2-9686-87e3d9a905ba','Boa prática ao usar phantom é:','Conecte com o canal mudo e ligue o phantom depois, evitando estouros.',2,1);
insert into public.quiz_options (question_id,texto,correta,ordem) values ('9d4b53fa-10c8-4a48-b2e9-6b0e414f7bb3','Ligar/desligar com o canal aberto e alto',false,1);
insert into public.quiz_options (question_id,texto,correta,ordem) values ('9d4b53fa-10c8-4a48-b2e9-6b0e414f7bb3','Conectar o microfone com o canal mudo e phantom desligado',true,2);
insert into public.quiz_options (question_id,texto,correta,ordem) values ('9d4b53fa-10c8-4a48-b2e9-6b0e414f7bb3','Sempre desconectar com phantom ligado',false,3);
insert into public.quiz_options (question_id,texto,correta,ordem) values ('9d4b53fa-10c8-4a48-b2e9-6b0e414f7bb3','Usar em todo microfone sempre',false,4);
insert into public.quiz_questions (id,quiz_id,texto,explicacao,ordem,pontos) values ('004b215f-b34e-495a-aa88-53ba715b075e','8b166523-782f-4fa2-9686-87e3d9a905ba','Uma alta relação sinal-ruído (SNR) significa:','Quanto maior a SNR, mais o sinal se sobressai ao ruído: áudio limpo.',3,1);
insert into public.quiz_options (question_id,texto,correta,ordem) values ('004b215f-b34e-495a-aa88-53ba715b075e','Áudio mais ruidoso',false,1);
insert into public.quiz_options (question_id,texto,correta,ordem) values ('004b215f-b34e-495a-aa88-53ba715b075e','Áudio mais limpo',true,2);
insert into public.quiz_options (question_id,texto,correta,ordem) values ('004b215f-b34e-495a-aa88-53ba715b075e','Mais distorção',false,3);
insert into public.quiz_options (question_id,texto,correta,ordem) values ('004b215f-b34e-495a-aa88-53ba715b075e','Menos volume',false,4);
insert into public.quiz_questions (id,quiz_id,texto,explicacao,ordem,pontos) values ('77b82d99-a15b-4b7b-bcca-a6e5ad292405','8b166523-782f-4fa2-9686-87e3d9a905ba','Um zumbido (hum) de 60 Hz geralmente indica:','Hum de 60 Hz é sintoma clássico de loop de terra.',4,1);
insert into public.quiz_options (question_id,texto,correta,ordem) values ('77b82d99-a15b-4b7b-bcca-a6e5ad292405','Falta de phantom',false,1);
insert into public.quiz_options (question_id,texto,correta,ordem) values ('77b82d99-a15b-4b7b-bcca-a6e5ad292405','Loop de terra',true,2);
insert into public.quiz_options (question_id,texto,correta,ordem) values ('77b82d99-a15b-4b7b-bcca-a6e5ad292405','Excesso de headroom',false,3);
insert into public.quiz_options (question_id,texto,correta,ordem) values ('77b82d99-a15b-4b7b-bcca-a6e5ad292405','Cabo digital',false,4);
insert into public.modules (id,course_id,titulo,ordem) values ('b90aa9b4-700d-4bf1-8d3f-dd592871375a','07695dfc-c93c-4a8a-bb5a-58d3b926c76e','Módulo 7 — Eletrônica de Vídeo',7);
insert into public.lessons (id,module_id,titulo,tipo,conteudo_rico,duracao_min,ordem,tem_quiz,preview_gratis) values ('6803635c-62e7-47e5-af53-f07f039630ec','b90aa9b4-700d-4bf1-8d3f-dd592871375a','Sinais de vídeo: HDMI, SDI e conversão A/D','texto','<p><strong>Para começar:</strong> Telão, LED e projeção dependem de sinais de vídeo confiáveis. HDMI e SDI são os dois mundos que você precisa dominar.</p><p>Vídeo profissional trafega principalmente por HDMI e SDI, cada um com vantagens. Entender suas características evita telas pretas no momento crítico.</p><ul><li><strong>Vídeo analógico x digital:</strong> O vídeo migrou de analógico (composto, VGA, componente) para digital (HDMI, SDI, DisplayPort). O digital carrega imagem e, em alguns casos, áudio, com qualidade estável até o limite do alcance.</li><li><strong>HDMI:</strong> Padrão de consumo/profissional que leva vídeo e áudio digital por um único cabo. Prós: ubíquo, carrega áudio. Contras: alcance curto (poucos metros sem extensores), conector sem trava (cai fácil) e uso de HDCP (proteção de cópia).</li><li><strong>SDI (Serial Digital Interface):</strong> Padrão profissional de broadcast sobre cabo coaxial 75 Ω com conector BNC travado. Prós: longas distâncias (dezenas a centenas de metros), conector seguro. Padrões: SD-SDI, HD-SDI, 3G/6G/12G-SDI conforme a resolução/taxa.</li><li><strong>Resolução e taxa:</strong> Resolução (ex.: 1920×1080 ''Full HD'', 3840×2160 ''4K'') e taxa de quadros (fps). Maior resolução/fps exige mais banda no cabo — por isso surgem 3G/6G/12G-SDI e HDMI de versões superiores.</li><li><strong>Conversão A/D em vídeo:</strong> Câmeras e captura digitalizam a luz via sensor; o sinal pode ser convertido entre formatos por conversores (HDMI↔SDI), scalers (mudam resolução) e processadores, fundamentais para casar fontes e telões.</li><li><strong>Extensão de sinal:</strong> Para vencer distâncias, usam-se extensores HDMI sobre par trançado/fibra, ou simplesmente SDI (que já vai longe). Cabos ativos e fibra resolvem grandes tiragens de vídeo.</li><li><strong>Sincronismo e processamento:</strong> Em sistemas com várias fontes/telas, processadores e genlock mantêm o sincronismo, evitando rasgos (tearing) e quedas na troca de fontes.</li></ul><h4>Equipamentos / detalhes</h4><ul><li><strong>Conversor HDMI↔SDI:</strong> Adapta o sinal entre o mundo de consumo (HDMI) e o broadcast (SDI).</li><li><strong>Scaler/processador de vídeo:</strong> Ajusta resolução e combina/troca fontes com sincronismo.</li></ul><h4>Passo a passo</h4><ol><li><strong>Escolha o padrão pela distância:</strong> Curto: HDMI; longo/seguro: SDI ou HDMI por fibra.</li><li><strong>Case resolução e taxa:</strong> Garanta que fonte, cabo e tela suportem a resolução/fps desejada.</li><li><strong>Converta quando preciso:</strong> Use conversor HDMI↔SDI para integrar equipamentos diferentes.</li><li><strong>Teste a cadeia antes:</strong> Verifique a imagem ponta a ponta antes do evento, incluindo troca de fontes.</li></ol><p><strong>Na prática:</strong> Para levar a imagem de um notebook (HDMI) a um telão a 60 m, converte-se HDMI para SDI, corre-se o coaxial até o palco e converte-se de volta para a entrada da tela. SDI percorre a distância que o HDMI puro não alcançaria.</p><h4>Resumo</h4><ul><li>HDMI é ubíquo e leva áudio, mas tem alcance curto e conector sem trava.</li><li>SDI percorre longas distâncias com BNC travado sobre coaxial 75 Ω.</li><li>Conversores e scalers integram fontes; teste sempre a cadeia ponta a ponta.</li></ul>',35,1,true,false);
insert into public.quizzes (id,lesson_id,titulo) values ('76ab2da1-e0ff-4296-9035-43b231444650','6803635c-62e7-47e5-af53-f07f039630ec','Quiz — Sinais de vídeo: HDMI, SDI e conversão A/D');
insert into public.quiz_questions (id,quiz_id,texto,explicacao,ordem,pontos) values ('7df773e9-bf60-4af3-b34b-7ecbdd1c2215','76ab2da1-e0ff-4296-9035-43b231444650','O SDI tipicamente usa qual conector e cabo?','SDI usa BNC travado sobre coaxial de 75 Ω.',1,1);
insert into public.quiz_options (question_id,texto,correta,ordem) values ('7df773e9-bf60-4af3-b34b-7ecbdd1c2215','HDMI tipo A',false,1);
insert into public.quiz_options (question_id,texto,correta,ordem) values ('7df773e9-bf60-4af3-b34b-7ecbdd1c2215','BNC sobre coaxial 75 Ω',true,2);
insert into public.quiz_options (question_id,texto,correta,ordem) values ('7df773e9-bf60-4af3-b34b-7ecbdd1c2215','RJ45',false,3);
insert into public.quiz_options (question_id,texto,correta,ordem) values ('7df773e9-bf60-4af3-b34b-7ecbdd1c2215','XLR',false,4);
insert into public.quiz_questions (id,quiz_id,texto,explicacao,ordem,pontos) values ('2d329894-43a3-4494-a55e-90a77754d076','76ab2da1-e0ff-4296-9035-43b231444650','Uma vantagem do HDMI sobre o SDI é:','HDMI leva áudio junto e é onipresente, mas tem alcance curto.',2,1);
insert into public.quiz_options (question_id,texto,correta,ordem) values ('2d329894-43a3-4494-a55e-90a77754d076','Maior alcance',false,1);
insert into public.quiz_options (question_id,texto,correta,ordem) values ('2d329894-43a3-4494-a55e-90a77754d076','Carregar vídeo e áudio juntos e ser ubíquo',true,2);
insert into public.quiz_options (question_id,texto,correta,ordem) values ('2d329894-43a3-4494-a55e-90a77754d076','Conector travado',false,3);
insert into public.quiz_options (question_id,texto,correta,ordem) values ('2d329894-43a3-4494-a55e-90a77754d076','Imune a HDCP',false,4);
insert into public.quiz_questions (id,quiz_id,texto,explicacao,ordem,pontos) values ('6e3f45c8-4f53-4257-ad84-3afe5cf4ef7a','76ab2da1-e0ff-4296-9035-43b231444650','Para levar vídeo a 60 m com segurança, o ideal é:','SDI cobre longas distâncias; HDMI puro não alcança sem extensores.',3,1);
insert into public.quiz_options (question_id,texto,correta,ordem) values ('6e3f45c8-4f53-4257-ad84-3afe5cf4ef7a','HDMI comum',false,1);
insert into public.quiz_options (question_id,texto,correta,ordem) values ('6e3f45c8-4f53-4257-ad84-3afe5cf4ef7a','SDI (ou HDMI por fibra)',true,2);
insert into public.quiz_options (question_id,texto,correta,ordem) values ('6e3f45c8-4f53-4257-ad84-3afe5cf4ef7a','VGA',false,3);
insert into public.quiz_options (question_id,texto,correta,ordem) values ('6e3f45c8-4f53-4257-ad84-3afe5cf4ef7a','RCA',false,4);
insert into public.quiz_questions (id,quiz_id,texto,explicacao,ordem,pontos) values ('696f472b-fe65-4e91-a228-52cb777d8c31','76ab2da1-e0ff-4296-9035-43b231444650','Um scaler de vídeo serve para:','O scaler converte a resolução para casar fonte e tela.',4,1);
insert into public.quiz_options (question_id,texto,correta,ordem) values ('696f472b-fe65-4e91-a228-52cb777d8c31','Amplificar áudio',false,1);
insert into public.quiz_options (question_id,texto,correta,ordem) values ('696f472b-fe65-4e91-a228-52cb777d8c31','Ajustar a resolução do sinal',true,2);
insert into public.quiz_options (question_id,texto,correta,ordem) values ('696f472b-fe65-4e91-a228-52cb777d8c31','Retificar tensão',false,3);
insert into public.quiz_options (question_id,texto,correta,ordem) values ('696f472b-fe65-4e91-a228-52cb777d8c31','Medir impedância',false,4);
insert into public.lessons (id,module_id,titulo,tipo,conteudo_rico,duracao_min,ordem,tem_quiz,preview_gratis) values ('e46ec519-3289-449a-933f-ab4004fac5cf','b90aa9b4-700d-4bf1-8d3f-dd592871375a','EDID e HDCP: visão geral','texto','<p><strong>Para começar:</strong> Tela preta inexplicável no evento? Muitas vezes a culpa é de EDID ou HDCP. Entender esses dois ''handshakes'' salva o show.</p><p>EDID e HDCP são negociações automáticas entre fonte e tela. Quando falham, a imagem some — por isso o técnico precisa conhecê-los.</p><ul><li><strong>O que é EDID:</strong> Extended Display Identification Data: dados que o monitor/tela envia à fonte informando suas capacidades (resoluções, taxas, áudio suportado). A fonte usa o EDID para escolher o formato a enviar.</li><li><strong>Problemas de EDID:</strong> Se o EDID não é lido (cabo ruim, distribuidor, switch), a fonte pode enviar formato incompatível ou nenhum — resultando em tela preta ou resolução errada. Distribuidores/matrizes às vezes precisam de gerenciamento/emulação de EDID.</li><li><strong>O que é HDCP:</strong> High-bandwidth Digital Content Protection: proteção contra cópia de conteúdo (filmes, streaming). Fonte e tela fazem um ''handshake'' criptográfico; só exibem se ambas forem compatíveis e autorizadas.</li><li><strong>Problemas de HDCP:</strong> Se algum equipamento na cadeia (switch, conversor, captura) não suporta HDCP, conteúdo protegido não passa — gera tela preta ou aviso de erro. Capturar/distribuir conteúdo protegido pode ser bloqueado por design.</li><li><strong>Visão geral e legalidade:</strong> HDCP é proteção de direitos autorais; contorná-la para pirataria é ilegal. O técnico deve usar equipamentos compatíveis e conteúdo próprio/licenciado, não ''quebrar'' a proteção.</li><li><strong>Diagnóstico prático:</strong> Tela preta intermitente ao trocar fonte sugere EDID; tela preta só com conteúdo protegido (streaming, Blu-ray) sugere HDCP. Identificar o sintoma direciona a solução.</li><li><strong>Boas práticas:</strong> Use cabos e distribuidores de qualidade com gerência de EDID e suporte a HDCP; teste a cadeia com o conteúdo real antes do evento; tenha conversores compatíveis de reserva.</li></ul><h4>Equipamentos / detalhes</h4><ul><li><strong>Distribuidor/matriz com gerência de EDID:</strong> Mantém o handshake estável entre fontes e telas.</li><li><strong>Conversor compatível com HDCP:</strong> Garante exibição de conteúdo protegido na cadeia.</li></ul><h4>Passo a passo</h4><ol><li><strong>Verifique a leitura de EDID:</strong> Confirme que a fonte reconhece a tela (resolução correta detectada).</li><li><strong>Cheque o suporte a HDCP:</strong> Garanta que todos os equipamentos da cadeia suportam HDCP para conteúdo protegido.</li><li><strong>Diagnostique pelo sintoma:</strong> Falha ao trocar fonte → EDID; falha só com conteúdo protegido → HDCP.</li><li><strong>Teste com o conteúdo real:</strong> Reproduza o material do evento na cadeia completa antes do show.</li></ol><p><strong>Na prática:</strong> Um vídeo de streaming dá tela preta no telão enquanto um slide do notebook aparece normal. O slide não é protegido; o streaming é. O culpado é um conversor sem HDCP na cadeia — trocá-lo por um compatível resolve.</p><h4>Resumo</h4><ul><li>EDID informa à fonte o que a tela suporta; falhas geram tela preta ou formato errado.</li><li>HDCP é proteção de cópia por handshake; equipamento incompatível bloqueia conteúdo.</li><li>Diagnostique pelo sintoma e use equipamentos compatíveis — sem burlar a proteção.</li></ul>',25,2,true,false);
insert into public.quizzes (id,lesson_id,titulo) values ('97be35d4-0cb9-4315-9730-f31a8c5553d6','e46ec519-3289-449a-933f-ab4004fac5cf','Quiz — EDID e HDCP: visão geral');
insert into public.quiz_questions (id,quiz_id,texto,explicacao,ordem,pontos) values ('66d56e72-b7d4-459c-9675-fe1e6f95dd59','97be35d4-0cb9-4315-9730-f31a8c5553d6','O EDID é usado para:','O EDID comunica resoluções e recursos suportados pela tela à fonte.',1,1);
insert into public.quiz_options (question_id,texto,correta,ordem) values ('66d56e72-b7d4-459c-9675-fe1e6f95dd59','Proteger contra cópia',false,1);
insert into public.quiz_options (question_id,texto,correta,ordem) values ('66d56e72-b7d4-459c-9675-fe1e6f95dd59','Informar à fonte as capacidades da tela',true,2);
insert into public.quiz_options (question_id,texto,correta,ordem) values ('66d56e72-b7d4-459c-9675-fe1e6f95dd59','Amplificar o vídeo',false,3);
insert into public.quiz_options (question_id,texto,correta,ordem) values ('66d56e72-b7d4-459c-9675-fe1e6f95dd59','Aterrar o sinal',false,4);
insert into public.quiz_questions (id,quiz_id,texto,explicacao,ordem,pontos) values ('f7583d7a-5af1-49f3-a538-d9bb0a1cae53','97be35d4-0cb9-4315-9730-f31a8c5553d6','Um equipamento sem suporte a HDCP na cadeia causa, com conteúdo protegido:','Sem HDCP compatível, conteúdo protegido não é exibido.',2,1);
insert into public.quiz_options (question_id,texto,correta,ordem) values ('f7583d7a-5af1-49f3-a538-d9bb0a1cae53','Imagem perfeita',false,1);
insert into public.quiz_options (question_id,texto,correta,ordem) values ('f7583d7a-5af1-49f3-a538-d9bb0a1cae53','Tela preta ou bloqueio',true,2);
insert into public.quiz_options (question_id,texto,correta,ordem) values ('f7583d7a-5af1-49f3-a538-d9bb0a1cae53','Mais resolução',false,3);
insert into public.quiz_options (question_id,texto,correta,ordem) values ('f7583d7a-5af1-49f3-a538-d9bb0a1cae53','Áudio extra',false,4);
insert into public.quiz_questions (id,quiz_id,texto,explicacao,ordem,pontos) values ('7ef78e7a-f2fc-46e4-bc5f-aa02b93a83b4','97be35d4-0cb9-4315-9730-f31a8c5553d6','Tela preta apenas ao reproduzir streaming protegido sugere problema de:','O bloqueio só com conteúdo protegido aponta para HDCP.',3,1);
insert into public.quiz_options (question_id,texto,correta,ordem) values ('7ef78e7a-f2fc-46e4-bc5f-aa02b93a83b4','EDID',false,1);
insert into public.quiz_options (question_id,texto,correta,ordem) values ('7ef78e7a-f2fc-46e4-bc5f-aa02b93a83b4','HDCP',true,2);
insert into public.quiz_options (question_id,texto,correta,ordem) values ('7ef78e7a-f2fc-46e4-bc5f-aa02b93a83b4','Impedância',false,3);
insert into public.quiz_options (question_id,texto,correta,ordem) values ('7ef78e7a-f2fc-46e4-bc5f-aa02b93a83b4','Phantom',false,4);
insert into public.quiz_questions (id,quiz_id,texto,explicacao,ordem,pontos) values ('c7484906-17b3-4ae6-8255-ab7713c3049e','97be35d4-0cb9-4315-9730-f31a8c5553d6','Sobre contornar o HDCP, o correto é:','Deve-se usar equipamento compatível e conteúdo próprio/licenciado, sem burlar a proteção.',4,1);
insert into public.quiz_options (question_id,texto,correta,ordem) values ('c7484906-17b3-4ae6-8255-ab7713c3049e','Burlar sempre que preciso',false,1);
insert into public.quiz_options (question_id,texto,correta,ordem) values ('c7484906-17b3-4ae6-8255-ab7713c3049e','Usar equipamentos compatíveis e conteúdo licenciado',true,2);
insert into public.quiz_options (question_id,texto,correta,ordem) values ('c7484906-17b3-4ae6-8255-ab7713c3049e','Ignorar a proteção',false,3);
insert into public.quiz_options (question_id,texto,correta,ordem) values ('c7484906-17b3-4ae6-8255-ab7713c3049e','Remover o EDID',false,4);
insert into public.modules (id,course_id,titulo,ordem) values ('e2ee89f3-22b1-4a18-a703-8d01b5ce5d5e','07695dfc-c93c-4a8a-bb5a-58d3b926c76e','Módulo 8 — Fontes e Energia',8);
insert into public.lessons (id,module_id,titulo,tipo,conteudo_rico,duracao_min,ordem,tem_quiz,preview_gratis) values ('b3c14119-7635-4416-84a6-7eb644dc45c3','e2ee89f3-22b1-4a18-a703-8d01b5ce5d5e','Retificação, filtragem e fontes lineares x chaveadas','texto','<p><strong>Para começar:</strong> Quase todo equipamento converte os 127/220 V da tomada em baixa tensão CC. Entender a fonte é entender o coração da alimentação.</p><p>A fonte de alimentação transforma a CA da rede em CC estável. Conhecer suas etapas e tipos permite diagnosticar e dimensionar a energia do sistema.</p><ul><li><strong>Etapas de uma fonte linear:</strong> Transformador (reduz a tensão CA e isola) → retificador (CA→CC pulsante) → filtro (alisa) → regulador (estabiliza). Cada etapa tem função e ponto de falha próprios.</li><li><strong>Retificação:</strong> Diodos convertem CA em CC pulsante. Meia-onda usa 1 diodo (aproveita metade do ciclo); onda completa usa ponte de 4 diodos, aproveitando os dois semiciclos — mais eficiente e com menos ripple.</li><li><strong>Filtragem:</strong> Capacitor de filtro após o retificador armazena carga e ''alisa'' a tensão pulsante, reduzindo o ripple (ondulação residual). Quanto maior a capacitância e menor a corrente, menor o ripple.</li><li><strong>Regulação:</strong> O regulador mantém a saída constante apesar de variações de entrada e carga (ex.: 78xx, LM317). Garante tensão estável para a eletrônica sensível.</li><li><strong>Fonte linear x chaveada:</strong> Linear: simples, baixo ruído, porém pesada e ineficiente (dissipa calor). Chaveada (SMPS): converte em alta frequência, é leve, eficiente e versátil, mas pode gerar ruído de chaveamento (EMI) se mal projetada.</li><li><strong>Por que chaveadas dominam:</strong> Equipamentos modernos, no-breaks e fontes de notebook/LED usam SMPS pela eficiência e tamanho reduzido. Em áudio sensível, ainda se valoriza fonte linear de baixo ruído em certos estágios.</li><li><strong>Diagnóstico de fonte:</strong> Sintomas: ripple alto (zumbido/instabilidade) sugere capacitor de filtro ressecado; saída zero pode ser fusível/retificador; tensão errada aponta regulador. O osciloscópio revela ripple que o multímetro esconde.</li></ul><h4>Equipamentos / detalhes</h4><ul><li><strong>Fonte de alimentação / SMPS:</strong> Converte CA da rede em CC para os equipamentos.</li><li><strong>Osciloscópio:</strong> Mede o ripple e verifica a qualidade da CC.</li></ul><h4>Passo a passo</h4><ol><li><strong>Identifique as etapas:</strong> Localize transformador, ponte retificadora, capacitor de filtro e regulador.</li><li><strong>Meça a saída CC:</strong> Confirme a tensão correta com o multímetro em V⎓.</li><li><strong>Verifique o ripple:</strong> Use o osciloscópio em acoplamento AC para medir a ondulação residual.</li><li><strong>Isole a falha:</strong> Ripple alto → filtro; saída zero → fusível/retificador; tensão errada → regulador.</li></ol><p><strong>Na prática:</strong> Um equipamento começa a ''roncar'' e travar: ao medir a fonte, o osciloscópio mostra ripple elevado. O capacitor de filtro eletrolítico ressecou com o tempo. Trocá-lo restaura a CC limpa — defeito clássico em equipamentos antigos.</p><h4>Resumo</h4><ul><li>Fonte linear: transforma, retifica, filtra e regula a CA em CC estável.</li><li>Ponte de onda completa e capacitor de filtro reduzem o ripple.</li><li>SMPS é leve e eficiente (domina hoje); linear é de baixo ruído porém pesada.</li></ul>',35,1,true,false);
insert into public.quizzes (id,lesson_id,titulo) values ('259ed864-5d00-4044-989e-fc43d4926ba3','b3c14119-7635-4416-84a6-7eb644dc45c3','Quiz — Retificação, filtragem e fontes lineares x chaveadas');
insert into public.quiz_questions (id,quiz_id,texto,explicacao,ordem,pontos) values ('ad375470-c2f7-4f71-8e22-7653730e9555','259ed864-5d00-4044-989e-fc43d4926ba3','A ponte retificadora de onda completa usa quantos diodos?','A ponte de onda completa usa 4 diodos, aproveitando os dois semiciclos.',1,1);
insert into public.quiz_options (question_id,texto,correta,ordem) values ('ad375470-c2f7-4f71-8e22-7653730e9555','1',false,1);
insert into public.quiz_options (question_id,texto,correta,ordem) values ('ad375470-c2f7-4f71-8e22-7653730e9555','2',false,2);
insert into public.quiz_options (question_id,texto,correta,ordem) values ('ad375470-c2f7-4f71-8e22-7653730e9555','4',true,3);
insert into public.quiz_options (question_id,texto,correta,ordem) values ('ad375470-c2f7-4f71-8e22-7653730e9555','8',false,4);
insert into public.quiz_questions (id,quiz_id,texto,explicacao,ordem,pontos) values ('1459bcf0-85c9-443e-ae2d-643642c9e2cf','259ed864-5d00-4044-989e-fc43d4926ba3','O capacitor de filtro na fonte serve para:','Ele armazena carga e reduz a ondulação (ripple) da CC.',2,1);
insert into public.quiz_options (question_id,texto,correta,ordem) values ('1459bcf0-85c9-443e-ae2d-643642c9e2cf','Aumentar a tensão',false,1);
insert into public.quiz_options (question_id,texto,correta,ordem) values ('1459bcf0-85c9-443e-ae2d-643642c9e2cf','Alisar a CC reduzindo o ripple',true,2);
insert into public.quiz_options (question_id,texto,correta,ordem) values ('1459bcf0-85c9-443e-ae2d-643642c9e2cf','Retificar',false,3);
insert into public.quiz_options (question_id,texto,correta,ordem) values ('1459bcf0-85c9-443e-ae2d-643642c9e2cf','Isolar a rede',false,4);
insert into public.quiz_questions (id,quiz_id,texto,explicacao,ordem,pontos) values ('a91d747f-f272-4592-a086-55730ed02598','259ed864-5d00-4044-989e-fc43d4926ba3','Uma vantagem da fonte chaveada (SMPS) é:','SMPS é leve e eficiente, por isso domina os equipamentos modernos.',3,1);
insert into public.quiz_options (question_id,texto,correta,ordem) values ('a91d747f-f272-4592-a086-55730ed02598','Ser pesada',false,1);
insert into public.quiz_options (question_id,texto,correta,ordem) values ('a91d747f-f272-4592-a086-55730ed02598','Alta eficiência e tamanho reduzido',true,2);
insert into public.quiz_options (question_id,texto,correta,ordem) values ('a91d747f-f272-4592-a086-55730ed02598','Nunca gerar ruído',false,3);
insert into public.quiz_options (question_id,texto,correta,ordem) values ('a91d747f-f272-4592-a086-55730ed02598','Não precisar de diodos',false,4);
insert into public.quiz_questions (id,quiz_id,texto,explicacao,ordem,pontos) values ('9a6e670a-b7ee-403a-8c1f-c8113bbf170a','259ed864-5d00-4044-989e-fc43d4926ba3','Ripple elevado na saída costuma indicar:','Capacitor de filtro degradado eleva o ripple, causando zumbido/instabilidade.',4,1);
insert into public.quiz_options (question_id,texto,correta,ordem) values ('9a6e670a-b7ee-403a-8c1f-c8113bbf170a','Fusível bom',false,1);
insert into public.quiz_options (question_id,texto,correta,ordem) values ('9a6e670a-b7ee-403a-8c1f-c8113bbf170a','Capacitor de filtro ressecado',true,2);
insert into public.quiz_options (question_id,texto,correta,ordem) values ('9a6e670a-b7ee-403a-8c1f-c8113bbf170a','Excesso de regulação',false,3);
insert into public.quiz_options (question_id,texto,correta,ordem) values ('9a6e670a-b7ee-403a-8c1f-c8113bbf170a','Cabo de rede',false,4);
insert into public.lessons (id,module_id,titulo,tipo,conteudo_rico,duracao_min,ordem,tem_quiz,preview_gratis) values ('c1207bf4-c746-41da-80d2-a8c0b3d30d2f','e2ee89f3-22b1-4a18-a703-8d01b5ce5d5e','Aterramento, no-break/UPS e proteção contra surtos (DPS)','texto','<p><strong>Para começar:</strong> Energia confiável e segura é a fundação invisível do evento. Aterramento, UPS e proteção contra surtos evitam acidentes e quedas.</p><p>Esta aula trata da infraestrutura elétrica que mantém o show de pé: aterramento correto, alimentação ininterrupta e proteção contra surtos.</p><ul><li><strong>Função do aterramento:</strong> O condutor de proteção (PE, fio terra) leva a corrente de falta para a terra, fazendo a proteção atuar e mantendo as carcaças em potencial seguro. É item de SEGURANÇA, não opcional.</li><li><strong>Esquemas e equipotencialização:</strong> Em eventos, equipamentos devem compartilhar a mesma referência de terra (equipotencialização) para evitar diferenças de potencial entre racks, que causam choques e loops de terra.</li><li><strong>No-break / UPS:</strong> Uninterruptible Power Supply: fornece energia da bateria quando a rede falha, evitando desligamento abrupto de mesas digitais, computadores e processadores. Tipos: standby, line-interactive e online (dupla conversão, melhor para cargas críticas).</li><li><strong>Autonomia e dimensionamento:</strong> O UPS é dimensionado pela potência (VA/W) das cargas e pela autonomia desejada. Sobrecarregá-lo reduz autonomia ou desliga; subdimensionar deixa cargas críticas desprotegidas.</li><li><strong>DPS — proteção contra surtos:</strong> Dispositivo de Proteção contra Surtos: desvia para o terra picos de tensão (raios, manobras na rede), protegendo equipamentos. Instalado no quadro e/ou em réguas. Precisa de bom aterramento para funcionar.</li><li><strong>Proteção em cascata:</strong> Combina disjuntores (sobrecorrente), DR/IDR (corrente de fuga — segurança contra choque) e DPS (surto). Cada um protege contra um risco diferente; juntos formam a defesa elétrica.</li><li><strong>Boas práticas em eventos:</strong> Distribua cargas equilibrando as fases, não exceda a capacidade dos circuitos, use cabos e conexões adequados, garanta terra em todas as tomadas e proteja cargas críticas com UPS + DPS.</li></ul><h4>Equipamentos / detalhes</h4><ul><li><strong>No-break/UPS:</strong> Mantém cargas críticas alimentadas durante quedas da rede.</li><li><strong>DPS e DR:</strong> Protegem contra surtos e contra correntes de fuga (choque).</li><li><strong>Terrômetro / multímetro:</strong> Verifica a qualidade do aterramento e a presença de terra nas tomadas.</li></ul><h4>Passo a passo</h4><ol><li><strong>Verifique o terra:</strong> Confirme a presença e a continuidade do terra em todas as tomadas usadas.</li><li><strong>Equipotencialize os racks:</strong> Garanta referência de terra comum entre equipamentos para evitar loops.</li><li><strong>Dimensione o UPS:</strong> Some a potência das cargas críticas e escolha UPS com folga e autonomia adequada.</li><li><strong>Instale proteção em cascata:</strong> Combine disjuntor, DR e DPS, todos com aterramento eficaz.</li></ol><p><strong>Na prática:</strong> Numa mesa digital alimentada direto da rede, uma queda de energia derruba tudo no meio do show. Com um UPS online, a mesa segue ligada na bateria e o operador tem tempo de gerenciar a situação — proteção essencial para cargas críticas.</p><h4>Resumo</h4><ul><li>O aterramento é segurança: leva a falta à terra e mantém carcaças seguras.</li><li>UPS mantém cargas críticas na queda de energia; dimensione por potência e autonomia.</li><li>DPS desvia surtos (depende de bom terra); disjuntor, DR e DPS protegem riscos distintos.</li></ul>',35,2,true,false);
insert into public.quizzes (id,lesson_id,titulo) values ('1bcfb4ae-2659-419b-b377-3b3859ca8519','c1207bf4-c746-41da-80d2-a8c0b3d30d2f','Quiz — Aterramento, no-break/UPS e proteção contra surtos (DPS)');
insert into public.quiz_questions (id,quiz_id,texto,explicacao,ordem,pontos) values ('8a7f6aa2-108c-485a-b6a9-55eefcb716f2','1bcfb4ae-2659-419b-b377-3b3859ca8519','O condutor de proteção (terra/PE) tem função primária de:','O terra é item de segurança: escoa a falta e protege contra choque.',1,1);
insert into public.quiz_options (question_id,texto,correta,ordem) values ('8a7f6aa2-108c-485a-b6a9-55eefcb716f2','Aumentar a potência',false,1);
insert into public.quiz_options (question_id,texto,correta,ordem) values ('8a7f6aa2-108c-485a-b6a9-55eefcb716f2','Segurança, levando a corrente de falta à terra',true,2);
insert into public.quiz_options (question_id,texto,correta,ordem) values ('8a7f6aa2-108c-485a-b6a9-55eefcb716f2','Melhorar o áudio',false,3);
insert into public.quiz_options (question_id,texto,correta,ordem) values ('8a7f6aa2-108c-485a-b6a9-55eefcb716f2','Reduzir a conta de luz',false,4);
insert into public.quiz_questions (id,quiz_id,texto,explicacao,ordem,pontos) values ('bd2424af-7a0a-45fc-b4c7-8b6a8f1fec40','1bcfb4ae-2659-419b-b377-3b3859ca8519','O no-break (UPS) serve para:','O UPS fornece energia da bateria na falta da rede, protegendo cargas críticas.',2,1);
insert into public.quiz_options (question_id,texto,correta,ordem) values ('bd2424af-7a0a-45fc-b4c7-8b6a8f1fec40','Amplificar sinal',false,1);
insert into public.quiz_options (question_id,texto,correta,ordem) values ('bd2424af-7a0a-45fc-b4c7-8b6a8f1fec40','Manter cargas alimentadas durante quedas de energia',true,2);
insert into public.quiz_options (question_id,texto,correta,ordem) values ('bd2424af-7a0a-45fc-b4c7-8b6a8f1fec40','Retificar vídeo',false,3);
insert into public.quiz_options (question_id,texto,correta,ordem) values ('bd2424af-7a0a-45fc-b4c7-8b6a8f1fec40','Medir impedância',false,4);
insert into public.quiz_questions (id,quiz_id,texto,explicacao,ordem,pontos) values ('4c1159fc-8e8b-4217-ac76-c52b0918152c','1bcfb4ae-2659-419b-b377-3b3859ca8519','O DPS protege contra:','O DPS desvia surtos de tensão para o terra, protegendo os equipamentos.',3,1);
insert into public.quiz_options (question_id,texto,correta,ordem) values ('4c1159fc-8e8b-4217-ac76-c52b0918152c','Correntes de fuga',false,1);
insert into public.quiz_options (question_id,texto,correta,ordem) values ('4c1159fc-8e8b-4217-ac76-c52b0918152c','Surtos de tensão (raios/manobras)',true,2);
insert into public.quiz_options (question_id,texto,correta,ordem) values ('4c1159fc-8e8b-4217-ac76-c52b0918152c','Falta de áudio',false,3);
insert into public.quiz_options (question_id,texto,correta,ordem) values ('4c1159fc-8e8b-4217-ac76-c52b0918152c','Loops de MIDI',false,4);
insert into public.quiz_questions (id,quiz_id,texto,explicacao,ordem,pontos) values ('1d34b774-3959-4c2c-8ba6-eb87e4b397d3','1bcfb4ae-2659-419b-b377-3b3859ca8519','O dispositivo DR protege principalmente contra:','O DR detecta corrente de fuga e desarma, protegendo pessoas contra choque.',4,1);
insert into public.quiz_options (question_id,texto,correta,ordem) values ('1d34b774-3959-4c2c-8ba6-eb87e4b397d3','Surtos',false,1);
insert into public.quiz_options (question_id,texto,correta,ordem) values ('1d34b774-3959-4c2c-8ba6-eb87e4b397d3','Corrente de fuga (choque elétrico)',true,2);
insert into public.quiz_options (question_id,texto,correta,ordem) values ('1d34b774-3959-4c2c-8ba6-eb87e4b397d3','Ripple',false,3);
insert into public.quiz_options (question_id,texto,correta,ordem) values ('1d34b774-3959-4c2c-8ba6-eb87e4b397d3','Interferência de RF',false,4);
insert into public.modules (id,course_id,titulo,ordem) values ('ae021f2c-edda-4b14-8c12-52b0ad930c5d','07695dfc-c93c-4a8a-bb5a-58d3b926c76e','Módulo 9 — Interferência (EMI/EMC) e Blindagem',9);
insert into public.lessons (id,module_id,titulo,tipo,conteudo_rico,duracao_min,ordem,tem_quiz,preview_gratis) values ('468b1025-fbb1-4e39-aae9-ab3c3245569a','ae021f2c-edda-4b14-8c12-52b0ad930c5d','Interferência (EMI/EMC), blindagem e loops de terra','texto','<p><strong>Para começar:</strong> Zumbidos, chiados e travamentos misteriosos quase sempre têm a mesma raiz: interferência. Aprenda a preveni-la e a combatê-la.</p><p>EMI é a interferência eletromagnética; EMC é a capacidade de conviver sem causá-la nem sofrê-la. Blindagem, layout e tratamento de terra são as armas do técnico.</p><ul><li><strong>EMI e EMC:</strong> EMI (Interferência Eletromagnética) é energia indesejada que perturba circuitos. EMC (Compatibilidade Eletromagnética) é o projeto que permite ao equipamento funcionar sem causar nem sofrer interferência excessiva.</li><li><strong>Modos de acoplamento:</strong> A interferência se acopla por condução (pelos fios/terra), por campo elétrico (capacitivo), por campo magnético (indutivo) e por radiação (ondas). Identificar o modo direciona a solução.</li><li><strong>Fontes típicas em eventos:</strong> Fontes chaveadas, dimmers (cortam a senoide e geram ruído), motores, transmissores de RF, telefones celulares, lâmpadas e o próprio cabeamento mal disposto.</li><li><strong>Blindagem:</strong> Envolver o sinal com malha/folha aterrada barra campos elétricos e radiação. A blindagem só funciona bem se corretamente aterrada (em geral em uma extremidade para áudio, evitando loop).</li><li><strong>Loop de terra:</strong> Ocorre quando há mais de um caminho de terra entre equipamentos, formando uma ''antena'' onde circula corrente de 60 Hz, gerando zumbido. É a causa nº 1 de hum em sistemas de áudio/vídeo.</li><li><strong>Combate ao loop de terra:</strong> Equipotencializar; usar uma única referência de terra; isolar com DI box, transformador de isolação ou conversores ópticos; usar ground lift no sinal — NUNCA remover o terra de proteção da rede.</li><li><strong>Layout e separação:</strong> Separe fisicamente cabos de energia e de sinal; cruze-os em 90° quando inevitável; mantenha cabos de sinal curtos e afastados de fontes de EMI; use cabos balanceados e de qualidade.</li></ul><h4>Equipamentos / detalhes</h4><ul><li><strong>Transformador de isolação / DI:</strong> Quebra loops de terra isolando galvanicamente o sinal.</li><li><strong>Osciloscópio / analisador:</strong> Identifica a frequência e a natureza da interferência.</li></ul><h4>Passo a passo</h4><ol><li><strong>Caracterize a interferência:</strong> Zumbido de 60 Hz → loop de terra; chiado de RF → transmissor próximo; ruído de dimmer → fonte chaveada/dimmer.</li><li><strong>Verifique o cabeamento:</strong> Afaste sinal de energia, cheque blindagens e conexões de terra.</li><li><strong>Isole o loop:</strong> Use DI/transformador de isolação ou ground lift no sinal, mantendo o PE.</li><li><strong>Confirme a melhora:</strong> Meça/escute novamente para validar a solução.</li></ol><p><strong>Na prática:</strong> Um sistema com som limpo passa a zumbir quando se liga o projetor pela tomada de outro circuito. Surgiu um loop de terra entre os equipamentos. Alimentando tudo do mesmo ponto (equipotencializando) ou isolando o sinal de vídeo, o zumbido desaparece.</p><h4>Resumo</h4><ul><li>EMI é a interferência; EMC é projetar para conviver com ela.</li><li>Blindagem aterrada e bom layout previnem acoplamento de ruído.</li><li>Loop de terra causa hum de 60 Hz; resolva isolando o sinal, jamais cortando o terra de proteção.</li></ul>',35,1,true,false);
insert into public.quizzes (id,lesson_id,titulo) values ('b6277fc2-26e0-4d40-905c-abae71fd433f','468b1025-fbb1-4e39-aae9-ab3c3245569a','Quiz — Interferência (EMI/EMC), blindagem e loops de terra');
insert into public.quiz_questions (id,quiz_id,texto,explicacao,ordem,pontos) values ('15db1ab8-a9b8-4de7-bcc6-bc0aed6b5ef1','b6277fc2-26e0-4d40-905c-abae71fd433f','A causa mais comum de zumbido (hum) em áudio é:','Loops de terra fazem circular corrente de 60 Hz, gerando hum.',1,1);
insert into public.quiz_options (question_id,texto,correta,ordem) values ('15db1ab8-a9b8-4de7-bcc6-bc0aed6b5ef1','Excesso de phantom',false,1);
insert into public.quiz_options (question_id,texto,correta,ordem) values ('15db1ab8-a9b8-4de7-bcc6-bc0aed6b5ef1','Loop de terra',true,2);
insert into public.quiz_options (question_id,texto,correta,ordem) values ('15db1ab8-a9b8-4de7-bcc6-bc0aed6b5ef1','Cabo digital',false,3);
insert into public.quiz_options (question_id,texto,correta,ordem) values ('15db1ab8-a9b8-4de7-bcc6-bc0aed6b5ef1','Falta de ganho',false,4);
insert into public.quiz_questions (id,quiz_id,texto,explicacao,ordem,pontos) values ('f4d91c42-b7fb-44fa-838d-f4f0fbca822e','b6277fc2-26e0-4d40-905c-abae71fd433f','Para combater loop de terra, NUNCA se deve:','Remover o terra de proteção é perigoso; isola-se o sinal, mantendo o PE.',2,1);
insert into public.quiz_options (question_id,texto,correta,ordem) values ('f4d91c42-b7fb-44fa-838d-f4f0fbca822e','Equipotencializar',false,1);
insert into public.quiz_options (question_id,texto,correta,ordem) values ('f4d91c42-b7fb-44fa-838d-f4f0fbca822e','Usar DI/isolação',false,2);
insert into public.quiz_options (question_id,texto,correta,ordem) values ('f4d91c42-b7fb-44fa-838d-f4f0fbca822e','Remover o terra de proteção da rede',true,3);
insert into public.quiz_options (question_id,texto,correta,ordem) values ('f4d91c42-b7fb-44fa-838d-f4f0fbca822e','Usar ground lift no sinal',false,4);
insert into public.quiz_questions (id,quiz_id,texto,explicacao,ordem,pontos) values ('c143ac6f-54f1-4774-8d46-c7b39cbd6b7c','b6277fc2-26e0-4d40-905c-abae71fd433f','A blindagem de um cabo barra interferência se estiver:','A blindagem precisa estar aterrada para escoar a interferência.',3,1);
insert into public.quiz_options (question_id,texto,correta,ordem) values ('c143ac6f-54f1-4774-8d46-c7b39cbd6b7c','Solta',false,1);
insert into public.quiz_options (question_id,texto,correta,ordem) values ('c143ac6f-54f1-4774-8d46-c7b39cbd6b7c','Corretamente aterrada',true,2);
insert into public.quiz_options (question_id,texto,correta,ordem) values ('c143ac6f-54f1-4774-8d46-c7b39cbd6b7c','Pintada',false,3);
insert into public.quiz_options (question_id,texto,correta,ordem) values ('c143ac6f-54f1-4774-8d46-c7b39cbd6b7c','Mais grossa',false,4);
insert into public.quiz_questions (id,quiz_id,texto,explicacao,ordem,pontos) values ('3e0194d0-8e3e-495e-85cb-a54ca65687fb','b6277fc2-26e0-4d40-905c-abae71fd433f','EMC significa:','EMC é a capacidade de operar sem causar nem sofrer interferência excessiva.',4,1);
insert into public.quiz_options (question_id,texto,correta,ordem) values ('3e0194d0-8e3e-495e-85cb-a54ca65687fb','Energia máxima contínua',false,1);
insert into public.quiz_options (question_id,texto,correta,ordem) values ('3e0194d0-8e3e-495e-85cb-a54ca65687fb','Compatibilidade eletromagnética',true,2);
insert into public.quiz_options (question_id,texto,correta,ordem) values ('3e0194d0-8e3e-495e-85cb-a54ca65687fb','Erro médio de canal',false,3);
insert into public.quiz_options (question_id,texto,correta,ordem) values ('3e0194d0-8e3e-495e-85cb-a54ca65687fb','Modo de corrente',false,4);
insert into public.modules (id,course_id,titulo,ordem) values ('94287628-436a-4854-86bc-ef27e7ddf0d1','07695dfc-c93c-4a8a-bb5a-58d3b926c76e','Módulo 10 — Soldagem, Montagem e Segurança Elétrica',10);
insert into public.lessons (id,module_id,titulo,tipo,conteudo_rico,duracao_min,ordem,tem_quiz,preview_gratis) values ('79052618-0256-4a24-9536-441e792ab5c8','94287628-436a-4854-86bc-ef27e7ddf0d1','Soldagem e montagem eletrônica','texto','<p><strong>Para começar:</strong> Uma boa solda é brilhante, sólida e confiável; uma ruim derruba o show. Vamos aprender a soldar como profissional.</p><p>Soldar é unir componentes eletricamente com liga metálica fundida. Técnica correta garante conexões duráveis; técnica ruim gera defeitos intermitentes.</p><ul><li><strong>O que é a solda:</strong> Uma liga metálica (tradicionalmente estanho-chumbo Sn-Pb; hoje também sem chumbo, lead-free) que, fundida pelo ferro, cria uma junção elétrica e mecânica entre o componente e a placa/terminal.</li><li><strong>Ferro de solda e temperatura:</strong> O ferro/estação aquece a ponta a uma temperatura controlada (tipicamente 300–370 °C). Mantenha a ponta limpa e estanhada; temperatura insuficiente gera solda fria, excessiva danifica componentes e placa.</li><li><strong>Fluxo:</strong> Substância que limpa e remove óxidos, permitindo que a solda ''molhe'' e flua bem. Solda eletrônica já vem com fluxo no núcleo (alma); fluxo extra ajuda em retrabalhos.</li><li><strong>Técnica correta:</strong> Aqueça SIMULTANEAMENTE o terminal e a ilha da placa com a ponta; aplique a solda no ponto aquecido (não na ponta do ferro); deixe fluir; retire a solda e depois o ferro. A junção boa é lisa, brilhante e côncava.</li><li><strong>Defeitos comuns:</strong> Solda fria (fosca, granulada, mau contato), excesso de solda (pontes/curtos), solda insuficiente, sobreaquecimento (ilha descolada), pontes entre trilhas. Geram falhas intermitentes difíceis de achar.</li><li><strong>Through-hole x SMD:</strong> Componentes com terminais (through-hole) são mais fáceis de soldar à mão; SMD (montagem em superfície) são minúsculos e exigem técnica/ferramentas específicas (ar quente, pasta de solda).</li><li><strong>Dessoldagem e retrabalho:</strong> Para remover componentes, usa-se sugador de solda, malha dessoldadora ou estação de ar quente. Aquecer, retirar a solda e extrair sem danificar a placa.</li><li><strong>Segurança e saúde:</strong> Solde em local ventilado (vapores de fluxo são irritantes), use exaustor, evite tocar a ponta quente, lave as mãos após manusear solda com chumbo e descarte resíduos corretamente.</li></ul><h4>Equipamentos / detalhes</h4><ul><li><strong>Estação de solda:</strong> Aquece e controla a temperatura da ponta para soldar.</li><li><strong>Sugador / malha dessoldadora:</strong> Remove solda em retrabalhos e dessoldagens.</li><li><strong>Exaustor de fumaça:</strong> Capta vapores de fluxo, protegendo as vias respiratórias.</li></ul><h4>Passo a passo</h4><ol><li><strong>Prepare e estanhe a ponta:</strong> Aqueça, limpe na esponja/lã e aplique um pouco de solda na ponta.</li><li><strong>Aqueça a junção:</strong> Encoste a ponta no terminal e na ilha ao mesmo tempo por 1–2 s.</li><li><strong>Aplique a solda no ponto:</strong> Toque a solda na junção aquecida (não na ponta) e deixe fluir o suficiente.</li><li><strong>Retire e inspecione:</strong> Remova solda e ferro; a junção deve ficar lisa e brilhante. Verifique pontes e mau contato.</li></ol><p><strong>Na prática:</strong> Um equipamento que falha ''quando mexe no cabo'' costuma ter uma solda fria fosca em um conector. Reaquecer a junção com a técnica correta, formando uma solda brilhante e côncava, elimina a falha intermitente.</p><h4>Resumo</h4><ul><li>Solda boa une mecânica e eletricamente; é lisa, brilhante e côncava.</li><li>Aqueça a junção (não a solda na ponta) e use fluxo para boa molhagem.</li><li>Conheça defeitos (solda fria, pontes) e solde com ventilação e segurança.</li></ul>',35,1,true,false);
insert into public.quizzes (id,lesson_id,titulo) values ('f1a99557-80df-4e75-af9d-3e8c6eff8719','79052618-0256-4a24-9536-441e792ab5c8','Quiz — Soldagem e montagem eletrônica');
insert into public.quiz_questions (id,quiz_id,texto,explicacao,ordem,pontos) values ('8b8ce7a4-6a7d-46df-9df1-8d072dedfdcb','f1a99557-80df-4e75-af9d-3e8c6eff8719','A temperatura típica de uma ponta de ferro para eletrônica fica em torno de:','A faixa usual de soldagem eletrônica é cerca de 300–370 °C.',1,1);
insert into public.quiz_options (question_id,texto,correta,ordem) values ('8b8ce7a4-6a7d-46df-9df1-8d072dedfdcb','100 °C',false,1);
insert into public.quiz_options (question_id,texto,correta,ordem) values ('8b8ce7a4-6a7d-46df-9df1-8d072dedfdcb','200 °C',false,2);
insert into public.quiz_options (question_id,texto,correta,ordem) values ('8b8ce7a4-6a7d-46df-9df1-8d072dedfdcb','300–370 °C',true,3);
insert into public.quiz_options (question_id,texto,correta,ordem) values ('8b8ce7a4-6a7d-46df-9df1-8d072dedfdcb','600 °C',false,4);
insert into public.quiz_questions (id,quiz_id,texto,explicacao,ordem,pontos) values ('a0d963a0-47b0-481a-9803-abd4f0162164','f1a99557-80df-4e75-af9d-3e8c6eff8719','Uma solda fria caracteriza-se por:','A solda fria é fosca e granulada, causando mau contato intermitente.',2,1);
insert into public.quiz_options (question_id,texto,correta,ordem) values ('a0d963a0-47b0-481a-9803-abd4f0162164','Aspecto liso e brilhante',false,1);
insert into public.quiz_options (question_id,texto,correta,ordem) values ('a0d963a0-47b0-481a-9803-abd4f0162164','Aspecto fosco/granulado e mau contato',true,2);
insert into public.quiz_options (question_id,texto,correta,ordem) values ('a0d963a0-47b0-481a-9803-abd4f0162164','Excesso de brilho',false,3);
insert into public.quiz_options (question_id,texto,correta,ordem) values ('a0d963a0-47b0-481a-9803-abd4f0162164','Côncava perfeita',false,4);
insert into public.quiz_questions (id,quiz_id,texto,explicacao,ordem,pontos) values ('2cc9e6a5-ede5-4a86-866e-8bdc395ac8b3','f1a99557-80df-4e75-af9d-3e8c6eff8719','O correto ao aplicar a solda é tocá-la:','Aquece-se a junção e aplica-se a solda no ponto aquecido, não na ponta.',3,1);
insert into public.quiz_options (question_id,texto,correta,ordem) values ('2cc9e6a5-ede5-4a86-866e-8bdc395ac8b3','Na ponta do ferro',false,1);
insert into public.quiz_options (question_id,texto,correta,ordem) values ('2cc9e6a5-ede5-4a86-866e-8bdc395ac8b3','Na junção previamente aquecida',true,2);
insert into public.quiz_options (question_id,texto,correta,ordem) values ('2cc9e6a5-ede5-4a86-866e-8bdc395ac8b3','No fluxo apenas',false,3);
insert into public.quiz_options (question_id,texto,correta,ordem) values ('2cc9e6a5-ede5-4a86-866e-8bdc395ac8b3','Na capa do cabo',false,4);
insert into public.quiz_questions (id,quiz_id,texto,explicacao,ordem,pontos) values ('a95c2bbf-b50f-4750-8b73-cf765878f916','f1a99557-80df-4e75-af9d-3e8c6eff8719','O fluxo na soldagem serve para:','O fluxo remove óxidos e melhora a molhagem da solda.',4,1);
insert into public.quiz_options (question_id,texto,correta,ordem) values ('a95c2bbf-b50f-4750-8b73-cf765878f916','Esfriar a junção',false,1);
insert into public.quiz_options (question_id,texto,correta,ordem) values ('a95c2bbf-b50f-4750-8b73-cf765878f916','Limpar óxidos e ajudar a solda a fluir',true,2);
insert into public.quiz_options (question_id,texto,correta,ordem) values ('a95c2bbf-b50f-4750-8b73-cf765878f916','Aumentar a resistência',false,3);
insert into public.quiz_options (question_id,texto,correta,ordem) values ('a95c2bbf-b50f-4750-8b73-cf765878f916','Isolar o terra',false,4);
insert into public.lessons (id,module_id,titulo,tipo,conteudo_rico,duracao_min,ordem,tem_quiz,preview_gratis) values ('81c37fa5-396b-41d9-96a0-299ceb8d564d','94287628-436a-4854-86bc-ef27e7ddf0d1','Segurança elétrica e introdução à NR-10','texto','<p><strong>Para começar:</strong> Nenhum show vale um acidente. Esta aula fecha o curso com o tema mais importante: trabalhar com energia sem se ferir.</p><p>Segurança elétrica é prioridade absoluta. Aqui você conhece os riscos, as medidas de proteção e a base da norma brasileira NR-10.</p><ul><li><strong>Riscos da eletricidade:</strong> Choque elétrico (a corrente pelo corpo afeta músculos e coração — a partir de poucos dezenas de mA já há risco grave), queimaduras, arco elétrico e incêndio. A gravidade depende da corrente, do caminho e do tempo.</li><li><strong>O que determina o choque:</strong> Pela Lei de Ohm, a corrente no corpo depende da tensão e da resistência (pele seca x molhada). Por isso ambientes úmidos e mãos suadas aumentam muito o perigo.</li><li><strong>Medidas de proteção coletiva e individual:</strong> Coletivas: desenergização, aterramento, sinalização, isolação. Individuais (EPI): luvas isolantes, calçado adequado, óculos. A proteção coletiva tem prioridade sobre a individual.</li><li><strong>Desenergização segura:</strong> Sequência básica: seccionar a fonte, impedir reenergização (bloqueio/etiquetagem), constatar ausência de tensão, aterrar quando aplicável e sinalizar. Só então se trabalha com segurança.</li><li><strong>NR-10 — visão geral:</strong> Norma Regulamentadora nº 10 do Brasil: estabelece requisitos de segurança em instalações e serviços em eletricidade. Aplica-se a quem projeta, monta, opera e mantém instalações elétricas, protegendo a saúde dos trabalhadores.</li><li><strong>Exigências da NR-10:</strong> Inclui medidas de controle de risco, esquemas atualizados, procedimentos, EPI/EPC adequados e CAPACITAÇÃO obrigatória: curso básico da NR-10 (mínimo 40 h) para quem atua em zona de risco; trabalhos em alta tensão exigem complementar.</li><li><strong>Aplicação em eventos:</strong> Montagens de palco lidam com muita energia em pouco tempo e ambiente improvisado: terra em todas as tomadas, cabos dimensionados, proteção (disjuntor/DR/DPS), equipe capacitada e procedimentos são obrigatórios, não opcionais.</li><li><strong>Primeiros socorros:</strong> Em choque, NÃO toque a vítima ainda conectada à energia: desligue a fonte primeiro. Acione socorro; saber RCP pode salvar vidas. Prevenção, porém, é sempre a melhor estratégia.</li></ul><h4>Equipamentos / detalhes</h4><ul><li><strong>EPI (luvas isolantes, calçado, óculos):</strong> Protege o trabalhador durante intervenções elétricas.</li><li><strong>Detector de tensão / multímetro:</strong> Constata ausência de tensão antes de tocar no circuito.</li><li><strong>Sistema de bloqueio e etiquetagem:</strong> Impede reenergização acidental durante o serviço.</li></ul><h4>Passo a passo</h4><ol><li><strong>Planeje e desenergize:</strong> Antes de intervir, seccione a fonte de energia.</li><li><strong>Bloqueie e sinalize:</strong> Impeça a reenergização (bloqueio/etiqueta) e sinalize a área.</li><li><strong>Constate ausência de tensão:</strong> Confirme com detector/multímetro que o circuito está sem tensão.</li><li><strong>Trabalhe protegido:</strong> Use EPI, mantenha a área segura e siga os procedimentos; reenergize só ao final, com tudo conferido.</li></ol><p><strong>Na prática:</strong> Antes de mexer num quadro durante a montagem, o profissional desliga o disjuntor, bloqueia com cadeado e etiqueta, e confere com o detector que não há tensão. Esse ritual simples — desenergizar e constatar — é o que separa um serviço seguro de um acidente grave.</p><h4>Resumo</h4><ul><li>Eletricidade mata: choque, arco e incêndio exigem respeito e procedimento.</li><li>Desenergizar, bloquear, constatar ausência de tensão e sinalizar é a base segura.</li><li>A NR-10 rege a segurança elétrica no Brasil e exige capacitação dos trabalhadores.</li></ul>',35,2,true,false);
insert into public.quizzes (id,lesson_id,titulo) values ('5b69b65b-f9e0-428a-ad79-0580fd8b019e','81c37fa5-396b-41d9-96a0-299ceb8d564d','Quiz — Segurança elétrica e introdução à NR-10');
insert into public.quiz_questions (id,quiz_id,texto,explicacao,ordem,pontos) values ('140e9f9b-5c6c-49b1-b4b7-5b2f2879c112','5b69b65b-f9e0-428a-ad79-0580fd8b019e','Ao socorrer alguém sofrendo choque elétrico, a PRIMEIRA ação é:','Nunca toque a vítima energizada; desligue a fonte primeiro para não virar segunda vítima.',1,1);
insert into public.quiz_options (question_id,texto,correta,ordem) values ('140e9f9b-5c6c-49b1-b4b7-5b2f2879c112','Puxar a vítima com a mão',false,1);
insert into public.quiz_options (question_id,texto,correta,ordem) values ('140e9f9b-5c6c-49b1-b4b7-5b2f2879c112','Desligar a fonte de energia',true,2);
insert into public.quiz_options (question_id,texto,correta,ordem) values ('140e9f9b-5c6c-49b1-b4b7-5b2f2879c112','Jogar água',false,3);
insert into public.quiz_options (question_id,texto,correta,ordem) values ('140e9f9b-5c6c-49b1-b4b7-5b2f2879c112','Esperar passar',false,4);
insert into public.quiz_questions (id,quiz_id,texto,explicacao,ordem,pontos) values ('4e031940-d36b-404a-a442-69b8f57ab32f','5b69b65b-f9e0-428a-ad79-0580fd8b019e','A NR-10 trata de:','A NR-10 estabelece requisitos de segurança em eletricidade no Brasil.',2,1);
insert into public.quiz_options (question_id,texto,correta,ordem) values ('4e031940-d36b-404a-a442-69b8f57ab32f','Trabalho em altura',false,1);
insert into public.quiz_options (question_id,texto,correta,ordem) values ('4e031940-d36b-404a-a442-69b8f57ab32f','Segurança em instalações e serviços em eletricidade',true,2);
insert into public.quiz_options (question_id,texto,correta,ordem) values ('4e031940-d36b-404a-a442-69b8f57ab32f','Ruído ocupacional',false,3);
insert into public.quiz_options (question_id,texto,correta,ordem) values ('4e031940-d36b-404a-a442-69b8f57ab32f','Ergonomia',false,4);
insert into public.quiz_questions (id,quiz_id,texto,explicacao,ordem,pontos) values ('f8967636-99e7-4bd3-96ca-8d6f8161b96c','5b69b65b-f9e0-428a-ad79-0580fd8b019e','Na proteção, deve-se priorizar medidas:','A proteção coletiva tem prioridade sobre a individual; o EPI complementa.',3,1);
insert into public.quiz_options (question_id,texto,correta,ordem) values ('f8967636-99e7-4bd3-96ca-8d6f8161b96c','Individuais (EPI)',false,1);
insert into public.quiz_options (question_id,texto,correta,ordem) values ('f8967636-99e7-4bd3-96ca-8d6f8161b96c','Coletivas (EPC)',true,2);
insert into public.quiz_options (question_id,texto,correta,ordem) values ('f8967636-99e7-4bd3-96ca-8d6f8161b96c','Nenhuma',false,3);
insert into public.quiz_options (question_id,texto,correta,ordem) values ('f8967636-99e7-4bd3-96ca-8d6f8161b96c','Apenas sinalização',false,4);
insert into public.quiz_questions (id,quiz_id,texto,explicacao,ordem,pontos) values ('678d0100-97c2-4972-9bcc-1b393427de2b','5b69b65b-f9e0-428a-ad79-0580fd8b019e','Antes de intervir num circuito, a sequência segura inclui:','Desenergização segura: seccionar, impedir reenergização, constatar ausência de tensão e sinalizar.',4,1);
insert into public.quiz_options (question_id,texto,correta,ordem) values ('678d0100-97c2-4972-9bcc-1b393427de2b','Energizar e testar',false,1);
insert into public.quiz_options (question_id,texto,correta,ordem) values ('678d0100-97c2-4972-9bcc-1b393427de2b','Seccionar, bloquear, constatar ausência de tensão e sinalizar',true,2);
insert into public.quiz_options (question_id,texto,correta,ordem) values ('678d0100-97c2-4972-9bcc-1b393427de2b','Apenas confiar que está desligado',false,3);
insert into public.quiz_options (question_id,texto,correta,ordem) values ('678d0100-97c2-4972-9bcc-1b393427de2b','Trabalhar com pressa',false,4);

-- CURSO: Estruturas, Rigging, Energia e Padrões
insert into public.courses (id,titulo,slug,descricao_curta,nivel,categoria,categorias,tipo,carga_horaria,total_aulas,ativo,destaque,ordem) values
  ('c6388794-36b6-4176-9839-d8208237613d','Estruturas, Rigging, Energia e Padrões','estruturas-rigging-energia-e-padroes','Curso Estruturas, Rigging, Energia e Padrões — SMU PRO','pleno','outros','{}','free',275,9,false,false,10);
insert into public.modules (id,course_id,titulo,ordem) values ('5a20fb59-4b52-4da2-8ef8-644da0c58ffa','c6388794-36b6-4176-9839-d8208237613d','Estruturas (Treliça), Rigging, Energia e Padrões Técnicos',1);
insert into public.lessons (id,module_id,titulo,tipo,conteudo_rico,duracao_min,ordem,tem_quiz,preview_gratis) values ('30c3838b-2108-4822-a114-96114899426c','5a20fb59-4b52-4da2-8ef8-644da0c58ffa','Treliça (Truss): anatomia, tipos e materiais','texto','<p><strong>Para começar:</strong> Antes de qualquer evento, a treliça é o esqueleto que sustenta luz, som, vídeo e cenografia. Entender sua anatomia é o primeiro passo para montar estruturas que não caem.</p><p>A treliça (truss) é uma estrutura modular treliçada, geralmente em liga de alumínio, formada por banzos (tubos principais) e diagonais/montantes soldados, projetada para vencer vãos com pouco peso próprio. Nesta aula você aprende a nomenclatura, os tipos por seção e aplicação, e por que o material e a geometria definem a capacidade de carga.</p><ul><li><strong>Por que treliça e não tubo maciço:</strong> Uma treliça distribui esforços pelos banzos (compressão/tração) e pelas diagonais (cisalhamento), atingindo alta rigidez com baixo peso. Isso permite vencer grandes vãos transportando carga (moving heads, line array, telões) sem o peso proibitivo de uma viga sólida. A geometria triangulada é o que confere rigidez.</li><li><strong>Material: liga de alumínio:</strong> A maioria das treliças profissionais usa ligas de alumínio das séries 6000 (ex.: 6082-T6 ou 6061-T6) nos tubos, soldadas com vareta da série 5000 (ex.: 5183). O alumínio é leve, resistente à corrosão e tem boa relação resistência/peso. ATENÇÃO: a solda reduz a resistência local (zona afetada pelo calor), e por isso o fabricante calcula as cargas admissíveis já considerando esse efeito — nunca extrapole.</li><li><strong>Tipos por seção:</strong> Quadrada/box (4 banzos, ex.: Q30S, Q40S de marcas como Prolyte/Global Truss) é a mais usada por suportar carga em qualquer eixo. Triangular (3 banzos) é mais leve, boa para vãos menores e treços decorativos. Ladder/escada (2 banzos, plana) serve para fixar a barras de luz e fundos. Circular/arco e quadros (frame) para portais e cenografia. Deck/palco é estrutura específica de piso, com norma própria.</li><li><strong>Nomenclatura de tamanho (Q30/Q40):</strong> Os códigos comerciais indicam família e seção: por exemplo, Prolyte H30V/H40V e Global Truss F33/F34 referem-se a treliças de ~290–400 mm de lado com tubos de banzo de ~48–50 mm. Sempre confirme a seção e a série no catálogo do fabricante — códigos parecidos NÃO são intercambiáveis e cada um tem load chart próprio.</li><li><strong>Geometria importa:</strong> A capacidade de uma treliça aumenta com a altura da seção (maior braço de alavanca entre banzos = maior momento resistente). Por isso uma Q40 (40 cm) suporta mais que uma Q30 (30 cm) no mesmo vão. Nunca compare apenas pela aparência: o load chart é a referência.</li></ul><h4>Equipamentos / detalhes</h4><ul><li><strong>Treliça box Q30/Q40 (liga 6082-T6 / 6061-T6):</strong> Estrutura principal para grids, vãos e suporte de carga em qualquer eixo</li><li><strong>Treliça triangular:</strong> Vãos menores e estruturas decorativas mais leves</li><li><strong>Treliça ladder (escada):</strong> Fixação de barras de luz, fundos e cortinas</li><li><strong>Catálogo/Load chart do fabricante (Prolyte, Global Truss, Eurotruss, Milos, Tomcat):</strong> Documento oficial com cargas admissíveis, flecha e condições de apoio</li><li><strong>NBR 8800 / Eurocode 9 (EN 1999) — referência de cálculo de alumínio:</strong> Base normativa para verificação estrutural por profissional habilitado</li></ul><h4>Passo a passo</h4><ol><li><strong>Identifique a treliça:</strong> Leia a etiqueta/gravação: marca, série, seção. Sem identificação confiável, não use para carga estrutural.</li><li><strong>Confirme o material e estado:</strong> Verifique se é liga de alumínio estrutural, sem trincas na solda, sem amassados nos banzos nem corrosão branca pulverulenta.</li><li><strong>Localize o load chart correto:</strong> Baixe a tabela exata do modelo no site do fabricante. Não use tabela de marca/série diferente.</li><li><strong>Defina seção pela aplicação:</strong> Para vãos maiores e cargas pesadas, escolha seção maior (Q40 antes de Q30); confirme sempre no load chart.</li><li><strong>Registre o inventário:</strong> Anote modelo, comprimento e condição de cada barra para rastreabilidade e inspeção futura.</li></ol><p><strong>Na prática:</strong> Num show médio, o operador chega ao galpão, separa barras Q30 de 2 m e 3 m, confere as etiquetas Prolyte H30V e baixa o load chart correspondente no celular. Percebe que uma barra tem um banzo amassado por transporte — ela é separada e etiquetada como ''fora de serviço'' até inspeção. Esse simples hábito evita usar uma peça com capacidade comprometida.</p><h4>Resumo</h4><ul><li>Treliça é estrutura treliçada de alumínio que vence vãos com pouco peso graças à geometria triangulada.</li><li>Tipos: box/quadrada (mais versátil), triangular, ladder, circular e deck — cada um com aplicação própria.</li><li>Seção maior (Q40 &gt; Q30) suporta mais carga, mas a referência sempre é o load chart oficial do fabricante.</li></ul>',30,1,true,true);
insert into public.quizzes (id,lesson_id,titulo) values ('dcf9d737-a73c-409a-a3b8-1df58223cd66','30c3838b-2108-4822-a114-96114899426c','Quiz — Treliça (Truss): anatomia, tipos e materiais');
insert into public.quiz_questions (id,quiz_id,texto,explicacao,ordem,pontos) values ('fa2e2894-05b8-40f5-b062-632eb59460d2','dcf9d737-a73c-409a-a3b8-1df58223cd66','Por que a treliça suporta muita carga com pouco peso próprio?','A triangulação distribui compressão/tração nos banzos e cisalhamento nas diagonais, dando alta rigidez com baixo peso.',1,1);
insert into public.quiz_options (question_id,texto,correta,ordem) values ('fa2e2894-05b8-40f5-b062-632eb59460d2','Porque é feita de aço maciço',false,1);
insert into public.quiz_options (question_id,texto,correta,ordem) values ('fa2e2894-05b8-40f5-b062-632eb59460d2','Porque a geometria triangulada distribui esforços entre banzos e diagonais',true,2);
insert into public.quiz_options (question_id,texto,correta,ordem) values ('fa2e2894-05b8-40f5-b062-632eb59460d2','Porque o alumínio é mais pesado que o aço',false,3);
insert into public.quiz_options (question_id,texto,correta,ordem) values ('fa2e2894-05b8-40f5-b062-632eb59460d2','Porque não sofre flexão',false,4);
insert into public.quiz_questions (id,quiz_id,texto,explicacao,ordem,pontos) values ('58b38af8-0cf4-4480-be78-84c983ad20bf','dcf9d737-a73c-409a-a3b8-1df58223cd66','O que a solda provoca na resistência do alumínio da treliça?','A solda cria uma zona afetada pelo calor com menor resistência; por isso o fabricante já embute isso nas cargas admissíveis — não extrapole.',2,1);
insert into public.quiz_options (question_id,texto,correta,ordem) values ('58b38af8-0cf4-4480-be78-84c983ad20bf','Aumenta a resistência localmente',false,1);
insert into public.quiz_options (question_id,texto,correta,ordem) values ('58b38af8-0cf4-4480-be78-84c983ad20bf','Não tem efeito',false,2);
insert into public.quiz_options (question_id,texto,correta,ordem) values ('58b38af8-0cf4-4480-be78-84c983ad20bf','Reduz a resistência na zona afetada pelo calor, já considerada no load chart',true,3);
insert into public.quiz_options (question_id,texto,correta,ordem) values ('58b38af8-0cf4-4480-be78-84c983ad20bf','Transforma o alumínio em aço',false,4);
insert into public.quiz_questions (id,quiz_id,texto,explicacao,ordem,pontos) values ('728d95ec-176a-4eaa-914b-4cabf59609df','dcf9d737-a73c-409a-a3b8-1df58223cd66','Entre Q30 e Q40 no mesmo vão, qual tende a suportar mais carga e por quê?','Maior altura de seção aumenta o momento resistente, elevando a capacidade — mas sempre confirme no load chart.',3,1);
insert into public.quiz_options (question_id,texto,correta,ordem) values ('728d95ec-176a-4eaa-914b-4cabf59609df','Q30, por ser menor',false,1);
insert into public.quiz_options (question_id,texto,correta,ordem) values ('728d95ec-176a-4eaa-914b-4cabf59609df','Q40, pela maior altura de seção (maior braço entre banzos)',true,2);
insert into public.quiz_options (question_id,texto,correta,ordem) values ('728d95ec-176a-4eaa-914b-4cabf59609df','São iguais',false,3);
insert into public.quiz_options (question_id,texto,correta,ordem) values ('728d95ec-176a-4eaa-914b-4cabf59609df','Depende só da cor',false,4);
insert into public.quiz_questions (id,quiz_id,texto,explicacao,ordem,pontos) values ('ce6a1fad-3f1e-4c06-a751-a8af0a28bae6','dcf9d737-a73c-409a-a3b8-1df58223cd66','Qual é a fonte correta para a capacidade de carga de uma treliça?','Cada modelo/série tem load chart próprio; tabelas de marcas ou séries diferentes não são intercambiáveis.',4,1);
insert into public.quiz_options (question_id,texto,correta,ordem) values ('ce6a1fad-3f1e-4c06-a751-a8af0a28bae6','Estimativa visual',false,1);
insert into public.quiz_options (question_id,texto,correta,ordem) values ('ce6a1fad-3f1e-4c06-a751-a8af0a28bae6','Tabela de outro fabricante parecido',false,2);
insert into public.quiz_options (question_id,texto,correta,ordem) values ('ce6a1fad-3f1e-4c06-a751-a8af0a28bae6','O load chart oficial do modelo exato',true,3);
insert into public.quiz_options (question_id,texto,correta,ordem) values ('ce6a1fad-3f1e-4c06-a751-a8af0a28bae6','A experiência do montador apenas',false,4);
insert into public.lessons (id,module_id,titulo,tipo,conteudo_rico,duracao_min,ordem,tem_quiz,preview_gratis) values ('a72983a7-48fa-43d5-9b4c-569e59d4e035','5a20fb59-4b52-4da2-8ef8-644da0c58ffa','Load charts, UDL, carga pontual e flecha (deflexão)','texto','<p><strong>Para começar:</strong> Uma treliça nunca ''aguenta um peso qualquer''. Ela aguenta um peso específico, num vão específico, distribuído de um jeito específico. Ignorar isso é a causa nº 1 de colapsos.</p><p>Aqui você aprende a ler e respeitar o load chart: a diferença entre carga distribuída (UDL) e carga pontual, como o vão livre reduz a capacidade, e o conceito de flecha (deflexão) — o quanto a treliça ''cede'' sob carga. Cálculo estrutural de cenários fora do catálogo é tarefa de engenheiro habilitado.</p><ul><li><strong>O que é o load chart:</strong> É a tabela do fabricante que cruza vão livre (distância entre apoios) com carga máxima admissível, geralmente já com fator de segurança aplicado. Quanto maior o vão, menor a carga permitida. O chart costuma trazer também a flecha resultante e a configuração de apoio considerada (biapoiada, com ou sem ponte central).</li><li><strong>UDL — carga uniformemente distribuída:</strong> É carga espalhada por todo o comprimento (ex.: kg/m ou kg total distribuído). Muitos charts expressam a capacidade como UDL. Uma fila de refletores igualmente espaçados aproxima-se de uma UDL. É a forma mais favorável de carregar a treliça.</li><li><strong>Carga pontual (point load):</strong> É carga concentrada num ponto. Um único motor, um cluster de line array ou um telão pendurado num nó é carga pontual. A mesma treliça suporta MENOS carga pontual no centro do que UDL total, porque concentra o momento fletor. Charts sérios trazem colunas separadas: 1 ponto central, 2 pontos a 1/3, etc.</li><li><strong>Vão livre e número de apoios:</strong> Dobrar o vão reduz drasticamente a capacidade (o momento cresce com o quadrado do vão). Adicionar um apoio/ponto de içamento no meio aumenta muito a capacidade e reduz a flecha. Por isso shows grandes usam vários motores ao longo da treliça, não só nas pontas.</li><li><strong>Flecha (deflexão):</strong> É o quanto a treliça abaixa no centro sob carga. Mesmo dentro da capacidade, uma flecha grande é esteticamente ruim e pode indicar que você está no limite. Fabricantes costumam limitar a flecha (ex.: L/100 do vão como referência de catálogo) — siga o valor do chart. Flecha excessiva é alerta para reduzir carga ou diminuir o vão.</li><li><strong>Fator de segurança e quando chamar engenheiro:</strong> Load charts já trazem fator de segurança (frequentemente da ordem de 2:1 sobre cargas admissíveis, conforme o fabricante). Para configurações fora do catálogo — vãos combinados, cargas mistas, vento em estruturas externas, treliça em balanço (cantilever) — a verificação deve ser feita por engenheiro com ART/RRT. Não improvise cálculo.</li></ul><h4>Equipamentos / detalhes</h4><ul><li><strong>Load chart do modelo (Prolyte/Global Truss/Eurotruss/Milos/Tomcat):</strong> Define carga admissível por vão, tipo de carga e flecha</li><li><strong>Trena/medidor a laser:</strong> Medir o vão livre real entre apoios</li><li><strong>Balança/datasheet dos equipamentos pendurados:</strong> Conhecer o peso real de cada refletor, motor e cluster</li><li><strong>Planilha de rigging plot / software (ex.: cálculo do fabricante):</strong> Somar cargas, posicionar pontos e verificar limites</li><li><strong>Engenheiro habilitado (ART/RRT) — NBR / Eurocode 9:</strong> Assinatura de cálculo para configurações fora do catálogo (SEGURANÇA)</li></ul><h4>Passo a passo</h4><ol><li><strong>Meça o vão livre real:</strong> Use a distância efetiva entre apoios, não a estimativa. O chart depende disso.</li><li><strong>Liste e some as cargas reais:</strong> Pegue o peso de datasheet de cada item (refletor, motor, cabo, cluster) e some, incluindo o peso da própria treliça.</li><li><strong>Classifique a carga:</strong> Distinga o que é distribuído (UDL) do que é pontual (cluster, telão) e use a coluna correta do chart.</li><li><strong>Compare com o chart:</strong> Verifique se a carga total e a por ponto estão abaixo do admissível para aquele vão. Considere a flecha indicada.</li><li><strong>Reduza vão ou adicione apoio se necessário:</strong> Se estourar o limite, acrescente um ponto de içamento intermediário ou diminua o vão; reavalie.</li><li><strong>Escale engenheiro para o que sai do catálogo:</strong> Balanços, vento externo, cargas combinadas e estruturas atípicas exigem cálculo assinado.</li></ol><p><strong>Na prática:</strong> Um designer quer pendurar um cluster de line array de 180 kg no centro de uma Q40 com 10 m de vão. No load chart, a carga pontual central admissível para 10 m é inferior a isso. Solução adotada: adicionar um motor central, transformando um vão de 10 m em dois de 5 m. A capacidade pontual sobe, a flecha cai pela metade e o cluster fica seguro — tudo lido na tabela, sem chute.</p><h4>Resumo</h4><ul><li>Load chart cruza vão x carga x tipo (UDL ou pontual) e já traz fator de segurança — é a lei da treliça.</li><li>Carga pontual central é mais severa que UDL; mais vão reduz capacidade ao quadrado, mais apoios aumentam.</li><li>Flecha é o ''ceder'' da treliça; respeite o limite do chart e chame engenheiro para casos fora do catálogo.</li></ul>',35,2,true,false);
insert into public.quizzes (id,lesson_id,titulo) values ('b9086f5a-b2ed-4759-b02d-d1a56e0c9138','a72983a7-48fa-43d5-9b4c-569e59d4e035','Quiz — Load charts, UDL, carga pontual e flecha (deflexão)');
insert into public.quiz_questions (id,quiz_id,texto,explicacao,ordem,pontos) values ('4398a3a1-daf8-4947-be85-7ff560925799','b9086f5a-b2ed-4759-b02d-d1a56e0c9138','O que significa UDL num load chart?','UDL é a carga espalhada por todo o comprimento, a forma mais favorável de carregar a treliça.',1,1);
insert into public.quiz_options (question_id,texto,correta,ordem) values ('4398a3a1-daf8-4947-be85-7ff560925799','Carga concentrada num ponto',false,1);
insert into public.quiz_options (question_id,texto,correta,ordem) values ('4398a3a1-daf8-4947-be85-7ff560925799','Carga uniformemente distribuída ao longo da treliça',true,2);
insert into public.quiz_options (question_id,texto,correta,ordem) values ('4398a3a1-daf8-4947-be85-7ff560925799','Carga máxima de ruptura',false,3);
insert into public.quiz_options (question_id,texto,correta,ordem) values ('4398a3a1-daf8-4947-be85-7ff560925799','Carga de vento',false,4);
insert into public.quiz_questions (id,quiz_id,texto,explicacao,ordem,pontos) values ('d087b15b-edd8-4351-bf2a-6c4354e56972','b9086f5a-b2ed-4759-b02d-d1a56e0c9138','Por que carga pontual central é mais crítica que UDL de mesmo total?','Concentrar a carga no centro maximiza o momento fletor, exigindo coluna específica do chart, normalmente com valor menor.',2,1);
insert into public.quiz_options (question_id,texto,correta,ordem) values ('d087b15b-edd8-4351-bf2a-6c4354e56972','Porque pesa mais',false,1);
insert into public.quiz_options (question_id,texto,correta,ordem) values ('d087b15b-edd8-4351-bf2a-6c4354e56972','Porque concentra o momento fletor no centro',true,2);
insert into public.quiz_options (question_id,texto,correta,ordem) values ('d087b15b-edd8-4351-bf2a-6c4354e56972','Porque o alumínio derrete',false,3);
insert into public.quiz_options (question_id,texto,correta,ordem) values ('d087b15b-edd8-4351-bf2a-6c4354e56972','Não é mais crítica',false,4);
insert into public.quiz_questions (id,quiz_id,texto,explicacao,ordem,pontos) values ('4c3f0f2a-3c14-42bb-97bb-9f0557a0d1f1','b9086f5a-b2ed-4759-b02d-d1a56e0c9138','O que acontece com a capacidade ao dobrar o vão livre?','O momento fletor cresce com o quadrado do vão; por isso a carga admissível despenca e se usam apoios intermediários.',3,1);
insert into public.quiz_options (question_id,texto,correta,ordem) values ('4c3f0f2a-3c14-42bb-97bb-9f0557a0d1f1','Dobra',false,1);
insert into public.quiz_options (question_id,texto,correta,ordem) values ('4c3f0f2a-3c14-42bb-97bb-9f0557a0d1f1','Não muda',false,2);
insert into public.quiz_options (question_id,texto,correta,ordem) values ('4c3f0f2a-3c14-42bb-97bb-9f0557a0d1f1','Cai drasticamente, pois o momento cresce com o quadrado do vão',true,3);
insert into public.quiz_options (question_id,texto,correta,ordem) values ('4c3f0f2a-3c14-42bb-97bb-9f0557a0d1f1','Aumenta quatro vezes',false,4);
insert into public.quiz_questions (id,quiz_id,texto,explicacao,ordem,pontos) values ('1efbb144-c81f-4679-85d6-d77400603042','b9086f5a-b2ed-4759-b02d-d1a56e0c9138','Flecha excessiva indica o quê?','Flecha grande é alerta: reduza carga, diminua o vão ou adicione apoio, respeitando o limite do chart.',4,1);
insert into public.quiz_options (question_id,texto,correta,ordem) values ('1efbb144-c81f-4679-85d6-d77400603042','Que a treliça está folgada de carga',false,1);
insert into public.quiz_options (question_id,texto,correta,ordem) values ('1efbb144-c81f-4679-85d6-d77400603042','Que se pode dobrar a carga',false,2);
insert into public.quiz_options (question_id,texto,correta,ordem) values ('1efbb144-c81f-4679-85d6-d77400603042','Que você está no limite e deve reduzir carga ou vão',true,3);
insert into public.quiz_options (question_id,texto,correta,ordem) values ('1efbb144-c81f-4679-85d6-d77400603042','Que o alumínio é fraco',false,4);
insert into public.quiz_questions (id,quiz_id,texto,explicacao,ordem,pontos) values ('48e504af-89eb-4e4b-a7ea-b48aadd12a5e','b9086f5a-b2ed-4759-b02d-d1a56e0c9138','Quando é obrigatório chamar engenheiro habilitado?','Cenários atípicos saem da validade do load chart e exigem cálculo assinado por engenheiro com ART/RRT.',5,1);
insert into public.quiz_options (question_id,texto,correta,ordem) values ('48e504af-89eb-4e4b-a7ea-b48aadd12a5e','Sempre que montar qualquer treliça',false,1);
insert into public.quiz_options (question_id,texto,correta,ordem) values ('48e504af-89eb-4e4b-a7ea-b48aadd12a5e','Nunca',false,2);
insert into public.quiz_options (question_id,texto,correta,ordem) values ('48e504af-89eb-4e4b-a7ea-b48aadd12a5e','Em configurações fora do catálogo: balanços, vento externo, cargas combinadas',true,3);
insert into public.quiz_options (question_id,texto,correta,ordem) values ('48e504af-89eb-4e4b-a7ea-b48aadd12a5e','Só se o cliente pedir',false,4);
insert into public.lessons (id,module_id,titulo,tipo,conteudo_rico,duracao_min,ordem,tem_quiz,preview_gratis) values ('070c8c45-70ed-4c2e-a4b2-88ef8ba389e0','5a20fb59-4b52-4da2-8ef8-644da0c58ffa','Conexões da treliça: cubo, spigot/cone, conector e montagem','texto','<p><strong>Para começar:</strong> Uma treliça perfeita conectada de forma errada vira um perigo. As juntas são onde a carga passa de uma barra para outra — e onde mais se erra.</p><p>Esta aula cobre como as barras se unem: cubo (corner block), sistema spigot/cone com pinos e contrapinos (Prolyte CCS6) ou conexão por parafuso/flange (Global Truss), além das boas práticas de montagem no chão (assembly) antes de subir. Conexão errada anula o load chart.</p><ul><li><strong>Cubo e corner block:</strong> São os blocos de canto que permitem mudar de direção (formar quadros, portais, grids). O cubo deve ser do mesmo sistema/série da treliça e ter a mesma classe de carga. Misturar cubo de capacidade inferior cria o elo fraco da estrutura.</li><li><strong>Spigot/cone, pino e contrapino:</strong> Em sistemas tipo Prolyte CCS6/CCS7, a união é feita por um cone (spigot) inserido entre as barras, travado por dois pinos e seus contrapinos (clipes de segurança). TODOS os pinos e contrapinos devem ser instalados; faltar um contrapino é falha grave que pode soltar a junta sob vibração.</li><li><strong>Conexão por parafuso/flange:</strong> Sistemas como Global Truss F-series unem por parafusos (M-bolts) com porca e arruela, em furos de flange. Aperte conforme o fabricante, sem improvisar parafuso de bitola/classe diferente. Parafuso de ferragem comum não tem a classe de resistência exigida.</li><li><strong>Compatibilidade entre marcas:</strong> Não assuma que treliças de marcas diferentes encaixam ou têm a mesma capacidade só porque o cone ''entra''. Use adaptadores oficiais quando existirem e respeite o menor load chart envolvido. Conectar Q30 com Q40 muda completamente o comportamento.</li><li><strong>Montagem no solo (ground assembly):</strong> Monte o máximo possível no chão, sobre cavaletes, conferindo alinhamento e todas as conexões, antes de içar. É mais seguro e mais rápido do que conectar no alto. Marque a orientação (carga preferencial do load chart) para subir no sentido correto.</li></ul><h4>Equipamentos / detalhes</h4><ul><li><strong>Cones/spigots, pinos e contrapinos (ex.: Prolyte CCS6):</strong> União estrutural travada entre barras do mesmo sistema</li><li><strong>Parafusos/porcas de classe especificada (ex.: Global Truss F34):</strong> Conexão por flange conforme torque do fabricante</li><li><strong>Cubo/corner block da mesma série e classe:</strong> Mudança de direção mantendo a capacidade da estrutura</li><li><strong>Cavaletes de montagem:</strong> Montar e conferir a treliça no solo com segurança</li><li><strong>Martelo de borracha e chaves corretas:</strong> Encaixar cones e apertar conexões sem danificar o alumínio</li></ul><h4>Passo a passo</h4><ol><li><strong>Separe componentes do mesmo sistema:</strong> Confirme que barras, cubos, cones e pinos são da mesma série e classe de carga.</li><li><strong>Monte sobre cavaletes:</strong> Apoie as barras alinhadas e una-as no solo, evitando trabalho em altura desnecessário (NR-35).</li><li><strong>Insira cones e trave pinos:</strong> Encaixe o cone, instale os DOIS pinos e prenda TODOS os contrapinos/clipes — confira um a um.</li><li><strong>Aperte parafusos ao torque:</strong> Em sistemas de flange, use o parafuso correto e o torque indicado pelo fabricante.</li><li><strong>Verifique alinhamento e orientação:</strong> Cheque que não há barra torta e que a face de maior carga está no sentido previsto pelo load chart.</li><li><strong>Inspeção dupla antes de içar:</strong> Um segundo profissional revisa todas as juntas; só então a estrutura sobe.</li></ol><p><strong>Na prática:</strong> Durante a montagem de um portal, o assistente esquece um contrapino numa junta no alto. Na conferência dupla (passo final), o líder de rigging percorre cada cone e detecta o clipe faltando antes do içamento. A junta é completada no chão. Sem essa rotina de dupla checagem, a falha só apareceria sob vibração, no pior momento.</p><h4>Resumo</h4><ul><li>As juntas transferem a carga; cubo, cone e pinos devem ser do mesmo sistema e classe.</li><li>Faltar contrapino ou usar parafuso errado anula o load chart e pode soltar a junta sob vibração.</li><li>Monte e confira no solo, marque a orientação e faça dupla checagem antes de içar.</li></ul>',25,3,true,false);
insert into public.quizzes (id,lesson_id,titulo) values ('1ebb70c9-aaee-4953-a524-d4acea71243c','070c8c45-70ed-4c2e-a4b2-88ef8ba389e0','Quiz — Conexões da treliça: cubo, spigot/cone, conector e montagem');
insert into public.quiz_questions (id,quiz_id,texto,explicacao,ordem,pontos) values ('e91d6fa7-a52e-4730-858e-44a35e55d5ff','1ebb70c9-aaee-4953-a524-d4acea71243c','O que é o contrapino (clipe) na junta de cone?','O contrapino trava o pino; faltar um é falha grave porque a vibração pode liberar a junta.',1,1);
insert into public.quiz_options (question_id,texto,correta,ordem) values ('e91d6fa7-a52e-4730-858e-44a35e55d5ff','Decoração',false,1);
insert into public.quiz_options (question_id,texto,correta,ordem) values ('e91d6fa7-a52e-4730-858e-44a35e55d5ff','Elemento de segurança que trava o pino e impede a junta de soltar',true,2);
insert into public.quiz_options (question_id,texto,correta,ordem) values ('e91d6fa7-a52e-4730-858e-44a35e55d5ff','Ferramenta de aperto',false,3);
insert into public.quiz_options (question_id,texto,correta,ordem) values ('e91d6fa7-a52e-4730-858e-44a35e55d5ff','Parte do cabo elétrico',false,4);
insert into public.quiz_questions (id,quiz_id,texto,explicacao,ordem,pontos) values ('6a005015-9893-40dc-b0de-3f6d2eed3853','1ebb70c9-aaee-4953-a524-d4acea71243c','Pode-se misturar treliças de marcas diferentes livremente?','Encaixar não significa compatibilidade estrutural; use adaptadores oficiais e a menor capacidade envolvida.',2,1);
insert into public.quiz_options (question_id,texto,correta,ordem) values ('6a005015-9893-40dc-b0de-3f6d2eed3853','Sim, se o cone encaixar',false,1);
insert into public.quiz_options (question_id,texto,correta,ordem) values ('6a005015-9893-40dc-b0de-3f6d2eed3853','Não; use adaptadores oficiais e respeite o menor load chart',true,2);
insert into public.quiz_options (question_id,texto,correta,ordem) values ('6a005015-9893-40dc-b0de-3f6d2eed3853','Sim, sempre',false,3);
insert into public.quiz_options (question_id,texto,correta,ordem) values ('6a005015-9893-40dc-b0de-3f6d2eed3853','Só treliças vermelhas',false,4);
insert into public.quiz_questions (id,quiz_id,texto,explicacao,ordem,pontos) values ('979d7354-023e-45f6-bec5-5c2b7b694794','1ebb70c9-aaee-4953-a524-d4acea71243c','Por que montar a treliça no solo antes de içar?','A montagem no solo é mais segura (menos altura, NR-35) e permite checagem completa das conexões.',3,1);
insert into public.quiz_options (question_id,texto,correta,ordem) values ('979d7354-023e-45f6-bec5-5c2b7b694794','É mais bonito',false,1);
insert into public.quiz_options (question_id,texto,correta,ordem) values ('979d7354-023e-45f6-bec5-5c2b7b694794','Reduz trabalho em altura e permite conferir todas as juntas com segurança',true,2);
insert into public.quiz_options (question_id,texto,correta,ordem) values ('979d7354-023e-45f6-bec5-5c2b7b694794','É exigência do cliente',false,3);
insert into public.quiz_options (question_id,texto,correta,ordem) values ('979d7354-023e-45f6-bec5-5c2b7b694794','Para gastar mais tempo',false,4);
insert into public.quiz_questions (id,quiz_id,texto,explicacao,ordem,pontos) values ('f8afe16f-f125-47cb-9491-9892eade84a8','1ebb70c9-aaee-4953-a524-d4acea71243c','Qual parafuso usar numa conexão de flange?','Parafusos comuns não têm a classe de resistência exigida; use o especificado e o torque do fabricante.',4,1);
insert into public.quiz_options (question_id,texto,correta,ordem) values ('f8afe16f-f125-47cb-9491-9892eade84a8','Qualquer parafuso de ferragem',false,1);
insert into public.quiz_options (question_id,texto,correta,ordem) values ('f8afe16f-f125-47cb-9491-9892eade84a8','O parafuso de classe e bitola especificados pelo fabricante, no torque correto',true,2);
insert into public.quiz_options (question_id,texto,correta,ordem) values ('f8afe16f-f125-47cb-9491-9892eade84a8','O mais barato disponível',false,3);
insert into public.quiz_options (question_id,texto,correta,ordem) values ('f8afe16f-f125-47cb-9491-9892eade84a8','Sem parafuso, só encaixe',false,4);
insert into public.lessons (id,module_id,titulo,tipo,conteudo_rico,duracao_min,ordem,tem_quiz,preview_gratis) values ('928de739-5cda-49c7-9da6-e9ddc9a5e4c8','5a20fb59-4b52-4da2-8ef8-644da0c58ffa','Rigging e içamento: talhas, pontos, slings e redundância','texto','<p><strong>Para começar:</strong> Voar uma estrutura sobre a cabeça do público é a operação mais crítica do evento. Tudo aqui é vida — não há margem para improviso.</p><p>Rigging é a arte e a engenharia de suspender cargas com segurança. Você verá talhas elétricas (chain hoist) como CM Lodestar e ChainMaster, pontos de içamento e sua capacidade, slings de cabo de aço e cintas, manilhas (shackles), a diferença entre ground support e estrutura voada (flown), fator de segurança e a obrigatoriedade de redundância. NR-35 (trabalho em altura) e NR-18 são o pano de fundo legal.</p><ul><li><strong>Talha elétrica / motor (chain hoist):</strong> Equipamento que iça a treliça por uma corrente de elos. Modelos de referência: CM Lodestar e ChainMaster. Capacidades típicas em eventos: 1/2 t e 1 t. Devem ter certificação, manutenção em dia e ser operados por controladora adequada. Em rigging de entretenimento exige-se motor de boa procedência, não talha de oficina mecânica improvisada.</li><li><strong>Içamento direto x redundante (D8/D8+/BGV-C1/IGVW SQ P2):</strong> A operação de elevação de cargas SOBRE PESSOAS tem requisitos mais rígidos do que içar carga industrial. Padrões europeus de referência (BGV-C1, hoje IGVW SQ P2/SQ P1, e a classificação D8/D8+ de motores) definem condições para içar sobre público — incluindo redundância. Conheça e siga o padrão exigido na sua praça e contrato.</li><li><strong>Pontos de içamento e capacidade:</strong> Cada ponto (gancho do galpão, viga, ground support) tem uma capacidade que precisa ser conhecida e documentada. Pendurar num ponto sem capacidade comprovada é como pendurar no desconhecido. Em estruturas prediais, a capacidade do ponto deve ser confirmada por responsável pela edificação/engenheiro.</li><li><strong>Slings: cabo de aço e cinta:</strong> Slings (lingas) conectam a treliça ao motor ou ao ponto. Podem ser de cabo de aço (steel wire rope) ou cinta têxtil (round sling/polyester). Cada sling tem WLL (Working Load Limit) etiquetado. O ângulo da linga reduz a capacidade: quanto mais aberto o ângulo, maior a força em cada perna. Proteja cintas têxteis de quinas vivas com protetores.</li><li><strong>Manilhas (shackles):</strong> A manilha conecta sling, ponto e motor. Use manilhas de rigging marcadas com WLL (ex.: tipo Crosby ou equivalente certificado), nunca manilha de ferragem sem marcação. Pino rosqueado deve estar totalmente apertado. A capacidade da manilha deve ser igual ou maior que a do conjunto.</li><li><strong>Fator de segurança e WLL:</strong> WLL é a carga de trabalho segura, já dividida pela carga de ruptura por um fator (frequentemente 5:1 para acessórios de içamento, conforme norma do componente). Nunca opere acima do WLL. Some o peso real da carga e confirme que cada elo da corrente (motor, sling, manilha, ponto) tem WLL suficiente.</li><li><strong>Redundância / cabo de segurança (safety):</strong> Para cargas sobre pessoas, exige-se redundância: um segundo caminho de carga (safety/steel) que segura o equipamento caso o primário falhe. Refletores e acessórios pendurados levam cabo de segurança (safety bond) com WLL adequado. Redundância NÃO é opcional em rigging sobre público.</li><li><strong>NR-35 e NR-18:</strong> NR-35 rege trabalho em altura: análise de risco, permissão de trabalho, cinto/talabarte com duplo gancho ancorado em ponto resistente, capacitação e supervisão. NR-18 trata de segurança na construção/montagem de estruturas. Toda equipe que sobe na treliça precisa de capacitação válida e EPI adequado.</li></ul><h4>Equipamentos / detalhes</h4><ul><li><strong>Talha elétrica / chain hoist (CM Lodestar, ChainMaster) 1/2 t–1 t certificada:</strong> Içamento controlado da treliça</li><li><strong>Controladora de motores (motor controller):</strong> Operar motores individualmente ou em grupo com segurança</li><li><strong>Slings de cabo de aço e round slings têxteis com WLL etiquetado:</strong> Conexão entre treliça, ponto e motor</li><li><strong>Manilhas de rigging certificadas com WLL marcado (ex.: Crosby):</strong> União de slings, pontos e motores</li><li><strong>Cabo de segurança / safety bond com WLL:</strong> Redundância obrigatória em equipamentos sobre pessoas (SEGURANÇA)</li><li><strong>EPI de altura: cinto paraquedista, talabarte duplo, capacete (NR-35):</strong> Proteção da equipe em trabalho em altura</li><li><strong>Dinamômetro / célula de carga (load cell):</strong> Medir a carga real em cada motor/ponto</li></ul><h4>Passo a passo</h4><ol><li><strong>Faça a análise de risco e a APR/PT:</strong> Antes de subir, avalie riscos, defina pontos de ancoragem e emita permissão de trabalho (NR-35).</li><li><strong>Confirme a capacidade dos pontos:</strong> Verifique e documente o WLL de cada ponto de içamento com o responsável pela estrutura/engenheiro.</li><li><strong>Dimensione o conjunto de içamento:</strong> Some a carga real e escolha motor, slings e manilhas com WLL suficiente, considerando o ângulo das lingas.</li><li><strong>Inspecione cada componente:</strong> Cheque corrente, gancho com trava, slings (sem fios rompidos), manilhas marcadas e pino apertado. Descarte o que estiver danificado.</li><li><strong>Instale a redundância:</strong> Adicione cabo de segurança em equipamentos e, sobre público, garanta segundo caminho de carga conforme o padrão exigido.</li><li><strong>Ice de forma controlada e nivelada:</strong> Suba devagar, observando todos os motores e a estrutura; pare a qualquer sinal de carga desigual ou ruído anômalo.</li><li><strong>Trave e isole a área:</strong> Com a carga no ponto, bloqueie o acesso embaixo enquanto há pessoas trabalhando acima.</li></ol><p><strong>Na prática:</strong> Para voar uma treliça com line array, a equipe emite a APR, confirma com o engenheiro do espaço que cada gancho do teto suporta 1 t, e mede com célula de carga 720 kg em cada motor. Slings de aço com WLL de 2 t e manilhas Crosby de 2 t fecham o conjunto com folga. Cada caixa do array tem seu safety. Quando um motor sobe mais rápido, o operador para tudo e renivela — carga desigual nunca é ignorada.</p><h4>Resumo</h4><ul><li>Içar sobre público exige motor certificado, WLL respeitado em cada elo e redundância obrigatória.</li><li>Slings e manilhas têm WLL etiquetado; ângulo de linga aberto aumenta a força em cada perna.</li><li>NR-35 e NR-18 regem a operação: APR, EPI, ancoragem resistente e equipe capacitada são inegociáveis.</li></ul>',40,4,true,false);
insert into public.quizzes (id,lesson_id,titulo) values ('1d22e854-0b74-4f7f-944e-6ea3b263ef36','928de739-5cda-49c7-9da6-e9ddc9a5e4c8','Quiz — Rigging e içamento: talhas, pontos, slings e redundância');
insert into public.quiz_questions (id,quiz_id,texto,explicacao,ordem,pontos) values ('bbb499a2-56dd-48cd-b1e6-3ddcd176109e','1d22e854-0b74-4f7f-944e-6ea3b263ef36','O que significa WLL num sling ou manilha?','WLL é a carga de trabalho segura, já obtida dividindo a ruptura por um fator de segurança; nunca opere acima dela.',1,1);
insert into public.quiz_options (question_id,texto,correta,ordem) values ('bbb499a2-56dd-48cd-b1e6-3ddcd176109e','Peso do próprio acessório',false,1);
insert into public.quiz_options (question_id,texto,correta,ordem) values ('bbb499a2-56dd-48cd-b1e6-3ddcd176109e','Working Load Limit: carga de trabalho segura, com fator de segurança aplicado',true,2);
insert into public.quiz_options (question_id,texto,correta,ordem) values ('bbb499a2-56dd-48cd-b1e6-3ddcd176109e','Comprimento do cabo',false,3);
insert into public.quiz_options (question_id,texto,correta,ordem) values ('bbb499a2-56dd-48cd-b1e6-3ddcd176109e','Marca do fabricante',false,4);
insert into public.quiz_questions (id,quiz_id,texto,explicacao,ordem,pontos) values ('4d14960b-db3f-4109-b97c-2b300d763c31','1d22e854-0b74-4f7f-944e-6ea3b263ef36','O que acontece com a carga em cada perna ao abrir o ângulo da linga?','Ângulos mais abertos elevam a força em cada perna do sling, podendo ultrapassar o WLL se ignorado.',2,1);
insert into public.quiz_options (question_id,texto,correta,ordem) values ('4d14960b-db3f-4109-b97c-2b300d763c31','Diminui',false,1);
insert into public.quiz_options (question_id,texto,correta,ordem) values ('4d14960b-db3f-4109-b97c-2b300d763c31','Não muda',false,2);
insert into public.quiz_options (question_id,texto,correta,ordem) values ('4d14960b-db3f-4109-b97c-2b300d763c31','Aumenta',true,3);
insert into public.quiz_options (question_id,texto,correta,ordem) values ('4d14960b-db3f-4109-b97c-2b300d763c31','Vira zero',false,4);
insert into public.quiz_questions (id,quiz_id,texto,explicacao,ordem,pontos) values ('a1e992a5-0bcf-4e91-bd7d-2f082059a3d0','1d22e854-0b74-4f7f-944e-6ea3b263ef36','A redundância (cabo de segurança) sobre público é:','Em rigging sobre pessoas a redundância é exigida: se o caminho primário falha, o secundário segura a carga.',3,1);
insert into public.quiz_options (question_id,texto,correta,ordem) values ('a1e992a5-0bcf-4e91-bd7d-2f082059a3d0','Opcional',false,1);
insert into public.quiz_options (question_id,texto,correta,ordem) values ('a1e992a5-0bcf-4e91-bd7d-2f082059a3d0','Obrigatória — segundo caminho de carga caso o primário falhe',true,2);
insert into public.quiz_options (question_id,texto,correta,ordem) values ('a1e992a5-0bcf-4e91-bd7d-2f082059a3d0','Só para shows grandes',false,3);
insert into public.quiz_options (question_id,texto,correta,ordem) values ('a1e992a5-0bcf-4e91-bd7d-2f082059a3d0','Decorativa',false,4);
insert into public.quiz_questions (id,quiz_id,texto,explicacao,ordem,pontos) values ('10e0a561-2891-491c-a730-49cd62b47900','1d22e854-0b74-4f7f-944e-6ea3b263ef36','Qual NR rege o trabalho em altura na montagem?','A NR-35 trata de trabalho em altura: APR, permissão, EPI, ancoragem e capacitação.',4,1);
insert into public.quiz_options (question_id,texto,correta,ordem) values ('10e0a561-2891-491c-a730-49cd62b47900','NR-10',false,1);
insert into public.quiz_options (question_id,texto,correta,ordem) values ('10e0a561-2891-491c-a730-49cd62b47900','NR-12',false,2);
insert into public.quiz_options (question_id,texto,correta,ordem) values ('10e0a561-2891-491c-a730-49cd62b47900','NR-35',true,3);
insert into public.quiz_options (question_id,texto,correta,ordem) values ('10e0a561-2891-491c-a730-49cd62b47900','NR-23',false,4);
insert into public.quiz_questions (id,quiz_id,texto,explicacao,ordem,pontos) values ('c7308ede-4329-4148-a52e-fba98a1dad76','1d22e854-0b74-4f7f-944e-6ea3b263ef36','Qual manilha é aceitável em rigging de entretenimento?','Use manilhas de rigging marcadas com WLL (tipo Crosby/equivalente), com pino totalmente apertado.',5,1);
insert into public.quiz_options (question_id,texto,correta,ordem) values ('c7308ede-4329-4148-a52e-fba98a1dad76','Qualquer manilha de ferragem',false,1);
insert into public.quiz_options (question_id,texto,correta,ordem) values ('c7308ede-4329-4148-a52e-fba98a1dad76','Manilha de rigging certificada com WLL marcado e pino apertado',true,2);
insert into public.quiz_options (question_id,texto,correta,ordem) values ('c7308ede-4329-4148-a52e-fba98a1dad76','Manilha enferrujada se for grande',false,3);
insert into public.quiz_options (question_id,texto,correta,ordem) values ('c7308ede-4329-4148-a52e-fba98a1dad76','Sem manilha, só nó',false,4);
insert into public.lessons (id,module_id,titulo,tipo,conteudo_rico,duracao_min,ordem,tem_quiz,preview_gratis) values ('6bbea573-a7be-4071-af7b-c22726ad909d','5a20fb59-4b52-4da2-8ef8-644da0c58ffa','Ground support, voo e estabilidade da estrutura','texto','<p><strong>Para começar:</strong> Nem toda estrutura é pendurada. Muitas vezes você a ergue do chão — e aí o desafio é não deixar tombar.</p><p>Ground support são torres/colunas que sustentam a treliça a partir do solo, com cabeçotes (sleeve block) e motores que sobem o grid pela própria torre. Esta aula trata de bases, lastro (ballast), estais (guy wires), vento e a diferença prática entre voar (flown) e apoiar (ground). Estruturas externas têm o agravante do vento — sempre projeto de engenheiro.</p><ul><li><strong>Ground support: como funciona:</strong> Torres verticais de treliça (sleeve block + tower) recebem o grid horizontal e o elevam por motores internos. É usado quando não há ponto no teto, em arenas, ginásios e shows ao ar livre. As torres transferem toda a carga ao piso, que precisa suportar a reação.</li><li><strong>Base, sapata e distribuição de carga:</strong> Cada torre apoia numa base (base plate) que distribui a carga ao solo. Em pisos frágeis ou irregulares use placas de distribuição. A reação no pé inclui o peso da estrutura mais qualquer efeito de vento — verifique a capacidade do piso/solo.</li><li><strong>Lastro (ballast) e estabilidade:</strong> Para evitar tombamento, principalmente com vento, usa-se lastro (contrapeso) e/ou estais. A quantidade de lastro e o esquema de estaiamento são definidos por cálculo de engenheiro, considerando a área de vela (telão, banner, lona) e a velocidade de vento de projeto. Banner aumenta MUITO a força de vento.</li><li><strong>Estais (guy wires):</strong> Cabos tensionados que ancoram a estrutura ao solo, resistindo a forças laterais (vento). Ângulo, ponto de ancoragem e tensão fazem parte do projeto. Estais mal ancorados são tão perigosos quanto ausentes.</li><li><strong>Voar (flown) x apoiar (ground):</strong> Voar pendura no teto/ponto existente — depende da capacidade desse ponto. Apoiar (ground support) é independente do teto, mas exige torres, base e estabilidade contra tombamento. A escolha depende do local, da carga e da capacidade dos pontos disponíveis.</li><li><strong>Vento e ambiente externo:</strong> Ao ar livre, vento é a carga dominante e variável. Estruturas externas exigem projeto com plano de gerenciamento de vento: velocidades-limite para operar, parar o show e evacuar/abaixar a estrutura. Monitore com anemômetro. Não existe palco externo seguro sem plano de vento assinado por engenheiro.</li></ul><h4>Equipamentos / detalhes</h4><ul><li><strong>Torres de ground support (sleeve block + tower):</strong> Erguer o grid a partir do solo sem depender do teto</li><li><strong>Base plates e placas de distribuição de carga:</strong> Distribuir a reação da torre em pisos frágeis ou irregulares</li><li><strong>Lastro / ballast (contrapesos):</strong> Estabilidade contra tombamento, dimensionado por engenheiro (SEGURANÇA)</li><li><strong>Estais (guy wires) e ancoragens:</strong> Resistir a forças laterais e de vento</li><li><strong>Anemômetro:</strong> Medir a velocidade do vento e acionar o plano de gerenciamento</li><li><strong>Projeto/ART de engenheiro para estrutura externa:</strong> Definir lastro, estais e limites de vento (SEGURANÇA)</li></ul><h4>Passo a passo</h4><ol><li><strong>Avalie o piso/solo:</strong> Confirme que o piso suporta a reação das torres; use placas de distribuição onde necessário.</li><li><strong>Monte torres aprumadas:</strong> Erga as torres niveladas e no prumo, conforme o manual do sistema de ground support.</li><li><strong>Instale lastro e estais conforme projeto:</strong> Aplique o contrapeso e o estaiamento exatamente como o engenheiro especificou para a área de vela e vento.</li><li><strong>Eleve o grid de forma sincronizada:</strong> Suba o grid pelos motores das torres de modo nivelado, observando estabilidade.</li><li><strong>Cheque prumo e tensões:</strong> Reverifique prumo das torres e tensão dos estais após o grid no lugar.</li><li><strong>Ative o plano de vento:</strong> Posicione o anemômetro e defina limites de operação, parada e descida da estrutura.</li></ol><p><strong>Na prática:</strong> Num palco ao ar livre com telão de 5 x 3 m, a área de vela aumenta a força do vento sobre as torres. O projeto do engenheiro pede 600 kg de lastro por torre e estais a 45°. No dia, o anemômetro marca rajadas crescentes; ao atingir o limite do plano, o produtor interrompe o show e a equipe abaixa o grid. A decisão salva a estrutura — vento não negocia.</p><h4>Resumo</h4><ul><li>Ground support ergue o grid do chão por torres; toda a carga vai ao piso, que precisa suportar.</li><li>Lastro e estais garantem estabilidade contra tombamento e devem ser dimensionados por engenheiro.</li><li>Em estruturas externas o vento manda: anemômetro, limites de operação e plano de descida são obrigatórios.</li></ul>',25,5,true,false);
insert into public.quizzes (id,lesson_id,titulo) values ('77cdf64f-f97f-4c85-b4f9-e8c444f9c9a5','6bbea573-a7be-4071-af7b-c22726ad909d','Quiz — Ground support, voo e estabilidade da estrutura');
insert into public.quiz_questions (id,quiz_id,texto,explicacao,ordem,pontos) values ('54943021-7476-408d-8512-1f348b24bc0a','77cdf64f-f97f-4c85-b4f9-e8c444f9c9a5','O que diferencia ground support de estrutura voada (flown)?','Ground support é independente do teto, mas exige torres e estabilidade; flown depende da capacidade do ponto de suspensão.',1,1);
insert into public.quiz_options (question_id,texto,correta,ordem) values ('54943021-7476-408d-8512-1f348b24bc0a','Nada',false,1);
insert into public.quiz_options (question_id,texto,correta,ordem) values ('54943021-7476-408d-8512-1f348b24bc0a','Ground support se apoia no chão por torres; flown pende de pontos no teto',true,2);
insert into public.quiz_options (question_id,texto,correta,ordem) values ('54943021-7476-408d-8512-1f348b24bc0a','Flown é mais barato sempre',false,3);
insert into public.quiz_options (question_id,texto,correta,ordem) values ('54943021-7476-408d-8512-1f348b24bc0a','Ground support não precisa de motor',false,4);
insert into public.quiz_questions (id,quiz_id,texto,explicacao,ordem,pontos) values ('dc8789a5-f3a1-4123-b7db-f010c9c4e312','77cdf64f-f97f-4c85-b4f9-e8c444f9c9a5','Por que telões e banners são críticos em estrutura externa?','A área de vela amplia a força do vento, exigindo mais lastro/estais e influenciando todo o cálculo.',2,1);
insert into public.quiz_options (question_id,texto,correta,ordem) values ('dc8789a5-f3a1-4123-b7db-f010c9c4e312','Pesam pouco',false,1);
insert into public.quiz_options (question_id,texto,correta,ordem) values ('dc8789a5-f3a1-4123-b7db-f010c9c4e312','Aumentam muito a área de vela e a força do vento',true,2);
insert into public.quiz_options (question_id,texto,correta,ordem) values ('dc8789a5-f3a1-4123-b7db-f010c9c4e312','Não afetam nada',false,3);
insert into public.quiz_options (question_id,texto,correta,ordem) values ('dc8789a5-f3a1-4123-b7db-f010c9c4e312','Só mudam a estética',false,4);
insert into public.quiz_questions (id,quiz_id,texto,explicacao,ordem,pontos) values ('dd25fe06-72f6-4c4e-a794-a7ff6ae222d6','77cdf64f-f97f-4c85-b4f9-e8c444f9c9a5','Quem define a quantidade de lastro e o esquema de estais?','Lastro e estaiamento dependem de cálculo (área de vela, vento de projeto) feito por engenheiro habilitado.',3,1);
insert into public.quiz_options (question_id,texto,correta,ordem) values ('dd25fe06-72f6-4c4e-a794-a7ff6ae222d6','O montador no improviso',false,1);
insert into public.quiz_options (question_id,texto,correta,ordem) values ('dd25fe06-72f6-4c4e-a794-a7ff6ae222d6','Engenheiro habilitado via projeto/ART',true,2);
insert into public.quiz_options (question_id,texto,correta,ordem) values ('dd25fe06-72f6-4c4e-a794-a7ff6ae222d6','O cliente',false,3);
insert into public.quiz_options (question_id,texto,correta,ordem) values ('dd25fe06-72f6-4c4e-a794-a7ff6ae222d6','O fornecedor de som',false,4);
insert into public.quiz_questions (id,quiz_id,texto,explicacao,ordem,pontos) values ('0cfe724d-1880-4228-9e34-7f9aeb2c3d42','77cdf64f-f97f-4c85-b4f9-e8c444f9c9a5','Qual instrumento aciona o plano de gerenciamento de vento?','O anemômetro mede a velocidade do vento e dispara as decisões de parar e abaixar a estrutura.',4,1);
insert into public.quiz_options (question_id,texto,correta,ordem) values ('0cfe724d-1880-4228-9e34-7f9aeb2c3d42','Termômetro',false,1);
insert into public.quiz_options (question_id,texto,correta,ordem) values ('0cfe724d-1880-4228-9e34-7f9aeb2c3d42','Anemômetro',true,2);
insert into public.quiz_options (question_id,texto,correta,ordem) values ('0cfe724d-1880-4228-9e34-7f9aeb2c3d42','Decibelímetro',false,3);
insert into public.quiz_options (question_id,texto,correta,ordem) values ('0cfe724d-1880-4228-9e34-7f9aeb2c3d42','Trena',false,4);
insert into public.lessons (id,module_id,titulo,tipo,conteudo_rico,duracao_min,ordem,tem_quiz,preview_gratis) values ('1d327eed-70d2-4786-b4bd-540e51e619d9','5a20fb59-4b52-4da2-8ef8-644da0c58ffa','Energia: distribuição, quadros, fases e dimensionamento de cabo','texto','<p><strong>Para começar:</strong> Sem energia bem feita, nenhum show acontece — e energia mal feita mata. Aterramento, dimensionamento e proteção são o coração da segurança elétrica.</p><p>Esta aula cobre a cadeia de energia do evento: entrada, quadro de distribuição, disjuntores e DR, conectores de força (CEE/IEC 60309, SocaPex, PowerCON, NBR 14136), trifásico x monofásico, balanceamento de fases, dimensionamento de carga e cabo (bitola x corrente x queda de tensão), aterramento, gerador e no-break. A NR-10 rege tudo isto. Projeto e execução em instalações de porte exigem profissional habilitado.</p><ul><li><strong>Cadeia de distribuição:</strong> A energia vem da entrada (concessionária ou gerador), passa por um quadro de distribuição (QGBT/quadro de força) com proteções, e se ramifica para áreas (palco, PA, luz, vídeo). Cada ramal tem disjuntor adequado à sua carga. O quadro deve ser próprio para uso temporário, fechado e protegido contra contato e intempérie.</li><li><strong>Disjuntores e DR (DDR/RCD):</strong> Disjuntores protegem contra sobrecarga e curto. O DR (dispositivo diferencial residual / RCD) protege pessoas contra choque por fuga de corrente, desarmando rapidamente (tipicamente 30 mA para proteção de pessoas). Circuitos acessíveis ao público e áreas molhadas devem ter DR. Disjuntor NÃO substitui DR — eles protegem coisas diferentes.</li><li><strong>Trifásico x monofásico e balanceamento:</strong> Rede trifásica entrega três fases (ex.: ~220/380 V conforme a região) mais neutro e terra; monofásico usa uma fase. Distribua as cargas de forma equilibrada entre as três fases (balanceamento) para não sobrecarregar uma fase e evitar corrente excessiva no neutro. Luz numa fase, som noutra, vídeo noutra é um começo — depois ajuste pelos consumos reais.</li><li><strong>Conectores de força:</strong> CEE/IEC 60309 (plugues azuis monofásicos e vermelhos trifásicos, com pinos e graus IP) são padrão robusto para força. SocaPex (multipino, tipo 19 pinos = 6 circuitos) concentra vários circuitos de luz num cabo. PowerCON (Neutrik) é trava para equipamentos de áudio/vídeo. NBR 14136 é o padrão de plugue/tomada brasileiro de uso geral. Use o conector certo para cada aplicação — nunca emende fio pelado.</li><li><strong>Dimensionamento de carga:</strong> Some a potência (W) de tudo no circuito e divida pela tensão para obter a corrente (A). O disjuntor e o cabo devem suportar essa corrente com margem. Não encha um circuito até o limite do disjuntor — deixe folga para picos (ex.: partida de motores, lâmpadas de descarga).</li><li><strong>Bitola do cabo x corrente x distância (queda de tensão):</strong> A seção do cabo (mm² na ABNT; AWG no padrão americano) deve suportar a corrente sem superaquecer E sem queda de tensão excessiva em longas distâncias. Quanto maior a corrente e a distância, maior a bitola necessária. Queda de tensão alta faz equipamentos falharem e cabos esquentarem. Para distâncias longas, suba a bitola — siga tabela técnica e norma (NBR 5410 para baixa tensão).</li><li><strong>Aterramento e equipotencialização:</strong> O terra (PE) leva correntes de falta para a terra e referencia o sistema, permitindo que o DR/disjuntor atue e evitando que carcaças fiquem energizadas. Equipotencialização interliga as massas metálicas (treliças, palco, racks) ao terra para que não haja diferença de potencial perigosa entre elas. Aterramento deficiente é causa comum de choque e de ruído em áudio.</li><li><strong>Gerador e no-break:</strong> Gerador fornece energia onde não há rede ou como reserva; deve ser dimensionado com folga, aterrado e com transferência segura. No-break/UPS mantém cargas críticas (consoles, rede, computadores) durante quedas/transições. Para shows, alimentar a régua de consoles por UPS evita reboot no meio do espetáculo.</li><li><strong>NR-10:</strong> A NR-10 rege segurança em instalações e serviços com eletricidade: profissionais autorizados e capacitados, projeto, prontuário, medidas de controle, EPI e procedimentos. Instalações de eventos de porte devem ter responsável técnico. Energia não é área para amador.</li></ul><h4>Equipamentos / detalhes</h4><ul><li><strong>Quadro de distribuição temporário com disjuntores e DR (RCD):</strong> Proteger circuitos contra sobrecarga/curto e pessoas contra choque (SEGURANÇA)</li><li><strong>Conectores CEE/IEC 60309 (azul mono, vermelho tri):</strong> Conexão de força robusta com grau IP</li><li><strong>Cabos SocaPex (multipino):</strong> Concentrar vários circuitos de luz num único cabo</li><li><strong>PowerCON (Neutrik) e plugues NBR 14136:</strong> Alimentação travada de áudio/vídeo e tomadas de uso geral</li><li><strong>Cabos com bitola dimensionada (mm²/AWG) por tabela e NBR 5410:</strong> Conduzir corrente sem superaquecer nem cair tensão demais</li><li><strong>Haste/sistema de aterramento e barramento de equipotencialização:</strong> Terra de proteção e interligação das massas metálicas (SEGURANÇA)</li><li><strong>Gerador dimensionado e no-break/UPS:</strong> Fornecimento e continuidade para cargas críticas</li><li><strong>Alicate amperímetro e multímetro:</strong> Medir corrente por fase e verificar tensão/continuidade do terra</li></ul><h4>Passo a passo</h4><ol><li><strong>Levante a carga total e por circuito:</strong> Some as potências, calcule a corrente e defina disjuntores e bitolas com folga (NBR 5410).</li><li><strong>Monte o quadro com proteção e DR:</strong> Use quadro temporário fechado, com disjuntores corretos e DR nos circuitos exigidos.</li><li><strong>Execute o aterramento primeiro:</strong> Estabeleça o terra e a equipotencialização das massas antes de energizar (SEGURANÇA).</li><li><strong>Balanceie as fases:</strong> Distribua os ramais entre L1/L2/L3 e meça com alicate amperímetro para equilibrar as correntes.</li><li><strong>Dimensione cabos pela distância:</strong> Para tiradas longas, aumente a bitola para limitar a queda de tensão; evite emendas improvisadas.</li><li><strong>Teste antes de liberar:</strong> Verifique continuidade do terra, atuação do DR (botão de teste) e ausência de tensão em carcaças.</li><li><strong>Proteja e sinalize:</strong> Cubra cabos com passa-cabos, isole o quadro do público e identifique cada circuito.</li></ol><p><strong>Na prática:</strong> Num evento com gerador, o eletricista soma 18 kW de luz, 6 kW de som e 3 kW de vídeo. Ele divide as cargas entre as três fases buscando equilíbrio e mede com alicate: 28 A, 31 A e 26 A — aceitável. O terra é cravado e testado, todos os circuitos do público têm DR de 30 mA, e a tirada de 60 m até o palco usa bitola maior para segurar a queda de tensão. Tudo testado com o botão do DR antes de liberar.</p><h4>Resumo</h4><ul><li>Da entrada ao ramal: quadro protegido, disjuntor contra sobrecarga e DR contra choque em pessoas.</li><li>Balanceie as três fases e dimensione o cabo por corrente E distância (queda de tensão).</li><li>Aterramento e equipotencialização são vitais; NR-10 exige profissional habilitado e procedimentos.</li></ul>',40,6,true,false);
insert into public.quizzes (id,lesson_id,titulo) values ('16e5288f-8d6f-407f-ba66-e76b9b754aa9','1d327eed-70d2-4786-b4bd-540e51e619d9','Quiz — Energia: distribuição, quadros, fases e dimensionamento de c');
insert into public.quiz_questions (id,quiz_id,texto,explicacao,ordem,pontos) values ('eca33ae5-d2d9-418e-9769-e35ae0ae692c','16e5288f-8d6f-407f-ba66-e76b9b754aa9','Qual a função do DR (RCD) no quadro?','O DR detecta fuga de corrente (tipicamente 30 mA p/ pessoas) e desarma rápido; não substitui disjuntor nem terra.',1,1);
insert into public.quiz_options (question_id,texto,correta,ordem) values ('eca33ae5-d2d9-418e-9769-e35ae0ae692c','Proteger contra sobrecarga',false,1);
insert into public.quiz_options (question_id,texto,correta,ordem) values ('eca33ae5-d2d9-418e-9769-e35ae0ae692c','Proteger pessoas contra choque por corrente de fuga',true,2);
insert into public.quiz_options (question_id,texto,correta,ordem) values ('eca33ae5-d2d9-418e-9769-e35ae0ae692c','Aumentar a tensão',false,3);
insert into public.quiz_options (question_id,texto,correta,ordem) values ('eca33ae5-d2d9-418e-9769-e35ae0ae692c','Substituir o aterramento',false,4);
insert into public.quiz_questions (id,quiz_id,texto,explicacao,ordem,pontos) values ('bf5c206c-4f8f-4319-9b09-fdb3c903a670','16e5288f-8d6f-407f-ba66-e76b9b754aa9','O que é balancear as fases?','Distribuir cargas iguais entre as fases evita sobrecarregar uma e reduz corrente no neutro.',2,1);
insert into public.quiz_options (question_id,texto,correta,ordem) values ('bf5c206c-4f8f-4319-9b09-fdb3c903a670','Usar só uma fase',false,1);
insert into public.quiz_options (question_id,texto,correta,ordem) values ('bf5c206c-4f8f-4319-9b09-fdb3c903a670','Distribuir as cargas de forma equilibrada entre L1/L2/L3',true,2);
insert into public.quiz_options (question_id,texto,correta,ordem) values ('bf5c206c-4f8f-4319-9b09-fdb3c903a670','Aumentar a tensão do neutro',false,3);
insert into public.quiz_options (question_id,texto,correta,ordem) values ('bf5c206c-4f8f-4319-9b09-fdb3c903a670','Desligar uma fase',false,4);
insert into public.quiz_questions (id,quiz_id,texto,explicacao,ordem,pontos) values ('cd666446-049d-4d2b-8b51-aac9e898187f','16e5288f-8d6f-407f-ba66-e76b9b754aa9','O que ocorre se o cabo for fino demais para a corrente e a distância?','Subdimensionar a bitola causa aquecimento e queda de tensão; em tiradas longas é preciso aumentar a seção.',3,1);
insert into public.quiz_options (question_id,texto,correta,ordem) values ('cd666446-049d-4d2b-8b51-aac9e898187f','Nada',false,1);
insert into public.quiz_options (question_id,texto,correta,ordem) values ('cd666446-049d-4d2b-8b51-aac9e898187f','Superaquece e há queda de tensão excessiva, fazendo equipamentos falharem',true,2);
insert into public.quiz_options (question_id,texto,correta,ordem) values ('cd666446-049d-4d2b-8b51-aac9e898187f','Aumenta a tensão',false,3);
insert into public.quiz_options (question_id,texto,correta,ordem) values ('cd666446-049d-4d2b-8b51-aac9e898187f','Melhora o desempenho',false,4);
insert into public.quiz_questions (id,quiz_id,texto,explicacao,ordem,pontos) values ('38ff9596-0213-497c-b9ac-d2153e660956','16e5288f-8d6f-407f-ba66-e76b9b754aa9','Para que serve o aterramento de proteção (PE)?','O terra escoa faltas e referencia o sistema, permitindo a atuação do DR/disjuntor e evitando choque.',4,1);
insert into public.quiz_options (question_id,texto,correta,ordem) values ('38ff9596-0213-497c-b9ac-d2153e660956','Decoração',false,1);
insert into public.quiz_options (question_id,texto,correta,ordem) values ('38ff9596-0213-497c-b9ac-d2153e660956','Levar correntes de falta à terra e permitir que a proteção atue, evitando carcaças energizadas',true,2);
insert into public.quiz_options (question_id,texto,correta,ordem) values ('38ff9596-0213-497c-b9ac-d2153e660956','Aumentar a potência',false,3);
insert into public.quiz_options (question_id,texto,correta,ordem) values ('38ff9596-0213-497c-b9ac-d2153e660956','Substituir o disjuntor',false,4);
insert into public.quiz_questions (id,quiz_id,texto,explicacao,ordem,pontos) values ('910d2692-3c29-4d67-a5bd-7d960cd39391','16e5288f-8d6f-407f-ba66-e76b9b754aa9','Qual norma rege segurança em instalações elétricas no trabalho?','A NR-10 trata de segurança em eletricidade: profissionais autorizados, projeto, EPI e procedimentos.',5,1);
insert into public.quiz_options (question_id,texto,correta,ordem) values ('910d2692-3c29-4d67-a5bd-7d960cd39391','NR-35',false,1);
insert into public.quiz_options (question_id,texto,correta,ordem) values ('910d2692-3c29-4d67-a5bd-7d960cd39391','NR-10',true,2);
insert into public.quiz_options (question_id,texto,correta,ordem) values ('910d2692-3c29-4d67-a5bd-7d960cd39391','NR-18',false,3);
insert into public.quiz_options (question_id,texto,correta,ordem) values ('910d2692-3c29-4d67-a5bd-7d960cd39391','NR-6',false,4);
insert into public.lessons (id,module_id,titulo,tipo,conteudo_rico,duracao_min,ordem,tem_quiz,preview_gratis) values ('d9856087-bc37-4c4c-a912-79e477c4c619','5a20fb59-4b52-4da2-8ef8-644da0c58ffa','Cabos e conectores por sinal: organização e proteção','texto','<p><strong>Para começar:</strong> Áudio, luz, vídeo e rede só funcionam se o cabo certo levar o sinal certo. E um cabo no chão sem proteção é tropeço, acidente e falha esperando para acontecer.</p><p>Cada tipo de sinal tem seu cabo e conector, suas limitações de comprimento e suas boas práticas. Você verá XLR/TRS (áudio), speakON (alto-falante), DMX (luz), HDMI/SDI/fibra (vídeo), etherCON (rede) e a alimentação, além de gestão (dressing) e proteção de cabos. Conector errado degrada o sinal e cria risco.</p><ul><li><strong>Áudio: XLR e TRS:</strong> XLR balanceado é o padrão de microfone e sinais de linha em longas distâncias (rejeita ruído). TRS/P10 também carrega áudio balanceado/instrumento. Áudio balanceado roda dezenas de metros com baixo ruído; não-balanceado é curto. Nunca use cabo de alto-falante como cabo de sinal nem vice-versa.</li><li><strong>Alto-falante: speakON:</strong> speakON (Neutrik) é o conector travado para potência de alto-falante entre amplificador e caixa, com bitola adequada à corrente. Substitui plugues que poderiam expor contatos energizados. Para potência, a bitola do condutor importa: caixa longe do amp pede condutor mais grosso.</li><li><strong>Luz: DMX (XLR 5 pinos):</strong> DMX512 trafega em cabo específico para dados (impedância ~120 ohm), idealmente conector XLR de 5 pinos. NÃO use cabo de microfone para DMX em links longos — a impedância errada causa erros e tremulação. Use terminador de 120 ohm no fim da linha e respeite limites de dispositivos/comprimento por universo.</li><li><strong>Vídeo: HDMI, SDI e fibra:</strong> HDMI é curto por natureza (poucos metros confiáveis em cobre passivo). SDI (coaxial BNC) roda muito mais longe e é padrão profissional. Para grandes distâncias use fibra óptica ou extensores. Escolha pela distância e resolução, não pelo que está à mão.</li><li><strong>Rede: etherCON:</strong> etherCON (Neutrik) é o RJ45 reforçado e travado para redes de áudio/luz/vídeo (Dante, sACN, Art-Net) em ambiente de palco. Cabo Ethernet de cobre tem limite prático de ~100 m por lance; acima disso, use fibra. Rede é hoje a espinha dorsal de muitos sistemas.</li><li><strong>Gestão (dressing) e proteção:</strong> Organize cabos com folga, separando força de sinal para reduzir interferência, e identifique as pontas. Proteja travessias com passa-cabos (cable ramp) ou calhas, principalmente onde há circulação de público. Cabo solto no chão é risco de tropeço e de dano ao próprio cabo. Faça laços de serviço e evite tração nos conectores.</li></ul><h4>Equipamentos / detalhes</h4><ul><li><strong>Cabos XLR e TRS (áudio balanceado):</strong> Microfones e sinais de linha com baixo ruído em distância</li><li><strong>Cabos speakON (Neutrik) com bitola adequada:</strong> Potência de amplificador para caixa acústica de forma travada</li><li><strong>Cabo DMX (~120 ohm) com XLR 5 pinos e terminador:</strong> Controle de luz (DMX512) sem erros de dados</li><li><strong>Cabos SDI/BNC, HDMI e fibra óptica:</strong> Vídeo conforme distância e resolução</li><li><strong>Cabos etherCON / Cat5e-Cat6:</strong> Redes de palco (Dante, sACN, Art-Net) travadas e protegidas</li><li><strong>Passa-cabos (cable ramp), calhas e fitas de identificação:</strong> Proteção contra tropeço/dano e organização (SEGURANÇA)</li></ul><h4>Passo a passo</h4><ol><li><strong>Escolha o cabo pelo sinal:</strong> Use o cabo específico de cada sinal (DMX para luz, SDI/fibra para vídeo longo, balanceado para áudio).</li><li><strong>Respeite os limites de distância:</strong> Conheça o alcance prático: HDMI curto, SDI/fibra longo, Ethernet ~100 m por lance.</li><li><strong>Separe força de sinal:</strong> Mantenha cabos de energia afastados dos de sinal para reduzir interferência/ruído.</li><li><strong>Termine e identifique:</strong> No DMX, use terminador de 120 ohm; etiquete todas as pontas para diagnóstico rápido.</li><li><strong>Proteja travessias:</strong> Cubra cruzamentos com passa-cabos ou calhas, sobretudo onde circula público (NR-35/NR-18 no entorno).</li><li><strong>Deixe laço de serviço:</strong> Evite tração no conector com uma folga próxima ao equipamento.</li></ol><p><strong>Na prática:</strong> Num festival, o técnico de luz usa cabo DMX de 120 ohm com XLR 5 pinos e terminador no último moving head — antes, com cabo de microfone, as luzes tremiam. O vídeo de 40 m até o telão é feito em SDI, não HDMI. Onde os cabos cruzam o corredor do público, entram passa-cabos amarelos. Resultado: sinal limpo e ninguém tropeça.</p><h4>Resumo</h4><ul><li>Cada sinal exige seu cabo: áudio balanceado/XLR, speakON, DMX 120 ohm, SDI/fibra, etherCON.</li><li>Respeite os limites de distância e separe força de sinal para preservar a qualidade.</li><li>Proteja travessias com passa-cabos e identifique tudo — organização é segurança e diagnóstico.</li></ul>',25,7,true,false);
insert into public.quizzes (id,lesson_id,titulo) values ('b278fbd3-8fb0-4349-801d-71b695a05f80','d9856087-bc37-4c4c-a912-79e477c4c619','Quiz — Cabos e conectores por sinal: organização e proteção');
insert into public.quiz_questions (id,quiz_id,texto,explicacao,ordem,pontos) values ('2635a7c3-b844-4d32-aba3-471e7d3d2299','b278fbd3-8fb0-4349-801d-71b695a05f80','Por que não usar cabo de microfone para DMX em link longo?','DMX precisa de cabo de dados ~120 ohm; cabo de microfone tem impedância diferente e gera erros em links longos.',1,1);
insert into public.quiz_options (question_id,texto,correta,ordem) values ('2635a7c3-b844-4d32-aba3-471e7d3d2299','É mais caro',false,1);
insert into public.quiz_options (question_id,texto,correta,ordem) values ('2635a7c3-b844-4d32-aba3-471e7d3d2299','A impedância errada (~120 ohm exigido) causa erros e tremulação',true,2);
insert into public.quiz_options (question_id,texto,correta,ordem) values ('2635a7c3-b844-4d32-aba3-471e7d3d2299','Não cabe no conector',false,3);
insert into public.quiz_options (question_id,texto,correta,ordem) values ('2635a7c3-b844-4d32-aba3-471e7d3d2299','Atrapalha o áudio',false,4);
insert into public.quiz_questions (id,quiz_id,texto,explicacao,ordem,pontos) values ('aba3d19a-aaee-4405-8e47-1ef3c836cbb9','b278fbd3-8fb0-4349-801d-71b695a05f80','Qual conector é travado e adequado para potência de alto-falante?','speakON é travado, com bitola para potência, evitando expor contatos energizados.',2,1);
insert into public.quiz_options (question_id,texto,correta,ordem) values ('aba3d19a-aaee-4405-8e47-1ef3c836cbb9','HDMI',false,1);
insert into public.quiz_options (question_id,texto,correta,ordem) values ('aba3d19a-aaee-4405-8e47-1ef3c836cbb9','speakON',true,2);
insert into public.quiz_options (question_id,texto,correta,ordem) values ('aba3d19a-aaee-4405-8e47-1ef3c836cbb9','XLR de microfone',false,3);
insert into public.quiz_options (question_id,texto,correta,ordem) values ('aba3d19a-aaee-4405-8e47-1ef3c836cbb9','RJ45 comum',false,4);
insert into public.quiz_questions (id,quiz_id,texto,explicacao,ordem,pontos) values ('ff4df3b9-b643-4d3c-b6b5-d9e177d6fe53','b278fbd3-8fb0-4349-801d-71b695a05f80','Para vídeo a 40 m, qual a melhor opção?','HDMI passivo é curto; SDI ou fibra cobrem distâncias longas com qualidade.',3,1);
insert into public.quiz_options (question_id,texto,correta,ordem) values ('ff4df3b9-b643-4d3c-b6b5-d9e177d6fe53','HDMI passivo de cobre',false,1);
insert into public.quiz_options (question_id,texto,correta,ordem) values ('ff4df3b9-b643-4d3c-b6b5-d9e177d6fe53','SDI (coaxial) ou fibra',true,2);
insert into public.quiz_options (question_id,texto,correta,ordem) values ('ff4df3b9-b643-4d3c-b6b5-d9e177d6fe53','Cabo de áudio',false,3);
insert into public.quiz_options (question_id,texto,correta,ordem) values ('ff4df3b9-b643-4d3c-b6b5-d9e177d6fe53','DMX',false,4);
insert into public.quiz_questions (id,quiz_id,texto,explicacao,ordem,pontos) values ('4e73f97f-ad37-47fe-942e-6da4d561af69','b278fbd3-8fb0-4349-801d-71b695a05f80','Qual o limite prático de um lance de cabo Ethernet de cobre?','Ethernet de cobre tem ~100 m por lance; distâncias maiores pedem fibra óptica.',4,1);
insert into public.quiz_options (question_id,texto,correta,ordem) values ('4e73f97f-ad37-47fe-942e-6da4d561af69','10 m',false,1);
insert into public.quiz_options (question_id,texto,correta,ordem) values ('4e73f97f-ad37-47fe-942e-6da4d561af69','~100 m, acima disso use fibra',true,2);
insert into public.quiz_options (question_id,texto,correta,ordem) values ('4e73f97f-ad37-47fe-942e-6da4d561af69','1 km',false,3);
insert into public.quiz_options (question_id,texto,correta,ordem) values ('4e73f97f-ad37-47fe-942e-6da4d561af69','Ilimitado',false,4);
insert into public.lessons (id,module_id,titulo,tipo,conteudo_rico,duracao_min,ordem,tem_quiz,preview_gratis) values ('bdc695ca-2190-4973-809e-4944e5778e51','5a20fb59-4b52-4da2-8ef8-644da0c58ffa','Padrões e normas: DMX/RDM/Art-Net/sACN, IP/IK e plugues','texto','<p><strong>Para começar:</strong> Por trás de cada cabo e equipamento há um padrão que garante que tudo conversa, resiste à água e encaixa com segurança. Conhecer os padrões é falar a língua técnica do setor.</p><p>Aqui consolidamos os padrões: protocolos de controle de luz (DMX512 ANSI E1.11, RDM E1.20, Art-Net, sACN E1.31), o grau de proteção IP (IPxx) e o IK contra impactos, e os padrões de plugue (IEC 60309/CEE, NBR 14136, NEMA), com o papel das normas ABNT e das NRs. Você aprende o que cada padrão GARANTE — e por que isso importa para a segurança e a confiabilidade.</p><ul><li><strong>DMX512 (ANSI E1.11):</strong> Protocolo padrão de controle de iluminação: um universo = 512 canais, em link serial (cabo ~120 ohm, XLR 5 pinos), em cadeia (daisy chain) com terminação. Garante que consoles e luminárias de marcas diferentes se entendam. É unidirecional (controlador -&gt; dispositivos).</li><li><strong>RDM (ANSI E1.20):</strong> Remote Device Management roda sobre o mesmo cabo DMX e adiciona comunicação bidirecional: descobrir dispositivos, endereçar remotamente, ler status/temperatura/erros. Garante diagnóstico e configuração sem subir na treliça para mexer em cada refletor.</li><li><strong>Art-Net e sACN (E1.31):</strong> Levam DMX sobre rede Ethernet/IP, transportando muitos universos por um cabo de rede. Art-Net é amplamente usado; sACN (ANSI E1.31) é padronizado e eficiente (multicast). Garantem escalar centenas de universos e integrar mídia servers, consoles e nós. Exigem rede bem projetada (etherCON/fibra).</li><li><strong>Grau de proteção IP (IPxx):</strong> O código IP define a proteção do invólucro: primeiro dígito = sólidos/poeira (0–6), segundo = água (0–8/9K). Ex.: IP20 (uso interno, sem proteção a água), IP65 (vedado a poeira e a jatos d''água — para uso externo). Para chuva e palco externo, exija o IP adequado; um equipamento IP20 ao relento é risco elétrico.</li><li><strong>Grau IK (impacto):</strong> O código IK (ex.: IK08, IK10) indica a resistência a impactos mecânicos do invólucro. Útil para luminárias e quadros sujeitos a pancadas. Complementa o IP: um equipamento pode ser estanque (IP alto) mas frágil a impacto (IK baixo) — avalie os dois.</li><li><strong>Plugues: IEC 60309/CEE, NBR 14136, NEMA:</strong> IEC 60309 (CEE) é o padrão industrial robusto (azul mono, vermelho tri), com grau IP e travamento — ideal para força de eventos. NBR 14136 é o plugue/tomada brasileiro de uso geral. NEMA é o padrão norte-americano (importante ao usar equipamento importado). Garantem encaixe correto, polaridade e proteção; usar adaptador improvisado quebra essas garantias.</li><li><strong>ABNT e NRs:</strong> A ABNT publica as normas técnicas brasileiras (ex.: NBR 5410 instalações de baixa tensão, NBR 5419 proteção contra descargas atmosféricas). As NRs (NR-10 elétrica, NR-35 altura, NR-18 construção/montagem) são regulamentadoras do trabalho, de cumprimento obrigatório. Padrão técnico + norma de segurança andam juntos.</li><li><strong>O que cada padrão garante:</strong> Resumindo: protocolos (DMX/RDM/Art-Net/sACN) garantem INTEROPERABILIDADE e controle; IP/IK garantem PROTEÇÃO do equipamento contra ambiente e impacto; padrões de plugue garantem CONEXÃO segura e correta; ABNT/NRs garantem CONFORMIDADE legal e segurança. Ignorar qualquer um troca confiabilidade por risco.</li></ul><h4>Equipamentos / detalhes</h4><ul><li><strong>Console + luminárias DMX512 (ANSI E1.11) com terminador:</strong> Controle de luz interoperável entre marcas</li><li><strong>Equipamentos com RDM (ANSI E1.20):</strong> Diagnóstico e endereçamento remoto pelo cabo DMX</li><li><strong>Nós Art-Net / sACN (E1.31) e switches gerenciáveis:</strong> Transporte de muitos universos sobre rede IP</li><li><strong>Equipamentos com grau IP/IK adequado (ex.: IP65 para externo):</strong> Proteção contra poeira, água e impacto (SEGURANÇA)</li><li><strong>Plugues IEC 60309/CEE, NBR 14136 e adaptadores NEMA certificados:</strong> Conexão de força correta e segura por padrão</li><li><strong>Normas ABNT (NBR 5410/5419) e NRs (10/35/18):</strong> Base legal e de segurança de toda a operação (SEGURANÇA)</li></ul><h4>Passo a passo</h4><ol><li><strong>Escolha o protocolo pela escala:</strong> Poucos circuitos: DMX/RDM direto; muitos universos: Art-Net/sACN sobre rede bem projetada.</li><li><strong>Termine e enderece corretamente:</strong> Use terminador DMX e aproveite o RDM para endereçar/diagnosticar sem subir na treliça.</li><li><strong>Verifique o IP/IK para o ambiente:</strong> Externo/chuva exige IP alto (ex.: IP65); ambientes com risco de impacto pedem IK adequado.</li><li><strong>Combine plugues pelo padrão:</strong> Use IEC 60309 para força, NBR 14136 para uso geral e adaptadores NEMA certificados em equipamento importado.</li><li><strong>Confirme conformidade normativa:</strong> Cheque NBR 5410 (instalação), NBR 5419 (descargas) e as NRs aplicáveis com o responsável técnico.</li><li><strong>Documente o sistema:</strong> Registre universos, endereços, IPs de rede e padrões usados para manutenção e diagnóstico.</li></ol><p><strong>Na prática:</strong> Numa turnê com 12 universos de luz, o sistema usa sACN sobre uma rede com switches gerenciáveis e etherCON, convertido para DMX nos nós junto às treliças, com RDM para endereçar refletores do chão. Os equipamentos no palco coberto são IP54; os da grade externa, IP65. A força usa plugues CEE vermelhos trifásicos. Tudo documentado: cada universo, IP e endereço — manutenção em minutos, não em horas.</p><h4>Resumo</h4><ul><li>DMX512/RDM/Art-Net/sACN garantem interoperabilidade e controle; escolha pela escala do sistema.</li><li>IP protege contra poeira/água e IK contra impacto; combine os dois conforme o ambiente.</li><li>Plugues padronizados (IEC 60309/NBR 14136/NEMA) e normas ABNT/NRs garantem conexão e conformidade seguras.</li></ul>',30,8,true,false);
insert into public.quizzes (id,lesson_id,titulo) values ('48a8d59c-58f0-4a3a-84a6-eee162f01e0e','bdc695ca-2190-4973-809e-4944e5778e51','Quiz — Padrões e normas: DMX/RDM/Art-Net/sACN, IP/IK e plugues');
insert into public.quiz_questions (id,quiz_id,texto,explicacao,ordem,pontos) values ('1d5d2367-8ae8-409f-8f47-e82bf4e268d2','48a8d59c-58f0-4a3a-84a6-eee162f01e0e','Quantos canais tem um universo DMX512?','Um universo DMX512 (ANSI E1.11) tem 512 canais, em link serial com terminação.',1,1);
insert into public.quiz_options (question_id,texto,correta,ordem) values ('1d5d2367-8ae8-409f-8f47-e82bf4e268d2','128',false,1);
insert into public.quiz_options (question_id,texto,correta,ordem) values ('1d5d2367-8ae8-409f-8f47-e82bf4e268d2','256',false,2);
insert into public.quiz_options (question_id,texto,correta,ordem) values ('1d5d2367-8ae8-409f-8f47-e82bf4e268d2','512',true,3);
insert into public.quiz_options (question_id,texto,correta,ordem) values ('1d5d2367-8ae8-409f-8f47-e82bf4e268d2','1024',false,4);
insert into public.quiz_questions (id,quiz_id,texto,explicacao,ordem,pontos) values ('2db86d09-a1f9-45f0-9b0b-dd31ba527098','48a8d59c-58f0-4a3a-84a6-eee162f01e0e','O que o RDM (E1.20) adiciona ao DMX?','RDM roda no mesmo cabo e permite configurar e diagnosticar dispositivos remotamente.',2,1);
insert into public.quiz_options (question_id,texto,correta,ordem) values ('2db86d09-a1f9-45f0-9b0b-dd31ba527098','Mais potência',false,1);
insert into public.quiz_options (question_id,texto,correta,ordem) values ('2db86d09-a1f9-45f0-9b0b-dd31ba527098','Comunicação bidirecional: descoberta, endereçamento e diagnóstico remotos',true,2);
insert into public.quiz_options (question_id,texto,correta,ordem) values ('2db86d09-a1f9-45f0-9b0b-dd31ba527098','Mais canais por universo',false,3);
insert into public.quiz_options (question_id,texto,correta,ordem) values ('2db86d09-a1f9-45f0-9b0b-dd31ba527098','Proteção contra água',false,4);
insert into public.quiz_questions (id,quiz_id,texto,explicacao,ordem,pontos) values ('0c0e0611-e8d7-4f4f-adc9-9aabd34e0a77','48a8d59c-58f0-4a3a-84a6-eee162f01e0e','No código IP65, o que significa o ''5'' e o ''5''?','No IP65: primeiro dígito 6 = totalmente protegido contra poeira; segundo 5 = protegido contra jatos d''água.',3,1);
insert into public.quiz_options (question_id,texto,correta,ordem) values ('0c0e0611-e8d7-4f4f-adc9-9aabd34e0a77','Cor e tamanho',false,1);
insert into public.quiz_options (question_id,texto,correta,ordem) values ('0c0e0611-e8d7-4f4f-adc9-9aabd34e0a77','Proteção a poeira (6) e a jatos d''água (5)',true,2);
insert into public.quiz_options (question_id,texto,correta,ordem) values ('0c0e0611-e8d7-4f4f-adc9-9aabd34e0a77','Tensão e corrente',false,3);
insert into public.quiz_options (question_id,texto,correta,ordem) values ('0c0e0611-e8d7-4f4f-adc9-9aabd34e0a77','Não significa nada',false,4);
insert into public.quiz_questions (id,quiz_id,texto,explicacao,ordem,pontos) values ('4f634346-bfec-46d7-81cd-eb49fb906050','48a8d59c-58f0-4a3a-84a6-eee162f01e0e','Para que serve o grau IK?','IK classifica a resistência a impactos; complementa o IP, que trata de poeira e água.',4,1);
insert into public.quiz_options (question_id,texto,correta,ordem) values ('4f634346-bfec-46d7-81cd-eb49fb906050','Medir tensão',false,1);
insert into public.quiz_options (question_id,texto,correta,ordem) values ('4f634346-bfec-46d7-81cd-eb49fb906050','Indicar resistência do invólucro a impactos mecânicos',true,2);
insert into public.quiz_options (question_id,texto,correta,ordem) values ('4f634346-bfec-46d7-81cd-eb49fb906050','Medir água',false,3);
insert into public.quiz_options (question_id,texto,correta,ordem) values ('4f634346-bfec-46d7-81cd-eb49fb906050','Definir o protocolo de luz',false,4);
insert into public.quiz_questions (id,quiz_id,texto,explicacao,ordem,pontos) values ('f2cae12b-cd4b-49f1-9881-97d8e49f103f','48a8d59c-58f0-4a3a-84a6-eee162f01e0e','Qual padrão de plugue é robusto e típico para força de eventos?','IEC 60309/CEE é o padrão industrial com grau IP e travamento, ideal para força em eventos.',5,1);
insert into public.quiz_options (question_id,texto,correta,ordem) values ('f2cae12b-cd4b-49f1-9881-97d8e49f103f','NBR 14136',false,1);
insert into public.quiz_options (question_id,texto,correta,ordem) values ('f2cae12b-cd4b-49f1-9881-97d8e49f103f','IEC 60309 (CEE)',true,2);
insert into public.quiz_options (question_id,texto,correta,ordem) values ('f2cae12b-cd4b-49f1-9881-97d8e49f103f','Conector de fone',false,3);
insert into public.quiz_options (question_id,texto,correta,ordem) values ('f2cae12b-cd4b-49f1-9881-97d8e49f103f','USB',false,4);
insert into public.lessons (id,module_id,titulo,tipo,conteudo_rico,duracao_min,ordem,tem_quiz,preview_gratis) values ('ec96974c-99a0-4c58-a54e-48eb385ad812','5a20fb59-4b52-4da2-8ef8-644da0c58ffa','Do improviso ao profissional: escolhendo soluções confiáveis','texto','<p><strong>Para começar:</strong> Existe sempre o jeito barato e rápido — e o jeito certo. Em estrutura e energia, a diferença entre os dois pode ser a diferença entre um show e uma tragédia.</p><p>Esta aula final junta tudo numa comparação prática: do básico ao profissional, em treliça, rigging e energia, mostrando onde o improviso é aceitável (com critério) e onde é simplesmente proibido. O fio condutor é a gestão de risco e a responsabilidade técnica.</p><ul><li><strong>Treliça: improviso x confiável:</strong> PROFISSIONAL: treliça de marca identificada, load chart, vão e cargas calculados, juntas completas. IMPROVISO PERIGOSO: tubo de andaime ou treliça sem identificação como suporte de carga sobre pessoas, vão ''no olho'', misturar sistemas. Estrutura sobre público nunca é improviso — é projeto.</li><li><strong>Rigging: improviso x confiável:</strong> PROFISSIONAL: motor certificado, slings e manilhas com WLL, redundância, equipe NR-35, célula de carga. IMPROVISO PERIGOSO: corda/arame, manilha de ferragem sem marcação, içar sobre público sem redundância, ninguém capacitado. Içamento sobre cabeças é a operação de maior consequência — zero improviso.</li><li><strong>Energia: improviso x confiável:</strong> PROFISSIONAL: quadro com disjuntor e DR, aterramento testado, fases balanceadas, cabo dimensionado, NR-10. IMPROVISO PERIGOSO: ''gambiarra'' com fio pelado, T''s empilhados, sem DR, sem terra, cabo subdimensionado esquentando. Energia mal feita é incêndio e choque esperando acontecer.</li><li><strong>Gestão de risco e responsabilidade técnica:</strong> Eventos de porte exigem responsáveis técnicos (engenheiro elétrico/estrutural com ART), APR, e em muitos casos AVCB/laudos do corpo de bombeiros e da prefeitura. Saber o limite da própria competência e chamar o profissional habilitado é marca do técnico maduro, não fraqueza.</li><li><strong>Quando dizer não:</strong> Há momentos em que a resposta certa é interromper: vento acima do limite, estrutura sem identificação para carga, ponto de içamento sem capacidade comprovada, instalação elétrica sem terra. Dizer ''não montamos assim'' protege vidas e protege você juridicamente. Segurança vem antes do show.</li><li><strong>Cultura de segurança e checklists:</strong> O profissional confiável padroniza: usa checklists, faz dupla checagem, documenta, inspeciona equipamentos periodicamente e treina a equipe. A segurança não é um ato isolado, é um hábito de equipe. Cada aula deste módulo trouxe um checklist — transforme-os em rotina.</li></ul><h4>Equipamentos / detalhes</h4><ul><li><strong>Equipamentos certificados e identificados (treliça, motor, slings, quadro):</strong> Garantir capacidade conhecida e rastreável (SEGURANÇA)</li><li><strong>Documentação: load charts, WLL, ART/RRT, APR, laudos:</strong> Comprovar dimensionamento e responsabilidade técnica</li><li><strong>Checklists das aulas anteriores:</strong> Padronizar a verificação e a dupla checagem</li><li><strong>EPI e instrumentos (anemômetro, célula de carga, alicate amperímetro):</strong> Operar e medir com segurança</li><li><strong>Responsável técnico habilitado (engenheiro):</strong> Assinar projetos e laudos de estrutura e energia (SEGURANÇA)</li></ul><h4>Passo a passo</h4><ol><li><strong>Classifique cada item como básico/pro:</strong> Para treliça, rigging e energia, avalie se a solução é confiável ou improviso perigoso.</li><li><strong>Elimine os improvisos proibidos:</strong> Estrutura/rigging sobre público e energia sem terra/DR não têm versão ''improvisada'' aceitável.</li><li><strong>Garanta a responsabilidade técnica:</strong> Para porte relevante, assegure ART/RRT, APR e laudos exigidos (bombeiros/prefeitura).</li><li><strong>Aplique os checklists:</strong> Use as listas de cada aula como rotina de conferência e dupla checagem.</li><li><strong>Exerça o direito de recusa:</strong> Diante de condição insegura (vento, ponto desconhecido, falta de terra), interrompa e corrija.</li><li><strong>Documente e melhore:</strong> Registre o que foi feito, inspecione equipamentos e treine a equipe continuamente.</li></ol><p><strong>Na prática:</strong> Um cliente pede para pendurar um telão pesado num ponto do teto ''que sempre aguentou''. O técnico maduro não aceita o ''sempre aguentou'': pede confirmação de capacidade ao engenheiro do prédio. Sem documento, propõe ground support com torres calculadas. Custa um pouco mais, mas a estrutura fica segura e respaldada. Dizer não ao improviso foi a decisão profissional.</p><h4>Resumo</h4><ul><li>Do básico ao pro: a diferença é capacidade conhecida, dimensionamento e responsabilidade técnica.</li><li>Carga sobre pessoas e energia sem terra/DR não têm versão improvisada aceitável — são proibidas.</li><li>Cultura de segurança é hábito: checklists, dupla checagem, documentação e o direito de dizer não.</li></ul>',25,9,true,false);
insert into public.quizzes (id,lesson_id,titulo) values ('41c4dd95-f85b-49b0-b446-395438ca27c2','ec96974c-99a0-4c58-a54e-48eb385ad812','Quiz — Do improviso ao profissional: escolhendo soluções confiáveis');
insert into public.quiz_questions (id,quiz_id,texto,explicacao,ordem,pontos) values ('6f2613c5-4d90-4b89-ad99-7e0f4ab94880','41c4dd95-f85b-49b0-b446-395438ca27c2','Qual situação NUNCA tem versão improvisada aceitável?','Içamento sobre pessoas exige motor certificado, WLL e redundância; improviso aqui é proibido.',1,1);
insert into public.quiz_options (question_id,texto,correta,ordem) values ('6f2613c5-4d90-4b89-ad99-7e0f4ab94880','Organizar cabos',false,1);
insert into public.quiz_options (question_id,texto,correta,ordem) values ('6f2613c5-4d90-4b89-ad99-7e0f4ab94880','Içar carga sobre público sem redundância e sem motor certificado',true,2);
insert into public.quiz_options (question_id,texto,correta,ordem) values ('6f2613c5-4d90-4b89-ad99-7e0f4ab94880','Etiquetar pontas',false,3);
insert into public.quiz_options (question_id,texto,correta,ordem) values ('6f2613c5-4d90-4b89-ad99-7e0f4ab94880','Usar passa-cabos',false,4);
insert into public.quiz_questions (id,quiz_id,texto,explicacao,ordem,pontos) values ('d8be4fe7-c604-4a68-951a-e506267ac171','41c4dd95-f85b-49b0-b446-395438ca27c2','O que demonstra maturidade técnica diante de um ponto de içamento sem capacidade comprovada?','Reconhecer o limite e exigir comprovação/projeto protege vidas e responsabiliza corretamente.',2,1);
insert into public.quiz_options (question_id,texto,correta,ordem) values ('d8be4fe7-c604-4a68-951a-e506267ac171','Pendurar e torcer para dar certo',false,1);
insert into public.quiz_options (question_id,texto,correta,ordem) values ('d8be4fe7-c604-4a68-951a-e506267ac171','Recusar, exigir documentação ou propor ground support calculado',true,2);
insert into public.quiz_options (question_id,texto,correta,ordem) values ('d8be4fe7-c604-4a68-951a-e506267ac171','Usar corda mais grossa',false,3);
insert into public.quiz_options (question_id,texto,correta,ordem) values ('d8be4fe7-c604-4a68-951a-e506267ac171','Ignorar o problema',false,4);
insert into public.quiz_questions (id,quiz_id,texto,explicacao,ordem,pontos) values ('457c1ec4-6716-4c73-85bd-85863ada38fd','41c4dd95-f85b-49b0-b446-395438ca27c2','Por que o DR e o aterramento não são opcionais na energia do evento?','Sem terra e DR, faltas não são detectadas e carcaças podem energizar, gerando choque e incêndio.',3,1);
insert into public.quiz_options (question_id,texto,correta,ordem) values ('457c1ec4-6716-4c73-85bd-85863ada38fd','São caros',false,1);
insert into public.quiz_options (question_id,texto,correta,ordem) values ('457c1ec4-6716-4c73-85bd-85863ada38fd','Protegem pessoas contra choque e permitem a atuação das proteções; sua ausência é risco de choque/incêndio',true,2);
insert into public.quiz_options (question_id,texto,correta,ordem) values ('457c1ec4-6716-4c73-85bd-85863ada38fd','São só estética',false,3);
insert into public.quiz_options (question_id,texto,correta,ordem) values ('457c1ec4-6716-4c73-85bd-85863ada38fd','Aumentam a potência',false,4);
insert into public.quiz_questions (id,quiz_id,texto,explicacao,ordem,pontos) values ('29972f48-c5c5-4776-8524-afa7271274a7','41c4dd95-f85b-49b0-b446-395438ca27c2','Qual é o papel dos checklists no profissional confiável?','Checklists transformam a segurança em rotina padronizada, reduzindo erros por esquecimento.',4,1);
insert into public.quiz_options (question_id,texto,correta,ordem) values ('29972f48-c5c5-4776-8524-afa7271274a7','Burocracia inútil',false,1);
insert into public.quiz_options (question_id,texto,correta,ordem) values ('29972f48-c5c5-4776-8524-afa7271274a7','Padronizar verificação, permitir dupla checagem e tornar a segurança um hábito de equipe',true,2);
insert into public.quiz_options (question_id,texto,correta,ordem) values ('29972f48-c5c5-4776-8524-afa7271274a7','Atrasar o trabalho',false,3);
insert into public.quiz_options (question_id,texto,correta,ordem) values ('29972f48-c5c5-4776-8524-afa7271274a7','Substituir o engenheiro',false,4);

-- Resumo: 10 cursos, 65 módulos, 224 aulas, 224 quizzes.