-- ====================================================================
-- SMU PRO — Curso 'DJ — Formação Profissional' (nível pleno)
-- Padrão pleno (teoria rica + simulador fiel). Curso NOVO, ativo=false.
-- Aulas: 10. Simulador: cabine 2× CDJ-3000 + DJM-A9 (áudio real).
-- Aditivo/idempotente. Aplicar: SQL Editor do Supabase ou supabase db push.
-- ====================================================================
begin;

-- limpeza p/ reaplicar
delete from public.ai_animations where lesson_id = 'd1000000-d100-4d00-9000-0000000b0001';
delete from public.quizzes where id = 'd1000000-d100-4d00-9000-0000000c0001';
delete from public.lessons where id = 'd1000000-d100-4d00-9000-0000000b0001';
delete from public.ai_animations where lesson_id = 'd1000000-d100-4d00-9000-0000000b0002';
delete from public.quizzes where id = 'd1000000-d100-4d00-9000-0000000c0002';
delete from public.lessons where id = 'd1000000-d100-4d00-9000-0000000b0002';
delete from public.ai_animations where lesson_id = 'd1000000-d100-4d00-9000-0000000b0003';
delete from public.quizzes where id = 'd1000000-d100-4d00-9000-0000000c0003';
delete from public.lessons where id = 'd1000000-d100-4d00-9000-0000000b0003';
delete from public.ai_animations where lesson_id = 'd1000000-d100-4d00-9000-0000000b0004';
delete from public.quizzes where id = 'd1000000-d100-4d00-9000-0000000c0004';
delete from public.lessons where id = 'd1000000-d100-4d00-9000-0000000b0004';
delete from public.ai_animations where lesson_id = 'd1000000-d100-4d00-9000-0000000b0005';
delete from public.quizzes where id = 'd1000000-d100-4d00-9000-0000000c0005';
delete from public.lessons where id = 'd1000000-d100-4d00-9000-0000000b0005';
delete from public.ai_animations where lesson_id = 'd1000000-d100-4d00-9000-0000000b0006';
delete from public.quizzes where id = 'd1000000-d100-4d00-9000-0000000c0006';
delete from public.lessons where id = 'd1000000-d100-4d00-9000-0000000b0006';
delete from public.ai_animations where lesson_id = 'd1000000-d100-4d00-9000-0000000b0007';
delete from public.quizzes where id = 'd1000000-d100-4d00-9000-0000000c0007';
delete from public.lessons where id = 'd1000000-d100-4d00-9000-0000000b0007';
delete from public.ai_animations where lesson_id = 'd1000000-d100-4d00-9000-0000000b0008';
delete from public.quizzes where id = 'd1000000-d100-4d00-9000-0000000c0008';
delete from public.lessons where id = 'd1000000-d100-4d00-9000-0000000b0008';
delete from public.ai_animations where lesson_id = 'd1000000-d100-4d00-9000-0000000b0009';
delete from public.quizzes where id = 'd1000000-d100-4d00-9000-0000000c0009';
delete from public.lessons where id = 'd1000000-d100-4d00-9000-0000000b0009';
delete from public.ai_animations where lesson_id = 'd1000000-d100-4d00-9000-0000000b0010';
delete from public.quizzes where id = 'd1000000-d100-4d00-9000-0000000c0010';
delete from public.lessons where id = 'd1000000-d100-4d00-9000-0000000b0010';
delete from public.modules where id = 'd1000000-d100-4d00-9000-0000000a0001';
delete from public.modules where id = 'd1000000-d100-4d00-9000-0000000a0002';
delete from public.modules where id = 'd1000000-d100-4d00-9000-0000000a0003';
delete from public.courses where id = 'd1000000-d100-4d00-9000-000000000001';

-- CURSO (ativo=false — revise e publique)
insert into public.courses (id,titulo,slug,descricao_curta,nivel,categoria,categorias,tipo,carga_horaria,total_aulas,ativo,destaque,ordem) values
  ('d1000000-d100-4d00-9000-000000000001','DJ — Formação Profissional','dj-formacao-profissional','Aprenda a tocar na cabine club-standard (2× CDJ-3000 + DJM-A9): beatmatching, mixagem com EQ, phrasing, harmonic mixing, hot cues, loops e FX — com simulador fiel de áudio real.','pleno','dj','{tecnico,dj}','pago',0,10,false,false,20);

insert into public.modules (id,course_id,titulo,ordem) values ('d1000000-d100-4d00-9000-0000000a0001','d1000000-d100-4d00-9000-000000000001','Fundamentos e Equipamento',1);
insert into public.modules (id,course_id,titulo,ordem) values ('d1000000-d100-4d00-9000-0000000a0002','d1000000-d100-4d00-9000-000000000001','Mixagem na Prática',2);
insert into public.modules (id,course_id,titulo,ordem) values ('d1000000-d100-4d00-9000-0000000a0003','d1000000-d100-4d00-9000-000000000001','Vinil e Scratch',3);

-- AULA 1 (mód 1): A cabine profissional: o padrão CDJ + mixer
insert into public.lessons (id,module_id,titulo,tipo,conteudo_rico,duracao_min,ordem,tem_quiz,preview_gratis) values
  ('d1000000-d100-4d00-9000-0000000b0001','d1000000-d100-4d00-9000-0000000a0001','A cabine profissional: o padrão CDJ + mixer','texto','<p><strong>Ser DJ profissional é dominar a cabine que existe no mundo inteiro.</strong> De um clube em São Paulo a um festival na Europa, a cabine "club-standard" é quase sempre a mesma: <strong>dois (ou quatro) players CDJ e um mixer no meio</strong>. Quem entende essa cabine chega em qualquer casa e toca — sem depender do próprio equipamento.</p>
<h3>Por que existe um "padrão"</h3>
<p>A Pioneer DJ (hoje AlphaTheta) tornou-se o padrão de fato dos clubes. A ergonomia — player à esquerda, mixer no centro, player à direita — vira memória muscular: você não pensa onde está o PLAY, o CUE ou o crossfader, porque está sempre no mesmo lugar. Esse é o motivo de estudarmos o padrão e não uma controladora específica.</p>
<h3>As três peças da cabine</h3>
<ul>
<li><strong>Os players (CDJ/XDJ):</strong> reproduzem a música (de USB/rekordbox). São o "toca-discos digital": jog wheel, pitch, cue, hot cues, loops. Referências: <strong>CDJ-3000</strong> (topo atual), CDJ-2000NXS2, CDJ-900; e a linha XDJ (XDJ-1000MK2, XDJ-700).</li>
<li><strong>O mixer (DJM):</strong> junta os players, controla volume de cada canal, EQ, filtro, efeitos e a transição (crossfader). Referências: <strong>DJM-A9</strong> e DJM-900NXS2 (2/4 canais), DJM-V10 (6 canais).</li>
<li><strong>O monitoramento (fone + retorno da cabine/booth):</strong> o fone é onde o DJ prepara a próxima música <em>sem</em> a plateia ouvir. Sem fone, não há beatmatch.</li>
</ul>
<h3>Setups que você vai encontrar</h3>
<ul>
<li><strong>2 CDJ + 1 mixer:</strong> o clássico. É o que treinamos aqui.</li>
<li><strong>4 CDJ + mixer 4 canais:</strong> festivais e back-to-back (dois DJs).</li>
<li><strong>All-in-one (XDJ-RX3, XDJ-AZ, Denon Prime 4+):</strong> players + mixer num corpo só. Mesmos conceitos.</li>
<li><strong>Toca-discos (Technics SL-1200MK7, Pioneer PLX-1000) + mixer:</strong> o setup de vinil e de scratch — assunto de um módulo próprio.</li>
</ul>
<p><strong>No restante do curso</strong> você vai destrinchar cada controle e, no simulador fiel da cabine (2× CDJ-3000 + DJM-A9, com áudio de verdade), vai <strong>tocar, casar batidas e fazer viradas</strong> — o treino real do ofício.</p>',18,1,true,true);
insert into public.quizzes (id,lesson_id,titulo) values ('d1000000-d100-4d00-9000-0000000c0001','d1000000-d100-4d00-9000-0000000b0001','Quiz — A cabine profissional');
insert into public.quiz_questions (id,quiz_id,texto,explicacao,ordem,pontos) values ('d1000000-d100-4d00-9000-000000000101','d1000000-d100-4d00-9000-0000000c0001','Qual é a cabine ''club-standard'' que existe na maioria dos clubes do mundo?','O padrão é dois players (CDJ) com um mixer (DJM) no meio — ergonomia que vira memória muscular.',1,1);
insert into public.quiz_options (question_id,texto,correta,ordem) values ('d1000000-d100-4d00-9000-000000000101','Um notebook com um controlador pequeno',false,1);
insert into public.quiz_options (question_id,texto,correta,ordem) values ('d1000000-d100-4d00-9000-000000000101','Dois players (CDJ) + um mixer no centro',true,2);
insert into public.quiz_options (question_id,texto,correta,ordem) values ('d1000000-d100-4d00-9000-000000000101','Apenas um toca-discos',false,3);
insert into public.quiz_options (question_id,texto,correta,ordem) values ('d1000000-d100-4d00-9000-000000000101','Uma mesa de som de banda',false,4);
insert into public.quiz_questions (id,quiz_id,texto,explicacao,ordem,pontos) values ('d1000000-d100-4d00-9000-000000000102','d1000000-d100-4d00-9000-0000000c0001','Para que serve o fone de ouvido na cabine?','O fone é onde o DJ pré-escuta e prepara a próxima música sem a plateia ouvir. Sem ele não há beatmatch.',2,1);
insert into public.quiz_options (question_id,texto,correta,ordem) values ('d1000000-d100-4d00-9000-000000000102','Só para proteger a audição',false,1);
insert into public.quiz_options (question_id,texto,correta,ordem) values ('d1000000-d100-4d00-9000-000000000102','Para pré-escutar e preparar a próxima música sem a plateia ouvir',true,2);
insert into public.quiz_options (question_id,texto,correta,ordem) values ('d1000000-d100-4d00-9000-000000000102','Para aumentar o volume da sala',false,3);
insert into public.quiz_options (question_id,texto,correta,ordem) values ('d1000000-d100-4d00-9000-000000000102','Não tem função real',false,4);
insert into public.quiz_questions (id,quiz_id,texto,explicacao,ordem,pontos) values ('d1000000-d100-4d00-9000-000000000103','d1000000-d100-4d00-9000-0000000c0001','O que faz o mixer (DJM)?','O mixer junta os players e controla volume, EQ, filtro, efeitos e a transição (crossfader).',3,1);
insert into public.quiz_options (question_id,texto,correta,ordem) values ('d1000000-d100-4d00-9000-000000000103','Só liga na tomada',false,1);
insert into public.quiz_options (question_id,texto,correta,ordem) values ('d1000000-d100-4d00-9000-000000000103','Reproduz a música do USB',false,2);
insert into public.quiz_options (question_id,texto,correta,ordem) values ('d1000000-d100-4d00-9000-000000000103','Junta os players e controla volume, EQ, filtro, FX e a transição',true,3);
insert into public.quiz_options (question_id,texto,correta,ordem) values ('d1000000-d100-4d00-9000-000000000103','Grava a apresentação',false,4);

-- AULA 2 (mód 1): Anatomia do CDJ-3000 e do mixer DJM-A9
insert into public.lessons (id,module_id,titulo,tipo,conteudo_rico,duracao_min,ordem,tem_quiz,preview_gratis) values
  ('d1000000-d100-4d00-9000-0000000b0002','d1000000-d100-4d00-9000-0000000a0001','Anatomia do CDJ-3000 e do mixer DJM-A9','texto','<p><strong>Antes de mixar, você precisa saber o que cada botão faz.</strong> Vamos percorrer os controles reais do CDJ-3000 (o player) e do DJM-A9 (o mixer) — os mesmos que estão no simulador desta aula.</p>
<h3>CDJ-3000 — o player</h3>
<ul>
<li><strong>Tela (rekordbox):</strong> mostra a forma de onda, o BPM, o tempo, o tom (key) e a grade de batidas. É onde você "enxerga" a música.</li>
<li><strong>Jog wheel:</strong> a roda grande. Em modo VINYL, tocar no topo pausa/scratcha; na lateral, você "empurra" a música para adiantar ou atrasar a batida (o <em>nudge</em> do beatmatch). É a peça central do ajuste fino.</li>
<li><strong>PLAY/PAUSE e CUE:</strong> PLAY toca; CUE marca e volta ao ponto de partida (cue point). Segurar CUE toca em prévia e solta de volta.</li>
<li><strong>Tempo fader (pitch):</strong> a régua vertical. Muda a velocidade/BPM em ±6/±10/±16/WIDE. É com ele que você iguala o BPM de uma música à outra.</li>
<li><strong>MASTER TEMPO:</strong> mantém o <em>tom</em> mesmo mudando a velocidade (evita o efeito "vozes de esquilo").</li>
<li><strong>HOT CUE (A–H):</strong> pontos salvos para saltar na hora (entrada de refrão, drop, virada).</li>
<li><strong>LOOP (IN/OUT, BEAT LOOP, RELOOP):</strong> repete um trecho para estender uma parte da música.</li>
<li><strong>BEAT SYNC:</strong> sincroniza BPM e fase automaticamente. Ferramenta útil — mas você vai aprender a fazer no ouvido, que é o que forma o DJ de verdade.</li>
</ul>
<h3>DJM-A9 — o mixer</h3>
<p>Cada canal (channel) tem, de cima para baixo, a mesma sequência — a <strong>ordem do ganho</strong>:</p>
<ul>
<li><strong>TRIM (gain):</strong> ajusta o volume de entrada do canal. Regra de ouro: acerte o trim para o VU bater na região amarela nos picos, sem estourar no vermelho.</li>
<li><strong>EQ HI / MID / LOW:</strong> três bandas. No DJ, o EQ é <em>ferramenta de mixagem</em>: cortar o grave de uma música para dar lugar ao grave da outra é a base da virada limpa.</li>
<li><strong>COLOR (filtro):</strong> um knob que varre de um filtro passa-baixa (esquerda, abafa/tira agudos) a passa-alta (direita, tira graves). Ótimo para tensão e transições criativas.</li>
<li><strong>CUE (PFL):</strong> manda o canal para o fone (pré-escuta) sem afetar o que a plateia ouve.</li>
<li><strong>Channel fader:</strong> o volume final daquele canal na mistura.</li>
</ul>
<p><strong>No centro:</strong> MASTER (volume da casa), BOOTH (volume do retorno da cabine), <strong>crossfader</strong> (transição da esquerda A para a direita B), a seção de <strong>BEAT FX</strong> (echo, filter, flanger, roll…) e os controles de <strong>fone</strong> (MIX cue↔master e nível).</p>
<p><strong>Pratique no simulador:</strong> identifique cada controle acima na cabine da tela. Toque nos knobs, mova os faders e a jog wheel. Nas próximas aulas você usa tudo isso para mixar de verdade.</p>',22,2,true,false);
insert into public.quizzes (id,lesson_id,titulo) values ('d1000000-d100-4d00-9000-0000000c0002','d1000000-d100-4d00-9000-0000000b0002','Quiz — Anatomia CDJ e DJM');
insert into public.quiz_questions (id,quiz_id,texto,explicacao,ordem,pontos) values ('d1000000-d100-4d00-9000-000000000201','d1000000-d100-4d00-9000-0000000c0002','Para que serve o MASTER TEMPO no CDJ?','Ele mantém o tom (key) da música mesmo quando você muda a velocidade pelo tempo fader, evitando o efeito ''esquilo''.',1,1);
insert into public.quiz_options (question_id,texto,correta,ordem) values ('d1000000-d100-4d00-9000-000000000201','Aumenta o volume geral',false,1);
insert into public.quiz_options (question_id,texto,correta,ordem) values ('d1000000-d100-4d00-9000-000000000201','Mantém o tom mesmo mudando a velocidade',true,2);
insert into public.quiz_options (question_id,texto,correta,ordem) values ('d1000000-d100-4d00-9000-000000000201','Liga o efeito echo',false,3);
insert into public.quiz_options (question_id,texto,correta,ordem) values ('d1000000-d100-4d00-9000-000000000201','Salva um hot cue',false,4);
insert into public.quiz_questions (id,quiz_id,texto,explicacao,ordem,pontos) values ('d1000000-d100-4d00-9000-000000000202','d1000000-d100-4d00-9000-0000000c0002','Qual a função do knob TRIM (gain) do canal?','O TRIM ajusta o volume de ENTRADA do canal. Acerte-o para o VU bater no amarelo nos picos, sem estourar.',2,1);
insert into public.quiz_options (question_id,texto,correta,ordem) values ('d1000000-d100-4d00-9000-000000000202','É o volume final da mistura',false,1);
insert into public.quiz_options (question_id,texto,correta,ordem) values ('d1000000-d100-4d00-9000-000000000202','Ajusta o volume de entrada do canal (gain staging)',true,2);
insert into public.quiz_options (question_id,texto,correta,ordem) values ('d1000000-d100-4d00-9000-000000000202','Controla o crossfader',false,3);
insert into public.quiz_options (question_id,texto,correta,ordem) values ('d1000000-d100-4d00-9000-000000000202','Muda o BPM',false,4);
insert into public.quiz_questions (id,quiz_id,texto,explicacao,ordem,pontos) values ('d1000000-d100-4d00-9000-000000000203','d1000000-d100-4d00-9000-0000000c0002','O que o CUE (PFL) do canal faz?','Manda o canal para o fone (pré-escuta) sem afetar o som que a plateia ouve.',3,1);
insert into public.quiz_options (question_id,texto,correta,ordem) values ('d1000000-d100-4d00-9000-000000000203','Toca o canal no master imediatamente',false,1);
insert into public.quiz_options (question_id,texto,correta,ordem) values ('d1000000-d100-4d00-9000-000000000203','Manda o canal para o fone (pré-escuta), sem afetar a plateia',true,2);
insert into public.quiz_options (question_id,texto,correta,ordem) values ('d1000000-d100-4d00-9000-000000000203','Silencia o canal para sempre',false,3);
insert into public.quiz_options (question_id,texto,correta,ordem) values ('d1000000-d100-4d00-9000-000000000203','Grava o canal',false,4);
insert into public.quiz_questions (id,quiz_id,texto,explicacao,ordem,pontos) values ('d1000000-d100-4d00-9000-000000000204','d1000000-d100-4d00-9000-0000000c0002','No DJ, para que serve principalmente o EQ (HI/MID/LOW)?','É ferramenta de mixagem: cortar o grave de uma música para dar lugar ao grave da outra é a base da virada limpa.',4,1);
insert into public.quiz_options (question_id,texto,correta,ordem) values ('d1000000-d100-4d00-9000-000000000204','Só para deixar a música mais bonita',false,1);
insert into public.quiz_options (question_id,texto,correta,ordem) values ('d1000000-d100-4d00-9000-000000000204','Como ferramenta de mixagem — trocar graves entre as músicas na virada',true,2);
insert into public.quiz_options (question_id,texto,correta,ordem) values ('d1000000-d100-4d00-9000-000000000204','Para aumentar o BPM',false,3);
insert into public.quiz_options (question_id,texto,correta,ordem) values ('d1000000-d100-4d00-9000-000000000204','Para ligar o fone',false,4);
insert into public.ai_animations (lesson_id,tipo,status,model,roteiro,urls) values ('d1000000-d100-4d00-9000-0000000b0002','interactive','ready','handcrafted-interactive','{"titulo":"Cabine de DJ — 2× CDJ-3000 + DJM-A9","cenas":[{"numero":1,"titulo":"Mixe na cabine (áudio real)","modo":"widget","narracao":"Cabine club-standard com dois CDJ-3000 e o mixer DJM-A9, com áudio de verdade. Toque, pré-escute no fone, case o BPM e a fase, troque graves no EQ e faça a virada. Complete as 7 missões.","explicacao_texto":"Simulador fiel da cabine profissional. Motor de áudio Web Audio (grooves sintetizados — placeholder até plugarmos as faixas reais da SMU).","destaques":["2× CDJ-3000: jog, tempo, cue, hot cues, loop","DJM-A9: trim, EQ 3 bandas, color filter, crossfader","Pré-escuta no fone (CUE/PFL) e BEAT FX","Beatmatch real: BPM + fase"]}]}'::jsonb,'[{"html":"<!doctype html>\n<html lang=\"pt-BR\">\n<head>\n<meta charset=\"utf-8\">\n<meta name=\"viewport\" content=\"width=device-width, initial-scale=1, maximum-scale=1, user-scalable=no\">\n<link rel=\"icon\" href=\"data:,\">\n<title>Cabine de DJ — 2× CDJ-3000 + DJM-A9 — Simulador fiel (SMU)</title>\n<style>\n  :root{\n    --ink:#e9eef7; --muted:#8b97a9; --amber:#f4a02a; --orange:#ff7a1a;\n    --green:#37d07a; --red:#e0483f; --cyan:#39c0e6; --blue:#2e78ff;\n  }\n  *{box-sizing:border-box}\n  html,body{margin:0;height:100%}\n  body{\n    background:radial-gradient(1200px 700px at 50% -8%,#1b1e23,#0a0b0d 62%),#08090b;\n    color:var(--ink);\n    font-family:\"Inter\",system-ui,-apple-system,\"Segoe UI\",Roboto,sans-serif;\n    -webkit-font-smoothing:antialiased;user-select:none;overflow:hidden;\n    display:flex;align-items:flex-start;justify-content:center;\n  }\n  #stage{transform-origin:top center;flex:0 0 auto}\n  .booth{position:relative;width:1640px;display:flex;flex-direction:column;gap:9px;padding:12px;\n    background:linear-gradient(180deg,#2b2f36,#1f2228 10%,#191b1f 60%,#141518);\n    border:1px solid #0b0c0e;border-radius:16px;\n    box-shadow:0 30px 80px #000b, inset 0 1px 0 #ffffff10, inset 0 -2px 0 #0008;}\n\n  .util{display:flex;align-items:center;gap:8px;flex-wrap:wrap;\n    background:linear-gradient(180deg,#202329,#15171b);border:1px solid #0c0d0f;border-radius:11px;padding:7px 11px}\n  .brand{display:flex;align-items:baseline;gap:9px}\n  .brand b{font-size:17px;letter-spacing:1px;color:#eef2f8}\n  .brand .m{font-size:9.5px;letter-spacing:2px;color:#8a94a4;text-transform:uppercase}\n  .pill{font-size:10.5px;color:var(--muted);background:#0c0e12;border:1px solid #2a2f37;border-radius:16px;padding:4px 9px;display:flex;align-items:center;gap:6px;letter-spacing:.3px;white-space:nowrap}\n  .pill b{color:#fff}\n  .dot{width:8px;height:8px;border-radius:50%;background:var(--green);box-shadow:0 0 8px var(--green)}\n  .dot.off{background:#444;box-shadow:none}\n  .spacer{flex:1}\n  .btnp{font:inherit;font-size:11.5px;font-weight:700;border:0;border-radius:8px;padding:7px 12px;cursor:pointer;color:#07120b;background:linear-gradient(180deg,#5be59a,#27b566)}\n  .btnp.ghost{background:transparent;color:var(--muted);border:1px solid #2a2f37}\n  .mission{display:flex;align-items:center;gap:9px;background:#0c0e12;border:1px solid #2a2f37;border-radius:9px;padding:5px 10px;flex:1 1 380px;min-width:0}\n  .mission .idx{font-size:10px;color:var(--amber);font-weight:800;letter-spacing:1px;white-space:nowrap}\n  .mission .txt{font-size:11.5px;line-height:1.25;min-width:0}\n  .mission .txt b{color:#fff}\n  .mission .txt small{color:var(--muted)}\n  .mission .ok{color:var(--green);font-weight:800;font-size:16px}\n\n  .row{display:grid;grid-template-columns:1fr 470px 1fr;gap:10px;align-items:start}\n\n  /* ===== CDJ-3000 ===== */\n  .cdj{background:linear-gradient(180deg,#26292f,#1c1e23 40%,#161719);border:1px solid #0c0d0f;border-radius:13px;padding:11px;display:flex;flex-direction:column;gap:9px;\n    box-shadow:inset 0 1px 0 #ffffff10, inset 0 -2px 6px #0007}\n  .cdj .hdr{display:flex;justify-content:space-between;align-items:center;font-size:9px;letter-spacing:1.5px;color:#7f8aa0}\n  .cdj .hdr .mdl{color:#cfd7e6;font-weight:800;letter-spacing:2px}\n  .cdj .hdr .rb{color:#39c0e6;font-weight:700;letter-spacing:1px}\n\n  .scr{background:linear-gradient(180deg,#0b1220,#070c15);border:1px solid #04070d;border-radius:8px;padding:8px 9px;box-shadow:inset 0 2px 8px #000a;position:relative;overflow:hidden}\n  .scr .tabs{display:flex;gap:4px;margin-bottom:6px}\n  .scr .tab{font-size:8.5px;letter-spacing:.8px;color:#8fa3c4;background:#132033;border:1px solid #1d3450;border-radius:4px;padding:3px 6px}\n  .scr .tab.on{color:#0a0e14;background:#39c0e6;border-color:#39c0e6;font-weight:800}\n  .scr .ttl{display:flex;justify-content:space-between;align-items:baseline;margin-bottom:5px}\n  .scr .ttl .name{font-size:12.5px;color:#eaf2ff;font-weight:700;white-space:nowrap;overflow:hidden;text-overflow:ellipsis}\n  .scr .ttl .key{font-size:10px;color:#7bd3ff}\n  .wf{width:100%;height:74px;display:block;background:#060a11;border-radius:4px}\n  .wfz{width:100%;height:40px;display:block;background:#060a11;border-radius:4px;margin-top:4px}\n  .info{display:flex;justify-content:space-between;align-items:center;margin-top:6px;gap:8px}\n  .info .big{font-variant-numeric:tabular-nums;font-size:22px;font-weight:800;color:#fff;letter-spacing:1px}\n  .info .bpm{font-variant-numeric:tabular-nums;font-size:22px;font-weight:800;color:var(--amber);letter-spacing:.5px}\n  .info .sub{font-size:8px;color:#8fa3c4;letter-spacing:.5px;text-align:right}\n  .info .pct{font-variant-numeric:tabular-nums;font-size:12px;color:#bcd;font-weight:700}\n  .mstpill{font-size:8px;letter-spacing:1px;color:#0a140a;background:var(--amber);border-radius:3px;padding:1px 4px;font-weight:800;visibility:hidden}\n  .mstpill.on{visibility:visible}\n\n  .pads{display:grid;grid-template-columns:repeat(4,1fr);gap:5px}\n  .pad{height:30px;border-radius:5px;border:1px solid #0a0b0d;background:linear-gradient(180deg,#20242b,#15181d);\n    color:#5a6478;font-size:9px;font-weight:800;letter-spacing:1px;cursor:pointer;display:flex;align-items:center;justify-content:center;position:relative}\n  .pad small{position:absolute;top:2px;left:4px;font-size:7px;color:#4a5364}\n  .pad.A{--c:#ff5c5c}.pad.B{--c:#ffb03a}.pad.C{--c:#ffe14d}.pad.D{--c:#7CFC5A}\n  .pad.E{--c:#4de1c3}.pad.F{--c:#4db6ff}.pad.G{--c:#7c8bff}.pad.H{--c:#e07cff}\n  .pad.set{background:var(--c);color:#0a0e14;box-shadow:0 0 10px var(--c)}\n  .pad.playing{outline:2px solid #fff;outline-offset:-2px}\n\n  .lp{display:grid;grid-template-columns:repeat(4,1fr);gap:5px}\n  .kb{height:28px;border-radius:5px;border:1px solid #0a0b0d;background:linear-gradient(180deg,#23272e,#171a1f);color:#aeb8c8;font-size:8.5px;font-weight:800;letter-spacing:.6px;cursor:pointer;display:flex;align-items:center;justify-content:center;text-align:center;line-height:1.05}\n  .kb.amber{color:var(--amber)}\n  .kb.on{background:var(--amber);color:#111;box-shadow:0 0 9px var(--amber)}\n\n  .deckmid{display:grid;grid-template-columns:64px 1fr 42px;gap:9px;align-items:center}\n  .transport{display:flex;flex-direction:column;gap:14px;align-items:center;justify-content:center}\n  .rbtn{width:56px;height:56px;border-radius:50%;border:2px solid #0a0b0d;cursor:pointer;position:relative;\n    background:radial-gradient(circle at 50% 35%,#3a3f47,#1a1c20);box-shadow:0 4px 8px #0008, inset 0 1px 0 #fff2}\n  .rbtn .lbl{position:absolute;bottom:-13px;left:50%;transform:translateX(-50%);font-size:7px;letter-spacing:1px;color:#8a94a4;white-space:nowrap}\n  .rbtn.cue{background:radial-gradient(circle at 50% 35%,#ffb25a,#c76a12)}\n  .rbtn.play{background:radial-gradient(circle at 50% 35%,#5be59a,#1f9e54)}\n  .rbtn.play.on{box-shadow:0 0 16px var(--green), inset 0 1px 0 #fff4}\n  .rbtn:active{transform:translateY(1px)}\n  .rbtn .ico{position:absolute;inset:0;display:flex;align-items:center;justify-content:center;color:#0a0e0a;font-size:15px;font-weight:900}\n\n  .jogwrap{display:flex;align-items:center;justify-content:center}\n  .jog{width:230px;height:230px;border-radius:50%;position:relative;cursor:grab;touch-action:none;\n    background:radial-gradient(circle at 50% 50%,#0e0f12 0 30%,#17191d 30% 33%,#0e0f12 33% 63%,#202329 63% 66%,#0c0d10 66% 100%);\n    border:3px solid #000;box-shadow:0 10px 24px #000b, inset 0 2px 10px #0009}\n  .jog:active{cursor:grabbing}\n  .jog .ring{position:absolute;inset:6px;border-radius:50%;border:2px solid #2a2e35}\n  .jog .lit{position:absolute;inset:4px;border-radius:50%;pointer-events:none;box-shadow:inset 0 0 22px #1a5fb033;border:2px solid #1f6fd0aa;opacity:.55}\n  .jog .platter{position:absolute;inset:50px;border-radius:50%;background:repeating-conic-gradient(#111 0 6deg,#191c21 6deg 12deg);border:2px solid #000;box-shadow:inset 0 0 20px #000}\n  .jog .hub{position:absolute;inset:76px;border-radius:50%;background:#0a0d12;border:2px solid #223;overflow:hidden;display:flex;align-items:center;justify-content:center}\n  .jog .art{position:absolute;inset:0;border-radius:50%}\n  .jog .marker{position:absolute;top:50%;left:50%;width:4px;height:38px;background:linear-gradient(180deg,#fff,#fff0);transform-origin:top center;transform:translate(-50%,0);border-radius:2px}\n  .jog .cdinfo{position:absolute;bottom:12px;left:50%;transform:translateX(-50%);font-size:8px;color:#9fb0c8;letter-spacing:1px}\n\n  .tempo{display:flex;flex-direction:column;align-items:center;gap:5px;height:230px;justify-content:center}\n  .tempo .tt{font-size:7.5px;color:#8a94a4;letter-spacing:1px}\n  .fadv{position:relative;width:26px;height:168px;background:linear-gradient(90deg,#0a0b0d,#16181c,#0a0b0d);border:1px solid #000;border-radius:6px;touch-action:none;cursor:ns-resize;box-shadow:inset 0 2px 8px #000a}\n  .fadv .track{position:absolute;left:50%;top:6px;bottom:6px;width:3px;transform:translateX(-50%);background:#000;border-radius:2px}\n  .fadv .cap{position:absolute;left:50%;width:34px;height:16px;transform:translate(-50%,-50%);background:linear-gradient(180deg,#e9edf3,#aab2bf);border:1px solid #000;border-radius:3px;box-shadow:0 2px 4px #0009}\n  .fadv .cap::after{content:\"\";position:absolute;left:4px;right:4px;top:50%;height:2px;background:#e2453f;transform:translateY(-50%)}\n  .tempo .rng{font-size:8px;color:var(--amber);letter-spacing:.6px;cursor:pointer}\n\n  .tledrow{display:flex;gap:6px;justify-content:center}\n  .tled{width:42px;text-align:center;font-size:7px;letter-spacing:.5px;color:#8a94a4;border:1px solid #2a2f37;border-radius:4px;padding:4px 2px;cursor:pointer;background:#12141a;line-height:1.1}\n  .tled.on{color:#111;background:var(--amber);border-color:var(--amber);font-weight:800}\n  .tled.sync.on{background:var(--cyan);border-color:var(--cyan)}\n\n  /* ===== DJM-A9 ===== */\n  .mixer{background:linear-gradient(180deg,#202329,#17191d 45%,#121317);border:1px solid #0c0d0f;border-radius:13px;padding:11px 10px;display:flex;flex-direction:column;gap:8px;box-shadow:inset 0 1px 0 #ffffff10, inset 0 -2px 6px #0007}\n  .mixer .mhdr{display:flex;justify-content:space-between;align-items:center;font-size:9px;letter-spacing:1.5px;color:#7f8aa0}\n  .mixer .mhdr b{color:#cfd7e6;letter-spacing:2px}\n  .chgrid{display:grid;grid-template-columns:repeat(4,1fr);gap:7px}\n  .ch{display:flex;flex-direction:column;align-items:center;gap:6px;background:linear-gradient(180deg,#1a1c21,#131519);border:1px solid #0a0b0d;border-radius:9px;padding:8px 5px}\n  .ch .cnum{font-size:10.5px;font-weight:800;color:#cdd6e4}\n  .ch.live .cnum{color:#fff}\n  .ch.dim{opacity:.4}\n  .knob{width:40px;height:40px;border-radius:50%;position:relative;cursor:ns-resize;touch-action:none;\n    background:radial-gradient(circle at 50% 34%,#40454e,#181a1e 72%);border:1px solid #000;box-shadow:0 3px 6px #0008, inset 0 1px 0 #fff2}\n  .knob::after{content:\"\";position:absolute;left:50%;top:5px;width:3px;height:12px;background:#eef2f8;border-radius:2px;transform-origin:50% 15px;transform:translateX(-50%) rotate(var(--pdeg,0deg))}\n  .knob.sm{width:32px;height:32px}\n  .knob.sm::after{height:10px;top:4px;transform-origin:50% 12px;transform:translateX(-50%) rotate(var(--pdeg,0deg))}\n  .klabel{font-size:7px;letter-spacing:.5px;color:#8a94a4}\n  .eqwrap{display:flex;flex-direction:column;gap:5px;align-items:center}\n  .eqrow{display:flex;flex-direction:column;align-items:center;gap:1px}\n  .cue-pfl{width:100%;height:19px;border-radius:4px;border:1px solid #0a0b0d;background:#20242b;color:#8a94a4;font-size:8px;font-weight:800;letter-spacing:1px;cursor:pointer;display:flex;align-items:center;justify-content:center}\n  .cue-pfl.on{background:var(--orange);color:#160800;box-shadow:0 0 8px var(--orange)}\n  .meter{width:8px;height:118px;background:#07090c;border:1px solid #000;border-radius:3px;position:relative;overflow:hidden}\n  .meter i{position:absolute;left:0;right:0;bottom:0;background:linear-gradient(0deg,#37d07a 0 55%,#f4d03a 55% 82%,#e0483f 82% 100%);height:0%}\n  .chbody{display:flex;gap:5px;align-items:flex-end}\n  .fadc{position:relative;width:28px;height:130px;background:linear-gradient(90deg,#0a0b0d,#16181c,#0a0b0d);border:1px solid #000;border-radius:6px;touch-action:none;cursor:ns-resize;box-shadow:inset 0 2px 8px #000a}\n  .fadc .cap{position:absolute;left:50%;width:36px;height:16px;transform:translate(-50%,-50%);background:linear-gradient(180deg,#eef2f8,#aab2bf);border:1px solid #000;border-radius:3px;box-shadow:0 2px 4px #0009}\n  .fadc .cap::after{content:\"\";position:absolute;left:4px;right:4px;top:50%;height:2px;background:#111;transform:translateY(-50%)}\n\n  .mcenter{display:grid;grid-template-columns:1fr 1fr;gap:8px;align-items:start}\n  .mbox{background:linear-gradient(180deg,#1a1c21,#131519);border:1px solid #0a0b0d;border-radius:9px;padding:8px;display:flex;flex-direction:column;gap:7px;align-items:center}\n  .mbox .t{font-size:8px;letter-spacing:1px;color:#8a94a4}\n  .fxscreen{background:#0b1220;border:1px solid #04070d;border-radius:6px;padding:6px 8px;width:100%;text-align:center}\n  .fxscreen .fxname{font-size:12px;font-weight:800;color:#fff;letter-spacing:1px}\n  .fxscreen .fxbpm{font-size:9px;color:var(--amber);font-variant-numeric:tabular-nums}\n  .fxsel{display:grid;grid-template-columns:repeat(3,1fr);gap:4px;width:100%}\n  .fxsel .fb{font-size:8px;font-weight:800;letter-spacing:.4px;color:#9fb0c8;background:#161a20;border:1px solid #222a34;border-radius:4px;padding:5px 2px;cursor:pointer;text-align:center}\n  .fxsel .fb.on{background:var(--cyan);color:#04121a}\n  .fxon{width:58px;height:58px;border-radius:50%;border:2px solid #0a0b0d;cursor:pointer;background:radial-gradient(circle at 50% 35%,#2b8fe0,#134a86);box-shadow:0 3px 8px #0008,inset 0 1px 0 #fff3;color:#eaf4ff;font-size:8px;font-weight:800;display:flex;align-items:center;justify-content:center}\n  .fxon.on{background:radial-gradient(circle at 50% 35%,#5bd0ff,#1f8fd6);box-shadow:0 0 16px var(--cyan),inset 0 1px 0 #fff5}\n\n  .xf{grid-column:1/3;background:linear-gradient(180deg,#1a1c21,#131519);border:1px solid #0a0b0d;border-radius:9px;padding:9px 12px;display:flex;flex-direction:column;gap:5px}\n  .xf .xlab{display:flex;justify-content:space-between;font-size:9px;font-weight:800;color:#aeb8c8;letter-spacing:1px}\n  .fadx{position:relative;width:100%;height:30px;background:linear-gradient(180deg,#0a0b0d,#16181c,#0a0b0d);border:1px solid #000;border-radius:6px;touch-action:none;cursor:ew-resize;box-shadow:inset 0 2px 8px #000a}\n  .fadx .cap{position:absolute;top:50%;width:20px;height:40px;transform:translate(-50%,-50%);background:linear-gradient(180deg,#eef2f8,#aab2bf);border:1px solid #000;border-radius:4px;box-shadow:0 2px 5px #0009}\n  .fadx .cap::after{content:\"\";position:absolute;top:5px;bottom:5px;left:50%;width:2px;background:#111;transform:translateX(-50%)}\n  .magvel{font-size:7px;letter-spacing:2px;color:#6b7488}\n\n  .phones .mbox{flex-direction:row;justify-content:space-around;gap:6px}\n\n  .coach{background:#0c0e12;border:1px solid #223;border-radius:10px;padding:9px 12px;font-size:11.5px;line-height:1.4;color:#c7d0de}\n  .coach b{color:#fff}\n  .coach .k{color:var(--amber);font-weight:800}\n  .beat-lamp{display:inline-block;width:10px;height:10px;border-radius:50%;background:#333;margin:0 1px;vertical-align:middle}\n  .beat-lamp.on{background:var(--green);box-shadow:0 0 8px var(--green)}\n  .phasebar{position:relative;height:12px;background:#07090c;border:1px solid #000;border-radius:6px;overflow:hidden;flex:1}\n  .phasebar i{position:absolute;top:0;bottom:0;width:3px;background:var(--cyan);left:50%;box-shadow:0 0 6px var(--cyan);transition:left .05s linear}\n  .phasebar .mid{position:absolute;top:0;bottom:0;left:50%;width:1px;background:#3a4658}\n  .phasebar.good i{background:var(--green);box-shadow:0 0 8px var(--green)}\n</style>\n</head>\n<body>\n<div id=\"stage\">\n<div class=\"booth\">\n\n  <div class=\"util\">\n    <div class=\"brand\"><b>SMU</b><span class=\"m\">PRO • CABINE DE DJ</span></div>\n    <span class=\"pill\"><span class=\"dot off\" id=\"acDot\"></span> Áudio <b id=\"acState\">clique em Ligar</b></span>\n    <div class=\"mission\">\n      <span class=\"idx\" id=\"mIdx\">MISSÃO 1/7</span>\n      <div class=\"txt\"><b id=\"mTitle\">Dê play no Deck A</b><br><small id=\"mHint\">Aperte PLAY no CDJ da esquerda.</small></div>\n      <span class=\"ok\" id=\"mOk\" style=\"display:none\">✓</span>\n    </div>\n    <span class=\"spacer\"></span>\n    <button class=\"btnp ghost\" id=\"btnReset\">Reiniciar</button>\n    <button class=\"btnp\" id=\"btnStart\">▶ Ligar áudio</button>\n  </div>\n\n  <div class=\"row\">\n\n    <!-- CDJ A -->\n    <div class=\"cdj\" data-deck=\"A\">\n      <div class=\"hdr\"><span class=\"rb\">rekordbox</span><span class=\"mdl\">CDJ-3000</span><span>PLAYER 1</span></div>\n      <div class=\"scr\">\n        <div class=\"tabs\"><span class=\"tab on\">BROWSE</span><span class=\"tab\">TAG</span><span class=\"tab\">INFO</span><span class=\"tab\">MENU</span></div>\n        <div class=\"ttl\"><span class=\"name\">SMU House Groove</span><span class=\"key\">7A · Am</span></div>\n        <canvas class=\"wf\" data-wf=\"A\"></canvas>\n        <canvas class=\"wfz\" data-wfz=\"A\"></canvas>\n        <div class=\"info\">\n          <div><div class=\"big\" id=\"timeA\">00:00</div><div class=\"sub\">TIME</div></div>\n          <div style=\"text-align:center\"><span class=\"pct\" id=\"pctA\">±0.0%</span> <span class=\"mstpill on\" id=\"mstA\">MT</span><div class=\"sub\">MASTER TEMPO</div></div>\n          <div style=\"text-align:right\"><div class=\"bpm\" id=\"bpmA\">124.0</div><div class=\"sub\">BPM · <span id=\"beatA\">1</span>/4</div></div>\n        </div>\n      </div>\n      <div class=\"pads\" data-pads=\"A\"></div>\n      <div class=\"lp\" data-loops=\"A\">\n        <div class=\"kb amber\" data-act=\"cuein\">IN / CUE</div>\n        <div class=\"kb amber\" data-act=\"cueout\">OUT</div>\n        <div class=\"kb\" data-act=\"reloop\">RELOOP</div>\n        <div class=\"kb\" data-act=\"beatloop\" data-len=\"4\">4 BEAT<br>LOOP</div>\n      </div>\n      <div class=\"deckmid\">\n        <div class=\"transport\">\n          <div class=\"rbtn cue\" data-act=\"cue\"><span class=\"ico\">■</span><span class=\"lbl\">CUE</span></div>\n          <div class=\"rbtn play\" data-act=\"play\"><span class=\"ico\">▶</span><span class=\"lbl\">PLAY/PAUSE</span></div>\n        </div>\n        <div class=\"jogwrap\">\n          <div class=\"jog\" data-jog=\"A\">\n            <div class=\"ring\"></div><div class=\"lit\"></div><div class=\"platter\"></div>\n            <div class=\"marker\" data-marker=\"A\"></div>\n            <div class=\"hub\"><canvas class=\"art\" data-art=\"A\" width=\"80\" height=\"80\"></canvas></div>\n            <div class=\"cdinfo\">VINYL</div>\n          </div>\n        </div>\n        <div class=\"tempo\">\n          <div class=\"tt\">TEMPO</div>\n          <div class=\"fadv\" data-tempo=\"A\"><div class=\"track\"></div><div class=\"cap\"></div></div>\n          <div class=\"rng\" data-range=\"A\">±8%</div>\n        </div>\n      </div>\n      <div class=\"tledrow\">\n        <div class=\"tled on\" data-act=\"mt\">MASTER TEMPO</div>\n        <div class=\"tled sync\" data-act=\"sync\">BEAT SYNC</div>\n        <div class=\"tled on\" data-act=\"master\">SET MASTER</div>\n      </div>\n    </div>\n\n    <!-- DJM-A9 -->\n    <div class=\"mixer\">\n      <div class=\"mhdr\"><span>Pioneer DJ</span><b>DJM-A9</b><span>MASTER</span></div>\n      <div class=\"chgrid\" id=\"chgrid\"></div>\n      <div class=\"mcenter\">\n        <div class=\"mbox\">\n          <div class=\"t\">MASTER</div>\n          <div class=\"knob\" data-knob=\"master\" data-min=\"0\" data-max=\"1.4\" data-val=\"1\"></div>\n          <div class=\"klabel\">LEVEL</div>\n          <div class=\"meter\" style=\"height:70px\"><i data-meter=\"master\"></i></div>\n        </div>\n        <div class=\"mbox\">\n          <div class=\"t\">BEAT FX</div>\n          <div class=\"fxscreen\"><div class=\"fxname\" id=\"fxName\">ECHO</div><div class=\"fxbpm\" id=\"fxBpm\">124.0 BPM</div></div>\n          <div class=\"fxsel\" id=\"fxsel\"></div>\n          <div class=\"fxon\" data-act=\"fxon\">ON/OFF</div>\n        </div>\n        <div class=\"xf\">\n          <div class=\"xlab\"><span>A</span><span class=\"magvel\">MAGVEL FADER PRO</span><span>B</span></div>\n          <div class=\"fadx\" data-xfader><div class=\"cap\"></div></div>\n        </div>\n      </div>\n      <div class=\"phones\">\n        <div class=\"mbox\">\n          <div style=\"text-align:center\"><div class=\"knob sm\" data-knob=\"phmix\" data-min=\"0\" data-max=\"1\" data-val=\"0.5\"></div><div class=\"klabel\">MIX CUE↔MST</div></div>\n          <div style=\"text-align:center\"><div class=\"knob sm\" data-knob=\"phlvl\" data-min=\"0\" data-max=\"1.4\" data-val=\"0.9\"></div><div class=\"klabel\">PHONES</div></div>\n          <div style=\"text-align:center\"><div class=\"knob sm\" data-knob=\"booth\" data-min=\"0\" data-max=\"1.4\" data-val=\"1\"></div><div class=\"klabel\">BOOTH</div></div>\n        </div>\n      </div>\n    </div>\n\n    <!-- CDJ B -->\n    <div class=\"cdj\" data-deck=\"B\">\n      <div class=\"hdr\"><span class=\"rb\">rekordbox</span><span class=\"mdl\">CDJ-3000</span><span>PLAYER 2</span></div>\n      <div class=\"scr\">\n        <div class=\"tabs\"><span class=\"tab on\">BROWSE</span><span class=\"tab\">TAG</span><span class=\"tab\">INFO</span><span class=\"tab\">MENU</span></div>\n        <div class=\"ttl\"><span class=\"name\">SMU Techno Drive</span><span class=\"key\">8A · Bm</span></div>\n        <canvas class=\"wf\" data-wf=\"B\"></canvas>\n        <canvas class=\"wfz\" data-wfz=\"B\"></canvas>\n        <div class=\"info\">\n          <div><div class=\"big\" id=\"timeB\">00:00</div><div class=\"sub\">TIME</div></div>\n          <div style=\"text-align:center\"><span class=\"pct\" id=\"pctB\">±0.0%</span> <span class=\"mstpill on\" id=\"mstB\">MT</span><div class=\"sub\">MASTER TEMPO</div></div>\n          <div style=\"text-align:right\"><div class=\"bpm\" id=\"bpmB\">128.0</div><div class=\"sub\">BPM · <span id=\"beatB\">1</span>/4</div></div>\n        </div>\n      </div>\n      <div class=\"pads\" data-pads=\"B\"></div>\n      <div class=\"lp\" data-loops=\"B\">\n        <div class=\"kb amber\" data-act=\"cuein\">IN / CUE</div>\n        <div class=\"kb amber\" data-act=\"cueout\">OUT</div>\n        <div class=\"kb\" data-act=\"reloop\">RELOOP</div>\n        <div class=\"kb\" data-act=\"beatloop\" data-len=\"4\">4 BEAT<br>LOOP</div>\n      </div>\n      <div class=\"deckmid\">\n        <div class=\"transport\">\n          <div class=\"rbtn cue\" data-act=\"cue\"><span class=\"ico\">■</span><span class=\"lbl\">CUE</span></div>\n          <div class=\"rbtn play\" data-act=\"play\"><span class=\"ico\">▶</span><span class=\"lbl\">PLAY/PAUSE</span></div>\n        </div>\n        <div class=\"jogwrap\">\n          <div class=\"jog\" data-jog=\"B\">\n            <div class=\"ring\"></div><div class=\"lit\"></div><div class=\"platter\"></div>\n            <div class=\"marker\" data-marker=\"B\"></div>\n            <div class=\"hub\"><canvas class=\"art\" data-art=\"B\" width=\"80\" height=\"80\"></canvas></div>\n            <div class=\"cdinfo\">VINYL</div>\n          </div>\n        </div>\n        <div class=\"tempo\">\n          <div class=\"tt\">TEMPO</div>\n          <div class=\"fadv\" data-tempo=\"B\"><div class=\"track\"></div><div class=\"cap\"></div></div>\n          <div class=\"rng\" data-range=\"B\">±8%</div>\n        </div>\n      </div>\n      <div class=\"tledrow\">\n        <div class=\"tled on\" data-act=\"mt\">MASTER TEMPO</div>\n        <div class=\"tled sync\" data-act=\"sync\">BEAT SYNC</div>\n        <div class=\"tled\" data-act=\"master\">SET MASTER</div>\n      </div>\n    </div>\n  </div>\n\n  <div class=\"coach\">\n    <b>Cabine ao vivo.</b> Deck A vem em <b>124 BPM</b> e o Deck B em <b>128 BPM</b>. Virada limpa: (1) toque o A no master; (2) aperte <span class=\"k\">CUE</span> do canal 2 p/ pré-escutar o B; (3) puxe o <span class=\"k\">TEMPO</span> do B até o BPM bater; (4) empurre a <span class=\"k\">jogwheel</span> do B p/ centralizar a FASE; (5) troque graves no EQ e traga o B.\n    <div style=\"display:flex;align-items:center;gap:10px;margin-top:7px\">\n      <span style=\"font-size:10px;color:#8a94a4;letter-spacing:1px\">FASE A↔B</span>\n      <div class=\"phasebar\" id=\"phasebar\"><div class=\"mid\"></div><i id=\"phaseInd\"></i></div>\n      <span id=\"beatLamps\"></span>\n      <span class=\"pill\" style=\"margin-left:auto\">Δ BPM <b id=\"bpmDelta\">4.0</b></span>\n    </div>\n  </div>\n</div>\n</div>\n\n<script>\n\"use strict\";\nconst $=(s,r=document)=>r.querySelector(s);\nconst $$=(s,r=document)=>[...r.querySelectorAll(s)];\nconst clamp=(v,a,b)=>Math.max(a,Math.min(b,v));\n\nlet AC=null, started=false;\nlet masterGain, cueBus, comp, fxNode={};\nconst decks={};\nwindow._masterDeck=\"A\";\n\nconst GROOVES={\n  A:{ baseBpm:124, root:110,\n    k:[1,0,0,0, 1,0,0,0, 1,0,0,0, 1,0,0,0],\n    s:[0,0,0,0, 1,0,0,0, 0,0,0,0, 1,0,0,0],\n    h:[0,0,1,0, 0,0,1,0, 0,0,1,0, 0,0,1,0],\n    o:[0,0,0,0, 0,0,0,0, 0,0,0,0, 0,0,1,0],\n    b:[1,0,0,1, 0,0,1,0, 1,0,0,1, 0,0,1,0],\n    t:[0,0,0,0, 0,0,0,0, 1,0,0,0, 0,0,0,0] },\n  B:{ baseBpm:128, root:98,\n    k:[1,0,0,0, 1,0,0,0, 1,0,0,0, 1,0,0,0],\n    s:[0,0,0,0, 0,0,0,0, 1,0,0,0, 0,0,0,0],\n    h:[0,0,1,0, 0,0,1,0, 0,0,1,0, 0,0,1,0],\n    o:[0,1,0,0, 0,1,0,0, 0,1,0,0, 0,1,0,1],\n    b:[1,0,1,0, 1,0,1,0, 1,0,1,0, 1,0,1,0],\n    t:[0,0,0,0, 1,0,0,0, 0,0,0,0, 1,0,1,0] }\n};\n\n/* ---------- audio graph ---------- */\nfunction buildGraph(){\n  AC=new (window.AudioContext||window.webkitAudioContext)();\n  masterGain=AC.createGain(); masterGain.gain.value=1;\n  comp=AC.createDynamicsCompressor();\n  comp.threshold.value=-8; comp.knee.value=24; comp.ratio.value=3; comp.attack.value=0.004; comp.release.value=0.18;\n  // BEAT FX (feedback echo) inserted before compressor\n  fxNode.in=AC.createGain();\n  fxNode.dry=AC.createGain(); fxNode.dry.gain.value=1;\n  fxNode.wet=AC.createGain(); fxNode.wet.gain.value=0;\n  fxNode.delay=AC.createDelay(2.0); fxNode.delay.delayTime.value=(60/124)/2;\n  fxNode.fb=AC.createGain(); fxNode.fb.gain.value=0.38;\n  fxNode.in.connect(fxNode.dry); fxNode.dry.connect(masterGain);\n  fxNode.in.connect(fxNode.delay); fxNode.delay.connect(fxNode.fb); fxNode.fb.connect(fxNode.delay);\n  fxNode.delay.connect(fxNode.wet); fxNode.wet.connect(masterGain);\n  masterGain.connect(comp); comp.connect(AC.destination);\n  // cue/headphone bus (mixed to same output, gated by MIX)\n  cueBus=AC.createGain(); cueBus.gain.value=0.55; cueBus.connect(AC.destination);\n  [\"A\",\"B\"].forEach(buildDeck);\n}\nfunction buildDeck(id){\n  const g=GROOVES[id];\n  const d={ id, groove:g, baseBpm:g.baseBpm, bpm:g.baseBpm, pitch:0, range:8,\n    playing:false, mt:true, next:0, abs:0, step:0, bar:0, startTime:0,\n    nudge:0, loopOn:false, loopLen:4, loopStartAbs:0, hotcues:{} };\n  d.sum=AC.createGain();\n  d.trim=AC.createGain(); d.trim.gain.value=0.9;\n  d.eqLow=AC.createBiquadFilter(); d.eqLow.type=\"lowshelf\"; d.eqLow.frequency.value=120;\n  d.eqMid=AC.createBiquadFilter(); d.eqMid.type=\"peaking\"; d.eqMid.frequency.value=1000; d.eqMid.Q.value=0.8;\n  d.eqHi=AC.createBiquadFilter(); d.eqHi.type=\"highshelf\"; d.eqHi.frequency.value=3500;\n  d.color=AC.createBiquadFilter(); d.color.type=\"allpass\"; d.color.frequency.value=1000;\n  d.fader=AC.createGain(); d.fader.gain.value=0;\n  d.xf=AC.createGain(); d.xf.gain.value=1;\n  d.pfl=AC.createGain(); d.pfl.gain.value=0;\n  d.sum.connect(d.trim); d.trim.connect(d.eqLow); d.eqLow.connect(d.eqMid);\n  d.eqMid.connect(d.eqHi); d.eqHi.connect(d.color);\n  d.color.connect(d.fader); d.fader.connect(d.xf); d.xf.connect(fxNode.in);\n  d.color.connect(d.pfl); d.pfl.connect(cueBus);\n  d.analyser=AC.createAnalyser(); d.analyser.fftSize=256; d.color.connect(d.analyser); // pré-fader (como o VU do DJM)\n  decks[id]=d;\n}\n\n/* ---------- synth voices ---------- */\nlet _noise=null;\nfunction noiseBuf(){ if(_noise)return _noise; _noise=AC.createBuffer(1,AC.sampleRate*0.4,AC.sampleRate);\n  const d=_noise.getChannelData(0); for(let i=0;i<d.length;i++)d[i]=Math.random()*2-1; return _noise; }\nfunction vKick(t,g,d){ const o=AC.createOscillator(),a=AC.createGain();\n  o.frequency.setValueAtTime(150,t); o.frequency.exponentialRampToValueAtTime(48,t+0.12);\n  a.gain.setValueAtTime(g,t); a.gain.exponentialRampToValueAtTime(0.001,t+0.30);\n  o.connect(a); a.connect(d.sum); o.start(t); o.stop(t+0.33); }\nfunction vClap(t,g,d){ const s=AC.createBufferSource(); s.buffer=noiseBuf();\n  const bp=AC.createBiquadFilter(); bp.type=\"bandpass\"; bp.frequency.value=1800; bp.Q.value=0.7;\n  const a=AC.createGain(); a.gain.setValueAtTime(g,t); a.gain.exponentialRampToValueAtTime(0.001,t+0.16);\n  s.connect(bp); bp.connect(a); a.connect(d.sum); s.start(t); s.stop(t+0.18); }\nfunction vHat(t,g,open,d){ const s=AC.createBufferSource(); s.buffer=noiseBuf();\n  const hp=AC.createBiquadFilter(); hp.type=\"highpass\"; hp.frequency.value=8000;\n  const a=AC.createGain(); const dur=open?0.14:0.045;\n  a.gain.setValueAtTime(g,t); a.gain.exponentialRampToValueAtTime(0.001,t+dur);\n  s.connect(hp); hp.connect(a); a.connect(d.sum); s.start(t); s.stop(t+dur+0.05); }\nfunction vBass(t,g,freq,d){ const o=AC.createOscillator(); o.type=\"sawtooth\"; o.frequency.value=freq;\n  const lp=AC.createBiquadFilter(); lp.type=\"lowpass\"; lp.frequency.setValueAtTime(600,t);\n  lp.frequency.exponentialRampToValueAtTime(140,t+0.18); lp.Q.value=6;\n  const a=AC.createGain(); a.gain.setValueAtTime(0.0001,t); a.gain.linearRampToValueAtTime(g,t+0.01);\n  a.gain.exponentialRampToValueAtTime(0.001,t+0.20);\n  o.connect(lp); lp.connect(a); a.connect(d.sum); o.start(t); o.stop(t+0.22); }\nfunction vStab(t,g,freq,d){ const out=AC.createGain(); out.gain.setValueAtTime(0.0001,t);\n  out.gain.linearRampToValueAtTime(g,t+0.008); out.gain.exponentialRampToValueAtTime(0.001,t+0.34);\n  out.connect(d.sum);\n  [0,4,7].forEach(semi=>{ const o=AC.createOscillator(); o.type=\"square\"; o.frequency.value=freq*Math.pow(2,semi/12);\n    const a=AC.createGain(); a.gain.value=0.33; o.connect(a); a.connect(out); o.start(t); o.stop(t+0.36); }); }\n\n/* ---------- scheduler ---------- */\nconst LOOKAHEAD=0.12, TICK=25;\nfunction stepDur(d){ return (60.0/d.bpm)/4.0; }\nfunction schedule(){\n  if(!AC) return; const now=AC.currentTime;\n  [\"A\",\"B\"].forEach(id=>{ const d=decks[id]; if(!d.playing) return;\n    while(d.next < now+LOOKAHEAD){\n      const t=d.next + d.nudge; d.nudge=0;\n      const st=d.abs%16, g=d.groove;\n      if(g.k[st]) vKick(t,1.0,d);\n      if(g.s[st]) vClap(t,0.9,d);\n      if(g.h[st]) vHat(t,0.5,false,d);\n      if(g.o[st]) vHat(t,0.4,true,d);\n      if(g.b[st]) vBass(t,0.55,g.root,d);\n      if(g.t[st]) vStab(t,0.22,g.root*2,d);\n      d.abs++;\n      if(d.loopOn && (d.abs - d.loopStartAbs) >= d.loopLen*4) d.abs=d.loopStartAbs;\n      d.step=d.abs%16; d.bar=Math.floor(d.abs/16);\n      d.next += stepDur(d);\n    }\n  });\n  autoCheckMissions(); // roda no interval — não depende de rAF/visibilidade\n}\n\n/* ---------- tempo / pitch ---------- */\nfunction applyTempo(d){ d.bpm=d.baseBpm*(1+d.pitch/100); }\nfunction setPitch(d,pct){ d.pitch=clamp(pct,-d.range,d.range); applyTempo(d); refreshDeckUI(d); checkTempoMission(); }\n\n/* ---------- knobs ---------- */\nfunction setKnobVisual(el,val){ const min=+el.dataset.min,max=+el.dataset.max; const p=(val-min)/(max-min);\n  el.style.setProperty(\"--pdeg\",(-140+p*280)+\"deg\"); el.dataset.val=val; }\nfunction bindKnob(el,onChange){ const min=+el.dataset.min,max=+el.dataset.max; let val=+el.dataset.val;\n  setKnobVisual(el,val); onChange&&onChange(val);\n  let sy=0,sv=0,drag=false;\n  el.addEventListener(\"pointerdown\",e=>{ drag=true; sy=e.clientY; sv=val; el.setPointerCapture(e.pointerId); e.preventDefault(); });\n  el.addEventListener(\"pointermove\",e=>{ if(!drag)return; const dv=(sy-e.clientY)/140*(max-min); val=clamp(sv+dv,min,max); setKnobVisual(el,val); onChange&&onChange(val); });\n  el.addEventListener(\"pointerup\",()=>drag=false); el.addEventListener(\"pointercancel\",()=>drag=false);\n  el.addEventListener(\"dblclick\",()=>{ val=(min<0&&max>0)?0:(min+max)/2; setKnobVisual(el,val); onChange&&onChange(val); });\n}\n\n/* ---------- faders ---------- */\nfunction bindVFader(el,onChange,init){ const cap=el.querySelector(\".cap\"); let val=init; place();\n  function place(){ const h=el.clientHeight; cap.style.top=(6+(1-val)*(h-12))+\"px\"; }\n  onChange&&onChange(val); let drag=false;\n  const move=e=>{ if(!drag)return; const r=el.getBoundingClientRect(); val=1-clamp((e.clientY-r.top-6)/(r.height-12),0,1); place(); onChange&&onChange(val); };\n  el.addEventListener(\"pointerdown\",e=>{ drag=true; el.setPointerCapture(e.pointerId); move(e); });\n  el.addEventListener(\"pointermove\",move);\n  el.addEventListener(\"pointerup\",()=>drag=false); el.addEventListener(\"pointercancel\",()=>drag=false);\n  window.addEventListener(\"resize\",place);\n}\nfunction bindTempoFader(el,d){ const cap=el.querySelector(\".cap\"); let pos=0.5; place();\n  function place(){ const h=el.clientHeight; cap.style.top=(6+pos*(h-12))+\"px\"; }\n  function apply(){ setPitch(d,(pos-0.5)*2*d.range); } // top=- , bottom=+  (faithful Pioneer)\n  let drag=false;\n  const move=e=>{ if(!drag)return; const r=el.getBoundingClientRect(); pos=clamp((e.clientY-r.top-6)/(r.height-12),0,1); place(); apply(); };\n  el.addEventListener(\"pointerdown\",e=>{ drag=true; el.setPointerCapture(e.pointerId); move(e); });\n  el.addEventListener(\"pointermove\",move);\n  el.addEventListener(\"pointerup\",()=>drag=false); el.addEventListener(\"pointercancel\",()=>drag=false);\n  el.addEventListener(\"dblclick\",()=>{ pos=0.5; place(); apply(); });\n  d._tempoSet=pct=>{ pos=clamp(pct/(2*d.range)+0.5,0,1); place(); apply(); };\n}\nfunction bindXFader(el){ const cap=el.querySelector(\".cap\"); let x=0.5; place();\n  function place(){ const w=el.clientWidth; cap.style.left=(10+x*(w-20))+\"px\"; apply(); }\n  function apply(){ decks.A.xf.gain.value=Math.cos(x*Math.PI/2); decks.B.xf.gain.value=Math.cos((1-x)*Math.PI/2); }\n  let drag=false;\n  const move=e=>{ if(!drag)return; const r=el.getBoundingClientRect(); x=clamp((e.clientX-r.left-10)/(r.width-20),0,1); place(); };\n  el.addEventListener(\"pointerdown\",e=>{ drag=true; el.setPointerCapture(e.pointerId); move(e); });\n  el.addEventListener(\"pointermove\",move);\n  el.addEventListener(\"pointerup\",()=>drag=false); el.addEventListener(\"pointercancel\",()=>drag=false);\n  el.addEventListener(\"dblclick\",()=>{ x=0.5; place(); });\n}\n\n/* ---------- jogwheel (phase nudge) ---------- */\nfunction bindJog(el,d){ let last=null,drag=false;\n  function ang(e){ const r=el.getBoundingClientRect(); return Math.atan2(e.clientY-(r.top+r.height/2),e.clientX-(r.left+r.width/2)); }\n  el.addEventListener(\"pointerdown\",e=>{ drag=true; last=ang(e); el.setPointerCapture(e.pointerId); e.preventDefault(); });\n  el.addEventListener(\"pointermove\",e=>{ if(!drag)return; let a=ang(e),da=a-last; if(da>Math.PI)da-=2*Math.PI; if(da<-Math.PI)da+=2*Math.PI; last=a;\n    d.nudge -= da*0.05; d.jogRot=(d.jogRot||0)+da;\n    const m=$(`[data-marker=\"${d.id}\"]`); if(m) m.style.transform=`translate(-50%,0) rotate(${d.jogRot}rad)`;\n    markMission(\"jog\"); });\n  el.addEventListener(\"pointerup\",()=>drag=false); el.addEventListener(\"pointercancel\",()=>drag=false);\n}\n\n/* ---------- transport ---------- */\nfunction playDeck(d,on){ if(!started) startAudio();\n  d.playing = on!==undefined?on:!d.playing;\n  const btn=$(`.cdj[data-deck=\"${d.id}\"] .rbtn.play`);\n  if(d.playing){ if(d.next<AC.currentTime) d.next=AC.currentTime+0.05; btn.classList.add(\"on\"); btn.querySelector(\".ico\").textContent=\"❚❚\"; if(!d.startTime)d.startTime=AC.currentTime; }\n  else { btn.classList.remove(\"on\"); btn.querySelector(\".ico\").textContent=\"▶\"; }\n  if(d.playing) markMission(d.id===\"A\"?\"playA\":\"playB\");\n}\nfunction cueDeck(d){ if(!started) startAudio(); d.abs=0; d.step=0; d.bar=0; d.next=AC.currentTime+0.02; if(!d.playing) playDeck(d,true); }\n\n/* ---------- build UI parts ---------- */\nfunction buildPads(){ [\"A\",\"B\"].forEach(id=>{ const wrap=$(`[data-pads=\"${id}\"]`);\n  [\"A\",\"B\",\"C\",\"D\",\"E\",\"F\",\"G\",\"H\"].forEach(c=>{ const el=document.createElement(\"div\"); el.className=\"pad \"+c;\n    el.innerHTML=`<small>HOT CUE</small>${c}`; wrap.appendChild(el);\n    el.addEventListener(\"pointerdown\",()=>hotcue(id,c,el)); }); }); }\nfunction hotcue(id,c,el){ const d=decks[id]; if(!started) startAudio();\n  if(!d.hotcues[c]){ d.hotcues[c]=d.abs; el.classList.add(\"set\"); markMission(\"hotcue\"); }\n  else { d.abs=d.hotcues[c]; d.next=AC.currentTime+0.02; el.classList.add(\"playing\"); setTimeout(()=>el.classList.remove(\"playing\"),220); } }\n\nfunction buildChannels(){ const grid=$(\"#chgrid\");\n  [{n:1,deck:\"A\"},{n:2,deck:\"B\"},{n:3,deck:null},{n:4,deck:null}].forEach(c=>{\n    const ch=document.createElement(\"div\"); ch.className=\"ch\"+(c.deck?\" live\":\" dim\");\n    const dk=c.deck||\"\";\n    ch.innerHTML=`\n      <div class=\"cnum\">${c.n}${c.deck?\" · \"+c.deck:\"\"}</div>\n      <div class=\"knob sm\" data-ck=\"trim\" data-deck=\"${dk}\" data-min=\"0\" data-max=\"1.6\" data-val=\"0.9\"></div><div class=\"klabel\">TRIM</div>\n      <div class=\"eqwrap\">\n        <div class=\"eqrow\"><div class=\"knob sm\" data-ck=\"hi\" data-deck=\"${dk}\" data-min=\"-26\" data-max=\"6\" data-val=\"0\"></div><div class=\"klabel\">HI</div></div>\n        <div class=\"eqrow\"><div class=\"knob sm\" data-ck=\"mid\" data-deck=\"${dk}\" data-min=\"-26\" data-max=\"6\" data-val=\"0\"></div><div class=\"klabel\">MID</div></div>\n        <div class=\"eqrow\"><div class=\"knob sm\" data-ck=\"low\" data-deck=\"${dk}\" data-min=\"-26\" data-max=\"6\" data-val=\"0\"></div><div class=\"klabel\">LOW</div></div>\n      </div>\n      <div class=\"knob sm\" data-ck=\"color\" data-deck=\"${dk}\" data-min=\"-1\" data-max=\"1\" data-val=\"0\"></div><div class=\"klabel\">COLOR</div>\n      <div class=\"cue-pfl\" data-ck=\"cue\" data-deck=\"${dk}\">CUE</div>\n      <div class=\"chbody\"><div class=\"meter\"><i data-meter=\"${c.deck||(''x''+c.n)}\"></i></div>\n        <div class=\"fadc\" data-ck=\"fader\" data-deck=\"${dk}\"><div class=\"cap\"></div></div></div>`;\n    grid.appendChild(ch); }); }\n\nfunction buildFx(){ const sel=$(\"#fxsel\"); [\"ECHO\",\"FILTER\",\"FLANGER\",\"REVERB\",\"ROLL\",\"PING\"].forEach((f,i)=>{\n  const b=document.createElement(\"div\"); b.className=\"fb\"+(i===0?\" on\":\"\"); b.textContent=f;\n  b.addEventListener(\"pointerdown\",()=>{ $$(\"#fxsel .fb\").forEach(x=>x.classList.remove(\"on\")); b.classList.add(\"on\"); $(\"#fxName\").textContent=f; }); sel.appendChild(b); }); }\n\n/* ---------- channel/master apply ---------- */\nfunction applyChannel(dk,ck,val){ if(!dk||!decks[dk])return; const d=decks[dk];\n  if(ck===\"trim\") d.trim.gain.value=val;\n  else if(ck===\"hi\") d.eqHi.gain.value=val;\n  else if(ck===\"mid\") d.eqMid.gain.value=val;\n  else if(ck===\"low\"){ d.eqLow.gain.value=val; checkEqMission(); }\n  else if(ck===\"color\"){ if(val<-0.03){ d.color.type=\"lowpass\"; d.color.frequency.value=200+(1+val)*18000; d.color.Q.value=1+(-val)*6; }\n    else if(val>0.03){ d.color.type=\"highpass\"; d.color.frequency.value=20+val*6000; d.color.Q.value=1+val*6; }\n    else { d.color.type=\"allpass\"; d.color.frequency.value=1000; } } }\nfunction applyMaster(k,val){ if(k===\"master\"&&masterGain) masterGain.gain.value=val;\n  else if(k===\"phmix\"&&cueBus) cueBus.gain.value=(1-val)*1.1; }\n\n/* ---------- missions ---------- */\nconst MISSIONS=[\n  {id:\"playA\",t:\"Dê play no Deck A\",h:\"Aperte PLAY no CDJ da esquerda e suba o fader do canal 1.\"},\n  {id:\"cueB\",t:\"Pré-escute o Deck B no fone\",h:\"No mixer, aperte CUE (laranja) do canal 2.\"},\n  {id:\"playB\",t:\"Toque o Deck B (no fone)\",h:\"Dê play no CDJ da direita com o fader do canal 2 embaixo.\"},\n  {id:\"tempo\",t:\"Iguale o BPM do B ao A\",h:\"Puxe o TEMPO do Deck B até 124.0 BPM (Δ BPM = 0.0).\"},\n  {id:\"beatmatch\",t:\"Alinhe a batida (jogwheel)\",h:\"Empurre a jogwheel do B até a barra de FASE centralizar (fica verde).\"},\n  {id:\"eq\",t:\"Troque graves na virada\",h:\"Corte o LOW do canal A e abra o LOW do B, subindo o fader do B.\"},\n  {id:\"fxon\",t:\"Ligue um BEAT FX\",h:\"Escolha ECHO/FILTER e aperte ON/OFF.\"}\n];\nlet mi=0;\nfunction markMission(key){ const m=MISSIONS[mi]; if(m&&m.id===key) completeMission(); }\nfunction completeMission(){ mi++; renderMission(); }\nfunction missionState(id){ const a=decks.A,b=decks.B; if(!a||!b)return false;\n  switch(id){\n    case \"playA\": return a.playing && a.fader.gain.value>0.3;\n    case \"cueB\": return b.pfl.gain.value>0;\n    case \"playB\": return b.playing;\n    case \"tempo\": return Math.abs(a.bpm-b.bpm)<0.2;\n    case \"beatmatch\":{ const pa=(a.abs%16)/16,pb=(b.abs%16)/16; let df=pb-pa; if(df>0.5)df-=1; if(df<-0.5)df+=1;\n      return a.playing&&b.playing&&Math.abs(a.bpm-b.bpm)<0.4&&Math.abs(df)<0.05; }\n    case \"eq\": return a.eqLow.gain.value<-10 && b.eqLow.gain.value>-3 && b.fader.gain.value>0.4;\n    case \"fxon\": return !!fxNode.wet && fxNode.wet.gain.value>0.1;\n  } return false; }\nfunction autoCheckMissions(){ const m=MISSIONS[mi]; if(m && missionState(m.id)) completeMission(); }\nfunction renderMission(){ const m=MISSIONS[mi];\n  if(!m){ $(\"#mIdx\").textContent=\"✓ COMPLETO\"; $(\"#mTitle\").textContent=\"Você mixou como DJ!\"; $(\"#mHint\").textContent=\"Continue: viradas, EQ, loops, hot cues e BEAT FX.\"; $(\"#mOk\").style.display=\"inline\"; return; }\n  $(\"#mIdx\").textContent=\"MISSÃO \"+(mi+1)+\"/\"+MISSIONS.length; $(\"#mTitle\").textContent=m.t; $(\"#mHint\").textContent=m.h; }\nfunction checkTempoMission(){ const m=MISSIONS[mi]; if(m&&m.id===\"tempo\"&&decks.A&&decks.B&&Math.abs(decks.A.bpm-decks.B.bpm)<0.2) completeMission(); }\nfunction checkEqMission(){ const m=MISSIONS[mi]; if(m&&m.id===\"eq\"&&decks.A.eqLow.gain.value<-10&&decks.B.eqLow.gain.value>-3&&decks.B.fader.gain.value>0.4) completeMission(); }\n\n/* ---------- visuals ---------- */\nfunction drawWaveforms(){ [\"A\",\"B\"].forEach(id=>{ const d=decks[id];\n  [[`[data-wf=\"${id}\"]`,0],[`[data-wfz=\"${id}\"]`,1]].forEach(([sel,zoom])=>{ const cv=$(sel); if(!cv)return;\n    const w=cv.width=cv.clientWidth||300, h=cv.height=cv.clientHeight||(zoom?40:74); const ctx=cv.getContext(\"2d\"); ctx.clearRect(0,0,w,h);\n    const bars=zoom?32:120, bw=w/bars;\n    for(let i=0;i<bars;i++){ let s=Math.sin(i*12.9+id.charCodeAt(0))*43758.5; s-=Math.floor(s);\n      const beat=(i%(zoom?4:8))===0; const amp=(0.25+s*0.7)*h;\n      ctx.fillStyle=beat?(id===\"A\"?\"#5bd0ff\":\"#ffa24d\"):(id===\"A\"?\"#2b6fb0\":\"#a86a2a\");\n      ctx.fillRect(i*bw,(h-amp)/2,bw*0.7,amp); }\n    if(zoom){ ctx.fillStyle=\"#fff\"; ctx.fillRect(w/2,0,2,h); }\n    else { const ph=(d.abs%120)/120; ctx.fillStyle=\"#fff\"; ctx.fillRect(ph*w,0,2,h); }\n  }); }); }\nfunction updateMeters(){ [\"A\",\"B\"].forEach(id=>{ const d=decks[id]; if(!d.analyser)return;\n  const buf=new Uint8Array(d.analyser.fftSize); d.analyser.getByteTimeDomainData(buf);\n  let peak=0; for(let i=0;i<buf.length;i++){ const v=Math.abs(buf[i]-128)/128; if(v>peak)peak=v; }\n  const el=$(`[data-meter=\"${id}\"]`); if(el)el.style.height=Math.min(100,peak*140)+\"%\"; }); }\nfunction updatePhase(){ const a=decks.A,b=decks.B; if(!a||!b)return;\n  $(\"#bpmDelta\").textContent=Math.abs(a.bpm-b.bpm).toFixed(1);\n  const pa=(a.abs%16)/16, pb=(b.abs%16)/16; let diff=pb-pa; if(diff>0.5)diff-=1; if(diff<-0.5)diff+=1;\n  const ind=$(\"#phaseInd\"); if(ind)ind.style.left=(50+diff*100)+\"%\";\n  const matched=a.playing&&b.playing&&Math.abs(a.bpm-b.bpm)<0.4&&Math.abs(diff)<0.035;\n  $(\"#phasebar\").classList.toggle(\"good\",matched);\n  const beat=a.abs%4, lamps=$(\"#beatLamps\"); if(lamps){ lamps.innerHTML=\"\"; for(let i=0;i<4;i++){ const s=document.createElement(\"span\"); s.className=\"beat-lamp\"+(i===beat&&a.playing?\" on\":\"\"); lamps.appendChild(s);} }\n  if(matched) markMission(\"beatmatch\"); }\nfunction refreshDeckUI(d){ $(\"#bpm\"+d.id).textContent=d.bpm.toFixed(1);\n  $(\"#pct\"+d.id).textContent=(d.pitch>=0?\"+\":\"\")+d.pitch.toFixed(1)+\"%\"; $(\"#mst\"+d.id).classList.toggle(\"on\",d.mt);\n  const md=decks[window._masterDeck]||decks.A; $(\"#fxBpm\").textContent=md.bpm.toFixed(1)+\" BPM\";\n  if(fxNode.delay) fxNode.delay.delayTime.value=(60/md.bpm)/2; }\n\nfunction drawArt(id){ const cv=$(`[data-art=\"${id}\"]`); if(!cv)return; const ctx=cv.getContext(\"2d\");\n  const c=id===\"A\"?[\"#3a86ff\",\"#0a1a33\"]:[\"#ff7a1a\",\"#331000\"]; const g=ctx.createRadialGradient(40,40,4,40,40,40);\n  g.addColorStop(0,c[0]); g.addColorStop(1,c[1]); ctx.fillStyle=g; ctx.beginPath(); ctx.arc(40,40,40,0,7); ctx.fill();\n  ctx.fillStyle=\"#0009\"; ctx.beginPath(); ctx.arc(40,40,6,0,7); ctx.fill(); }\n\n/* ---------- deck actions ---------- */\nfunction handleDeckAct(id,act,b){ const d=decks[id]; if(!started&&(act===\"play\"||act===\"cue\")) startAudio();\n  switch(act){\n    case \"play\": playDeck(d); break;\n    case \"cue\": cueDeck(d); break;\n    case \"sync\": syncDeck(id,b); break;\n    case \"mt\": d.mt=!d.mt; b.classList.toggle(\"on\",d.mt); refreshDeckUI(d); break;\n    case \"master\": window._masterDeck=id; $$(''.tled[data-act=\"master\"]'').forEach(x=>x.classList.remove(\"on\")); b.classList.add(\"on\"); refreshDeckUI(d); break;\n    case \"beatloop\": d.loopOn=!d.loopOn; d.loopLen=+b.dataset.len; d.loopStartAbs=d.abs; b.classList.toggle(\"on\",d.loopOn); break;\n    case \"reloop\": d.loopOn=true; d.loopStartAbs=d.abs; $(`[data-loops=\"${id}\"] [data-act=\"beatloop\"]`).classList.add(\"on\"); break;\n    case \"cuein\": b.classList.add(\"on\"); setTimeout(()=>b.classList.remove(\"on\"),180); break;\n    case \"cueout\": d.loopOn=false; $(`[data-loops=\"${id}\"] [data-act=\"beatloop\"]`).classList.remove(\"on\"); break;\n  } }\nfunction syncDeck(id,b){ const md=decks[window._masterDeck]||decks.A; const d=decks[id];\n  d.pitch=(md.bpm/d.baseBpm-1)*100; applyTempo(d); if(d._tempoSet)d._tempoSet(d.pitch);\n  d.abs=md.abs; d.step=md.step; d.bar=md.bar; d.next=md.next; b.classList.add(\"on\"); refreshDeckUI(d);\n  checkTempoMission(); markMission(\"beatmatch\"); }\n\n/* ---------- start / loop ---------- */\nfunction startAudio(){ if(started)return; buildGraph(); started=true;\n  $(\"#acDot\").classList.remove(\"off\"); $(\"#acState\").textContent=\"ligado\"; $(\"#btnStart\").textContent=\"● Áudio ligado\";\n  if(AC.resume)AC.resume(); refreshDeckUI(decks.A); refreshDeckUI(decks.B);\n  setInterval(schedule,TICK); }\nfunction frame(){ if(started){ drawWaveforms(); updateMeters(); updatePhase(); autoCheckMissions();\n  [\"A\",\"B\"].forEach(id=>{ const d=decks[id]; const sec=d.playing?(AC.currentTime-d.startTime):0;\n    const el=$(\"#time\"+id); if(el){ const m=Math.floor(sec/60),s=Math.floor(sec%60); el.textContent=String(m).padStart(2,\"0\")+\":\"+String(s).padStart(2,\"0\"); }\n    $(\"#beat\"+id).textContent=(d.abs%4)+1; }); }\n  requestAnimationFrame(frame); }\n\n/* ---------- init ---------- */\nfunction init(){\n  buildPads(); buildChannels(); buildFx(); renderMission();\n  function fit(){ const st=$(\"#stage\"); const scale=Math.min(1,(window.innerWidth-8)/1664); st.style.transform=\"scale(\"+scale+\")\"; }\n  window.addEventListener(\"resize\",fit); fit();\n  drawArt(\"A\"); drawArt(\"B\");\n\n  $$(\".cdj\").forEach(cdj=>{ const id=cdj.dataset.deck;\n    $$(\"[data-act]\",cdj).forEach(b=>b.addEventListener(\"pointerdown\",e=>{ e.preventDefault(); handleDeckAct(id,b.dataset.act,b); })); });\n  [\"A\",\"B\"].forEach(id=>{ bindJog($(`[data-jog=\"${id}\"]`),{get id(){return id},get nudge(){return decks[id]?decks[id].nudge:0},set nudge(v){if(decks[id])decks[id].nudge=v}}); });\n  // NOTE: jog needs live deck; rebind properly after decks exist? decks built on startAudio. Bind lazily:\n  [\"A\",\"B\"].forEach(id=>{ const el=$(`[data-jog=\"${id}\"]`); el.replaceWith(el.cloneNode(true)); });\n  [\"A\",\"B\"].forEach(id=>bindJogLazy(id));\n\n  $$(''.knob[data-ck]'').forEach(el=>bindKnob(el,val=>applyChannel(el.dataset.deck,el.dataset.ck,val)));\n  $$(''.knob[data-knob]'').forEach(el=>bindKnob(el,val=>applyMaster(el.dataset.knob,val)));\n  $$(''.fadc[data-ck=\"fader\"]'').forEach(el=>bindVFader(el,val=>{ const dk=el.dataset.deck; if(dk&&decks[dk])decks[dk].fader.gain.value=val; },0));\n  $$(''.cue-pfl[data-ck=\"cue\"]'').forEach(el=>el.addEventListener(\"pointerdown\",()=>{ const dk=el.dataset.deck; if(!dk)return; if(!started)startAudio();\n    el.classList.toggle(\"on\"); const on=el.classList.contains(\"on\"); decks[dk].pfl.gain.value=on?1:0; if(on)markMission(\"cueB\"); }));\n  bindTempoFaderLazy();\n  bindXFaderLazy();\n  $(\"[data-act=''fxon'']\").addEventListener(\"pointerdown\",()=>{ if(!started)startAudio(); const el=$(\"[data-act=''fxon'']\"); el.classList.toggle(\"on\"); const on=el.classList.contains(\"on\");\n    if(fxNode.wet){ fxNode.wet.gain.setTargetAtTime(on?0.5:0,AC.currentTime,0.05); fxNode.dry.gain.setTargetAtTime(on?0.75:1,AC.currentTime,0.05);} if(on)markMission(\"fxon\"); });\n\n  $(\"#btnStart\").addEventListener(\"pointerdown\",()=>startAudio());\n  $(\"#btnReset\").addEventListener(\"pointerdown\",()=>location.reload());\n  frame();\n}\n// jog/tempo/xfader need decks, which exist only after startAudio(); bind them but read decks lazily inside handlers\nfunction bindJogLazy(id){ const el=$(`[data-jog=\"${id}\"]`); let last=null,drag=false,rot=0;\n  const ang=e=>{ const r=el.getBoundingClientRect(); return Math.atan2(e.clientY-(r.top+r.height/2),e.clientX-(r.left+r.width/2)); };\n  el.addEventListener(\"pointerdown\",e=>{ if(!started)startAudio(); drag=true; last=ang(e); el.setPointerCapture(e.pointerId); e.preventDefault(); });\n  el.addEventListener(\"pointermove\",e=>{ if(!drag)return; let a=ang(e),da=a-last; if(da>Math.PI)da-=2*Math.PI; if(da<-Math.PI)da+=2*Math.PI; last=a;\n    if(decks[id]) decks[id].nudge-=da*0.05; rot+=da; const m=$(`[data-marker=\"${id}\"]`); if(m)m.style.transform=`translate(-50%,0) rotate(${rot}rad)`; markMission(\"jog\"); });\n  el.addEventListener(\"pointerup\",()=>drag=false); el.addEventListener(\"pointercancel\",()=>drag=false); }\nfunction bindTempoFaderLazy(){ [\"A\",\"B\"].forEach(id=>{ const el=$(`[data-tempo=\"${id}\"]`); const cap=el.querySelector(\".cap\"); let pos=0.5; place();\n  function place(){ const h=el.clientHeight; cap.style.top=(6+pos*(h-12))+\"px\"; }\n  function apply(){ if(!started)startAudio(); const d=decks[id]; if(d)setPitch(d,(pos-0.5)*2*d.range); }\n  let drag=false; const move=e=>{ if(!drag)return; const r=el.getBoundingClientRect(); pos=clamp((e.clientY-r.top-6)/(r.height-12),0,1); place(); apply(); };\n  el.addEventListener(\"pointerdown\",e=>{ drag=true; el.setPointerCapture(e.pointerId); move(e); });\n  el.addEventListener(\"pointermove\",move); el.addEventListener(\"pointerup\",()=>drag=false); el.addEventListener(\"pointercancel\",()=>drag=false);\n  el.addEventListener(\"dblclick\",()=>{ pos=0.5; place(); apply(); });\n  window.addEventListener(\"resize\",place); }); }\nfunction bindXFaderLazy(){ const el=$(\"[data-xfader]\"); const cap=el.querySelector(\".cap\"); let x=0.5; place();\n  function place(){ const w=el.clientWidth; cap.style.left=(10+x*(w-20))+\"px\"; apply(); }\n  function apply(){ if(decks.A){ decks.A.xf.gain.value=Math.cos(x*Math.PI/2); decks.B.xf.gain.value=Math.cos((1-x)*Math.PI/2);} }\n  let drag=false; const move=e=>{ if(!drag)return; const r=el.getBoundingClientRect(); x=clamp((e.clientX-r.left-10)/(r.width-20),0,1); place(); };\n  el.addEventListener(\"pointerdown\",e=>{ drag=true; el.setPointerCapture(e.pointerId); move(e); });\n  el.addEventListener(\"pointermove\",move); el.addEventListener(\"pointerup\",()=>drag=false); el.addEventListener(\"pointercancel\",()=>drag=false);\n  el.addEventListener(\"dblclick\",()=>{ x=0.5; place(); }); window.addEventListener(\"resize\",place); }\n\ndocument.addEventListener(\"DOMContentLoaded\",init);\n</script>\n</body>\n</html>\n"}]'::jsonb);

-- AULA 3 (mód 2): Beatmatching: casar BPM e fase (o coração do DJ)
insert into public.lessons (id,module_id,titulo,tipo,conteudo_rico,duracao_min,ordem,tem_quiz,preview_gratis) values
  ('d1000000-d100-4d00-9000-0000000b0003','d1000000-d100-4d00-9000-0000000a0002','Beatmatching: casar BPM e fase (o coração do DJ)','texto','<p><strong>Beatmatching é sincronizar duas músicas para que as batidas toquem juntas.</strong> É a habilidade fundamental do DJ. Existe o botão SYNC — mas quem sabe beatmatchar no ouvido tem controle total e nunca fica "refém" da tecnologia. São <strong>dois ajustes</strong>: igualar o BPM e alinhar a fase.</p>
<h3>Passo 1 — Iguale o BPM (velocidade)</h3>
<p>BPM (batidas por minuto) é a velocidade da música. Se o Deck A toca a 124 e o Deck B a 128, elas se afastam. Use o <strong>tempo fader</strong> do Deck B para reduzir até ler <strong>124.0</strong> — igual ao A. No simulador, o indicador <em>Δ BPM</em> tem que ir a <strong>0.0</strong>.</p>
<h3>Passo 2 — Alinhe a fase (o "1")</h3>
<p>Mesmo com BPM igual, as batidas podem estar "trocadas" — o tempo 1 de uma cai no 3 da outra. Para alinhar, <strong>empurre a jog wheel</strong> do Deck B levemente para frente (adianta) ou para trás (atrasa) até o bumbo dos dois cair junto. No simulador, a barra <em>FASE A↔B</em> deve ficar no centro (e fica <span style="color:#37d07a"><strong>verde</strong></span> quando casou).</p>
<h3>Como treinar o ouvido</h3>
<ul>
<li><strong>Pré-escute o B no fone</strong> (aperte CUE do canal) enquanto o A toca na sala.</li>
<li>Se o B "corre na frente", ele está mais rápido → puxe o tempo para baixo. Se "arrasta", está mais lento.</li>
<li>Ouça o <em>bumbo</em>: dois bumbos juntos soam como um só, firme. Desalinhados soam como "batata-batata" (galopando).</li>
<li>Pequenos toques na jog corrigem a fase; o tempo fader corrige a velocidade. São ajustes diferentes — não confunda.</li>
</ul>
<h3>SYNC: quando usar</h3>
<p>O SYNC casa BPM e fase na hora. É legítimo — muitos profissionais usam para liberar as mãos para efeitos e criatividade. Mas <strong>aprenda primeiro no ouvido</strong>: assim você entende o que o SYNC faz, corrige quando ele erra (grades mal analisadas) e toca em qualquer equipamento, até sem sync.</p>
<h3>Missões do simulador</h3>
<p>No simulador desta aula: (1) toque o A; (2) pré-escute o B no fone; (3) dê play no B; (4) iguale o BPM pelo tempo fader; (5) alinhe a fase pela jog wheel até ficar verde. Repita até virar automático — é assim que se forma o DJ.</p>',26,3,true,false);
insert into public.quizzes (id,lesson_id,titulo) values ('d1000000-d100-4d00-9000-0000000c0003','d1000000-d100-4d00-9000-0000000b0003','Quiz — Beatmatching');
insert into public.quiz_questions (id,quiz_id,texto,explicacao,ordem,pontos) values ('d1000000-d100-4d00-9000-000000000301','d1000000-d100-4d00-9000-0000000c0003','O que é beatmatching?','É sincronizar duas músicas para que as batidas toquem juntas — igualando BPM e alinhando a fase.',1,1);
insert into public.quiz_options (question_id,texto,correta,ordem) values ('d1000000-d100-4d00-9000-000000000301','Aumentar o volume das duas músicas',false,1);
insert into public.quiz_options (question_id,texto,correta,ordem) values ('d1000000-d100-4d00-9000-000000000301','Sincronizar duas músicas para as batidas tocarem juntas',true,2);
insert into public.quiz_options (question_id,texto,correta,ordem) values ('d1000000-d100-4d00-9000-000000000301','Trocar o tom da música',false,3);
insert into public.quiz_options (question_id,texto,correta,ordem) values ('d1000000-d100-4d00-9000-000000000301','Adicionar efeito na voz',false,4);
insert into public.quiz_questions (id,quiz_id,texto,explicacao,ordem,pontos) values ('d1000000-d100-4d00-9000-000000000302','d1000000-d100-4d00-9000-0000000c0003','Qual controle iguala a VELOCIDADE (BPM) de uma música à outra?','O tempo fader (pitch) do player muda a velocidade/BPM. A jog wheel ajusta a fase, não a velocidade.',2,1);
insert into public.quiz_options (question_id,texto,correta,ordem) values ('d1000000-d100-4d00-9000-000000000302','A jog wheel',false,1);
insert into public.quiz_options (question_id,texto,correta,ordem) values ('d1000000-d100-4d00-9000-000000000302','O tempo fader (pitch)',true,2);
insert into public.quiz_options (question_id,texto,correta,ordem) values ('d1000000-d100-4d00-9000-000000000302','O crossfader',false,3);
insert into public.quiz_options (question_id,texto,correta,ordem) values ('d1000000-d100-4d00-9000-000000000302','O knob de TRIM',false,4);
insert into public.quiz_questions (id,quiz_id,texto,explicacao,ordem,pontos) values ('d1000000-d100-4d00-9000-000000000303','d1000000-d100-4d00-9000-0000000c0003','Depois de igualar o BPM, as batidas ainda estão trocadas. O que você usa para alinhar a fase?','Empurrar a jog wheel levemente adianta/atrasa a música até o bumbo dos dois cair junto.',3,1);
insert into public.quiz_options (question_id,texto,correta,ordem) values ('d1000000-d100-4d00-9000-000000000303','O tempo fader de novo',false,1);
insert into public.quiz_options (question_id,texto,correta,ordem) values ('d1000000-d100-4d00-9000-000000000303','Empurrar a jog wheel para frente/trás',true,2);
insert into public.quiz_options (question_id,texto,correta,ordem) values ('d1000000-d100-4d00-9000-000000000303','O EQ LOW',false,3);
insert into public.quiz_options (question_id,texto,correta,ordem) values ('d1000000-d100-4d00-9000-000000000303','O botão de hot cue',false,4);
insert into public.quiz_questions (id,quiz_id,texto,explicacao,ordem,pontos) values ('d1000000-d100-4d00-9000-000000000304','d1000000-d100-4d00-9000-0000000c0003','Por que aprender a beatmatchar no ouvido, e não só usar o SYNC?','Você entende o que acontece, corrige quando o SYNC erra (grade mal analisada) e toca em qualquer equipamento.',4,1);
insert into public.quiz_options (question_id,texto,correta,ordem) values ('d1000000-d100-4d00-9000-000000000304','Porque o SYNC é proibido',false,1);
insert into public.quiz_options (question_id,texto,correta,ordem) values ('d1000000-d100-4d00-9000-000000000304','Para ter controle total, corrigir erros do sync e tocar em qualquer setup',true,2);
insert into public.quiz_options (question_id,texto,correta,ordem) values ('d1000000-d100-4d00-9000-000000000304','Porque soa melhor no vermelho',false,3);
insert into public.quiz_options (question_id,texto,correta,ordem) values ('d1000000-d100-4d00-9000-000000000304','Não há motivo, use sempre o sync',false,4);
insert into public.ai_animations (lesson_id,tipo,status,model,roteiro,urls) values ('d1000000-d100-4d00-9000-0000000b0003','interactive','ready','handcrafted-interactive','{"titulo":"Cabine de DJ — 2× CDJ-3000 + DJM-A9","cenas":[{"numero":1,"titulo":"Mixe na cabine (áudio real)","modo":"widget","narracao":"Cabine club-standard com dois CDJ-3000 e o mixer DJM-A9, com áudio de verdade. Toque, pré-escute no fone, case o BPM e a fase, troque graves no EQ e faça a virada. Complete as 7 missões.","explicacao_texto":"Simulador fiel da cabine profissional. Motor de áudio Web Audio (grooves sintetizados — placeholder até plugarmos as faixas reais da SMU).","destaques":["2× CDJ-3000: jog, tempo, cue, hot cues, loop","DJM-A9: trim, EQ 3 bandas, color filter, crossfader","Pré-escuta no fone (CUE/PFL) e BEAT FX","Beatmatch real: BPM + fase"]}]}'::jsonb,'[{"html":"<!doctype html>\n<html lang=\"pt-BR\">\n<head>\n<meta charset=\"utf-8\">\n<meta name=\"viewport\" content=\"width=device-width, initial-scale=1, maximum-scale=1, user-scalable=no\">\n<link rel=\"icon\" href=\"data:,\">\n<title>Cabine de DJ — 2× CDJ-3000 + DJM-A9 — Simulador fiel (SMU)</title>\n<style>\n  :root{\n    --ink:#e9eef7; --muted:#8b97a9; --amber:#f4a02a; --orange:#ff7a1a;\n    --green:#37d07a; --red:#e0483f; --cyan:#39c0e6; --blue:#2e78ff;\n  }\n  *{box-sizing:border-box}\n  html,body{margin:0;height:100%}\n  body{\n    background:radial-gradient(1200px 700px at 50% -8%,#1b1e23,#0a0b0d 62%),#08090b;\n    color:var(--ink);\n    font-family:\"Inter\",system-ui,-apple-system,\"Segoe UI\",Roboto,sans-serif;\n    -webkit-font-smoothing:antialiased;user-select:none;overflow:hidden;\n    display:flex;align-items:flex-start;justify-content:center;\n  }\n  #stage{transform-origin:top center;flex:0 0 auto}\n  .booth{position:relative;width:1640px;display:flex;flex-direction:column;gap:9px;padding:12px;\n    background:linear-gradient(180deg,#2b2f36,#1f2228 10%,#191b1f 60%,#141518);\n    border:1px solid #0b0c0e;border-radius:16px;\n    box-shadow:0 30px 80px #000b, inset 0 1px 0 #ffffff10, inset 0 -2px 0 #0008;}\n\n  .util{display:flex;align-items:center;gap:8px;flex-wrap:wrap;\n    background:linear-gradient(180deg,#202329,#15171b);border:1px solid #0c0d0f;border-radius:11px;padding:7px 11px}\n  .brand{display:flex;align-items:baseline;gap:9px}\n  .brand b{font-size:17px;letter-spacing:1px;color:#eef2f8}\n  .brand .m{font-size:9.5px;letter-spacing:2px;color:#8a94a4;text-transform:uppercase}\n  .pill{font-size:10.5px;color:var(--muted);background:#0c0e12;border:1px solid #2a2f37;border-radius:16px;padding:4px 9px;display:flex;align-items:center;gap:6px;letter-spacing:.3px;white-space:nowrap}\n  .pill b{color:#fff}\n  .dot{width:8px;height:8px;border-radius:50%;background:var(--green);box-shadow:0 0 8px var(--green)}\n  .dot.off{background:#444;box-shadow:none}\n  .spacer{flex:1}\n  .btnp{font:inherit;font-size:11.5px;font-weight:700;border:0;border-radius:8px;padding:7px 12px;cursor:pointer;color:#07120b;background:linear-gradient(180deg,#5be59a,#27b566)}\n  .btnp.ghost{background:transparent;color:var(--muted);border:1px solid #2a2f37}\n  .mission{display:flex;align-items:center;gap:9px;background:#0c0e12;border:1px solid #2a2f37;border-radius:9px;padding:5px 10px;flex:1 1 380px;min-width:0}\n  .mission .idx{font-size:10px;color:var(--amber);font-weight:800;letter-spacing:1px;white-space:nowrap}\n  .mission .txt{font-size:11.5px;line-height:1.25;min-width:0}\n  .mission .txt b{color:#fff}\n  .mission .txt small{color:var(--muted)}\n  .mission .ok{color:var(--green);font-weight:800;font-size:16px}\n\n  .row{display:grid;grid-template-columns:1fr 470px 1fr;gap:10px;align-items:start}\n\n  /* ===== CDJ-3000 ===== */\n  .cdj{background:linear-gradient(180deg,#26292f,#1c1e23 40%,#161719);border:1px solid #0c0d0f;border-radius:13px;padding:11px;display:flex;flex-direction:column;gap:9px;\n    box-shadow:inset 0 1px 0 #ffffff10, inset 0 -2px 6px #0007}\n  .cdj .hdr{display:flex;justify-content:space-between;align-items:center;font-size:9px;letter-spacing:1.5px;color:#7f8aa0}\n  .cdj .hdr .mdl{color:#cfd7e6;font-weight:800;letter-spacing:2px}\n  .cdj .hdr .rb{color:#39c0e6;font-weight:700;letter-spacing:1px}\n\n  .scr{background:linear-gradient(180deg,#0b1220,#070c15);border:1px solid #04070d;border-radius:8px;padding:8px 9px;box-shadow:inset 0 2px 8px #000a;position:relative;overflow:hidden}\n  .scr .tabs{display:flex;gap:4px;margin-bottom:6px}\n  .scr .tab{font-size:8.5px;letter-spacing:.8px;color:#8fa3c4;background:#132033;border:1px solid #1d3450;border-radius:4px;padding:3px 6px}\n  .scr .tab.on{color:#0a0e14;background:#39c0e6;border-color:#39c0e6;font-weight:800}\n  .scr .ttl{display:flex;justify-content:space-between;align-items:baseline;margin-bottom:5px}\n  .scr .ttl .name{font-size:12.5px;color:#eaf2ff;font-weight:700;white-space:nowrap;overflow:hidden;text-overflow:ellipsis}\n  .scr .ttl .key{font-size:10px;color:#7bd3ff}\n  .wf{width:100%;height:74px;display:block;background:#060a11;border-radius:4px}\n  .wfz{width:100%;height:40px;display:block;background:#060a11;border-radius:4px;margin-top:4px}\n  .info{display:flex;justify-content:space-between;align-items:center;margin-top:6px;gap:8px}\n  .info .big{font-variant-numeric:tabular-nums;font-size:22px;font-weight:800;color:#fff;letter-spacing:1px}\n  .info .bpm{font-variant-numeric:tabular-nums;font-size:22px;font-weight:800;color:var(--amber);letter-spacing:.5px}\n  .info .sub{font-size:8px;color:#8fa3c4;letter-spacing:.5px;text-align:right}\n  .info .pct{font-variant-numeric:tabular-nums;font-size:12px;color:#bcd;font-weight:700}\n  .mstpill{font-size:8px;letter-spacing:1px;color:#0a140a;background:var(--amber);border-radius:3px;padding:1px 4px;font-weight:800;visibility:hidden}\n  .mstpill.on{visibility:visible}\n\n  .pads{display:grid;grid-template-columns:repeat(4,1fr);gap:5px}\n  .pad{height:30px;border-radius:5px;border:1px solid #0a0b0d;background:linear-gradient(180deg,#20242b,#15181d);\n    color:#5a6478;font-size:9px;font-weight:800;letter-spacing:1px;cursor:pointer;display:flex;align-items:center;justify-content:center;position:relative}\n  .pad small{position:absolute;top:2px;left:4px;font-size:7px;color:#4a5364}\n  .pad.A{--c:#ff5c5c}.pad.B{--c:#ffb03a}.pad.C{--c:#ffe14d}.pad.D{--c:#7CFC5A}\n  .pad.E{--c:#4de1c3}.pad.F{--c:#4db6ff}.pad.G{--c:#7c8bff}.pad.H{--c:#e07cff}\n  .pad.set{background:var(--c);color:#0a0e14;box-shadow:0 0 10px var(--c)}\n  .pad.playing{outline:2px solid #fff;outline-offset:-2px}\n\n  .lp{display:grid;grid-template-columns:repeat(4,1fr);gap:5px}\n  .kb{height:28px;border-radius:5px;border:1px solid #0a0b0d;background:linear-gradient(180deg,#23272e,#171a1f);color:#aeb8c8;font-size:8.5px;font-weight:800;letter-spacing:.6px;cursor:pointer;display:flex;align-items:center;justify-content:center;text-align:center;line-height:1.05}\n  .kb.amber{color:var(--amber)}\n  .kb.on{background:var(--amber);color:#111;box-shadow:0 0 9px var(--amber)}\n\n  .deckmid{display:grid;grid-template-columns:64px 1fr 42px;gap:9px;align-items:center}\n  .transport{display:flex;flex-direction:column;gap:14px;align-items:center;justify-content:center}\n  .rbtn{width:56px;height:56px;border-radius:50%;border:2px solid #0a0b0d;cursor:pointer;position:relative;\n    background:radial-gradient(circle at 50% 35%,#3a3f47,#1a1c20);box-shadow:0 4px 8px #0008, inset 0 1px 0 #fff2}\n  .rbtn .lbl{position:absolute;bottom:-13px;left:50%;transform:translateX(-50%);font-size:7px;letter-spacing:1px;color:#8a94a4;white-space:nowrap}\n  .rbtn.cue{background:radial-gradient(circle at 50% 35%,#ffb25a,#c76a12)}\n  .rbtn.play{background:radial-gradient(circle at 50% 35%,#5be59a,#1f9e54)}\n  .rbtn.play.on{box-shadow:0 0 16px var(--green), inset 0 1px 0 #fff4}\n  .rbtn:active{transform:translateY(1px)}\n  .rbtn .ico{position:absolute;inset:0;display:flex;align-items:center;justify-content:center;color:#0a0e0a;font-size:15px;font-weight:900}\n\n  .jogwrap{display:flex;align-items:center;justify-content:center}\n  .jog{width:230px;height:230px;border-radius:50%;position:relative;cursor:grab;touch-action:none;\n    background:radial-gradient(circle at 50% 50%,#0e0f12 0 30%,#17191d 30% 33%,#0e0f12 33% 63%,#202329 63% 66%,#0c0d10 66% 100%);\n    border:3px solid #000;box-shadow:0 10px 24px #000b, inset 0 2px 10px #0009}\n  .jog:active{cursor:grabbing}\n  .jog .ring{position:absolute;inset:6px;border-radius:50%;border:2px solid #2a2e35}\n  .jog .lit{position:absolute;inset:4px;border-radius:50%;pointer-events:none;box-shadow:inset 0 0 22px #1a5fb033;border:2px solid #1f6fd0aa;opacity:.55}\n  .jog .platter{position:absolute;inset:50px;border-radius:50%;background:repeating-conic-gradient(#111 0 6deg,#191c21 6deg 12deg);border:2px solid #000;box-shadow:inset 0 0 20px #000}\n  .jog .hub{position:absolute;inset:76px;border-radius:50%;background:#0a0d12;border:2px solid #223;overflow:hidden;display:flex;align-items:center;justify-content:center}\n  .jog .art{position:absolute;inset:0;border-radius:50%}\n  .jog .marker{position:absolute;top:50%;left:50%;width:4px;height:38px;background:linear-gradient(180deg,#fff,#fff0);transform-origin:top center;transform:translate(-50%,0);border-radius:2px}\n  .jog .cdinfo{position:absolute;bottom:12px;left:50%;transform:translateX(-50%);font-size:8px;color:#9fb0c8;letter-spacing:1px}\n\n  .tempo{display:flex;flex-direction:column;align-items:center;gap:5px;height:230px;justify-content:center}\n  .tempo .tt{font-size:7.5px;color:#8a94a4;letter-spacing:1px}\n  .fadv{position:relative;width:26px;height:168px;background:linear-gradient(90deg,#0a0b0d,#16181c,#0a0b0d);border:1px solid #000;border-radius:6px;touch-action:none;cursor:ns-resize;box-shadow:inset 0 2px 8px #000a}\n  .fadv .track{position:absolute;left:50%;top:6px;bottom:6px;width:3px;transform:translateX(-50%);background:#000;border-radius:2px}\n  .fadv .cap{position:absolute;left:50%;width:34px;height:16px;transform:translate(-50%,-50%);background:linear-gradient(180deg,#e9edf3,#aab2bf);border:1px solid #000;border-radius:3px;box-shadow:0 2px 4px #0009}\n  .fadv .cap::after{content:\"\";position:absolute;left:4px;right:4px;top:50%;height:2px;background:#e2453f;transform:translateY(-50%)}\n  .tempo .rng{font-size:8px;color:var(--amber);letter-spacing:.6px;cursor:pointer}\n\n  .tledrow{display:flex;gap:6px;justify-content:center}\n  .tled{width:42px;text-align:center;font-size:7px;letter-spacing:.5px;color:#8a94a4;border:1px solid #2a2f37;border-radius:4px;padding:4px 2px;cursor:pointer;background:#12141a;line-height:1.1}\n  .tled.on{color:#111;background:var(--amber);border-color:var(--amber);font-weight:800}\n  .tled.sync.on{background:var(--cyan);border-color:var(--cyan)}\n\n  /* ===== DJM-A9 ===== */\n  .mixer{background:linear-gradient(180deg,#202329,#17191d 45%,#121317);border:1px solid #0c0d0f;border-radius:13px;padding:11px 10px;display:flex;flex-direction:column;gap:8px;box-shadow:inset 0 1px 0 #ffffff10, inset 0 -2px 6px #0007}\n  .mixer .mhdr{display:flex;justify-content:space-between;align-items:center;font-size:9px;letter-spacing:1.5px;color:#7f8aa0}\n  .mixer .mhdr b{color:#cfd7e6;letter-spacing:2px}\n  .chgrid{display:grid;grid-template-columns:repeat(4,1fr);gap:7px}\n  .ch{display:flex;flex-direction:column;align-items:center;gap:6px;background:linear-gradient(180deg,#1a1c21,#131519);border:1px solid #0a0b0d;border-radius:9px;padding:8px 5px}\n  .ch .cnum{font-size:10.5px;font-weight:800;color:#cdd6e4}\n  .ch.live .cnum{color:#fff}\n  .ch.dim{opacity:.4}\n  .knob{width:40px;height:40px;border-radius:50%;position:relative;cursor:ns-resize;touch-action:none;\n    background:radial-gradient(circle at 50% 34%,#40454e,#181a1e 72%);border:1px solid #000;box-shadow:0 3px 6px #0008, inset 0 1px 0 #fff2}\n  .knob::after{content:\"\";position:absolute;left:50%;top:5px;width:3px;height:12px;background:#eef2f8;border-radius:2px;transform-origin:50% 15px;transform:translateX(-50%) rotate(var(--pdeg,0deg))}\n  .knob.sm{width:32px;height:32px}\n  .knob.sm::after{height:10px;top:4px;transform-origin:50% 12px;transform:translateX(-50%) rotate(var(--pdeg,0deg))}\n  .klabel{font-size:7px;letter-spacing:.5px;color:#8a94a4}\n  .eqwrap{display:flex;flex-direction:column;gap:5px;align-items:center}\n  .eqrow{display:flex;flex-direction:column;align-items:center;gap:1px}\n  .cue-pfl{width:100%;height:19px;border-radius:4px;border:1px solid #0a0b0d;background:#20242b;color:#8a94a4;font-size:8px;font-weight:800;letter-spacing:1px;cursor:pointer;display:flex;align-items:center;justify-content:center}\n  .cue-pfl.on{background:var(--orange);color:#160800;box-shadow:0 0 8px var(--orange)}\n  .meter{width:8px;height:118px;background:#07090c;border:1px solid #000;border-radius:3px;position:relative;overflow:hidden}\n  .meter i{position:absolute;left:0;right:0;bottom:0;background:linear-gradient(0deg,#37d07a 0 55%,#f4d03a 55% 82%,#e0483f 82% 100%);height:0%}\n  .chbody{display:flex;gap:5px;align-items:flex-end}\n  .fadc{position:relative;width:28px;height:130px;background:linear-gradient(90deg,#0a0b0d,#16181c,#0a0b0d);border:1px solid #000;border-radius:6px;touch-action:none;cursor:ns-resize;box-shadow:inset 0 2px 8px #000a}\n  .fadc .cap{position:absolute;left:50%;width:36px;height:16px;transform:translate(-50%,-50%);background:linear-gradient(180deg,#eef2f8,#aab2bf);border:1px solid #000;border-radius:3px;box-shadow:0 2px 4px #0009}\n  .fadc .cap::after{content:\"\";position:absolute;left:4px;right:4px;top:50%;height:2px;background:#111;transform:translateY(-50%)}\n\n  .mcenter{display:grid;grid-template-columns:1fr 1fr;gap:8px;align-items:start}\n  .mbox{background:linear-gradient(180deg,#1a1c21,#131519);border:1px solid #0a0b0d;border-radius:9px;padding:8px;display:flex;flex-direction:column;gap:7px;align-items:center}\n  .mbox .t{font-size:8px;letter-spacing:1px;color:#8a94a4}\n  .fxscreen{background:#0b1220;border:1px solid #04070d;border-radius:6px;padding:6px 8px;width:100%;text-align:center}\n  .fxscreen .fxname{font-size:12px;font-weight:800;color:#fff;letter-spacing:1px}\n  .fxscreen .fxbpm{font-size:9px;color:var(--amber);font-variant-numeric:tabular-nums}\n  .fxsel{display:grid;grid-template-columns:repeat(3,1fr);gap:4px;width:100%}\n  .fxsel .fb{font-size:8px;font-weight:800;letter-spacing:.4px;color:#9fb0c8;background:#161a20;border:1px solid #222a34;border-radius:4px;padding:5px 2px;cursor:pointer;text-align:center}\n  .fxsel .fb.on{background:var(--cyan);color:#04121a}\n  .fxon{width:58px;height:58px;border-radius:50%;border:2px solid #0a0b0d;cursor:pointer;background:radial-gradient(circle at 50% 35%,#2b8fe0,#134a86);box-shadow:0 3px 8px #0008,inset 0 1px 0 #fff3;color:#eaf4ff;font-size:8px;font-weight:800;display:flex;align-items:center;justify-content:center}\n  .fxon.on{background:radial-gradient(circle at 50% 35%,#5bd0ff,#1f8fd6);box-shadow:0 0 16px var(--cyan),inset 0 1px 0 #fff5}\n\n  .xf{grid-column:1/3;background:linear-gradient(180deg,#1a1c21,#131519);border:1px solid #0a0b0d;border-radius:9px;padding:9px 12px;display:flex;flex-direction:column;gap:5px}\n  .xf .xlab{display:flex;justify-content:space-between;font-size:9px;font-weight:800;color:#aeb8c8;letter-spacing:1px}\n  .fadx{position:relative;width:100%;height:30px;background:linear-gradient(180deg,#0a0b0d,#16181c,#0a0b0d);border:1px solid #000;border-radius:6px;touch-action:none;cursor:ew-resize;box-shadow:inset 0 2px 8px #000a}\n  .fadx .cap{position:absolute;top:50%;width:20px;height:40px;transform:translate(-50%,-50%);background:linear-gradient(180deg,#eef2f8,#aab2bf);border:1px solid #000;border-radius:4px;box-shadow:0 2px 5px #0009}\n  .fadx .cap::after{content:\"\";position:absolute;top:5px;bottom:5px;left:50%;width:2px;background:#111;transform:translateX(-50%)}\n  .magvel{font-size:7px;letter-spacing:2px;color:#6b7488}\n\n  .phones .mbox{flex-direction:row;justify-content:space-around;gap:6px}\n\n  .coach{background:#0c0e12;border:1px solid #223;border-radius:10px;padding:9px 12px;font-size:11.5px;line-height:1.4;color:#c7d0de}\n  .coach b{color:#fff}\n  .coach .k{color:var(--amber);font-weight:800}\n  .beat-lamp{display:inline-block;width:10px;height:10px;border-radius:50%;background:#333;margin:0 1px;vertical-align:middle}\n  .beat-lamp.on{background:var(--green);box-shadow:0 0 8px var(--green)}\n  .phasebar{position:relative;height:12px;background:#07090c;border:1px solid #000;border-radius:6px;overflow:hidden;flex:1}\n  .phasebar i{position:absolute;top:0;bottom:0;width:3px;background:var(--cyan);left:50%;box-shadow:0 0 6px var(--cyan);transition:left .05s linear}\n  .phasebar .mid{position:absolute;top:0;bottom:0;left:50%;width:1px;background:#3a4658}\n  .phasebar.good i{background:var(--green);box-shadow:0 0 8px var(--green)}\n</style>\n</head>\n<body>\n<div id=\"stage\">\n<div class=\"booth\">\n\n  <div class=\"util\">\n    <div class=\"brand\"><b>SMU</b><span class=\"m\">PRO • CABINE DE DJ</span></div>\n    <span class=\"pill\"><span class=\"dot off\" id=\"acDot\"></span> Áudio <b id=\"acState\">clique em Ligar</b></span>\n    <div class=\"mission\">\n      <span class=\"idx\" id=\"mIdx\">MISSÃO 1/7</span>\n      <div class=\"txt\"><b id=\"mTitle\">Dê play no Deck A</b><br><small id=\"mHint\">Aperte PLAY no CDJ da esquerda.</small></div>\n      <span class=\"ok\" id=\"mOk\" style=\"display:none\">✓</span>\n    </div>\n    <span class=\"spacer\"></span>\n    <button class=\"btnp ghost\" id=\"btnReset\">Reiniciar</button>\n    <button class=\"btnp\" id=\"btnStart\">▶ Ligar áudio</button>\n  </div>\n\n  <div class=\"row\">\n\n    <!-- CDJ A -->\n    <div class=\"cdj\" data-deck=\"A\">\n      <div class=\"hdr\"><span class=\"rb\">rekordbox</span><span class=\"mdl\">CDJ-3000</span><span>PLAYER 1</span></div>\n      <div class=\"scr\">\n        <div class=\"tabs\"><span class=\"tab on\">BROWSE</span><span class=\"tab\">TAG</span><span class=\"tab\">INFO</span><span class=\"tab\">MENU</span></div>\n        <div class=\"ttl\"><span class=\"name\">SMU House Groove</span><span class=\"key\">7A · Am</span></div>\n        <canvas class=\"wf\" data-wf=\"A\"></canvas>\n        <canvas class=\"wfz\" data-wfz=\"A\"></canvas>\n        <div class=\"info\">\n          <div><div class=\"big\" id=\"timeA\">00:00</div><div class=\"sub\">TIME</div></div>\n          <div style=\"text-align:center\"><span class=\"pct\" id=\"pctA\">±0.0%</span> <span class=\"mstpill on\" id=\"mstA\">MT</span><div class=\"sub\">MASTER TEMPO</div></div>\n          <div style=\"text-align:right\"><div class=\"bpm\" id=\"bpmA\">124.0</div><div class=\"sub\">BPM · <span id=\"beatA\">1</span>/4</div></div>\n        </div>\n      </div>\n      <div class=\"pads\" data-pads=\"A\"></div>\n      <div class=\"lp\" data-loops=\"A\">\n        <div class=\"kb amber\" data-act=\"cuein\">IN / CUE</div>\n        <div class=\"kb amber\" data-act=\"cueout\">OUT</div>\n        <div class=\"kb\" data-act=\"reloop\">RELOOP</div>\n        <div class=\"kb\" data-act=\"beatloop\" data-len=\"4\">4 BEAT<br>LOOP</div>\n      </div>\n      <div class=\"deckmid\">\n        <div class=\"transport\">\n          <div class=\"rbtn cue\" data-act=\"cue\"><span class=\"ico\">■</span><span class=\"lbl\">CUE</span></div>\n          <div class=\"rbtn play\" data-act=\"play\"><span class=\"ico\">▶</span><span class=\"lbl\">PLAY/PAUSE</span></div>\n        </div>\n        <div class=\"jogwrap\">\n          <div class=\"jog\" data-jog=\"A\">\n            <div class=\"ring\"></div><div class=\"lit\"></div><div class=\"platter\"></div>\n            <div class=\"marker\" data-marker=\"A\"></div>\n            <div class=\"hub\"><canvas class=\"art\" data-art=\"A\" width=\"80\" height=\"80\"></canvas></div>\n            <div class=\"cdinfo\">VINYL</div>\n          </div>\n        </div>\n        <div class=\"tempo\">\n          <div class=\"tt\">TEMPO</div>\n          <div class=\"fadv\" data-tempo=\"A\"><div class=\"track\"></div><div class=\"cap\"></div></div>\n          <div class=\"rng\" data-range=\"A\">±8%</div>\n        </div>\n      </div>\n      <div class=\"tledrow\">\n        <div class=\"tled on\" data-act=\"mt\">MASTER TEMPO</div>\n        <div class=\"tled sync\" data-act=\"sync\">BEAT SYNC</div>\n        <div class=\"tled on\" data-act=\"master\">SET MASTER</div>\n      </div>\n    </div>\n\n    <!-- DJM-A9 -->\n    <div class=\"mixer\">\n      <div class=\"mhdr\"><span>Pioneer DJ</span><b>DJM-A9</b><span>MASTER</span></div>\n      <div class=\"chgrid\" id=\"chgrid\"></div>\n      <div class=\"mcenter\">\n        <div class=\"mbox\">\n          <div class=\"t\">MASTER</div>\n          <div class=\"knob\" data-knob=\"master\" data-min=\"0\" data-max=\"1.4\" data-val=\"1\"></div>\n          <div class=\"klabel\">LEVEL</div>\n          <div class=\"meter\" style=\"height:70px\"><i data-meter=\"master\"></i></div>\n        </div>\n        <div class=\"mbox\">\n          <div class=\"t\">BEAT FX</div>\n          <div class=\"fxscreen\"><div class=\"fxname\" id=\"fxName\">ECHO</div><div class=\"fxbpm\" id=\"fxBpm\">124.0 BPM</div></div>\n          <div class=\"fxsel\" id=\"fxsel\"></div>\n          <div class=\"fxon\" data-act=\"fxon\">ON/OFF</div>\n        </div>\n        <div class=\"xf\">\n          <div class=\"xlab\"><span>A</span><span class=\"magvel\">MAGVEL FADER PRO</span><span>B</span></div>\n          <div class=\"fadx\" data-xfader><div class=\"cap\"></div></div>\n        </div>\n      </div>\n      <div class=\"phones\">\n        <div class=\"mbox\">\n          <div style=\"text-align:center\"><div class=\"knob sm\" data-knob=\"phmix\" data-min=\"0\" data-max=\"1\" data-val=\"0.5\"></div><div class=\"klabel\">MIX CUE↔MST</div></div>\n          <div style=\"text-align:center\"><div class=\"knob sm\" data-knob=\"phlvl\" data-min=\"0\" data-max=\"1.4\" data-val=\"0.9\"></div><div class=\"klabel\">PHONES</div></div>\n          <div style=\"text-align:center\"><div class=\"knob sm\" data-knob=\"booth\" data-min=\"0\" data-max=\"1.4\" data-val=\"1\"></div><div class=\"klabel\">BOOTH</div></div>\n        </div>\n      </div>\n    </div>\n\n    <!-- CDJ B -->\n    <div class=\"cdj\" data-deck=\"B\">\n      <div class=\"hdr\"><span class=\"rb\">rekordbox</span><span class=\"mdl\">CDJ-3000</span><span>PLAYER 2</span></div>\n      <div class=\"scr\">\n        <div class=\"tabs\"><span class=\"tab on\">BROWSE</span><span class=\"tab\">TAG</span><span class=\"tab\">INFO</span><span class=\"tab\">MENU</span></div>\n        <div class=\"ttl\"><span class=\"name\">SMU Techno Drive</span><span class=\"key\">8A · Bm</span></div>\n        <canvas class=\"wf\" data-wf=\"B\"></canvas>\n        <canvas class=\"wfz\" data-wfz=\"B\"></canvas>\n        <div class=\"info\">\n          <div><div class=\"big\" id=\"timeB\">00:00</div><div class=\"sub\">TIME</div></div>\n          <div style=\"text-align:center\"><span class=\"pct\" id=\"pctB\">±0.0%</span> <span class=\"mstpill on\" id=\"mstB\">MT</span><div class=\"sub\">MASTER TEMPO</div></div>\n          <div style=\"text-align:right\"><div class=\"bpm\" id=\"bpmB\">128.0</div><div class=\"sub\">BPM · <span id=\"beatB\">1</span>/4</div></div>\n        </div>\n      </div>\n      <div class=\"pads\" data-pads=\"B\"></div>\n      <div class=\"lp\" data-loops=\"B\">\n        <div class=\"kb amber\" data-act=\"cuein\">IN / CUE</div>\n        <div class=\"kb amber\" data-act=\"cueout\">OUT</div>\n        <div class=\"kb\" data-act=\"reloop\">RELOOP</div>\n        <div class=\"kb\" data-act=\"beatloop\" data-len=\"4\">4 BEAT<br>LOOP</div>\n      </div>\n      <div class=\"deckmid\">\n        <div class=\"transport\">\n          <div class=\"rbtn cue\" data-act=\"cue\"><span class=\"ico\">■</span><span class=\"lbl\">CUE</span></div>\n          <div class=\"rbtn play\" data-act=\"play\"><span class=\"ico\">▶</span><span class=\"lbl\">PLAY/PAUSE</span></div>\n        </div>\n        <div class=\"jogwrap\">\n          <div class=\"jog\" data-jog=\"B\">\n            <div class=\"ring\"></div><div class=\"lit\"></div><div class=\"platter\"></div>\n            <div class=\"marker\" data-marker=\"B\"></div>\n            <div class=\"hub\"><canvas class=\"art\" data-art=\"B\" width=\"80\" height=\"80\"></canvas></div>\n            <div class=\"cdinfo\">VINYL</div>\n          </div>\n        </div>\n        <div class=\"tempo\">\n          <div class=\"tt\">TEMPO</div>\n          <div class=\"fadv\" data-tempo=\"B\"><div class=\"track\"></div><div class=\"cap\"></div></div>\n          <div class=\"rng\" data-range=\"B\">±8%</div>\n        </div>\n      </div>\n      <div class=\"tledrow\">\n        <div class=\"tled on\" data-act=\"mt\">MASTER TEMPO</div>\n        <div class=\"tled sync\" data-act=\"sync\">BEAT SYNC</div>\n        <div class=\"tled\" data-act=\"master\">SET MASTER</div>\n      </div>\n    </div>\n  </div>\n\n  <div class=\"coach\">\n    <b>Cabine ao vivo.</b> Deck A vem em <b>124 BPM</b> e o Deck B em <b>128 BPM</b>. Virada limpa: (1) toque o A no master; (2) aperte <span class=\"k\">CUE</span> do canal 2 p/ pré-escutar o B; (3) puxe o <span class=\"k\">TEMPO</span> do B até o BPM bater; (4) empurre a <span class=\"k\">jogwheel</span> do B p/ centralizar a FASE; (5) troque graves no EQ e traga o B.\n    <div style=\"display:flex;align-items:center;gap:10px;margin-top:7px\">\n      <span style=\"font-size:10px;color:#8a94a4;letter-spacing:1px\">FASE A↔B</span>\n      <div class=\"phasebar\" id=\"phasebar\"><div class=\"mid\"></div><i id=\"phaseInd\"></i></div>\n      <span id=\"beatLamps\"></span>\n      <span class=\"pill\" style=\"margin-left:auto\">Δ BPM <b id=\"bpmDelta\">4.0</b></span>\n    </div>\n  </div>\n</div>\n</div>\n\n<script>\n\"use strict\";\nconst $=(s,r=document)=>r.querySelector(s);\nconst $$=(s,r=document)=>[...r.querySelectorAll(s)];\nconst clamp=(v,a,b)=>Math.max(a,Math.min(b,v));\n\nlet AC=null, started=false;\nlet masterGain, cueBus, comp, fxNode={};\nconst decks={};\nwindow._masterDeck=\"A\";\n\nconst GROOVES={\n  A:{ baseBpm:124, root:110,\n    k:[1,0,0,0, 1,0,0,0, 1,0,0,0, 1,0,0,0],\n    s:[0,0,0,0, 1,0,0,0, 0,0,0,0, 1,0,0,0],\n    h:[0,0,1,0, 0,0,1,0, 0,0,1,0, 0,0,1,0],\n    o:[0,0,0,0, 0,0,0,0, 0,0,0,0, 0,0,1,0],\n    b:[1,0,0,1, 0,0,1,0, 1,0,0,1, 0,0,1,0],\n    t:[0,0,0,0, 0,0,0,0, 1,0,0,0, 0,0,0,0] },\n  B:{ baseBpm:128, root:98,\n    k:[1,0,0,0, 1,0,0,0, 1,0,0,0, 1,0,0,0],\n    s:[0,0,0,0, 0,0,0,0, 1,0,0,0, 0,0,0,0],\n    h:[0,0,1,0, 0,0,1,0, 0,0,1,0, 0,0,1,0],\n    o:[0,1,0,0, 0,1,0,0, 0,1,0,0, 0,1,0,1],\n    b:[1,0,1,0, 1,0,1,0, 1,0,1,0, 1,0,1,0],\n    t:[0,0,0,0, 1,0,0,0, 0,0,0,0, 1,0,1,0] }\n};\n\n/* ---------- audio graph ---------- */\nfunction buildGraph(){\n  AC=new (window.AudioContext||window.webkitAudioContext)();\n  masterGain=AC.createGain(); masterGain.gain.value=1;\n  comp=AC.createDynamicsCompressor();\n  comp.threshold.value=-8; comp.knee.value=24; comp.ratio.value=3; comp.attack.value=0.004; comp.release.value=0.18;\n  // BEAT FX (feedback echo) inserted before compressor\n  fxNode.in=AC.createGain();\n  fxNode.dry=AC.createGain(); fxNode.dry.gain.value=1;\n  fxNode.wet=AC.createGain(); fxNode.wet.gain.value=0;\n  fxNode.delay=AC.createDelay(2.0); fxNode.delay.delayTime.value=(60/124)/2;\n  fxNode.fb=AC.createGain(); fxNode.fb.gain.value=0.38;\n  fxNode.in.connect(fxNode.dry); fxNode.dry.connect(masterGain);\n  fxNode.in.connect(fxNode.delay); fxNode.delay.connect(fxNode.fb); fxNode.fb.connect(fxNode.delay);\n  fxNode.delay.connect(fxNode.wet); fxNode.wet.connect(masterGain);\n  masterGain.connect(comp); comp.connect(AC.destination);\n  // cue/headphone bus (mixed to same output, gated by MIX)\n  cueBus=AC.createGain(); cueBus.gain.value=0.55; cueBus.connect(AC.destination);\n  [\"A\",\"B\"].forEach(buildDeck);\n}\nfunction buildDeck(id){\n  const g=GROOVES[id];\n  const d={ id, groove:g, baseBpm:g.baseBpm, bpm:g.baseBpm, pitch:0, range:8,\n    playing:false, mt:true, next:0, abs:0, step:0, bar:0, startTime:0,\n    nudge:0, loopOn:false, loopLen:4, loopStartAbs:0, hotcues:{} };\n  d.sum=AC.createGain();\n  d.trim=AC.createGain(); d.trim.gain.value=0.9;\n  d.eqLow=AC.createBiquadFilter(); d.eqLow.type=\"lowshelf\"; d.eqLow.frequency.value=120;\n  d.eqMid=AC.createBiquadFilter(); d.eqMid.type=\"peaking\"; d.eqMid.frequency.value=1000; d.eqMid.Q.value=0.8;\n  d.eqHi=AC.createBiquadFilter(); d.eqHi.type=\"highshelf\"; d.eqHi.frequency.value=3500;\n  d.color=AC.createBiquadFilter(); d.color.type=\"allpass\"; d.color.frequency.value=1000;\n  d.fader=AC.createGain(); d.fader.gain.value=0;\n  d.xf=AC.createGain(); d.xf.gain.value=1;\n  d.pfl=AC.createGain(); d.pfl.gain.value=0;\n  d.sum.connect(d.trim); d.trim.connect(d.eqLow); d.eqLow.connect(d.eqMid);\n  d.eqMid.connect(d.eqHi); d.eqHi.connect(d.color);\n  d.color.connect(d.fader); d.fader.connect(d.xf); d.xf.connect(fxNode.in);\n  d.color.connect(d.pfl); d.pfl.connect(cueBus);\n  d.analyser=AC.createAnalyser(); d.analyser.fftSize=256; d.color.connect(d.analyser); // pré-fader (como o VU do DJM)\n  decks[id]=d;\n}\n\n/* ---------- synth voices ---------- */\nlet _noise=null;\nfunction noiseBuf(){ if(_noise)return _noise; _noise=AC.createBuffer(1,AC.sampleRate*0.4,AC.sampleRate);\n  const d=_noise.getChannelData(0); for(let i=0;i<d.length;i++)d[i]=Math.random()*2-1; return _noise; }\nfunction vKick(t,g,d){ const o=AC.createOscillator(),a=AC.createGain();\n  o.frequency.setValueAtTime(150,t); o.frequency.exponentialRampToValueAtTime(48,t+0.12);\n  a.gain.setValueAtTime(g,t); a.gain.exponentialRampToValueAtTime(0.001,t+0.30);\n  o.connect(a); a.connect(d.sum); o.start(t); o.stop(t+0.33); }\nfunction vClap(t,g,d){ const s=AC.createBufferSource(); s.buffer=noiseBuf();\n  const bp=AC.createBiquadFilter(); bp.type=\"bandpass\"; bp.frequency.value=1800; bp.Q.value=0.7;\n  const a=AC.createGain(); a.gain.setValueAtTime(g,t); a.gain.exponentialRampToValueAtTime(0.001,t+0.16);\n  s.connect(bp); bp.connect(a); a.connect(d.sum); s.start(t); s.stop(t+0.18); }\nfunction vHat(t,g,open,d){ const s=AC.createBufferSource(); s.buffer=noiseBuf();\n  const hp=AC.createBiquadFilter(); hp.type=\"highpass\"; hp.frequency.value=8000;\n  const a=AC.createGain(); const dur=open?0.14:0.045;\n  a.gain.setValueAtTime(g,t); a.gain.exponentialRampToValueAtTime(0.001,t+dur);\n  s.connect(hp); hp.connect(a); a.connect(d.sum); s.start(t); s.stop(t+dur+0.05); }\nfunction vBass(t,g,freq,d){ const o=AC.createOscillator(); o.type=\"sawtooth\"; o.frequency.value=freq;\n  const lp=AC.createBiquadFilter(); lp.type=\"lowpass\"; lp.frequency.setValueAtTime(600,t);\n  lp.frequency.exponentialRampToValueAtTime(140,t+0.18); lp.Q.value=6;\n  const a=AC.createGain(); a.gain.setValueAtTime(0.0001,t); a.gain.linearRampToValueAtTime(g,t+0.01);\n  a.gain.exponentialRampToValueAtTime(0.001,t+0.20);\n  o.connect(lp); lp.connect(a); a.connect(d.sum); o.start(t); o.stop(t+0.22); }\nfunction vStab(t,g,freq,d){ const out=AC.createGain(); out.gain.setValueAtTime(0.0001,t);\n  out.gain.linearRampToValueAtTime(g,t+0.008); out.gain.exponentialRampToValueAtTime(0.001,t+0.34);\n  out.connect(d.sum);\n  [0,4,7].forEach(semi=>{ const o=AC.createOscillator(); o.type=\"square\"; o.frequency.value=freq*Math.pow(2,semi/12);\n    const a=AC.createGain(); a.gain.value=0.33; o.connect(a); a.connect(out); o.start(t); o.stop(t+0.36); }); }\n\n/* ---------- scheduler ---------- */\nconst LOOKAHEAD=0.12, TICK=25;\nfunction stepDur(d){ return (60.0/d.bpm)/4.0; }\nfunction schedule(){\n  if(!AC) return; const now=AC.currentTime;\n  [\"A\",\"B\"].forEach(id=>{ const d=decks[id]; if(!d.playing) return;\n    while(d.next < now+LOOKAHEAD){\n      const t=d.next + d.nudge; d.nudge=0;\n      const st=d.abs%16, g=d.groove;\n      if(g.k[st]) vKick(t,1.0,d);\n      if(g.s[st]) vClap(t,0.9,d);\n      if(g.h[st]) vHat(t,0.5,false,d);\n      if(g.o[st]) vHat(t,0.4,true,d);\n      if(g.b[st]) vBass(t,0.55,g.root,d);\n      if(g.t[st]) vStab(t,0.22,g.root*2,d);\n      d.abs++;\n      if(d.loopOn && (d.abs - d.loopStartAbs) >= d.loopLen*4) d.abs=d.loopStartAbs;\n      d.step=d.abs%16; d.bar=Math.floor(d.abs/16);\n      d.next += stepDur(d);\n    }\n  });\n  autoCheckMissions(); // roda no interval — não depende de rAF/visibilidade\n}\n\n/* ---------- tempo / pitch ---------- */\nfunction applyTempo(d){ d.bpm=d.baseBpm*(1+d.pitch/100); }\nfunction setPitch(d,pct){ d.pitch=clamp(pct,-d.range,d.range); applyTempo(d); refreshDeckUI(d); checkTempoMission(); }\n\n/* ---------- knobs ---------- */\nfunction setKnobVisual(el,val){ const min=+el.dataset.min,max=+el.dataset.max; const p=(val-min)/(max-min);\n  el.style.setProperty(\"--pdeg\",(-140+p*280)+\"deg\"); el.dataset.val=val; }\nfunction bindKnob(el,onChange){ const min=+el.dataset.min,max=+el.dataset.max; let val=+el.dataset.val;\n  setKnobVisual(el,val); onChange&&onChange(val);\n  let sy=0,sv=0,drag=false;\n  el.addEventListener(\"pointerdown\",e=>{ drag=true; sy=e.clientY; sv=val; el.setPointerCapture(e.pointerId); e.preventDefault(); });\n  el.addEventListener(\"pointermove\",e=>{ if(!drag)return; const dv=(sy-e.clientY)/140*(max-min); val=clamp(sv+dv,min,max); setKnobVisual(el,val); onChange&&onChange(val); });\n  el.addEventListener(\"pointerup\",()=>drag=false); el.addEventListener(\"pointercancel\",()=>drag=false);\n  el.addEventListener(\"dblclick\",()=>{ val=(min<0&&max>0)?0:(min+max)/2; setKnobVisual(el,val); onChange&&onChange(val); });\n}\n\n/* ---------- faders ---------- */\nfunction bindVFader(el,onChange,init){ const cap=el.querySelector(\".cap\"); let val=init; place();\n  function place(){ const h=el.clientHeight; cap.style.top=(6+(1-val)*(h-12))+\"px\"; }\n  onChange&&onChange(val); let drag=false;\n  const move=e=>{ if(!drag)return; const r=el.getBoundingClientRect(); val=1-clamp((e.clientY-r.top-6)/(r.height-12),0,1); place(); onChange&&onChange(val); };\n  el.addEventListener(\"pointerdown\",e=>{ drag=true; el.setPointerCapture(e.pointerId); move(e); });\n  el.addEventListener(\"pointermove\",move);\n  el.addEventListener(\"pointerup\",()=>drag=false); el.addEventListener(\"pointercancel\",()=>drag=false);\n  window.addEventListener(\"resize\",place);\n}\nfunction bindTempoFader(el,d){ const cap=el.querySelector(\".cap\"); let pos=0.5; place();\n  function place(){ const h=el.clientHeight; cap.style.top=(6+pos*(h-12))+\"px\"; }\n  function apply(){ setPitch(d,(pos-0.5)*2*d.range); } // top=- , bottom=+  (faithful Pioneer)\n  let drag=false;\n  const move=e=>{ if(!drag)return; const r=el.getBoundingClientRect(); pos=clamp((e.clientY-r.top-6)/(r.height-12),0,1); place(); apply(); };\n  el.addEventListener(\"pointerdown\",e=>{ drag=true; el.setPointerCapture(e.pointerId); move(e); });\n  el.addEventListener(\"pointermove\",move);\n  el.addEventListener(\"pointerup\",()=>drag=false); el.addEventListener(\"pointercancel\",()=>drag=false);\n  el.addEventListener(\"dblclick\",()=>{ pos=0.5; place(); apply(); });\n  d._tempoSet=pct=>{ pos=clamp(pct/(2*d.range)+0.5,0,1); place(); apply(); };\n}\nfunction bindXFader(el){ const cap=el.querySelector(\".cap\"); let x=0.5; place();\n  function place(){ const w=el.clientWidth; cap.style.left=(10+x*(w-20))+\"px\"; apply(); }\n  function apply(){ decks.A.xf.gain.value=Math.cos(x*Math.PI/2); decks.B.xf.gain.value=Math.cos((1-x)*Math.PI/2); }\n  let drag=false;\n  const move=e=>{ if(!drag)return; const r=el.getBoundingClientRect(); x=clamp((e.clientX-r.left-10)/(r.width-20),0,1); place(); };\n  el.addEventListener(\"pointerdown\",e=>{ drag=true; el.setPointerCapture(e.pointerId); move(e); });\n  el.addEventListener(\"pointermove\",move);\n  el.addEventListener(\"pointerup\",()=>drag=false); el.addEventListener(\"pointercancel\",()=>drag=false);\n  el.addEventListener(\"dblclick\",()=>{ x=0.5; place(); });\n}\n\n/* ---------- jogwheel (phase nudge) ---------- */\nfunction bindJog(el,d){ let last=null,drag=false;\n  function ang(e){ const r=el.getBoundingClientRect(); return Math.atan2(e.clientY-(r.top+r.height/2),e.clientX-(r.left+r.width/2)); }\n  el.addEventListener(\"pointerdown\",e=>{ drag=true; last=ang(e); el.setPointerCapture(e.pointerId); e.preventDefault(); });\n  el.addEventListener(\"pointermove\",e=>{ if(!drag)return; let a=ang(e),da=a-last; if(da>Math.PI)da-=2*Math.PI; if(da<-Math.PI)da+=2*Math.PI; last=a;\n    d.nudge -= da*0.05; d.jogRot=(d.jogRot||0)+da;\n    const m=$(`[data-marker=\"${d.id}\"]`); if(m) m.style.transform=`translate(-50%,0) rotate(${d.jogRot}rad)`;\n    markMission(\"jog\"); });\n  el.addEventListener(\"pointerup\",()=>drag=false); el.addEventListener(\"pointercancel\",()=>drag=false);\n}\n\n/* ---------- transport ---------- */\nfunction playDeck(d,on){ if(!started) startAudio();\n  d.playing = on!==undefined?on:!d.playing;\n  const btn=$(`.cdj[data-deck=\"${d.id}\"] .rbtn.play`);\n  if(d.playing){ if(d.next<AC.currentTime) d.next=AC.currentTime+0.05; btn.classList.add(\"on\"); btn.querySelector(\".ico\").textContent=\"❚❚\"; if(!d.startTime)d.startTime=AC.currentTime; }\n  else { btn.classList.remove(\"on\"); btn.querySelector(\".ico\").textContent=\"▶\"; }\n  if(d.playing) markMission(d.id===\"A\"?\"playA\":\"playB\");\n}\nfunction cueDeck(d){ if(!started) startAudio(); d.abs=0; d.step=0; d.bar=0; d.next=AC.currentTime+0.02; if(!d.playing) playDeck(d,true); }\n\n/* ---------- build UI parts ---------- */\nfunction buildPads(){ [\"A\",\"B\"].forEach(id=>{ const wrap=$(`[data-pads=\"${id}\"]`);\n  [\"A\",\"B\",\"C\",\"D\",\"E\",\"F\",\"G\",\"H\"].forEach(c=>{ const el=document.createElement(\"div\"); el.className=\"pad \"+c;\n    el.innerHTML=`<small>HOT CUE</small>${c}`; wrap.appendChild(el);\n    el.addEventListener(\"pointerdown\",()=>hotcue(id,c,el)); }); }); }\nfunction hotcue(id,c,el){ const d=decks[id]; if(!started) startAudio();\n  if(!d.hotcues[c]){ d.hotcues[c]=d.abs; el.classList.add(\"set\"); markMission(\"hotcue\"); }\n  else { d.abs=d.hotcues[c]; d.next=AC.currentTime+0.02; el.classList.add(\"playing\"); setTimeout(()=>el.classList.remove(\"playing\"),220); } }\n\nfunction buildChannels(){ const grid=$(\"#chgrid\");\n  [{n:1,deck:\"A\"},{n:2,deck:\"B\"},{n:3,deck:null},{n:4,deck:null}].forEach(c=>{\n    const ch=document.createElement(\"div\"); ch.className=\"ch\"+(c.deck?\" live\":\" dim\");\n    const dk=c.deck||\"\";\n    ch.innerHTML=`\n      <div class=\"cnum\">${c.n}${c.deck?\" · \"+c.deck:\"\"}</div>\n      <div class=\"knob sm\" data-ck=\"trim\" data-deck=\"${dk}\" data-min=\"0\" data-max=\"1.6\" data-val=\"0.9\"></div><div class=\"klabel\">TRIM</div>\n      <div class=\"eqwrap\">\n        <div class=\"eqrow\"><div class=\"knob sm\" data-ck=\"hi\" data-deck=\"${dk}\" data-min=\"-26\" data-max=\"6\" data-val=\"0\"></div><div class=\"klabel\">HI</div></div>\n        <div class=\"eqrow\"><div class=\"knob sm\" data-ck=\"mid\" data-deck=\"${dk}\" data-min=\"-26\" data-max=\"6\" data-val=\"0\"></div><div class=\"klabel\">MID</div></div>\n        <div class=\"eqrow\"><div class=\"knob sm\" data-ck=\"low\" data-deck=\"${dk}\" data-min=\"-26\" data-max=\"6\" data-val=\"0\"></div><div class=\"klabel\">LOW</div></div>\n      </div>\n      <div class=\"knob sm\" data-ck=\"color\" data-deck=\"${dk}\" data-min=\"-1\" data-max=\"1\" data-val=\"0\"></div><div class=\"klabel\">COLOR</div>\n      <div class=\"cue-pfl\" data-ck=\"cue\" data-deck=\"${dk}\">CUE</div>\n      <div class=\"chbody\"><div class=\"meter\"><i data-meter=\"${c.deck||(''x''+c.n)}\"></i></div>\n        <div class=\"fadc\" data-ck=\"fader\" data-deck=\"${dk}\"><div class=\"cap\"></div></div></div>`;\n    grid.appendChild(ch); }); }\n\nfunction buildFx(){ const sel=$(\"#fxsel\"); [\"ECHO\",\"FILTER\",\"FLANGER\",\"REVERB\",\"ROLL\",\"PING\"].forEach((f,i)=>{\n  const b=document.createElement(\"div\"); b.className=\"fb\"+(i===0?\" on\":\"\"); b.textContent=f;\n  b.addEventListener(\"pointerdown\",()=>{ $$(\"#fxsel .fb\").forEach(x=>x.classList.remove(\"on\")); b.classList.add(\"on\"); $(\"#fxName\").textContent=f; }); sel.appendChild(b); }); }\n\n/* ---------- channel/master apply ---------- */\nfunction applyChannel(dk,ck,val){ if(!dk||!decks[dk])return; const d=decks[dk];\n  if(ck===\"trim\") d.trim.gain.value=val;\n  else if(ck===\"hi\") d.eqHi.gain.value=val;\n  else if(ck===\"mid\") d.eqMid.gain.value=val;\n  else if(ck===\"low\"){ d.eqLow.gain.value=val; checkEqMission(); }\n  else if(ck===\"color\"){ if(val<-0.03){ d.color.type=\"lowpass\"; d.color.frequency.value=200+(1+val)*18000; d.color.Q.value=1+(-val)*6; }\n    else if(val>0.03){ d.color.type=\"highpass\"; d.color.frequency.value=20+val*6000; d.color.Q.value=1+val*6; }\n    else { d.color.type=\"allpass\"; d.color.frequency.value=1000; } } }\nfunction applyMaster(k,val){ if(k===\"master\"&&masterGain) masterGain.gain.value=val;\n  else if(k===\"phmix\"&&cueBus) cueBus.gain.value=(1-val)*1.1; }\n\n/* ---------- missions ---------- */\nconst MISSIONS=[\n  {id:\"playA\",t:\"Dê play no Deck A\",h:\"Aperte PLAY no CDJ da esquerda e suba o fader do canal 1.\"},\n  {id:\"cueB\",t:\"Pré-escute o Deck B no fone\",h:\"No mixer, aperte CUE (laranja) do canal 2.\"},\n  {id:\"playB\",t:\"Toque o Deck B (no fone)\",h:\"Dê play no CDJ da direita com o fader do canal 2 embaixo.\"},\n  {id:\"tempo\",t:\"Iguale o BPM do B ao A\",h:\"Puxe o TEMPO do Deck B até 124.0 BPM (Δ BPM = 0.0).\"},\n  {id:\"beatmatch\",t:\"Alinhe a batida (jogwheel)\",h:\"Empurre a jogwheel do B até a barra de FASE centralizar (fica verde).\"},\n  {id:\"eq\",t:\"Troque graves na virada\",h:\"Corte o LOW do canal A e abra o LOW do B, subindo o fader do B.\"},\n  {id:\"fxon\",t:\"Ligue um BEAT FX\",h:\"Escolha ECHO/FILTER e aperte ON/OFF.\"}\n];\nlet mi=0;\nfunction markMission(key){ const m=MISSIONS[mi]; if(m&&m.id===key) completeMission(); }\nfunction completeMission(){ mi++; renderMission(); }\nfunction missionState(id){ const a=decks.A,b=decks.B; if(!a||!b)return false;\n  switch(id){\n    case \"playA\": return a.playing && a.fader.gain.value>0.3;\n    case \"cueB\": return b.pfl.gain.value>0;\n    case \"playB\": return b.playing;\n    case \"tempo\": return Math.abs(a.bpm-b.bpm)<0.2;\n    case \"beatmatch\":{ const pa=(a.abs%16)/16,pb=(b.abs%16)/16; let df=pb-pa; if(df>0.5)df-=1; if(df<-0.5)df+=1;\n      return a.playing&&b.playing&&Math.abs(a.bpm-b.bpm)<0.4&&Math.abs(df)<0.05; }\n    case \"eq\": return a.eqLow.gain.value<-10 && b.eqLow.gain.value>-3 && b.fader.gain.value>0.4;\n    case \"fxon\": return !!fxNode.wet && fxNode.wet.gain.value>0.1;\n  } return false; }\nfunction autoCheckMissions(){ const m=MISSIONS[mi]; if(m && missionState(m.id)) completeMission(); }\nfunction renderMission(){ const m=MISSIONS[mi];\n  if(!m){ $(\"#mIdx\").textContent=\"✓ COMPLETO\"; $(\"#mTitle\").textContent=\"Você mixou como DJ!\"; $(\"#mHint\").textContent=\"Continue: viradas, EQ, loops, hot cues e BEAT FX.\"; $(\"#mOk\").style.display=\"inline\"; return; }\n  $(\"#mIdx\").textContent=\"MISSÃO \"+(mi+1)+\"/\"+MISSIONS.length; $(\"#mTitle\").textContent=m.t; $(\"#mHint\").textContent=m.h; }\nfunction checkTempoMission(){ const m=MISSIONS[mi]; if(m&&m.id===\"tempo\"&&decks.A&&decks.B&&Math.abs(decks.A.bpm-decks.B.bpm)<0.2) completeMission(); }\nfunction checkEqMission(){ const m=MISSIONS[mi]; if(m&&m.id===\"eq\"&&decks.A.eqLow.gain.value<-10&&decks.B.eqLow.gain.value>-3&&decks.B.fader.gain.value>0.4) completeMission(); }\n\n/* ---------- visuals ---------- */\nfunction drawWaveforms(){ [\"A\",\"B\"].forEach(id=>{ const d=decks[id];\n  [[`[data-wf=\"${id}\"]`,0],[`[data-wfz=\"${id}\"]`,1]].forEach(([sel,zoom])=>{ const cv=$(sel); if(!cv)return;\n    const w=cv.width=cv.clientWidth||300, h=cv.height=cv.clientHeight||(zoom?40:74); const ctx=cv.getContext(\"2d\"); ctx.clearRect(0,0,w,h);\n    const bars=zoom?32:120, bw=w/bars;\n    for(let i=0;i<bars;i++){ let s=Math.sin(i*12.9+id.charCodeAt(0))*43758.5; s-=Math.floor(s);\n      const beat=(i%(zoom?4:8))===0; const amp=(0.25+s*0.7)*h;\n      ctx.fillStyle=beat?(id===\"A\"?\"#5bd0ff\":\"#ffa24d\"):(id===\"A\"?\"#2b6fb0\":\"#a86a2a\");\n      ctx.fillRect(i*bw,(h-amp)/2,bw*0.7,amp); }\n    if(zoom){ ctx.fillStyle=\"#fff\"; ctx.fillRect(w/2,0,2,h); }\n    else { const ph=(d.abs%120)/120; ctx.fillStyle=\"#fff\"; ctx.fillRect(ph*w,0,2,h); }\n  }); }); }\nfunction updateMeters(){ [\"A\",\"B\"].forEach(id=>{ const d=decks[id]; if(!d.analyser)return;\n  const buf=new Uint8Array(d.analyser.fftSize); d.analyser.getByteTimeDomainData(buf);\n  let peak=0; for(let i=0;i<buf.length;i++){ const v=Math.abs(buf[i]-128)/128; if(v>peak)peak=v; }\n  const el=$(`[data-meter=\"${id}\"]`); if(el)el.style.height=Math.min(100,peak*140)+\"%\"; }); }\nfunction updatePhase(){ const a=decks.A,b=decks.B; if(!a||!b)return;\n  $(\"#bpmDelta\").textContent=Math.abs(a.bpm-b.bpm).toFixed(1);\n  const pa=(a.abs%16)/16, pb=(b.abs%16)/16; let diff=pb-pa; if(diff>0.5)diff-=1; if(diff<-0.5)diff+=1;\n  const ind=$(\"#phaseInd\"); if(ind)ind.style.left=(50+diff*100)+\"%\";\n  const matched=a.playing&&b.playing&&Math.abs(a.bpm-b.bpm)<0.4&&Math.abs(diff)<0.035;\n  $(\"#phasebar\").classList.toggle(\"good\",matched);\n  const beat=a.abs%4, lamps=$(\"#beatLamps\"); if(lamps){ lamps.innerHTML=\"\"; for(let i=0;i<4;i++){ const s=document.createElement(\"span\"); s.className=\"beat-lamp\"+(i===beat&&a.playing?\" on\":\"\"); lamps.appendChild(s);} }\n  if(matched) markMission(\"beatmatch\"); }\nfunction refreshDeckUI(d){ $(\"#bpm\"+d.id).textContent=d.bpm.toFixed(1);\n  $(\"#pct\"+d.id).textContent=(d.pitch>=0?\"+\":\"\")+d.pitch.toFixed(1)+\"%\"; $(\"#mst\"+d.id).classList.toggle(\"on\",d.mt);\n  const md=decks[window._masterDeck]||decks.A; $(\"#fxBpm\").textContent=md.bpm.toFixed(1)+\" BPM\";\n  if(fxNode.delay) fxNode.delay.delayTime.value=(60/md.bpm)/2; }\n\nfunction drawArt(id){ const cv=$(`[data-art=\"${id}\"]`); if(!cv)return; const ctx=cv.getContext(\"2d\");\n  const c=id===\"A\"?[\"#3a86ff\",\"#0a1a33\"]:[\"#ff7a1a\",\"#331000\"]; const g=ctx.createRadialGradient(40,40,4,40,40,40);\n  g.addColorStop(0,c[0]); g.addColorStop(1,c[1]); ctx.fillStyle=g; ctx.beginPath(); ctx.arc(40,40,40,0,7); ctx.fill();\n  ctx.fillStyle=\"#0009\"; ctx.beginPath(); ctx.arc(40,40,6,0,7); ctx.fill(); }\n\n/* ---------- deck actions ---------- */\nfunction handleDeckAct(id,act,b){ const d=decks[id]; if(!started&&(act===\"play\"||act===\"cue\")) startAudio();\n  switch(act){\n    case \"play\": playDeck(d); break;\n    case \"cue\": cueDeck(d); break;\n    case \"sync\": syncDeck(id,b); break;\n    case \"mt\": d.mt=!d.mt; b.classList.toggle(\"on\",d.mt); refreshDeckUI(d); break;\n    case \"master\": window._masterDeck=id; $$(''.tled[data-act=\"master\"]'').forEach(x=>x.classList.remove(\"on\")); b.classList.add(\"on\"); refreshDeckUI(d); break;\n    case \"beatloop\": d.loopOn=!d.loopOn; d.loopLen=+b.dataset.len; d.loopStartAbs=d.abs; b.classList.toggle(\"on\",d.loopOn); break;\n    case \"reloop\": d.loopOn=true; d.loopStartAbs=d.abs; $(`[data-loops=\"${id}\"] [data-act=\"beatloop\"]`).classList.add(\"on\"); break;\n    case \"cuein\": b.classList.add(\"on\"); setTimeout(()=>b.classList.remove(\"on\"),180); break;\n    case \"cueout\": d.loopOn=false; $(`[data-loops=\"${id}\"] [data-act=\"beatloop\"]`).classList.remove(\"on\"); break;\n  } }\nfunction syncDeck(id,b){ const md=decks[window._masterDeck]||decks.A; const d=decks[id];\n  d.pitch=(md.bpm/d.baseBpm-1)*100; applyTempo(d); if(d._tempoSet)d._tempoSet(d.pitch);\n  d.abs=md.abs; d.step=md.step; d.bar=md.bar; d.next=md.next; b.classList.add(\"on\"); refreshDeckUI(d);\n  checkTempoMission(); markMission(\"beatmatch\"); }\n\n/* ---------- start / loop ---------- */\nfunction startAudio(){ if(started)return; buildGraph(); started=true;\n  $(\"#acDot\").classList.remove(\"off\"); $(\"#acState\").textContent=\"ligado\"; $(\"#btnStart\").textContent=\"● Áudio ligado\";\n  if(AC.resume)AC.resume(); refreshDeckUI(decks.A); refreshDeckUI(decks.B);\n  setInterval(schedule,TICK); }\nfunction frame(){ if(started){ drawWaveforms(); updateMeters(); updatePhase(); autoCheckMissions();\n  [\"A\",\"B\"].forEach(id=>{ const d=decks[id]; const sec=d.playing?(AC.currentTime-d.startTime):0;\n    const el=$(\"#time\"+id); if(el){ const m=Math.floor(sec/60),s=Math.floor(sec%60); el.textContent=String(m).padStart(2,\"0\")+\":\"+String(s).padStart(2,\"0\"); }\n    $(\"#beat\"+id).textContent=(d.abs%4)+1; }); }\n  requestAnimationFrame(frame); }\n\n/* ---------- init ---------- */\nfunction init(){\n  buildPads(); buildChannels(); buildFx(); renderMission();\n  function fit(){ const st=$(\"#stage\"); const scale=Math.min(1,(window.innerWidth-8)/1664); st.style.transform=\"scale(\"+scale+\")\"; }\n  window.addEventListener(\"resize\",fit); fit();\n  drawArt(\"A\"); drawArt(\"B\");\n\n  $$(\".cdj\").forEach(cdj=>{ const id=cdj.dataset.deck;\n    $$(\"[data-act]\",cdj).forEach(b=>b.addEventListener(\"pointerdown\",e=>{ e.preventDefault(); handleDeckAct(id,b.dataset.act,b); })); });\n  [\"A\",\"B\"].forEach(id=>{ bindJog($(`[data-jog=\"${id}\"]`),{get id(){return id},get nudge(){return decks[id]?decks[id].nudge:0},set nudge(v){if(decks[id])decks[id].nudge=v}}); });\n  // NOTE: jog needs live deck; rebind properly after decks exist? decks built on startAudio. Bind lazily:\n  [\"A\",\"B\"].forEach(id=>{ const el=$(`[data-jog=\"${id}\"]`); el.replaceWith(el.cloneNode(true)); });\n  [\"A\",\"B\"].forEach(id=>bindJogLazy(id));\n\n  $$(''.knob[data-ck]'').forEach(el=>bindKnob(el,val=>applyChannel(el.dataset.deck,el.dataset.ck,val)));\n  $$(''.knob[data-knob]'').forEach(el=>bindKnob(el,val=>applyMaster(el.dataset.knob,val)));\n  $$(''.fadc[data-ck=\"fader\"]'').forEach(el=>bindVFader(el,val=>{ const dk=el.dataset.deck; if(dk&&decks[dk])decks[dk].fader.gain.value=val; },0));\n  $$(''.cue-pfl[data-ck=\"cue\"]'').forEach(el=>el.addEventListener(\"pointerdown\",()=>{ const dk=el.dataset.deck; if(!dk)return; if(!started)startAudio();\n    el.classList.toggle(\"on\"); const on=el.classList.contains(\"on\"); decks[dk].pfl.gain.value=on?1:0; if(on)markMission(\"cueB\"); }));\n  bindTempoFaderLazy();\n  bindXFaderLazy();\n  $(\"[data-act=''fxon'']\").addEventListener(\"pointerdown\",()=>{ if(!started)startAudio(); const el=$(\"[data-act=''fxon'']\"); el.classList.toggle(\"on\"); const on=el.classList.contains(\"on\");\n    if(fxNode.wet){ fxNode.wet.gain.setTargetAtTime(on?0.5:0,AC.currentTime,0.05); fxNode.dry.gain.setTargetAtTime(on?0.75:1,AC.currentTime,0.05);} if(on)markMission(\"fxon\"); });\n\n  $(\"#btnStart\").addEventListener(\"pointerdown\",()=>startAudio());\n  $(\"#btnReset\").addEventListener(\"pointerdown\",()=>location.reload());\n  frame();\n}\n// jog/tempo/xfader need decks, which exist only after startAudio(); bind them but read decks lazily inside handlers\nfunction bindJogLazy(id){ const el=$(`[data-jog=\"${id}\"]`); let last=null,drag=false,rot=0;\n  const ang=e=>{ const r=el.getBoundingClientRect(); return Math.atan2(e.clientY-(r.top+r.height/2),e.clientX-(r.left+r.width/2)); };\n  el.addEventListener(\"pointerdown\",e=>{ if(!started)startAudio(); drag=true; last=ang(e); el.setPointerCapture(e.pointerId); e.preventDefault(); });\n  el.addEventListener(\"pointermove\",e=>{ if(!drag)return; let a=ang(e),da=a-last; if(da>Math.PI)da-=2*Math.PI; if(da<-Math.PI)da+=2*Math.PI; last=a;\n    if(decks[id]) decks[id].nudge-=da*0.05; rot+=da; const m=$(`[data-marker=\"${id}\"]`); if(m)m.style.transform=`translate(-50%,0) rotate(${rot}rad)`; markMission(\"jog\"); });\n  el.addEventListener(\"pointerup\",()=>drag=false); el.addEventListener(\"pointercancel\",()=>drag=false); }\nfunction bindTempoFaderLazy(){ [\"A\",\"B\"].forEach(id=>{ const el=$(`[data-tempo=\"${id}\"]`); const cap=el.querySelector(\".cap\"); let pos=0.5; place();\n  function place(){ const h=el.clientHeight; cap.style.top=(6+pos*(h-12))+\"px\"; }\n  function apply(){ if(!started)startAudio(); const d=decks[id]; if(d)setPitch(d,(pos-0.5)*2*d.range); }\n  let drag=false; const move=e=>{ if(!drag)return; const r=el.getBoundingClientRect(); pos=clamp((e.clientY-r.top-6)/(r.height-12),0,1); place(); apply(); };\n  el.addEventListener(\"pointerdown\",e=>{ drag=true; el.setPointerCapture(e.pointerId); move(e); });\n  el.addEventListener(\"pointermove\",move); el.addEventListener(\"pointerup\",()=>drag=false); el.addEventListener(\"pointercancel\",()=>drag=false);\n  el.addEventListener(\"dblclick\",()=>{ pos=0.5; place(); apply(); });\n  window.addEventListener(\"resize\",place); }); }\nfunction bindXFaderLazy(){ const el=$(\"[data-xfader]\"); const cap=el.querySelector(\".cap\"); let x=0.5; place();\n  function place(){ const w=el.clientWidth; cap.style.left=(10+x*(w-20))+\"px\"; apply(); }\n  function apply(){ if(decks.A){ decks.A.xf.gain.value=Math.cos(x*Math.PI/2); decks.B.xf.gain.value=Math.cos((1-x)*Math.PI/2);} }\n  let drag=false; const move=e=>{ if(!drag)return; const r=el.getBoundingClientRect(); x=clamp((e.clientX-r.left-10)/(r.width-20),0,1); place(); };\n  el.addEventListener(\"pointerdown\",e=>{ drag=true; el.setPointerCapture(e.pointerId); move(e); });\n  el.addEventListener(\"pointermove\",move); el.addEventListener(\"pointerup\",()=>drag=false); el.addEventListener(\"pointercancel\",()=>drag=false);\n  el.addEventListener(\"dblclick\",()=>{ x=0.5; place(); }); window.addEventListener(\"resize\",place); }\n\ndocument.addEventListener(\"DOMContentLoaded\",init);\n</script>\n</body>\n</html>\n"}]'::jsonb);

-- AULA 4 (mód 2): Mixagem com EQ e ganho: a virada limpa
insert into public.lessons (id,module_id,titulo,tipo,conteudo_rico,duracao_min,ordem,tem_quiz,preview_gratis) values
  ('d1000000-d100-4d00-9000-0000000b0004','d1000000-d100-4d00-9000-0000000a0002','Mixagem com EQ e ganho: a virada limpa','texto','<p><strong>Casar as batidas é metade do trabalho; a outra metade é a transição.</strong> Uma virada boa não "empurra" uma música por cima da outra — ela troca os elementos com equilíbrio. A ferramenta principal é o <strong>EQ</strong>, apoiada no <strong>ganho</strong> e no <strong>fader</strong>.</p>
<h3>Gain staging primeiro</h3>
<p>Antes de tudo, acerte o <strong>TRIM</strong> de cada canal para que os dois VUs batam na mesma região (amarelo nos picos). Se um canal está muito mais alto que o outro, a virada dá um "salto" de volume. Nível parelho = transição suave.</p>
<h3>A técnica do "bass swap" (troca de graves)</h3>
<p>Dois bumbos + dois baixos tocando juntos viram uma lama sem definição. A regra de ouro da virada limpa:</p>
<ul>
<li><strong>Deixe a nova música entrar sem grave:</strong> antes de subir o fader do Deck B, <strong>corte o LOW</strong> dele.</li>
<li><strong>Faça a troca no momento certo</strong> (numa virada/phrase): <strong>corte o LOW do A</strong> e ao mesmo tempo <strong>abra o LOW do B</strong>. O grave "passa" de uma música para a outra sem sobrepor.</li>
<li><strong>Complete a transição:</strong> agora traga médios/agudos e o crossfader/fader até o B assumir por completo.</li>
</ul>
<p>No simulador: corte o LOW do canal A, abra o LOW do canal B e suba o fader do B — a missão de "troca de graves" confirma quando você acerta.</p>
<h3>Crossfader x channel faders</h3>
<ul>
<li><strong>Channel faders:</strong> controle independente de cada canal — permite viradas longas e com EQ, mais musicais.</li>
<li><strong>Crossfader:</strong> transição rápida entre A e B — essencial no scratch e em cortes secos. Muitos DJs de club fazem quase tudo nos channel faders e deixam o crossfader no centro.</li>
</ul>
<h3>Tipos de transição</h3>
<ul>
<li><strong>Blend/fusão longa:</strong> as duas músicas convivem por vários compassos, trocando EQ — o padrão do house/techno.</li>
<li><strong>Cut/corte:</strong> troca seca no tempo 1 — funciona quando as músicas têm energia parecida.</li>
<li><strong>Filtro:</strong> use o COLOR (passa-alta) para "sugar" os graves da música que sai enquanto a nova entra.</li>
</ul>
<p><strong>Erro clássico do iniciante:</strong> subir o fader do B com o grave aberto sobre o A. O resultado é abafado e sem punch. Corte primeiro, troque depois.</p>',24,4,true,false);
insert into public.quizzes (id,lesson_id,titulo) values ('d1000000-d100-4d00-9000-0000000c0004','d1000000-d100-4d00-9000-0000000b0004','Quiz — Mixagem com EQ');
insert into public.quiz_questions (id,quiz_id,texto,explicacao,ordem,pontos) values ('d1000000-d100-4d00-9000-000000000401','d1000000-d100-4d00-9000-0000000c0004','Por que se corta o grave (LOW) de uma música na virada?','Dois graves juntos viram lama sem definição. Corta-se o LOW de uma para dar lugar ao grave da outra.',1,1);
insert into public.quiz_options (question_id,texto,correta,ordem) values ('d1000000-d100-4d00-9000-000000000401','Para deixar a música mais aguda',false,1);
insert into public.quiz_options (question_id,texto,correta,ordem) values ('d1000000-d100-4d00-9000-000000000401','Porque dois graves juntos embolam — troca-se o grave de uma para a outra',true,2);
insert into public.quiz_options (question_id,texto,correta,ordem) values ('d1000000-d100-4d00-9000-000000000401','Para aumentar o BPM',false,3);
insert into public.quiz_options (question_id,texto,correta,ordem) values ('d1000000-d100-4d00-9000-000000000401','Para ligar o efeito',false,4);
insert into public.quiz_questions (id,quiz_id,texto,explicacao,ordem,pontos) values ('d1000000-d100-4d00-9000-000000000402','d1000000-d100-4d00-9000-0000000c0004','Qual a ordem correta do ''bass swap'' na virada?','Entra sem grave (LOW do B cortado) → no momento certo, corta o LOW do A e abre o LOW do B → completa a transição.',2,1);
insert into public.quiz_options (question_id,texto,correta,ordem) values ('d1000000-d100-4d00-9000-000000000402','Sobe o B com grave aberto por cima do A',false,1);
insert into public.quiz_options (question_id,texto,correta,ordem) values ('d1000000-d100-4d00-9000-000000000402','Corta o LOW do B; na virada, corta o LOW do A e abre o LOW do B; completa',true,2);
insert into public.quiz_options (question_id,texto,correta,ordem) values ('d1000000-d100-4d00-9000-000000000402','Aumenta o master no talo',false,3);
insert into public.quiz_options (question_id,texto,correta,ordem) values ('d1000000-d100-4d00-9000-000000000402','Usa só o botão sync',false,4);
insert into public.quiz_questions (id,quiz_id,texto,explicacao,ordem,pontos) values ('d1000000-d100-4d00-9000-000000000403','d1000000-d100-4d00-9000-0000000c0004','O que é ''gain staging'' antes de mixar?','Acertar o TRIM de cada canal para os VUs baterem parelhos (amarelo nos picos), evitando saltos de volume.',3,1);
insert into public.quiz_options (question_id,texto,correta,ordem) values ('d1000000-d100-4d00-9000-000000000403','Deixar um canal bem mais alto',false,1);
insert into public.quiz_options (question_id,texto,correta,ordem) values ('d1000000-d100-4d00-9000-000000000403','Acertar o TRIM para os dois canais ficarem no mesmo nível',true,2);
insert into public.quiz_options (question_id,texto,correta,ordem) values ('d1000000-d100-4d00-9000-000000000403','Cortar todos os agudos',false,3);
insert into public.quiz_options (question_id,texto,correta,ordem) values ('d1000000-d100-4d00-9000-000000000403','Ligar o crossfader',false,4);
insert into public.quiz_questions (id,quiz_id,texto,explicacao,ordem,pontos) values ('d1000000-d100-4d00-9000-000000000404','d1000000-d100-4d00-9000-0000000c0004','Diferença entre channel fader e crossfader?','Channel faders controlam cada canal (viradas longas/musicais); o crossfader alterna A↔B (corte e scratch).',4,1);
insert into public.quiz_options (question_id,texto,correta,ordem) values ('d1000000-d100-4d00-9000-000000000404','São a mesma coisa',false,1);
insert into public.quiz_options (question_id,texto,correta,ordem) values ('d1000000-d100-4d00-9000-000000000404','Channel fader controla cada canal; crossfader alterna A↔B (corte/scratch)',true,2);
insert into public.quiz_options (question_id,texto,correta,ordem) values ('d1000000-d100-4d00-9000-000000000404','Crossfader muda o BPM',false,3);
insert into public.quiz_options (question_id,texto,correta,ordem) values ('d1000000-d100-4d00-9000-000000000404','Channel fader liga o fone',false,4);
insert into public.ai_animations (lesson_id,tipo,status,model,roteiro,urls) values ('d1000000-d100-4d00-9000-0000000b0004','interactive','ready','handcrafted-interactive','{"titulo":"Cabine de DJ — 2× CDJ-3000 + DJM-A9","cenas":[{"numero":1,"titulo":"Mixe na cabine (áudio real)","modo":"widget","narracao":"Cabine club-standard com dois CDJ-3000 e o mixer DJM-A9, com áudio de verdade. Toque, pré-escute no fone, case o BPM e a fase, troque graves no EQ e faça a virada. Complete as 7 missões.","explicacao_texto":"Simulador fiel da cabine profissional. Motor de áudio Web Audio (grooves sintetizados — placeholder até plugarmos as faixas reais da SMU).","destaques":["2× CDJ-3000: jog, tempo, cue, hot cues, loop","DJM-A9: trim, EQ 3 bandas, color filter, crossfader","Pré-escuta no fone (CUE/PFL) e BEAT FX","Beatmatch real: BPM + fase"]}]}'::jsonb,'[{"html":"<!doctype html>\n<html lang=\"pt-BR\">\n<head>\n<meta charset=\"utf-8\">\n<meta name=\"viewport\" content=\"width=device-width, initial-scale=1, maximum-scale=1, user-scalable=no\">\n<link rel=\"icon\" href=\"data:,\">\n<title>Cabine de DJ — 2× CDJ-3000 + DJM-A9 — Simulador fiel (SMU)</title>\n<style>\n  :root{\n    --ink:#e9eef7; --muted:#8b97a9; --amber:#f4a02a; --orange:#ff7a1a;\n    --green:#37d07a; --red:#e0483f; --cyan:#39c0e6; --blue:#2e78ff;\n  }\n  *{box-sizing:border-box}\n  html,body{margin:0;height:100%}\n  body{\n    background:radial-gradient(1200px 700px at 50% -8%,#1b1e23,#0a0b0d 62%),#08090b;\n    color:var(--ink);\n    font-family:\"Inter\",system-ui,-apple-system,\"Segoe UI\",Roboto,sans-serif;\n    -webkit-font-smoothing:antialiased;user-select:none;overflow:hidden;\n    display:flex;align-items:flex-start;justify-content:center;\n  }\n  #stage{transform-origin:top center;flex:0 0 auto}\n  .booth{position:relative;width:1640px;display:flex;flex-direction:column;gap:9px;padding:12px;\n    background:linear-gradient(180deg,#2b2f36,#1f2228 10%,#191b1f 60%,#141518);\n    border:1px solid #0b0c0e;border-radius:16px;\n    box-shadow:0 30px 80px #000b, inset 0 1px 0 #ffffff10, inset 0 -2px 0 #0008;}\n\n  .util{display:flex;align-items:center;gap:8px;flex-wrap:wrap;\n    background:linear-gradient(180deg,#202329,#15171b);border:1px solid #0c0d0f;border-radius:11px;padding:7px 11px}\n  .brand{display:flex;align-items:baseline;gap:9px}\n  .brand b{font-size:17px;letter-spacing:1px;color:#eef2f8}\n  .brand .m{font-size:9.5px;letter-spacing:2px;color:#8a94a4;text-transform:uppercase}\n  .pill{font-size:10.5px;color:var(--muted);background:#0c0e12;border:1px solid #2a2f37;border-radius:16px;padding:4px 9px;display:flex;align-items:center;gap:6px;letter-spacing:.3px;white-space:nowrap}\n  .pill b{color:#fff}\n  .dot{width:8px;height:8px;border-radius:50%;background:var(--green);box-shadow:0 0 8px var(--green)}\n  .dot.off{background:#444;box-shadow:none}\n  .spacer{flex:1}\n  .btnp{font:inherit;font-size:11.5px;font-weight:700;border:0;border-radius:8px;padding:7px 12px;cursor:pointer;color:#07120b;background:linear-gradient(180deg,#5be59a,#27b566)}\n  .btnp.ghost{background:transparent;color:var(--muted);border:1px solid #2a2f37}\n  .mission{display:flex;align-items:center;gap:9px;background:#0c0e12;border:1px solid #2a2f37;border-radius:9px;padding:5px 10px;flex:1 1 380px;min-width:0}\n  .mission .idx{font-size:10px;color:var(--amber);font-weight:800;letter-spacing:1px;white-space:nowrap}\n  .mission .txt{font-size:11.5px;line-height:1.25;min-width:0}\n  .mission .txt b{color:#fff}\n  .mission .txt small{color:var(--muted)}\n  .mission .ok{color:var(--green);font-weight:800;font-size:16px}\n\n  .row{display:grid;grid-template-columns:1fr 470px 1fr;gap:10px;align-items:start}\n\n  /* ===== CDJ-3000 ===== */\n  .cdj{background:linear-gradient(180deg,#26292f,#1c1e23 40%,#161719);border:1px solid #0c0d0f;border-radius:13px;padding:11px;display:flex;flex-direction:column;gap:9px;\n    box-shadow:inset 0 1px 0 #ffffff10, inset 0 -2px 6px #0007}\n  .cdj .hdr{display:flex;justify-content:space-between;align-items:center;font-size:9px;letter-spacing:1.5px;color:#7f8aa0}\n  .cdj .hdr .mdl{color:#cfd7e6;font-weight:800;letter-spacing:2px}\n  .cdj .hdr .rb{color:#39c0e6;font-weight:700;letter-spacing:1px}\n\n  .scr{background:linear-gradient(180deg,#0b1220,#070c15);border:1px solid #04070d;border-radius:8px;padding:8px 9px;box-shadow:inset 0 2px 8px #000a;position:relative;overflow:hidden}\n  .scr .tabs{display:flex;gap:4px;margin-bottom:6px}\n  .scr .tab{font-size:8.5px;letter-spacing:.8px;color:#8fa3c4;background:#132033;border:1px solid #1d3450;border-radius:4px;padding:3px 6px}\n  .scr .tab.on{color:#0a0e14;background:#39c0e6;border-color:#39c0e6;font-weight:800}\n  .scr .ttl{display:flex;justify-content:space-between;align-items:baseline;margin-bottom:5px}\n  .scr .ttl .name{font-size:12.5px;color:#eaf2ff;font-weight:700;white-space:nowrap;overflow:hidden;text-overflow:ellipsis}\n  .scr .ttl .key{font-size:10px;color:#7bd3ff}\n  .wf{width:100%;height:74px;display:block;background:#060a11;border-radius:4px}\n  .wfz{width:100%;height:40px;display:block;background:#060a11;border-radius:4px;margin-top:4px}\n  .info{display:flex;justify-content:space-between;align-items:center;margin-top:6px;gap:8px}\n  .info .big{font-variant-numeric:tabular-nums;font-size:22px;font-weight:800;color:#fff;letter-spacing:1px}\n  .info .bpm{font-variant-numeric:tabular-nums;font-size:22px;font-weight:800;color:var(--amber);letter-spacing:.5px}\n  .info .sub{font-size:8px;color:#8fa3c4;letter-spacing:.5px;text-align:right}\n  .info .pct{font-variant-numeric:tabular-nums;font-size:12px;color:#bcd;font-weight:700}\n  .mstpill{font-size:8px;letter-spacing:1px;color:#0a140a;background:var(--amber);border-radius:3px;padding:1px 4px;font-weight:800;visibility:hidden}\n  .mstpill.on{visibility:visible}\n\n  .pads{display:grid;grid-template-columns:repeat(4,1fr);gap:5px}\n  .pad{height:30px;border-radius:5px;border:1px solid #0a0b0d;background:linear-gradient(180deg,#20242b,#15181d);\n    color:#5a6478;font-size:9px;font-weight:800;letter-spacing:1px;cursor:pointer;display:flex;align-items:center;justify-content:center;position:relative}\n  .pad small{position:absolute;top:2px;left:4px;font-size:7px;color:#4a5364}\n  .pad.A{--c:#ff5c5c}.pad.B{--c:#ffb03a}.pad.C{--c:#ffe14d}.pad.D{--c:#7CFC5A}\n  .pad.E{--c:#4de1c3}.pad.F{--c:#4db6ff}.pad.G{--c:#7c8bff}.pad.H{--c:#e07cff}\n  .pad.set{background:var(--c);color:#0a0e14;box-shadow:0 0 10px var(--c)}\n  .pad.playing{outline:2px solid #fff;outline-offset:-2px}\n\n  .lp{display:grid;grid-template-columns:repeat(4,1fr);gap:5px}\n  .kb{height:28px;border-radius:5px;border:1px solid #0a0b0d;background:linear-gradient(180deg,#23272e,#171a1f);color:#aeb8c8;font-size:8.5px;font-weight:800;letter-spacing:.6px;cursor:pointer;display:flex;align-items:center;justify-content:center;text-align:center;line-height:1.05}\n  .kb.amber{color:var(--amber)}\n  .kb.on{background:var(--amber);color:#111;box-shadow:0 0 9px var(--amber)}\n\n  .deckmid{display:grid;grid-template-columns:64px 1fr 42px;gap:9px;align-items:center}\n  .transport{display:flex;flex-direction:column;gap:14px;align-items:center;justify-content:center}\n  .rbtn{width:56px;height:56px;border-radius:50%;border:2px solid #0a0b0d;cursor:pointer;position:relative;\n    background:radial-gradient(circle at 50% 35%,#3a3f47,#1a1c20);box-shadow:0 4px 8px #0008, inset 0 1px 0 #fff2}\n  .rbtn .lbl{position:absolute;bottom:-13px;left:50%;transform:translateX(-50%);font-size:7px;letter-spacing:1px;color:#8a94a4;white-space:nowrap}\n  .rbtn.cue{background:radial-gradient(circle at 50% 35%,#ffb25a,#c76a12)}\n  .rbtn.play{background:radial-gradient(circle at 50% 35%,#5be59a,#1f9e54)}\n  .rbtn.play.on{box-shadow:0 0 16px var(--green), inset 0 1px 0 #fff4}\n  .rbtn:active{transform:translateY(1px)}\n  .rbtn .ico{position:absolute;inset:0;display:flex;align-items:center;justify-content:center;color:#0a0e0a;font-size:15px;font-weight:900}\n\n  .jogwrap{display:flex;align-items:center;justify-content:center}\n  .jog{width:230px;height:230px;border-radius:50%;position:relative;cursor:grab;touch-action:none;\n    background:radial-gradient(circle at 50% 50%,#0e0f12 0 30%,#17191d 30% 33%,#0e0f12 33% 63%,#202329 63% 66%,#0c0d10 66% 100%);\n    border:3px solid #000;box-shadow:0 10px 24px #000b, inset 0 2px 10px #0009}\n  .jog:active{cursor:grabbing}\n  .jog .ring{position:absolute;inset:6px;border-radius:50%;border:2px solid #2a2e35}\n  .jog .lit{position:absolute;inset:4px;border-radius:50%;pointer-events:none;box-shadow:inset 0 0 22px #1a5fb033;border:2px solid #1f6fd0aa;opacity:.55}\n  .jog .platter{position:absolute;inset:50px;border-radius:50%;background:repeating-conic-gradient(#111 0 6deg,#191c21 6deg 12deg);border:2px solid #000;box-shadow:inset 0 0 20px #000}\n  .jog .hub{position:absolute;inset:76px;border-radius:50%;background:#0a0d12;border:2px solid #223;overflow:hidden;display:flex;align-items:center;justify-content:center}\n  .jog .art{position:absolute;inset:0;border-radius:50%}\n  .jog .marker{position:absolute;top:50%;left:50%;width:4px;height:38px;background:linear-gradient(180deg,#fff,#fff0);transform-origin:top center;transform:translate(-50%,0);border-radius:2px}\n  .jog .cdinfo{position:absolute;bottom:12px;left:50%;transform:translateX(-50%);font-size:8px;color:#9fb0c8;letter-spacing:1px}\n\n  .tempo{display:flex;flex-direction:column;align-items:center;gap:5px;height:230px;justify-content:center}\n  .tempo .tt{font-size:7.5px;color:#8a94a4;letter-spacing:1px}\n  .fadv{position:relative;width:26px;height:168px;background:linear-gradient(90deg,#0a0b0d,#16181c,#0a0b0d);border:1px solid #000;border-radius:6px;touch-action:none;cursor:ns-resize;box-shadow:inset 0 2px 8px #000a}\n  .fadv .track{position:absolute;left:50%;top:6px;bottom:6px;width:3px;transform:translateX(-50%);background:#000;border-radius:2px}\n  .fadv .cap{position:absolute;left:50%;width:34px;height:16px;transform:translate(-50%,-50%);background:linear-gradient(180deg,#e9edf3,#aab2bf);border:1px solid #000;border-radius:3px;box-shadow:0 2px 4px #0009}\n  .fadv .cap::after{content:\"\";position:absolute;left:4px;right:4px;top:50%;height:2px;background:#e2453f;transform:translateY(-50%)}\n  .tempo .rng{font-size:8px;color:var(--amber);letter-spacing:.6px;cursor:pointer}\n\n  .tledrow{display:flex;gap:6px;justify-content:center}\n  .tled{width:42px;text-align:center;font-size:7px;letter-spacing:.5px;color:#8a94a4;border:1px solid #2a2f37;border-radius:4px;padding:4px 2px;cursor:pointer;background:#12141a;line-height:1.1}\n  .tled.on{color:#111;background:var(--amber);border-color:var(--amber);font-weight:800}\n  .tled.sync.on{background:var(--cyan);border-color:var(--cyan)}\n\n  /* ===== DJM-A9 ===== */\n  .mixer{background:linear-gradient(180deg,#202329,#17191d 45%,#121317);border:1px solid #0c0d0f;border-radius:13px;padding:11px 10px;display:flex;flex-direction:column;gap:8px;box-shadow:inset 0 1px 0 #ffffff10, inset 0 -2px 6px #0007}\n  .mixer .mhdr{display:flex;justify-content:space-between;align-items:center;font-size:9px;letter-spacing:1.5px;color:#7f8aa0}\n  .mixer .mhdr b{color:#cfd7e6;letter-spacing:2px}\n  .chgrid{display:grid;grid-template-columns:repeat(4,1fr);gap:7px}\n  .ch{display:flex;flex-direction:column;align-items:center;gap:6px;background:linear-gradient(180deg,#1a1c21,#131519);border:1px solid #0a0b0d;border-radius:9px;padding:8px 5px}\n  .ch .cnum{font-size:10.5px;font-weight:800;color:#cdd6e4}\n  .ch.live .cnum{color:#fff}\n  .ch.dim{opacity:.4}\n  .knob{width:40px;height:40px;border-radius:50%;position:relative;cursor:ns-resize;touch-action:none;\n    background:radial-gradient(circle at 50% 34%,#40454e,#181a1e 72%);border:1px solid #000;box-shadow:0 3px 6px #0008, inset 0 1px 0 #fff2}\n  .knob::after{content:\"\";position:absolute;left:50%;top:5px;width:3px;height:12px;background:#eef2f8;border-radius:2px;transform-origin:50% 15px;transform:translateX(-50%) rotate(var(--pdeg,0deg))}\n  .knob.sm{width:32px;height:32px}\n  .knob.sm::after{height:10px;top:4px;transform-origin:50% 12px;transform:translateX(-50%) rotate(var(--pdeg,0deg))}\n  .klabel{font-size:7px;letter-spacing:.5px;color:#8a94a4}\n  .eqwrap{display:flex;flex-direction:column;gap:5px;align-items:center}\n  .eqrow{display:flex;flex-direction:column;align-items:center;gap:1px}\n  .cue-pfl{width:100%;height:19px;border-radius:4px;border:1px solid #0a0b0d;background:#20242b;color:#8a94a4;font-size:8px;font-weight:800;letter-spacing:1px;cursor:pointer;display:flex;align-items:center;justify-content:center}\n  .cue-pfl.on{background:var(--orange);color:#160800;box-shadow:0 0 8px var(--orange)}\n  .meter{width:8px;height:118px;background:#07090c;border:1px solid #000;border-radius:3px;position:relative;overflow:hidden}\n  .meter i{position:absolute;left:0;right:0;bottom:0;background:linear-gradient(0deg,#37d07a 0 55%,#f4d03a 55% 82%,#e0483f 82% 100%);height:0%}\n  .chbody{display:flex;gap:5px;align-items:flex-end}\n  .fadc{position:relative;width:28px;height:130px;background:linear-gradient(90deg,#0a0b0d,#16181c,#0a0b0d);border:1px solid #000;border-radius:6px;touch-action:none;cursor:ns-resize;box-shadow:inset 0 2px 8px #000a}\n  .fadc .cap{position:absolute;left:50%;width:36px;height:16px;transform:translate(-50%,-50%);background:linear-gradient(180deg,#eef2f8,#aab2bf);border:1px solid #000;border-radius:3px;box-shadow:0 2px 4px #0009}\n  .fadc .cap::after{content:\"\";position:absolute;left:4px;right:4px;top:50%;height:2px;background:#111;transform:translateY(-50%)}\n\n  .mcenter{display:grid;grid-template-columns:1fr 1fr;gap:8px;align-items:start}\n  .mbox{background:linear-gradient(180deg,#1a1c21,#131519);border:1px solid #0a0b0d;border-radius:9px;padding:8px;display:flex;flex-direction:column;gap:7px;align-items:center}\n  .mbox .t{font-size:8px;letter-spacing:1px;color:#8a94a4}\n  .fxscreen{background:#0b1220;border:1px solid #04070d;border-radius:6px;padding:6px 8px;width:100%;text-align:center}\n  .fxscreen .fxname{font-size:12px;font-weight:800;color:#fff;letter-spacing:1px}\n  .fxscreen .fxbpm{font-size:9px;color:var(--amber);font-variant-numeric:tabular-nums}\n  .fxsel{display:grid;grid-template-columns:repeat(3,1fr);gap:4px;width:100%}\n  .fxsel .fb{font-size:8px;font-weight:800;letter-spacing:.4px;color:#9fb0c8;background:#161a20;border:1px solid #222a34;border-radius:4px;padding:5px 2px;cursor:pointer;text-align:center}\n  .fxsel .fb.on{background:var(--cyan);color:#04121a}\n  .fxon{width:58px;height:58px;border-radius:50%;border:2px solid #0a0b0d;cursor:pointer;background:radial-gradient(circle at 50% 35%,#2b8fe0,#134a86);box-shadow:0 3px 8px #0008,inset 0 1px 0 #fff3;color:#eaf4ff;font-size:8px;font-weight:800;display:flex;align-items:center;justify-content:center}\n  .fxon.on{background:radial-gradient(circle at 50% 35%,#5bd0ff,#1f8fd6);box-shadow:0 0 16px var(--cyan),inset 0 1px 0 #fff5}\n\n  .xf{grid-column:1/3;background:linear-gradient(180deg,#1a1c21,#131519);border:1px solid #0a0b0d;border-radius:9px;padding:9px 12px;display:flex;flex-direction:column;gap:5px}\n  .xf .xlab{display:flex;justify-content:space-between;font-size:9px;font-weight:800;color:#aeb8c8;letter-spacing:1px}\n  .fadx{position:relative;width:100%;height:30px;background:linear-gradient(180deg,#0a0b0d,#16181c,#0a0b0d);border:1px solid #000;border-radius:6px;touch-action:none;cursor:ew-resize;box-shadow:inset 0 2px 8px #000a}\n  .fadx .cap{position:absolute;top:50%;width:20px;height:40px;transform:translate(-50%,-50%);background:linear-gradient(180deg,#eef2f8,#aab2bf);border:1px solid #000;border-radius:4px;box-shadow:0 2px 5px #0009}\n  .fadx .cap::after{content:\"\";position:absolute;top:5px;bottom:5px;left:50%;width:2px;background:#111;transform:translateX(-50%)}\n  .magvel{font-size:7px;letter-spacing:2px;color:#6b7488}\n\n  .phones .mbox{flex-direction:row;justify-content:space-around;gap:6px}\n\n  .coach{background:#0c0e12;border:1px solid #223;border-radius:10px;padding:9px 12px;font-size:11.5px;line-height:1.4;color:#c7d0de}\n  .coach b{color:#fff}\n  .coach .k{color:var(--amber);font-weight:800}\n  .beat-lamp{display:inline-block;width:10px;height:10px;border-radius:50%;background:#333;margin:0 1px;vertical-align:middle}\n  .beat-lamp.on{background:var(--green);box-shadow:0 0 8px var(--green)}\n  .phasebar{position:relative;height:12px;background:#07090c;border:1px solid #000;border-radius:6px;overflow:hidden;flex:1}\n  .phasebar i{position:absolute;top:0;bottom:0;width:3px;background:var(--cyan);left:50%;box-shadow:0 0 6px var(--cyan);transition:left .05s linear}\n  .phasebar .mid{position:absolute;top:0;bottom:0;left:50%;width:1px;background:#3a4658}\n  .phasebar.good i{background:var(--green);box-shadow:0 0 8px var(--green)}\n</style>\n</head>\n<body>\n<div id=\"stage\">\n<div class=\"booth\">\n\n  <div class=\"util\">\n    <div class=\"brand\"><b>SMU</b><span class=\"m\">PRO • CABINE DE DJ</span></div>\n    <span class=\"pill\"><span class=\"dot off\" id=\"acDot\"></span> Áudio <b id=\"acState\">clique em Ligar</b></span>\n    <div class=\"mission\">\n      <span class=\"idx\" id=\"mIdx\">MISSÃO 1/7</span>\n      <div class=\"txt\"><b id=\"mTitle\">Dê play no Deck A</b><br><small id=\"mHint\">Aperte PLAY no CDJ da esquerda.</small></div>\n      <span class=\"ok\" id=\"mOk\" style=\"display:none\">✓</span>\n    </div>\n    <span class=\"spacer\"></span>\n    <button class=\"btnp ghost\" id=\"btnReset\">Reiniciar</button>\n    <button class=\"btnp\" id=\"btnStart\">▶ Ligar áudio</button>\n  </div>\n\n  <div class=\"row\">\n\n    <!-- CDJ A -->\n    <div class=\"cdj\" data-deck=\"A\">\n      <div class=\"hdr\"><span class=\"rb\">rekordbox</span><span class=\"mdl\">CDJ-3000</span><span>PLAYER 1</span></div>\n      <div class=\"scr\">\n        <div class=\"tabs\"><span class=\"tab on\">BROWSE</span><span class=\"tab\">TAG</span><span class=\"tab\">INFO</span><span class=\"tab\">MENU</span></div>\n        <div class=\"ttl\"><span class=\"name\">SMU House Groove</span><span class=\"key\">7A · Am</span></div>\n        <canvas class=\"wf\" data-wf=\"A\"></canvas>\n        <canvas class=\"wfz\" data-wfz=\"A\"></canvas>\n        <div class=\"info\">\n          <div><div class=\"big\" id=\"timeA\">00:00</div><div class=\"sub\">TIME</div></div>\n          <div style=\"text-align:center\"><span class=\"pct\" id=\"pctA\">±0.0%</span> <span class=\"mstpill on\" id=\"mstA\">MT</span><div class=\"sub\">MASTER TEMPO</div></div>\n          <div style=\"text-align:right\"><div class=\"bpm\" id=\"bpmA\">124.0</div><div class=\"sub\">BPM · <span id=\"beatA\">1</span>/4</div></div>\n        </div>\n      </div>\n      <div class=\"pads\" data-pads=\"A\"></div>\n      <div class=\"lp\" data-loops=\"A\">\n        <div class=\"kb amber\" data-act=\"cuein\">IN / CUE</div>\n        <div class=\"kb amber\" data-act=\"cueout\">OUT</div>\n        <div class=\"kb\" data-act=\"reloop\">RELOOP</div>\n        <div class=\"kb\" data-act=\"beatloop\" data-len=\"4\">4 BEAT<br>LOOP</div>\n      </div>\n      <div class=\"deckmid\">\n        <div class=\"transport\">\n          <div class=\"rbtn cue\" data-act=\"cue\"><span class=\"ico\">■</span><span class=\"lbl\">CUE</span></div>\n          <div class=\"rbtn play\" data-act=\"play\"><span class=\"ico\">▶</span><span class=\"lbl\">PLAY/PAUSE</span></div>\n        </div>\n        <div class=\"jogwrap\">\n          <div class=\"jog\" data-jog=\"A\">\n            <div class=\"ring\"></div><div class=\"lit\"></div><div class=\"platter\"></div>\n            <div class=\"marker\" data-marker=\"A\"></div>\n            <div class=\"hub\"><canvas class=\"art\" data-art=\"A\" width=\"80\" height=\"80\"></canvas></div>\n            <div class=\"cdinfo\">VINYL</div>\n          </div>\n        </div>\n        <div class=\"tempo\">\n          <div class=\"tt\">TEMPO</div>\n          <div class=\"fadv\" data-tempo=\"A\"><div class=\"track\"></div><div class=\"cap\"></div></div>\n          <div class=\"rng\" data-range=\"A\">±8%</div>\n        </div>\n      </div>\n      <div class=\"tledrow\">\n        <div class=\"tled on\" data-act=\"mt\">MASTER TEMPO</div>\n        <div class=\"tled sync\" data-act=\"sync\">BEAT SYNC</div>\n        <div class=\"tled on\" data-act=\"master\">SET MASTER</div>\n      </div>\n    </div>\n\n    <!-- DJM-A9 -->\n    <div class=\"mixer\">\n      <div class=\"mhdr\"><span>Pioneer DJ</span><b>DJM-A9</b><span>MASTER</span></div>\n      <div class=\"chgrid\" id=\"chgrid\"></div>\n      <div class=\"mcenter\">\n        <div class=\"mbox\">\n          <div class=\"t\">MASTER</div>\n          <div class=\"knob\" data-knob=\"master\" data-min=\"0\" data-max=\"1.4\" data-val=\"1\"></div>\n          <div class=\"klabel\">LEVEL</div>\n          <div class=\"meter\" style=\"height:70px\"><i data-meter=\"master\"></i></div>\n        </div>\n        <div class=\"mbox\">\n          <div class=\"t\">BEAT FX</div>\n          <div class=\"fxscreen\"><div class=\"fxname\" id=\"fxName\">ECHO</div><div class=\"fxbpm\" id=\"fxBpm\">124.0 BPM</div></div>\n          <div class=\"fxsel\" id=\"fxsel\"></div>\n          <div class=\"fxon\" data-act=\"fxon\">ON/OFF</div>\n        </div>\n        <div class=\"xf\">\n          <div class=\"xlab\"><span>A</span><span class=\"magvel\">MAGVEL FADER PRO</span><span>B</span></div>\n          <div class=\"fadx\" data-xfader><div class=\"cap\"></div></div>\n        </div>\n      </div>\n      <div class=\"phones\">\n        <div class=\"mbox\">\n          <div style=\"text-align:center\"><div class=\"knob sm\" data-knob=\"phmix\" data-min=\"0\" data-max=\"1\" data-val=\"0.5\"></div><div class=\"klabel\">MIX CUE↔MST</div></div>\n          <div style=\"text-align:center\"><div class=\"knob sm\" data-knob=\"phlvl\" data-min=\"0\" data-max=\"1.4\" data-val=\"0.9\"></div><div class=\"klabel\">PHONES</div></div>\n          <div style=\"text-align:center\"><div class=\"knob sm\" data-knob=\"booth\" data-min=\"0\" data-max=\"1.4\" data-val=\"1\"></div><div class=\"klabel\">BOOTH</div></div>\n        </div>\n      </div>\n    </div>\n\n    <!-- CDJ B -->\n    <div class=\"cdj\" data-deck=\"B\">\n      <div class=\"hdr\"><span class=\"rb\">rekordbox</span><span class=\"mdl\">CDJ-3000</span><span>PLAYER 2</span></div>\n      <div class=\"scr\">\n        <div class=\"tabs\"><span class=\"tab on\">BROWSE</span><span class=\"tab\">TAG</span><span class=\"tab\">INFO</span><span class=\"tab\">MENU</span></div>\n        <div class=\"ttl\"><span class=\"name\">SMU Techno Drive</span><span class=\"key\">8A · Bm</span></div>\n        <canvas class=\"wf\" data-wf=\"B\"></canvas>\n        <canvas class=\"wfz\" data-wfz=\"B\"></canvas>\n        <div class=\"info\">\n          <div><div class=\"big\" id=\"timeB\">00:00</div><div class=\"sub\">TIME</div></div>\n          <div style=\"text-align:center\"><span class=\"pct\" id=\"pctB\">±0.0%</span> <span class=\"mstpill on\" id=\"mstB\">MT</span><div class=\"sub\">MASTER TEMPO</div></div>\n          <div style=\"text-align:right\"><div class=\"bpm\" id=\"bpmB\">128.0</div><div class=\"sub\">BPM · <span id=\"beatB\">1</span>/4</div></div>\n        </div>\n      </div>\n      <div class=\"pads\" data-pads=\"B\"></div>\n      <div class=\"lp\" data-loops=\"B\">\n        <div class=\"kb amber\" data-act=\"cuein\">IN / CUE</div>\n        <div class=\"kb amber\" data-act=\"cueout\">OUT</div>\n        <div class=\"kb\" data-act=\"reloop\">RELOOP</div>\n        <div class=\"kb\" data-act=\"beatloop\" data-len=\"4\">4 BEAT<br>LOOP</div>\n      </div>\n      <div class=\"deckmid\">\n        <div class=\"transport\">\n          <div class=\"rbtn cue\" data-act=\"cue\"><span class=\"ico\">■</span><span class=\"lbl\">CUE</span></div>\n          <div class=\"rbtn play\" data-act=\"play\"><span class=\"ico\">▶</span><span class=\"lbl\">PLAY/PAUSE</span></div>\n        </div>\n        <div class=\"jogwrap\">\n          <div class=\"jog\" data-jog=\"B\">\n            <div class=\"ring\"></div><div class=\"lit\"></div><div class=\"platter\"></div>\n            <div class=\"marker\" data-marker=\"B\"></div>\n            <div class=\"hub\"><canvas class=\"art\" data-art=\"B\" width=\"80\" height=\"80\"></canvas></div>\n            <div class=\"cdinfo\">VINYL</div>\n          </div>\n        </div>\n        <div class=\"tempo\">\n          <div class=\"tt\">TEMPO</div>\n          <div class=\"fadv\" data-tempo=\"B\"><div class=\"track\"></div><div class=\"cap\"></div></div>\n          <div class=\"rng\" data-range=\"B\">±8%</div>\n        </div>\n      </div>\n      <div class=\"tledrow\">\n        <div class=\"tled on\" data-act=\"mt\">MASTER TEMPO</div>\n        <div class=\"tled sync\" data-act=\"sync\">BEAT SYNC</div>\n        <div class=\"tled\" data-act=\"master\">SET MASTER</div>\n      </div>\n    </div>\n  </div>\n\n  <div class=\"coach\">\n    <b>Cabine ao vivo.</b> Deck A vem em <b>124 BPM</b> e o Deck B em <b>128 BPM</b>. Virada limpa: (1) toque o A no master; (2) aperte <span class=\"k\">CUE</span> do canal 2 p/ pré-escutar o B; (3) puxe o <span class=\"k\">TEMPO</span> do B até o BPM bater; (4) empurre a <span class=\"k\">jogwheel</span> do B p/ centralizar a FASE; (5) troque graves no EQ e traga o B.\n    <div style=\"display:flex;align-items:center;gap:10px;margin-top:7px\">\n      <span style=\"font-size:10px;color:#8a94a4;letter-spacing:1px\">FASE A↔B</span>\n      <div class=\"phasebar\" id=\"phasebar\"><div class=\"mid\"></div><i id=\"phaseInd\"></i></div>\n      <span id=\"beatLamps\"></span>\n      <span class=\"pill\" style=\"margin-left:auto\">Δ BPM <b id=\"bpmDelta\">4.0</b></span>\n    </div>\n  </div>\n</div>\n</div>\n\n<script>\n\"use strict\";\nconst $=(s,r=document)=>r.querySelector(s);\nconst $$=(s,r=document)=>[...r.querySelectorAll(s)];\nconst clamp=(v,a,b)=>Math.max(a,Math.min(b,v));\n\nlet AC=null, started=false;\nlet masterGain, cueBus, comp, fxNode={};\nconst decks={};\nwindow._masterDeck=\"A\";\n\nconst GROOVES={\n  A:{ baseBpm:124, root:110,\n    k:[1,0,0,0, 1,0,0,0, 1,0,0,0, 1,0,0,0],\n    s:[0,0,0,0, 1,0,0,0, 0,0,0,0, 1,0,0,0],\n    h:[0,0,1,0, 0,0,1,0, 0,0,1,0, 0,0,1,0],\n    o:[0,0,0,0, 0,0,0,0, 0,0,0,0, 0,0,1,0],\n    b:[1,0,0,1, 0,0,1,0, 1,0,0,1, 0,0,1,0],\n    t:[0,0,0,0, 0,0,0,0, 1,0,0,0, 0,0,0,0] },\n  B:{ baseBpm:128, root:98,\n    k:[1,0,0,0, 1,0,0,0, 1,0,0,0, 1,0,0,0],\n    s:[0,0,0,0, 0,0,0,0, 1,0,0,0, 0,0,0,0],\n    h:[0,0,1,0, 0,0,1,0, 0,0,1,0, 0,0,1,0],\n    o:[0,1,0,0, 0,1,0,0, 0,1,0,0, 0,1,0,1],\n    b:[1,0,1,0, 1,0,1,0, 1,0,1,0, 1,0,1,0],\n    t:[0,0,0,0, 1,0,0,0, 0,0,0,0, 1,0,1,0] }\n};\n\n/* ---------- audio graph ---------- */\nfunction buildGraph(){\n  AC=new (window.AudioContext||window.webkitAudioContext)();\n  masterGain=AC.createGain(); masterGain.gain.value=1;\n  comp=AC.createDynamicsCompressor();\n  comp.threshold.value=-8; comp.knee.value=24; comp.ratio.value=3; comp.attack.value=0.004; comp.release.value=0.18;\n  // BEAT FX (feedback echo) inserted before compressor\n  fxNode.in=AC.createGain();\n  fxNode.dry=AC.createGain(); fxNode.dry.gain.value=1;\n  fxNode.wet=AC.createGain(); fxNode.wet.gain.value=0;\n  fxNode.delay=AC.createDelay(2.0); fxNode.delay.delayTime.value=(60/124)/2;\n  fxNode.fb=AC.createGain(); fxNode.fb.gain.value=0.38;\n  fxNode.in.connect(fxNode.dry); fxNode.dry.connect(masterGain);\n  fxNode.in.connect(fxNode.delay); fxNode.delay.connect(fxNode.fb); fxNode.fb.connect(fxNode.delay);\n  fxNode.delay.connect(fxNode.wet); fxNode.wet.connect(masterGain);\n  masterGain.connect(comp); comp.connect(AC.destination);\n  // cue/headphone bus (mixed to same output, gated by MIX)\n  cueBus=AC.createGain(); cueBus.gain.value=0.55; cueBus.connect(AC.destination);\n  [\"A\",\"B\"].forEach(buildDeck);\n}\nfunction buildDeck(id){\n  const g=GROOVES[id];\n  const d={ id, groove:g, baseBpm:g.baseBpm, bpm:g.baseBpm, pitch:0, range:8,\n    playing:false, mt:true, next:0, abs:0, step:0, bar:0, startTime:0,\n    nudge:0, loopOn:false, loopLen:4, loopStartAbs:0, hotcues:{} };\n  d.sum=AC.createGain();\n  d.trim=AC.createGain(); d.trim.gain.value=0.9;\n  d.eqLow=AC.createBiquadFilter(); d.eqLow.type=\"lowshelf\"; d.eqLow.frequency.value=120;\n  d.eqMid=AC.createBiquadFilter(); d.eqMid.type=\"peaking\"; d.eqMid.frequency.value=1000; d.eqMid.Q.value=0.8;\n  d.eqHi=AC.createBiquadFilter(); d.eqHi.type=\"highshelf\"; d.eqHi.frequency.value=3500;\n  d.color=AC.createBiquadFilter(); d.color.type=\"allpass\"; d.color.frequency.value=1000;\n  d.fader=AC.createGain(); d.fader.gain.value=0;\n  d.xf=AC.createGain(); d.xf.gain.value=1;\n  d.pfl=AC.createGain(); d.pfl.gain.value=0;\n  d.sum.connect(d.trim); d.trim.connect(d.eqLow); d.eqLow.connect(d.eqMid);\n  d.eqMid.connect(d.eqHi); d.eqHi.connect(d.color);\n  d.color.connect(d.fader); d.fader.connect(d.xf); d.xf.connect(fxNode.in);\n  d.color.connect(d.pfl); d.pfl.connect(cueBus);\n  d.analyser=AC.createAnalyser(); d.analyser.fftSize=256; d.color.connect(d.analyser); // pré-fader (como o VU do DJM)\n  decks[id]=d;\n}\n\n/* ---------- synth voices ---------- */\nlet _noise=null;\nfunction noiseBuf(){ if(_noise)return _noise; _noise=AC.createBuffer(1,AC.sampleRate*0.4,AC.sampleRate);\n  const d=_noise.getChannelData(0); for(let i=0;i<d.length;i++)d[i]=Math.random()*2-1; return _noise; }\nfunction vKick(t,g,d){ const o=AC.createOscillator(),a=AC.createGain();\n  o.frequency.setValueAtTime(150,t); o.frequency.exponentialRampToValueAtTime(48,t+0.12);\n  a.gain.setValueAtTime(g,t); a.gain.exponentialRampToValueAtTime(0.001,t+0.30);\n  o.connect(a); a.connect(d.sum); o.start(t); o.stop(t+0.33); }\nfunction vClap(t,g,d){ const s=AC.createBufferSource(); s.buffer=noiseBuf();\n  const bp=AC.createBiquadFilter(); bp.type=\"bandpass\"; bp.frequency.value=1800; bp.Q.value=0.7;\n  const a=AC.createGain(); a.gain.setValueAtTime(g,t); a.gain.exponentialRampToValueAtTime(0.001,t+0.16);\n  s.connect(bp); bp.connect(a); a.connect(d.sum); s.start(t); s.stop(t+0.18); }\nfunction vHat(t,g,open,d){ const s=AC.createBufferSource(); s.buffer=noiseBuf();\n  const hp=AC.createBiquadFilter(); hp.type=\"highpass\"; hp.frequency.value=8000;\n  const a=AC.createGain(); const dur=open?0.14:0.045;\n  a.gain.setValueAtTime(g,t); a.gain.exponentialRampToValueAtTime(0.001,t+dur);\n  s.connect(hp); hp.connect(a); a.connect(d.sum); s.start(t); s.stop(t+dur+0.05); }\nfunction vBass(t,g,freq,d){ const o=AC.createOscillator(); o.type=\"sawtooth\"; o.frequency.value=freq;\n  const lp=AC.createBiquadFilter(); lp.type=\"lowpass\"; lp.frequency.setValueAtTime(600,t);\n  lp.frequency.exponentialRampToValueAtTime(140,t+0.18); lp.Q.value=6;\n  const a=AC.createGain(); a.gain.setValueAtTime(0.0001,t); a.gain.linearRampToValueAtTime(g,t+0.01);\n  a.gain.exponentialRampToValueAtTime(0.001,t+0.20);\n  o.connect(lp); lp.connect(a); a.connect(d.sum); o.start(t); o.stop(t+0.22); }\nfunction vStab(t,g,freq,d){ const out=AC.createGain(); out.gain.setValueAtTime(0.0001,t);\n  out.gain.linearRampToValueAtTime(g,t+0.008); out.gain.exponentialRampToValueAtTime(0.001,t+0.34);\n  out.connect(d.sum);\n  [0,4,7].forEach(semi=>{ const o=AC.createOscillator(); o.type=\"square\"; o.frequency.value=freq*Math.pow(2,semi/12);\n    const a=AC.createGain(); a.gain.value=0.33; o.connect(a); a.connect(out); o.start(t); o.stop(t+0.36); }); }\n\n/* ---------- scheduler ---------- */\nconst LOOKAHEAD=0.12, TICK=25;\nfunction stepDur(d){ return (60.0/d.bpm)/4.0; }\nfunction schedule(){\n  if(!AC) return; const now=AC.currentTime;\n  [\"A\",\"B\"].forEach(id=>{ const d=decks[id]; if(!d.playing) return;\n    while(d.next < now+LOOKAHEAD){\n      const t=d.next + d.nudge; d.nudge=0;\n      const st=d.abs%16, g=d.groove;\n      if(g.k[st]) vKick(t,1.0,d);\n      if(g.s[st]) vClap(t,0.9,d);\n      if(g.h[st]) vHat(t,0.5,false,d);\n      if(g.o[st]) vHat(t,0.4,true,d);\n      if(g.b[st]) vBass(t,0.55,g.root,d);\n      if(g.t[st]) vStab(t,0.22,g.root*2,d);\n      d.abs++;\n      if(d.loopOn && (d.abs - d.loopStartAbs) >= d.loopLen*4) d.abs=d.loopStartAbs;\n      d.step=d.abs%16; d.bar=Math.floor(d.abs/16);\n      d.next += stepDur(d);\n    }\n  });\n  autoCheckMissions(); // roda no interval — não depende de rAF/visibilidade\n}\n\n/* ---------- tempo / pitch ---------- */\nfunction applyTempo(d){ d.bpm=d.baseBpm*(1+d.pitch/100); }\nfunction setPitch(d,pct){ d.pitch=clamp(pct,-d.range,d.range); applyTempo(d); refreshDeckUI(d); checkTempoMission(); }\n\n/* ---------- knobs ---------- */\nfunction setKnobVisual(el,val){ const min=+el.dataset.min,max=+el.dataset.max; const p=(val-min)/(max-min);\n  el.style.setProperty(\"--pdeg\",(-140+p*280)+\"deg\"); el.dataset.val=val; }\nfunction bindKnob(el,onChange){ const min=+el.dataset.min,max=+el.dataset.max; let val=+el.dataset.val;\n  setKnobVisual(el,val); onChange&&onChange(val);\n  let sy=0,sv=0,drag=false;\n  el.addEventListener(\"pointerdown\",e=>{ drag=true; sy=e.clientY; sv=val; el.setPointerCapture(e.pointerId); e.preventDefault(); });\n  el.addEventListener(\"pointermove\",e=>{ if(!drag)return; const dv=(sy-e.clientY)/140*(max-min); val=clamp(sv+dv,min,max); setKnobVisual(el,val); onChange&&onChange(val); });\n  el.addEventListener(\"pointerup\",()=>drag=false); el.addEventListener(\"pointercancel\",()=>drag=false);\n  el.addEventListener(\"dblclick\",()=>{ val=(min<0&&max>0)?0:(min+max)/2; setKnobVisual(el,val); onChange&&onChange(val); });\n}\n\n/* ---------- faders ---------- */\nfunction bindVFader(el,onChange,init){ const cap=el.querySelector(\".cap\"); let val=init; place();\n  function place(){ const h=el.clientHeight; cap.style.top=(6+(1-val)*(h-12))+\"px\"; }\n  onChange&&onChange(val); let drag=false;\n  const move=e=>{ if(!drag)return; const r=el.getBoundingClientRect(); val=1-clamp((e.clientY-r.top-6)/(r.height-12),0,1); place(); onChange&&onChange(val); };\n  el.addEventListener(\"pointerdown\",e=>{ drag=true; el.setPointerCapture(e.pointerId); move(e); });\n  el.addEventListener(\"pointermove\",move);\n  el.addEventListener(\"pointerup\",()=>drag=false); el.addEventListener(\"pointercancel\",()=>drag=false);\n  window.addEventListener(\"resize\",place);\n}\nfunction bindTempoFader(el,d){ const cap=el.querySelector(\".cap\"); let pos=0.5; place();\n  function place(){ const h=el.clientHeight; cap.style.top=(6+pos*(h-12))+\"px\"; }\n  function apply(){ setPitch(d,(pos-0.5)*2*d.range); } // top=- , bottom=+  (faithful Pioneer)\n  let drag=false;\n  const move=e=>{ if(!drag)return; const r=el.getBoundingClientRect(); pos=clamp((e.clientY-r.top-6)/(r.height-12),0,1); place(); apply(); };\n  el.addEventListener(\"pointerdown\",e=>{ drag=true; el.setPointerCapture(e.pointerId); move(e); });\n  el.addEventListener(\"pointermove\",move);\n  el.addEventListener(\"pointerup\",()=>drag=false); el.addEventListener(\"pointercancel\",()=>drag=false);\n  el.addEventListener(\"dblclick\",()=>{ pos=0.5; place(); apply(); });\n  d._tempoSet=pct=>{ pos=clamp(pct/(2*d.range)+0.5,0,1); place(); apply(); };\n}\nfunction bindXFader(el){ const cap=el.querySelector(\".cap\"); let x=0.5; place();\n  function place(){ const w=el.clientWidth; cap.style.left=(10+x*(w-20))+\"px\"; apply(); }\n  function apply(){ decks.A.xf.gain.value=Math.cos(x*Math.PI/2); decks.B.xf.gain.value=Math.cos((1-x)*Math.PI/2); }\n  let drag=false;\n  const move=e=>{ if(!drag)return; const r=el.getBoundingClientRect(); x=clamp((e.clientX-r.left-10)/(r.width-20),0,1); place(); };\n  el.addEventListener(\"pointerdown\",e=>{ drag=true; el.setPointerCapture(e.pointerId); move(e); });\n  el.addEventListener(\"pointermove\",move);\n  el.addEventListener(\"pointerup\",()=>drag=false); el.addEventListener(\"pointercancel\",()=>drag=false);\n  el.addEventListener(\"dblclick\",()=>{ x=0.5; place(); });\n}\n\n/* ---------- jogwheel (phase nudge) ---------- */\nfunction bindJog(el,d){ let last=null,drag=false;\n  function ang(e){ const r=el.getBoundingClientRect(); return Math.atan2(e.clientY-(r.top+r.height/2),e.clientX-(r.left+r.width/2)); }\n  el.addEventListener(\"pointerdown\",e=>{ drag=true; last=ang(e); el.setPointerCapture(e.pointerId); e.preventDefault(); });\n  el.addEventListener(\"pointermove\",e=>{ if(!drag)return; let a=ang(e),da=a-last; if(da>Math.PI)da-=2*Math.PI; if(da<-Math.PI)da+=2*Math.PI; last=a;\n    d.nudge -= da*0.05; d.jogRot=(d.jogRot||0)+da;\n    const m=$(`[data-marker=\"${d.id}\"]`); if(m) m.style.transform=`translate(-50%,0) rotate(${d.jogRot}rad)`;\n    markMission(\"jog\"); });\n  el.addEventListener(\"pointerup\",()=>drag=false); el.addEventListener(\"pointercancel\",()=>drag=false);\n}\n\n/* ---------- transport ---------- */\nfunction playDeck(d,on){ if(!started) startAudio();\n  d.playing = on!==undefined?on:!d.playing;\n  const btn=$(`.cdj[data-deck=\"${d.id}\"] .rbtn.play`);\n  if(d.playing){ if(d.next<AC.currentTime) d.next=AC.currentTime+0.05; btn.classList.add(\"on\"); btn.querySelector(\".ico\").textContent=\"❚❚\"; if(!d.startTime)d.startTime=AC.currentTime; }\n  else { btn.classList.remove(\"on\"); btn.querySelector(\".ico\").textContent=\"▶\"; }\n  if(d.playing) markMission(d.id===\"A\"?\"playA\":\"playB\");\n}\nfunction cueDeck(d){ if(!started) startAudio(); d.abs=0; d.step=0; d.bar=0; d.next=AC.currentTime+0.02; if(!d.playing) playDeck(d,true); }\n\n/* ---------- build UI parts ---------- */\nfunction buildPads(){ [\"A\",\"B\"].forEach(id=>{ const wrap=$(`[data-pads=\"${id}\"]`);\n  [\"A\",\"B\",\"C\",\"D\",\"E\",\"F\",\"G\",\"H\"].forEach(c=>{ const el=document.createElement(\"div\"); el.className=\"pad \"+c;\n    el.innerHTML=`<small>HOT CUE</small>${c}`; wrap.appendChild(el);\n    el.addEventListener(\"pointerdown\",()=>hotcue(id,c,el)); }); }); }\nfunction hotcue(id,c,el){ const d=decks[id]; if(!started) startAudio();\n  if(!d.hotcues[c]){ d.hotcues[c]=d.abs; el.classList.add(\"set\"); markMission(\"hotcue\"); }\n  else { d.abs=d.hotcues[c]; d.next=AC.currentTime+0.02; el.classList.add(\"playing\"); setTimeout(()=>el.classList.remove(\"playing\"),220); } }\n\nfunction buildChannels(){ const grid=$(\"#chgrid\");\n  [{n:1,deck:\"A\"},{n:2,deck:\"B\"},{n:3,deck:null},{n:4,deck:null}].forEach(c=>{\n    const ch=document.createElement(\"div\"); ch.className=\"ch\"+(c.deck?\" live\":\" dim\");\n    const dk=c.deck||\"\";\n    ch.innerHTML=`\n      <div class=\"cnum\">${c.n}${c.deck?\" · \"+c.deck:\"\"}</div>\n      <div class=\"knob sm\" data-ck=\"trim\" data-deck=\"${dk}\" data-min=\"0\" data-max=\"1.6\" data-val=\"0.9\"></div><div class=\"klabel\">TRIM</div>\n      <div class=\"eqwrap\">\n        <div class=\"eqrow\"><div class=\"knob sm\" data-ck=\"hi\" data-deck=\"${dk}\" data-min=\"-26\" data-max=\"6\" data-val=\"0\"></div><div class=\"klabel\">HI</div></div>\n        <div class=\"eqrow\"><div class=\"knob sm\" data-ck=\"mid\" data-deck=\"${dk}\" data-min=\"-26\" data-max=\"6\" data-val=\"0\"></div><div class=\"klabel\">MID</div></div>\n        <div class=\"eqrow\"><div class=\"knob sm\" data-ck=\"low\" data-deck=\"${dk}\" data-min=\"-26\" data-max=\"6\" data-val=\"0\"></div><div class=\"klabel\">LOW</div></div>\n      </div>\n      <div class=\"knob sm\" data-ck=\"color\" data-deck=\"${dk}\" data-min=\"-1\" data-max=\"1\" data-val=\"0\"></div><div class=\"klabel\">COLOR</div>\n      <div class=\"cue-pfl\" data-ck=\"cue\" data-deck=\"${dk}\">CUE</div>\n      <div class=\"chbody\"><div class=\"meter\"><i data-meter=\"${c.deck||(''x''+c.n)}\"></i></div>\n        <div class=\"fadc\" data-ck=\"fader\" data-deck=\"${dk}\"><div class=\"cap\"></div></div></div>`;\n    grid.appendChild(ch); }); }\n\nfunction buildFx(){ const sel=$(\"#fxsel\"); [\"ECHO\",\"FILTER\",\"FLANGER\",\"REVERB\",\"ROLL\",\"PING\"].forEach((f,i)=>{\n  const b=document.createElement(\"div\"); b.className=\"fb\"+(i===0?\" on\":\"\"); b.textContent=f;\n  b.addEventListener(\"pointerdown\",()=>{ $$(\"#fxsel .fb\").forEach(x=>x.classList.remove(\"on\")); b.classList.add(\"on\"); $(\"#fxName\").textContent=f; }); sel.appendChild(b); }); }\n\n/* ---------- channel/master apply ---------- */\nfunction applyChannel(dk,ck,val){ if(!dk||!decks[dk])return; const d=decks[dk];\n  if(ck===\"trim\") d.trim.gain.value=val;\n  else if(ck===\"hi\") d.eqHi.gain.value=val;\n  else if(ck===\"mid\") d.eqMid.gain.value=val;\n  else if(ck===\"low\"){ d.eqLow.gain.value=val; checkEqMission(); }\n  else if(ck===\"color\"){ if(val<-0.03){ d.color.type=\"lowpass\"; d.color.frequency.value=200+(1+val)*18000; d.color.Q.value=1+(-val)*6; }\n    else if(val>0.03){ d.color.type=\"highpass\"; d.color.frequency.value=20+val*6000; d.color.Q.value=1+val*6; }\n    else { d.color.type=\"allpass\"; d.color.frequency.value=1000; } } }\nfunction applyMaster(k,val){ if(k===\"master\"&&masterGain) masterGain.gain.value=val;\n  else if(k===\"phmix\"&&cueBus) cueBus.gain.value=(1-val)*1.1; }\n\n/* ---------- missions ---------- */\nconst MISSIONS=[\n  {id:\"playA\",t:\"Dê play no Deck A\",h:\"Aperte PLAY no CDJ da esquerda e suba o fader do canal 1.\"},\n  {id:\"cueB\",t:\"Pré-escute o Deck B no fone\",h:\"No mixer, aperte CUE (laranja) do canal 2.\"},\n  {id:\"playB\",t:\"Toque o Deck B (no fone)\",h:\"Dê play no CDJ da direita com o fader do canal 2 embaixo.\"},\n  {id:\"tempo\",t:\"Iguale o BPM do B ao A\",h:\"Puxe o TEMPO do Deck B até 124.0 BPM (Δ BPM = 0.0).\"},\n  {id:\"beatmatch\",t:\"Alinhe a batida (jogwheel)\",h:\"Empurre a jogwheel do B até a barra de FASE centralizar (fica verde).\"},\n  {id:\"eq\",t:\"Troque graves na virada\",h:\"Corte o LOW do canal A e abra o LOW do B, subindo o fader do B.\"},\n  {id:\"fxon\",t:\"Ligue um BEAT FX\",h:\"Escolha ECHO/FILTER e aperte ON/OFF.\"}\n];\nlet mi=0;\nfunction markMission(key){ const m=MISSIONS[mi]; if(m&&m.id===key) completeMission(); }\nfunction completeMission(){ mi++; renderMission(); }\nfunction missionState(id){ const a=decks.A,b=decks.B; if(!a||!b)return false;\n  switch(id){\n    case \"playA\": return a.playing && a.fader.gain.value>0.3;\n    case \"cueB\": return b.pfl.gain.value>0;\n    case \"playB\": return b.playing;\n    case \"tempo\": return Math.abs(a.bpm-b.bpm)<0.2;\n    case \"beatmatch\":{ const pa=(a.abs%16)/16,pb=(b.abs%16)/16; let df=pb-pa; if(df>0.5)df-=1; if(df<-0.5)df+=1;\n      return a.playing&&b.playing&&Math.abs(a.bpm-b.bpm)<0.4&&Math.abs(df)<0.05; }\n    case \"eq\": return a.eqLow.gain.value<-10 && b.eqLow.gain.value>-3 && b.fader.gain.value>0.4;\n    case \"fxon\": return !!fxNode.wet && fxNode.wet.gain.value>0.1;\n  } return false; }\nfunction autoCheckMissions(){ const m=MISSIONS[mi]; if(m && missionState(m.id)) completeMission(); }\nfunction renderMission(){ const m=MISSIONS[mi];\n  if(!m){ $(\"#mIdx\").textContent=\"✓ COMPLETO\"; $(\"#mTitle\").textContent=\"Você mixou como DJ!\"; $(\"#mHint\").textContent=\"Continue: viradas, EQ, loops, hot cues e BEAT FX.\"; $(\"#mOk\").style.display=\"inline\"; return; }\n  $(\"#mIdx\").textContent=\"MISSÃO \"+(mi+1)+\"/\"+MISSIONS.length; $(\"#mTitle\").textContent=m.t; $(\"#mHint\").textContent=m.h; }\nfunction checkTempoMission(){ const m=MISSIONS[mi]; if(m&&m.id===\"tempo\"&&decks.A&&decks.B&&Math.abs(decks.A.bpm-decks.B.bpm)<0.2) completeMission(); }\nfunction checkEqMission(){ const m=MISSIONS[mi]; if(m&&m.id===\"eq\"&&decks.A.eqLow.gain.value<-10&&decks.B.eqLow.gain.value>-3&&decks.B.fader.gain.value>0.4) completeMission(); }\n\n/* ---------- visuals ---------- */\nfunction drawWaveforms(){ [\"A\",\"B\"].forEach(id=>{ const d=decks[id];\n  [[`[data-wf=\"${id}\"]`,0],[`[data-wfz=\"${id}\"]`,1]].forEach(([sel,zoom])=>{ const cv=$(sel); if(!cv)return;\n    const w=cv.width=cv.clientWidth||300, h=cv.height=cv.clientHeight||(zoom?40:74); const ctx=cv.getContext(\"2d\"); ctx.clearRect(0,0,w,h);\n    const bars=zoom?32:120, bw=w/bars;\n    for(let i=0;i<bars;i++){ let s=Math.sin(i*12.9+id.charCodeAt(0))*43758.5; s-=Math.floor(s);\n      const beat=(i%(zoom?4:8))===0; const amp=(0.25+s*0.7)*h;\n      ctx.fillStyle=beat?(id===\"A\"?\"#5bd0ff\":\"#ffa24d\"):(id===\"A\"?\"#2b6fb0\":\"#a86a2a\");\n      ctx.fillRect(i*bw,(h-amp)/2,bw*0.7,amp); }\n    if(zoom){ ctx.fillStyle=\"#fff\"; ctx.fillRect(w/2,0,2,h); }\n    else { const ph=(d.abs%120)/120; ctx.fillStyle=\"#fff\"; ctx.fillRect(ph*w,0,2,h); }\n  }); }); }\nfunction updateMeters(){ [\"A\",\"B\"].forEach(id=>{ const d=decks[id]; if(!d.analyser)return;\n  const buf=new Uint8Array(d.analyser.fftSize); d.analyser.getByteTimeDomainData(buf);\n  let peak=0; for(let i=0;i<buf.length;i++){ const v=Math.abs(buf[i]-128)/128; if(v>peak)peak=v; }\n  const el=$(`[data-meter=\"${id}\"]`); if(el)el.style.height=Math.min(100,peak*140)+\"%\"; }); }\nfunction updatePhase(){ const a=decks.A,b=decks.B; if(!a||!b)return;\n  $(\"#bpmDelta\").textContent=Math.abs(a.bpm-b.bpm).toFixed(1);\n  const pa=(a.abs%16)/16, pb=(b.abs%16)/16; let diff=pb-pa; if(diff>0.5)diff-=1; if(diff<-0.5)diff+=1;\n  const ind=$(\"#phaseInd\"); if(ind)ind.style.left=(50+diff*100)+\"%\";\n  const matched=a.playing&&b.playing&&Math.abs(a.bpm-b.bpm)<0.4&&Math.abs(diff)<0.035;\n  $(\"#phasebar\").classList.toggle(\"good\",matched);\n  const beat=a.abs%4, lamps=$(\"#beatLamps\"); if(lamps){ lamps.innerHTML=\"\"; for(let i=0;i<4;i++){ const s=document.createElement(\"span\"); s.className=\"beat-lamp\"+(i===beat&&a.playing?\" on\":\"\"); lamps.appendChild(s);} }\n  if(matched) markMission(\"beatmatch\"); }\nfunction refreshDeckUI(d){ $(\"#bpm\"+d.id).textContent=d.bpm.toFixed(1);\n  $(\"#pct\"+d.id).textContent=(d.pitch>=0?\"+\":\"\")+d.pitch.toFixed(1)+\"%\"; $(\"#mst\"+d.id).classList.toggle(\"on\",d.mt);\n  const md=decks[window._masterDeck]||decks.A; $(\"#fxBpm\").textContent=md.bpm.toFixed(1)+\" BPM\";\n  if(fxNode.delay) fxNode.delay.delayTime.value=(60/md.bpm)/2; }\n\nfunction drawArt(id){ const cv=$(`[data-art=\"${id}\"]`); if(!cv)return; const ctx=cv.getContext(\"2d\");\n  const c=id===\"A\"?[\"#3a86ff\",\"#0a1a33\"]:[\"#ff7a1a\",\"#331000\"]; const g=ctx.createRadialGradient(40,40,4,40,40,40);\n  g.addColorStop(0,c[0]); g.addColorStop(1,c[1]); ctx.fillStyle=g; ctx.beginPath(); ctx.arc(40,40,40,0,7); ctx.fill();\n  ctx.fillStyle=\"#0009\"; ctx.beginPath(); ctx.arc(40,40,6,0,7); ctx.fill(); }\n\n/* ---------- deck actions ---------- */\nfunction handleDeckAct(id,act,b){ const d=decks[id]; if(!started&&(act===\"play\"||act===\"cue\")) startAudio();\n  switch(act){\n    case \"play\": playDeck(d); break;\n    case \"cue\": cueDeck(d); break;\n    case \"sync\": syncDeck(id,b); break;\n    case \"mt\": d.mt=!d.mt; b.classList.toggle(\"on\",d.mt); refreshDeckUI(d); break;\n    case \"master\": window._masterDeck=id; $$(''.tled[data-act=\"master\"]'').forEach(x=>x.classList.remove(\"on\")); b.classList.add(\"on\"); refreshDeckUI(d); break;\n    case \"beatloop\": d.loopOn=!d.loopOn; d.loopLen=+b.dataset.len; d.loopStartAbs=d.abs; b.classList.toggle(\"on\",d.loopOn); break;\n    case \"reloop\": d.loopOn=true; d.loopStartAbs=d.abs; $(`[data-loops=\"${id}\"] [data-act=\"beatloop\"]`).classList.add(\"on\"); break;\n    case \"cuein\": b.classList.add(\"on\"); setTimeout(()=>b.classList.remove(\"on\"),180); break;\n    case \"cueout\": d.loopOn=false; $(`[data-loops=\"${id}\"] [data-act=\"beatloop\"]`).classList.remove(\"on\"); break;\n  } }\nfunction syncDeck(id,b){ const md=decks[window._masterDeck]||decks.A; const d=decks[id];\n  d.pitch=(md.bpm/d.baseBpm-1)*100; applyTempo(d); if(d._tempoSet)d._tempoSet(d.pitch);\n  d.abs=md.abs; d.step=md.step; d.bar=md.bar; d.next=md.next; b.classList.add(\"on\"); refreshDeckUI(d);\n  checkTempoMission(); markMission(\"beatmatch\"); }\n\n/* ---------- start / loop ---------- */\nfunction startAudio(){ if(started)return; buildGraph(); started=true;\n  $(\"#acDot\").classList.remove(\"off\"); $(\"#acState\").textContent=\"ligado\"; $(\"#btnStart\").textContent=\"● Áudio ligado\";\n  if(AC.resume)AC.resume(); refreshDeckUI(decks.A); refreshDeckUI(decks.B);\n  setInterval(schedule,TICK); }\nfunction frame(){ if(started){ drawWaveforms(); updateMeters(); updatePhase(); autoCheckMissions();\n  [\"A\",\"B\"].forEach(id=>{ const d=decks[id]; const sec=d.playing?(AC.currentTime-d.startTime):0;\n    const el=$(\"#time\"+id); if(el){ const m=Math.floor(sec/60),s=Math.floor(sec%60); el.textContent=String(m).padStart(2,\"0\")+\":\"+String(s).padStart(2,\"0\"); }\n    $(\"#beat\"+id).textContent=(d.abs%4)+1; }); }\n  requestAnimationFrame(frame); }\n\n/* ---------- init ---------- */\nfunction init(){\n  buildPads(); buildChannels(); buildFx(); renderMission();\n  function fit(){ const st=$(\"#stage\"); const scale=Math.min(1,(window.innerWidth-8)/1664); st.style.transform=\"scale(\"+scale+\")\"; }\n  window.addEventListener(\"resize\",fit); fit();\n  drawArt(\"A\"); drawArt(\"B\");\n\n  $$(\".cdj\").forEach(cdj=>{ const id=cdj.dataset.deck;\n    $$(\"[data-act]\",cdj).forEach(b=>b.addEventListener(\"pointerdown\",e=>{ e.preventDefault(); handleDeckAct(id,b.dataset.act,b); })); });\n  [\"A\",\"B\"].forEach(id=>{ bindJog($(`[data-jog=\"${id}\"]`),{get id(){return id},get nudge(){return decks[id]?decks[id].nudge:0},set nudge(v){if(decks[id])decks[id].nudge=v}}); });\n  // NOTE: jog needs live deck; rebind properly after decks exist? decks built on startAudio. Bind lazily:\n  [\"A\",\"B\"].forEach(id=>{ const el=$(`[data-jog=\"${id}\"]`); el.replaceWith(el.cloneNode(true)); });\n  [\"A\",\"B\"].forEach(id=>bindJogLazy(id));\n\n  $$(''.knob[data-ck]'').forEach(el=>bindKnob(el,val=>applyChannel(el.dataset.deck,el.dataset.ck,val)));\n  $$(''.knob[data-knob]'').forEach(el=>bindKnob(el,val=>applyMaster(el.dataset.knob,val)));\n  $$(''.fadc[data-ck=\"fader\"]'').forEach(el=>bindVFader(el,val=>{ const dk=el.dataset.deck; if(dk&&decks[dk])decks[dk].fader.gain.value=val; },0));\n  $$(''.cue-pfl[data-ck=\"cue\"]'').forEach(el=>el.addEventListener(\"pointerdown\",()=>{ const dk=el.dataset.deck; if(!dk)return; if(!started)startAudio();\n    el.classList.toggle(\"on\"); const on=el.classList.contains(\"on\"); decks[dk].pfl.gain.value=on?1:0; if(on)markMission(\"cueB\"); }));\n  bindTempoFaderLazy();\n  bindXFaderLazy();\n  $(\"[data-act=''fxon'']\").addEventListener(\"pointerdown\",()=>{ if(!started)startAudio(); const el=$(\"[data-act=''fxon'']\"); el.classList.toggle(\"on\"); const on=el.classList.contains(\"on\");\n    if(fxNode.wet){ fxNode.wet.gain.setTargetAtTime(on?0.5:0,AC.currentTime,0.05); fxNode.dry.gain.setTargetAtTime(on?0.75:1,AC.currentTime,0.05);} if(on)markMission(\"fxon\"); });\n\n  $(\"#btnStart\").addEventListener(\"pointerdown\",()=>startAudio());\n  $(\"#btnReset\").addEventListener(\"pointerdown\",()=>location.reload());\n  frame();\n}\n// jog/tempo/xfader need decks, which exist only after startAudio(); bind them but read decks lazily inside handlers\nfunction bindJogLazy(id){ const el=$(`[data-jog=\"${id}\"]`); let last=null,drag=false,rot=0;\n  const ang=e=>{ const r=el.getBoundingClientRect(); return Math.atan2(e.clientY-(r.top+r.height/2),e.clientX-(r.left+r.width/2)); };\n  el.addEventListener(\"pointerdown\",e=>{ if(!started)startAudio(); drag=true; last=ang(e); el.setPointerCapture(e.pointerId); e.preventDefault(); });\n  el.addEventListener(\"pointermove\",e=>{ if(!drag)return; let a=ang(e),da=a-last; if(da>Math.PI)da-=2*Math.PI; if(da<-Math.PI)da+=2*Math.PI; last=a;\n    if(decks[id]) decks[id].nudge-=da*0.05; rot+=da; const m=$(`[data-marker=\"${id}\"]`); if(m)m.style.transform=`translate(-50%,0) rotate(${rot}rad)`; markMission(\"jog\"); });\n  el.addEventListener(\"pointerup\",()=>drag=false); el.addEventListener(\"pointercancel\",()=>drag=false); }\nfunction bindTempoFaderLazy(){ [\"A\",\"B\"].forEach(id=>{ const el=$(`[data-tempo=\"${id}\"]`); const cap=el.querySelector(\".cap\"); let pos=0.5; place();\n  function place(){ const h=el.clientHeight; cap.style.top=(6+pos*(h-12))+\"px\"; }\n  function apply(){ if(!started)startAudio(); const d=decks[id]; if(d)setPitch(d,(pos-0.5)*2*d.range); }\n  let drag=false; const move=e=>{ if(!drag)return; const r=el.getBoundingClientRect(); pos=clamp((e.clientY-r.top-6)/(r.height-12),0,1); place(); apply(); };\n  el.addEventListener(\"pointerdown\",e=>{ drag=true; el.setPointerCapture(e.pointerId); move(e); });\n  el.addEventListener(\"pointermove\",move); el.addEventListener(\"pointerup\",()=>drag=false); el.addEventListener(\"pointercancel\",()=>drag=false);\n  el.addEventListener(\"dblclick\",()=>{ pos=0.5; place(); apply(); });\n  window.addEventListener(\"resize\",place); }); }\nfunction bindXFaderLazy(){ const el=$(\"[data-xfader]\"); const cap=el.querySelector(\".cap\"); let x=0.5; place();\n  function place(){ const w=el.clientWidth; cap.style.left=(10+x*(w-20))+\"px\"; apply(); }\n  function apply(){ if(decks.A){ decks.A.xf.gain.value=Math.cos(x*Math.PI/2); decks.B.xf.gain.value=Math.cos((1-x)*Math.PI/2);} }\n  let drag=false; const move=e=>{ if(!drag)return; const r=el.getBoundingClientRect(); x=clamp((e.clientX-r.left-10)/(r.width-20),0,1); place(); };\n  el.addEventListener(\"pointerdown\",e=>{ drag=true; el.setPointerCapture(e.pointerId); move(e); });\n  el.addEventListener(\"pointermove\",move); el.addEventListener(\"pointerup\",()=>drag=false); el.addEventListener(\"pointercancel\",()=>drag=false);\n  el.addEventListener(\"dblclick\",()=>{ x=0.5; place(); }); window.addEventListener(\"resize\",place); }\n\ndocument.addEventListener(\"DOMContentLoaded\",init);\n</script>\n</body>\n</html>\n"}]'::jsonb);

-- AULA 5 (mód 2): Phrasing, harmonic mixing, hot cues, loops e FX
insert into public.lessons (id,module_id,titulo,tipo,conteudo_rico,duracao_min,ordem,tem_quiz,preview_gratis) values
  ('d1000000-d100-4d00-9000-0000000b0005','d1000000-d100-4d00-9000-0000000a0002','Phrasing, harmonic mixing, hot cues, loops e FX','texto','<p><strong>O que separa uma virada "certa" de uma virada "mágica" é <em>quando</em> e <em>com o quê</em> você mistura.</strong> Aqui entram o phrasing (estrutura musical), o harmonic mixing (tom) e as ferramentas criativas: hot cues, loops e efeitos.</p>
<h3>Phrasing: a matemática da música</h3>
<p>Música eletrônica é construída em <strong>frases de 8, 16 e 32 compassos</strong>. As mudanças (entra o bumbo, entra o vocal, o drop) caem no início de uma frase. Para uma virada natural, <strong>alinhe as frases</strong>: comece a trazer a nova música no início de uma frase de 16/32 para que os elementos entrem e saiam nos lugares certos. Contar "1-2-3-4" em grupos de 8 vira automático com prática — a grade da tela do CDJ ajuda a visualizar.</p>
<h3>Harmonic mixing: mixar no tom certo</h3>
<p>Músicas em tons compatíveis soam consonantes juntas; tons incompatíveis "brigam". A <strong>roda de Camelot</strong> (mostrada como 7A, 8A… na tela/rekordbox) simplifica: combine o <strong>mesmo número</strong> (8A→8A), <strong>vizinhos</strong> (8A→7A ou 9A) ou a troca letra (8A→8B). É a diferença entre uma mistura que "flui" e uma que soa desafinada.</p>
<h3>Hot cues: saltar na hora</h3>
<p>Salve pontos importantes (início do drop, entrada do vocal, uma virada) nos pads <strong>HOT CUE (A–H)</strong>. Num set, você pula direto para a parte que quer — reorganiza a música ao vivo, cria intros e reentradas. No simulador, toque um pad para gravar; toque de novo para saltar.</p>
<h3>Loops: estender e criar tensão</h3>
<p>Um <strong>loop</strong> repete um trecho (4, 8, 16 batidas). Usos: estender uma intro/outro para ter tempo de mixar, segurar um clímax, ou criar tensão antes do drop. IN/OUT marca manual; BEAT LOOP faz loops exatos na grade.</p>
<h3>BEAT FX: tempero, não muleta</h3>
<ul>
<li><strong>Echo/Delay:</strong> cria uma "cauda" — ótimo para tirar uma música (echo out) suavemente.</li>
<li><strong>Filter:</strong> varre graves/agudos para tensão e transições.</li>
<li><strong>Reverb / Flanger / Roll:</strong> textura e impacto em momentos pontuais.</li>
</ul>
<p><strong>Regra de ouro dos efeitos:</strong> menos é mais. O FX serve a um momento (um drop, uma saída); usado o tempo todo, cansa e esconde erros de mixagem em vez de resolvê-los.</p>
<p><strong>No simulador:</strong> grave hot cues, faça um beat loop, e ligue um BEAT FX (ECHO/FILTER) num drop. Junte tudo o que aprendeu: case, troque graves, use o phrasing e finalize com um efeito bem colocado — é um set de DJ profissional.</p>',24,5,true,false);
insert into public.quizzes (id,lesson_id,titulo) values ('d1000000-d100-4d00-9000-0000000c0005','d1000000-d100-4d00-9000-0000000b0005','Quiz — Phrasing, harmonia e ferramentas');
insert into public.quiz_questions (id,quiz_id,texto,explicacao,ordem,pontos) values ('d1000000-d100-4d00-9000-000000000501','d1000000-d100-4d00-9000-0000000c0005','Em quantos compassos a música eletrônica costuma ser construída (frases)?','Em frases de 8, 16 e 32 compassos — as mudanças caem no início de uma frase.',1,1);
insert into public.quiz_options (question_id,texto,correta,ordem) values ('d1000000-d100-4d00-9000-000000000501','Em frases de 3 em 3',false,1);
insert into public.quiz_options (question_id,texto,correta,ordem) values ('d1000000-d100-4d00-9000-000000000501','Em frases de 8, 16 e 32 compassos',true,2);
insert into public.quiz_options (question_id,texto,correta,ordem) values ('d1000000-d100-4d00-9000-000000000501','Não tem padrão',false,3);
insert into public.quiz_options (question_id,texto,correta,ordem) values ('d1000000-d100-4d00-9000-000000000501','Sempre de 5 em 5',false,4);
insert into public.quiz_questions (id,quiz_id,texto,explicacao,ordem,pontos) values ('d1000000-d100-4d00-9000-000000000502','d1000000-d100-4d00-9000-0000000c0005','Para que serve a roda de Camelot (ex.: 7A, 8A)?','Para harmonic mixing: combinar músicas em tons compatíveis (mesmo número, vizinhos ou troca de letra).',2,1);
insert into public.quiz_options (question_id,texto,correta,ordem) values ('d1000000-d100-4d00-9000-000000000502','Medir o volume',false,1);
insert into public.quiz_options (question_id,texto,correta,ordem) values ('d1000000-d100-4d00-9000-000000000502','Mixar em tons compatíveis (harmonia entre as músicas)',true,2);
insert into public.quiz_options (question_id,texto,correta,ordem) values ('d1000000-d100-4d00-9000-000000000502','Definir o BPM',false,3);
insert into public.quiz_options (question_id,texto,correta,ordem) values ('d1000000-d100-4d00-9000-000000000502','Escolher o efeito',false,4);
insert into public.quiz_questions (id,quiz_id,texto,explicacao,ordem,pontos) values ('d1000000-d100-4d00-9000-000000000503','d1000000-d100-4d00-9000-0000000c0005','O que é um hot cue?','Um ponto salvo (drop, vocal, virada) para saltar na hora e reorganizar a música ao vivo.',3,1);
insert into public.quiz_options (question_id,texto,correta,ordem) values ('d1000000-d100-4d00-9000-000000000503','Um tipo de efeito',false,1);
insert into public.quiz_options (question_id,texto,correta,ordem) values ('d1000000-d100-4d00-9000-000000000503','Um ponto salvo para saltar instantaneamente na música',true,2);
insert into public.quiz_options (question_id,texto,correta,ordem) values ('d1000000-d100-4d00-9000-000000000503','O volume do fone',false,3);
insert into public.quiz_options (question_id,texto,correta,ordem) values ('d1000000-d100-4d00-9000-000000000503','Um filtro de graves',false,4);
insert into public.quiz_questions (id,quiz_id,texto,explicacao,ordem,pontos) values ('d1000000-d100-4d00-9000-000000000504','d1000000-d100-4d00-9000-0000000c0005','Qual a regra de ouro no uso de BEAT FX?','Menos é mais: o efeito serve a um momento; usado o tempo todo cansa e esconde erros de mixagem.',4,1);
insert into public.quiz_options (question_id,texto,correta,ordem) values ('d1000000-d100-4d00-9000-000000000504','Usar efeito o tempo todo',false,1);
insert into public.quiz_options (question_id,texto,correta,ordem) values ('d1000000-d100-4d00-9000-000000000504','Menos é mais — efeito serve a um momento pontual',true,2);
insert into public.quiz_options (question_id,texto,correta,ordem) values ('d1000000-d100-4d00-9000-000000000504','Sempre no máximo',false,3);
insert into public.quiz_options (question_id,texto,correta,ordem) values ('d1000000-d100-4d00-9000-000000000504','Nunca usar efeito',false,4);
insert into public.ai_animations (lesson_id,tipo,status,model,roteiro,urls) values ('d1000000-d100-4d00-9000-0000000b0005','interactive','ready','handcrafted-interactive','{"titulo":"Cabine de DJ — 2× CDJ-3000 + DJM-A9","cenas":[{"numero":1,"titulo":"Mixe na cabine (áudio real)","modo":"widget","narracao":"Cabine club-standard com dois CDJ-3000 e o mixer DJM-A9, com áudio de verdade. Toque, pré-escute no fone, case o BPM e a fase, troque graves no EQ e faça a virada. Complete as 7 missões.","explicacao_texto":"Simulador fiel da cabine profissional. Motor de áudio Web Audio (grooves sintetizados — placeholder até plugarmos as faixas reais da SMU).","destaques":["2× CDJ-3000: jog, tempo, cue, hot cues, loop","DJM-A9: trim, EQ 3 bandas, color filter, crossfader","Pré-escuta no fone (CUE/PFL) e BEAT FX","Beatmatch real: BPM + fase"]}]}'::jsonb,'[{"html":"<!doctype html>\n<html lang=\"pt-BR\">\n<head>\n<meta charset=\"utf-8\">\n<meta name=\"viewport\" content=\"width=device-width, initial-scale=1, maximum-scale=1, user-scalable=no\">\n<link rel=\"icon\" href=\"data:,\">\n<title>Cabine de DJ — 2× CDJ-3000 + DJM-A9 — Simulador fiel (SMU)</title>\n<style>\n  :root{\n    --ink:#e9eef7; --muted:#8b97a9; --amber:#f4a02a; --orange:#ff7a1a;\n    --green:#37d07a; --red:#e0483f; --cyan:#39c0e6; --blue:#2e78ff;\n  }\n  *{box-sizing:border-box}\n  html,body{margin:0;height:100%}\n  body{\n    background:radial-gradient(1200px 700px at 50% -8%,#1b1e23,#0a0b0d 62%),#08090b;\n    color:var(--ink);\n    font-family:\"Inter\",system-ui,-apple-system,\"Segoe UI\",Roboto,sans-serif;\n    -webkit-font-smoothing:antialiased;user-select:none;overflow:hidden;\n    display:flex;align-items:flex-start;justify-content:center;\n  }\n  #stage{transform-origin:top center;flex:0 0 auto}\n  .booth{position:relative;width:1640px;display:flex;flex-direction:column;gap:9px;padding:12px;\n    background:linear-gradient(180deg,#2b2f36,#1f2228 10%,#191b1f 60%,#141518);\n    border:1px solid #0b0c0e;border-radius:16px;\n    box-shadow:0 30px 80px #000b, inset 0 1px 0 #ffffff10, inset 0 -2px 0 #0008;}\n\n  .util{display:flex;align-items:center;gap:8px;flex-wrap:wrap;\n    background:linear-gradient(180deg,#202329,#15171b);border:1px solid #0c0d0f;border-radius:11px;padding:7px 11px}\n  .brand{display:flex;align-items:baseline;gap:9px}\n  .brand b{font-size:17px;letter-spacing:1px;color:#eef2f8}\n  .brand .m{font-size:9.5px;letter-spacing:2px;color:#8a94a4;text-transform:uppercase}\n  .pill{font-size:10.5px;color:var(--muted);background:#0c0e12;border:1px solid #2a2f37;border-radius:16px;padding:4px 9px;display:flex;align-items:center;gap:6px;letter-spacing:.3px;white-space:nowrap}\n  .pill b{color:#fff}\n  .dot{width:8px;height:8px;border-radius:50%;background:var(--green);box-shadow:0 0 8px var(--green)}\n  .dot.off{background:#444;box-shadow:none}\n  .spacer{flex:1}\n  .btnp{font:inherit;font-size:11.5px;font-weight:700;border:0;border-radius:8px;padding:7px 12px;cursor:pointer;color:#07120b;background:linear-gradient(180deg,#5be59a,#27b566)}\n  .btnp.ghost{background:transparent;color:var(--muted);border:1px solid #2a2f37}\n  .mission{display:flex;align-items:center;gap:9px;background:#0c0e12;border:1px solid #2a2f37;border-radius:9px;padding:5px 10px;flex:1 1 380px;min-width:0}\n  .mission .idx{font-size:10px;color:var(--amber);font-weight:800;letter-spacing:1px;white-space:nowrap}\n  .mission .txt{font-size:11.5px;line-height:1.25;min-width:0}\n  .mission .txt b{color:#fff}\n  .mission .txt small{color:var(--muted)}\n  .mission .ok{color:var(--green);font-weight:800;font-size:16px}\n\n  .row{display:grid;grid-template-columns:1fr 470px 1fr;gap:10px;align-items:start}\n\n  /* ===== CDJ-3000 ===== */\n  .cdj{background:linear-gradient(180deg,#26292f,#1c1e23 40%,#161719);border:1px solid #0c0d0f;border-radius:13px;padding:11px;display:flex;flex-direction:column;gap:9px;\n    box-shadow:inset 0 1px 0 #ffffff10, inset 0 -2px 6px #0007}\n  .cdj .hdr{display:flex;justify-content:space-between;align-items:center;font-size:9px;letter-spacing:1.5px;color:#7f8aa0}\n  .cdj .hdr .mdl{color:#cfd7e6;font-weight:800;letter-spacing:2px}\n  .cdj .hdr .rb{color:#39c0e6;font-weight:700;letter-spacing:1px}\n\n  .scr{background:linear-gradient(180deg,#0b1220,#070c15);border:1px solid #04070d;border-radius:8px;padding:8px 9px;box-shadow:inset 0 2px 8px #000a;position:relative;overflow:hidden}\n  .scr .tabs{display:flex;gap:4px;margin-bottom:6px}\n  .scr .tab{font-size:8.5px;letter-spacing:.8px;color:#8fa3c4;background:#132033;border:1px solid #1d3450;border-radius:4px;padding:3px 6px}\n  .scr .tab.on{color:#0a0e14;background:#39c0e6;border-color:#39c0e6;font-weight:800}\n  .scr .ttl{display:flex;justify-content:space-between;align-items:baseline;margin-bottom:5px}\n  .scr .ttl .name{font-size:12.5px;color:#eaf2ff;font-weight:700;white-space:nowrap;overflow:hidden;text-overflow:ellipsis}\n  .scr .ttl .key{font-size:10px;color:#7bd3ff}\n  .wf{width:100%;height:74px;display:block;background:#060a11;border-radius:4px}\n  .wfz{width:100%;height:40px;display:block;background:#060a11;border-radius:4px;margin-top:4px}\n  .info{display:flex;justify-content:space-between;align-items:center;margin-top:6px;gap:8px}\n  .info .big{font-variant-numeric:tabular-nums;font-size:22px;font-weight:800;color:#fff;letter-spacing:1px}\n  .info .bpm{font-variant-numeric:tabular-nums;font-size:22px;font-weight:800;color:var(--amber);letter-spacing:.5px}\n  .info .sub{font-size:8px;color:#8fa3c4;letter-spacing:.5px;text-align:right}\n  .info .pct{font-variant-numeric:tabular-nums;font-size:12px;color:#bcd;font-weight:700}\n  .mstpill{font-size:8px;letter-spacing:1px;color:#0a140a;background:var(--amber);border-radius:3px;padding:1px 4px;font-weight:800;visibility:hidden}\n  .mstpill.on{visibility:visible}\n\n  .pads{display:grid;grid-template-columns:repeat(4,1fr);gap:5px}\n  .pad{height:30px;border-radius:5px;border:1px solid #0a0b0d;background:linear-gradient(180deg,#20242b,#15181d);\n    color:#5a6478;font-size:9px;font-weight:800;letter-spacing:1px;cursor:pointer;display:flex;align-items:center;justify-content:center;position:relative}\n  .pad small{position:absolute;top:2px;left:4px;font-size:7px;color:#4a5364}\n  .pad.A{--c:#ff5c5c}.pad.B{--c:#ffb03a}.pad.C{--c:#ffe14d}.pad.D{--c:#7CFC5A}\n  .pad.E{--c:#4de1c3}.pad.F{--c:#4db6ff}.pad.G{--c:#7c8bff}.pad.H{--c:#e07cff}\n  .pad.set{background:var(--c);color:#0a0e14;box-shadow:0 0 10px var(--c)}\n  .pad.playing{outline:2px solid #fff;outline-offset:-2px}\n\n  .lp{display:grid;grid-template-columns:repeat(4,1fr);gap:5px}\n  .kb{height:28px;border-radius:5px;border:1px solid #0a0b0d;background:linear-gradient(180deg,#23272e,#171a1f);color:#aeb8c8;font-size:8.5px;font-weight:800;letter-spacing:.6px;cursor:pointer;display:flex;align-items:center;justify-content:center;text-align:center;line-height:1.05}\n  .kb.amber{color:var(--amber)}\n  .kb.on{background:var(--amber);color:#111;box-shadow:0 0 9px var(--amber)}\n\n  .deckmid{display:grid;grid-template-columns:64px 1fr 42px;gap:9px;align-items:center}\n  .transport{display:flex;flex-direction:column;gap:14px;align-items:center;justify-content:center}\n  .rbtn{width:56px;height:56px;border-radius:50%;border:2px solid #0a0b0d;cursor:pointer;position:relative;\n    background:radial-gradient(circle at 50% 35%,#3a3f47,#1a1c20);box-shadow:0 4px 8px #0008, inset 0 1px 0 #fff2}\n  .rbtn .lbl{position:absolute;bottom:-13px;left:50%;transform:translateX(-50%);font-size:7px;letter-spacing:1px;color:#8a94a4;white-space:nowrap}\n  .rbtn.cue{background:radial-gradient(circle at 50% 35%,#ffb25a,#c76a12)}\n  .rbtn.play{background:radial-gradient(circle at 50% 35%,#5be59a,#1f9e54)}\n  .rbtn.play.on{box-shadow:0 0 16px var(--green), inset 0 1px 0 #fff4}\n  .rbtn:active{transform:translateY(1px)}\n  .rbtn .ico{position:absolute;inset:0;display:flex;align-items:center;justify-content:center;color:#0a0e0a;font-size:15px;font-weight:900}\n\n  .jogwrap{display:flex;align-items:center;justify-content:center}\n  .jog{width:230px;height:230px;border-radius:50%;position:relative;cursor:grab;touch-action:none;\n    background:radial-gradient(circle at 50% 50%,#0e0f12 0 30%,#17191d 30% 33%,#0e0f12 33% 63%,#202329 63% 66%,#0c0d10 66% 100%);\n    border:3px solid #000;box-shadow:0 10px 24px #000b, inset 0 2px 10px #0009}\n  .jog:active{cursor:grabbing}\n  .jog .ring{position:absolute;inset:6px;border-radius:50%;border:2px solid #2a2e35}\n  .jog .lit{position:absolute;inset:4px;border-radius:50%;pointer-events:none;box-shadow:inset 0 0 22px #1a5fb033;border:2px solid #1f6fd0aa;opacity:.55}\n  .jog .platter{position:absolute;inset:50px;border-radius:50%;background:repeating-conic-gradient(#111 0 6deg,#191c21 6deg 12deg);border:2px solid #000;box-shadow:inset 0 0 20px #000}\n  .jog .hub{position:absolute;inset:76px;border-radius:50%;background:#0a0d12;border:2px solid #223;overflow:hidden;display:flex;align-items:center;justify-content:center}\n  .jog .art{position:absolute;inset:0;border-radius:50%}\n  .jog .marker{position:absolute;top:50%;left:50%;width:4px;height:38px;background:linear-gradient(180deg,#fff,#fff0);transform-origin:top center;transform:translate(-50%,0);border-radius:2px}\n  .jog .cdinfo{position:absolute;bottom:12px;left:50%;transform:translateX(-50%);font-size:8px;color:#9fb0c8;letter-spacing:1px}\n\n  .tempo{display:flex;flex-direction:column;align-items:center;gap:5px;height:230px;justify-content:center}\n  .tempo .tt{font-size:7.5px;color:#8a94a4;letter-spacing:1px}\n  .fadv{position:relative;width:26px;height:168px;background:linear-gradient(90deg,#0a0b0d,#16181c,#0a0b0d);border:1px solid #000;border-radius:6px;touch-action:none;cursor:ns-resize;box-shadow:inset 0 2px 8px #000a}\n  .fadv .track{position:absolute;left:50%;top:6px;bottom:6px;width:3px;transform:translateX(-50%);background:#000;border-radius:2px}\n  .fadv .cap{position:absolute;left:50%;width:34px;height:16px;transform:translate(-50%,-50%);background:linear-gradient(180deg,#e9edf3,#aab2bf);border:1px solid #000;border-radius:3px;box-shadow:0 2px 4px #0009}\n  .fadv .cap::after{content:\"\";position:absolute;left:4px;right:4px;top:50%;height:2px;background:#e2453f;transform:translateY(-50%)}\n  .tempo .rng{font-size:8px;color:var(--amber);letter-spacing:.6px;cursor:pointer}\n\n  .tledrow{display:flex;gap:6px;justify-content:center}\n  .tled{width:42px;text-align:center;font-size:7px;letter-spacing:.5px;color:#8a94a4;border:1px solid #2a2f37;border-radius:4px;padding:4px 2px;cursor:pointer;background:#12141a;line-height:1.1}\n  .tled.on{color:#111;background:var(--amber);border-color:var(--amber);font-weight:800}\n  .tled.sync.on{background:var(--cyan);border-color:var(--cyan)}\n\n  /* ===== DJM-A9 ===== */\n  .mixer{background:linear-gradient(180deg,#202329,#17191d 45%,#121317);border:1px solid #0c0d0f;border-radius:13px;padding:11px 10px;display:flex;flex-direction:column;gap:8px;box-shadow:inset 0 1px 0 #ffffff10, inset 0 -2px 6px #0007}\n  .mixer .mhdr{display:flex;justify-content:space-between;align-items:center;font-size:9px;letter-spacing:1.5px;color:#7f8aa0}\n  .mixer .mhdr b{color:#cfd7e6;letter-spacing:2px}\n  .chgrid{display:grid;grid-template-columns:repeat(4,1fr);gap:7px}\n  .ch{display:flex;flex-direction:column;align-items:center;gap:6px;background:linear-gradient(180deg,#1a1c21,#131519);border:1px solid #0a0b0d;border-radius:9px;padding:8px 5px}\n  .ch .cnum{font-size:10.5px;font-weight:800;color:#cdd6e4}\n  .ch.live .cnum{color:#fff}\n  .ch.dim{opacity:.4}\n  .knob{width:40px;height:40px;border-radius:50%;position:relative;cursor:ns-resize;touch-action:none;\n    background:radial-gradient(circle at 50% 34%,#40454e,#181a1e 72%);border:1px solid #000;box-shadow:0 3px 6px #0008, inset 0 1px 0 #fff2}\n  .knob::after{content:\"\";position:absolute;left:50%;top:5px;width:3px;height:12px;background:#eef2f8;border-radius:2px;transform-origin:50% 15px;transform:translateX(-50%) rotate(var(--pdeg,0deg))}\n  .knob.sm{width:32px;height:32px}\n  .knob.sm::after{height:10px;top:4px;transform-origin:50% 12px;transform:translateX(-50%) rotate(var(--pdeg,0deg))}\n  .klabel{font-size:7px;letter-spacing:.5px;color:#8a94a4}\n  .eqwrap{display:flex;flex-direction:column;gap:5px;align-items:center}\n  .eqrow{display:flex;flex-direction:column;align-items:center;gap:1px}\n  .cue-pfl{width:100%;height:19px;border-radius:4px;border:1px solid #0a0b0d;background:#20242b;color:#8a94a4;font-size:8px;font-weight:800;letter-spacing:1px;cursor:pointer;display:flex;align-items:center;justify-content:center}\n  .cue-pfl.on{background:var(--orange);color:#160800;box-shadow:0 0 8px var(--orange)}\n  .meter{width:8px;height:118px;background:#07090c;border:1px solid #000;border-radius:3px;position:relative;overflow:hidden}\n  .meter i{position:absolute;left:0;right:0;bottom:0;background:linear-gradient(0deg,#37d07a 0 55%,#f4d03a 55% 82%,#e0483f 82% 100%);height:0%}\n  .chbody{display:flex;gap:5px;align-items:flex-end}\n  .fadc{position:relative;width:28px;height:130px;background:linear-gradient(90deg,#0a0b0d,#16181c,#0a0b0d);border:1px solid #000;border-radius:6px;touch-action:none;cursor:ns-resize;box-shadow:inset 0 2px 8px #000a}\n  .fadc .cap{position:absolute;left:50%;width:36px;height:16px;transform:translate(-50%,-50%);background:linear-gradient(180deg,#eef2f8,#aab2bf);border:1px solid #000;border-radius:3px;box-shadow:0 2px 4px #0009}\n  .fadc .cap::after{content:\"\";position:absolute;left:4px;right:4px;top:50%;height:2px;background:#111;transform:translateY(-50%)}\n\n  .mcenter{display:grid;grid-template-columns:1fr 1fr;gap:8px;align-items:start}\n  .mbox{background:linear-gradient(180deg,#1a1c21,#131519);border:1px solid #0a0b0d;border-radius:9px;padding:8px;display:flex;flex-direction:column;gap:7px;align-items:center}\n  .mbox .t{font-size:8px;letter-spacing:1px;color:#8a94a4}\n  .fxscreen{background:#0b1220;border:1px solid #04070d;border-radius:6px;padding:6px 8px;width:100%;text-align:center}\n  .fxscreen .fxname{font-size:12px;font-weight:800;color:#fff;letter-spacing:1px}\n  .fxscreen .fxbpm{font-size:9px;color:var(--amber);font-variant-numeric:tabular-nums}\n  .fxsel{display:grid;grid-template-columns:repeat(3,1fr);gap:4px;width:100%}\n  .fxsel .fb{font-size:8px;font-weight:800;letter-spacing:.4px;color:#9fb0c8;background:#161a20;border:1px solid #222a34;border-radius:4px;padding:5px 2px;cursor:pointer;text-align:center}\n  .fxsel .fb.on{background:var(--cyan);color:#04121a}\n  .fxon{width:58px;height:58px;border-radius:50%;border:2px solid #0a0b0d;cursor:pointer;background:radial-gradient(circle at 50% 35%,#2b8fe0,#134a86);box-shadow:0 3px 8px #0008,inset 0 1px 0 #fff3;color:#eaf4ff;font-size:8px;font-weight:800;display:flex;align-items:center;justify-content:center}\n  .fxon.on{background:radial-gradient(circle at 50% 35%,#5bd0ff,#1f8fd6);box-shadow:0 0 16px var(--cyan),inset 0 1px 0 #fff5}\n\n  .xf{grid-column:1/3;background:linear-gradient(180deg,#1a1c21,#131519);border:1px solid #0a0b0d;border-radius:9px;padding:9px 12px;display:flex;flex-direction:column;gap:5px}\n  .xf .xlab{display:flex;justify-content:space-between;font-size:9px;font-weight:800;color:#aeb8c8;letter-spacing:1px}\n  .fadx{position:relative;width:100%;height:30px;background:linear-gradient(180deg,#0a0b0d,#16181c,#0a0b0d);border:1px solid #000;border-radius:6px;touch-action:none;cursor:ew-resize;box-shadow:inset 0 2px 8px #000a}\n  .fadx .cap{position:absolute;top:50%;width:20px;height:40px;transform:translate(-50%,-50%);background:linear-gradient(180deg,#eef2f8,#aab2bf);border:1px solid #000;border-radius:4px;box-shadow:0 2px 5px #0009}\n  .fadx .cap::after{content:\"\";position:absolute;top:5px;bottom:5px;left:50%;width:2px;background:#111;transform:translateX(-50%)}\n  .magvel{font-size:7px;letter-spacing:2px;color:#6b7488}\n\n  .phones .mbox{flex-direction:row;justify-content:space-around;gap:6px}\n\n  .coach{background:#0c0e12;border:1px solid #223;border-radius:10px;padding:9px 12px;font-size:11.5px;line-height:1.4;color:#c7d0de}\n  .coach b{color:#fff}\n  .coach .k{color:var(--amber);font-weight:800}\n  .beat-lamp{display:inline-block;width:10px;height:10px;border-radius:50%;background:#333;margin:0 1px;vertical-align:middle}\n  .beat-lamp.on{background:var(--green);box-shadow:0 0 8px var(--green)}\n  .phasebar{position:relative;height:12px;background:#07090c;border:1px solid #000;border-radius:6px;overflow:hidden;flex:1}\n  .phasebar i{position:absolute;top:0;bottom:0;width:3px;background:var(--cyan);left:50%;box-shadow:0 0 6px var(--cyan);transition:left .05s linear}\n  .phasebar .mid{position:absolute;top:0;bottom:0;left:50%;width:1px;background:#3a4658}\n  .phasebar.good i{background:var(--green);box-shadow:0 0 8px var(--green)}\n</style>\n</head>\n<body>\n<div id=\"stage\">\n<div class=\"booth\">\n\n  <div class=\"util\">\n    <div class=\"brand\"><b>SMU</b><span class=\"m\">PRO • CABINE DE DJ</span></div>\n    <span class=\"pill\"><span class=\"dot off\" id=\"acDot\"></span> Áudio <b id=\"acState\">clique em Ligar</b></span>\n    <div class=\"mission\">\n      <span class=\"idx\" id=\"mIdx\">MISSÃO 1/7</span>\n      <div class=\"txt\"><b id=\"mTitle\">Dê play no Deck A</b><br><small id=\"mHint\">Aperte PLAY no CDJ da esquerda.</small></div>\n      <span class=\"ok\" id=\"mOk\" style=\"display:none\">✓</span>\n    </div>\n    <span class=\"spacer\"></span>\n    <button class=\"btnp ghost\" id=\"btnReset\">Reiniciar</button>\n    <button class=\"btnp\" id=\"btnStart\">▶ Ligar áudio</button>\n  </div>\n\n  <div class=\"row\">\n\n    <!-- CDJ A -->\n    <div class=\"cdj\" data-deck=\"A\">\n      <div class=\"hdr\"><span class=\"rb\">rekordbox</span><span class=\"mdl\">CDJ-3000</span><span>PLAYER 1</span></div>\n      <div class=\"scr\">\n        <div class=\"tabs\"><span class=\"tab on\">BROWSE</span><span class=\"tab\">TAG</span><span class=\"tab\">INFO</span><span class=\"tab\">MENU</span></div>\n        <div class=\"ttl\"><span class=\"name\">SMU House Groove</span><span class=\"key\">7A · Am</span></div>\n        <canvas class=\"wf\" data-wf=\"A\"></canvas>\n        <canvas class=\"wfz\" data-wfz=\"A\"></canvas>\n        <div class=\"info\">\n          <div><div class=\"big\" id=\"timeA\">00:00</div><div class=\"sub\">TIME</div></div>\n          <div style=\"text-align:center\"><span class=\"pct\" id=\"pctA\">±0.0%</span> <span class=\"mstpill on\" id=\"mstA\">MT</span><div class=\"sub\">MASTER TEMPO</div></div>\n          <div style=\"text-align:right\"><div class=\"bpm\" id=\"bpmA\">124.0</div><div class=\"sub\">BPM · <span id=\"beatA\">1</span>/4</div></div>\n        </div>\n      </div>\n      <div class=\"pads\" data-pads=\"A\"></div>\n      <div class=\"lp\" data-loops=\"A\">\n        <div class=\"kb amber\" data-act=\"cuein\">IN / CUE</div>\n        <div class=\"kb amber\" data-act=\"cueout\">OUT</div>\n        <div class=\"kb\" data-act=\"reloop\">RELOOP</div>\n        <div class=\"kb\" data-act=\"beatloop\" data-len=\"4\">4 BEAT<br>LOOP</div>\n      </div>\n      <div class=\"deckmid\">\n        <div class=\"transport\">\n          <div class=\"rbtn cue\" data-act=\"cue\"><span class=\"ico\">■</span><span class=\"lbl\">CUE</span></div>\n          <div class=\"rbtn play\" data-act=\"play\"><span class=\"ico\">▶</span><span class=\"lbl\">PLAY/PAUSE</span></div>\n        </div>\n        <div class=\"jogwrap\">\n          <div class=\"jog\" data-jog=\"A\">\n            <div class=\"ring\"></div><div class=\"lit\"></div><div class=\"platter\"></div>\n            <div class=\"marker\" data-marker=\"A\"></div>\n            <div class=\"hub\"><canvas class=\"art\" data-art=\"A\" width=\"80\" height=\"80\"></canvas></div>\n            <div class=\"cdinfo\">VINYL</div>\n          </div>\n        </div>\n        <div class=\"tempo\">\n          <div class=\"tt\">TEMPO</div>\n          <div class=\"fadv\" data-tempo=\"A\"><div class=\"track\"></div><div class=\"cap\"></div></div>\n          <div class=\"rng\" data-range=\"A\">±8%</div>\n        </div>\n      </div>\n      <div class=\"tledrow\">\n        <div class=\"tled on\" data-act=\"mt\">MASTER TEMPO</div>\n        <div class=\"tled sync\" data-act=\"sync\">BEAT SYNC</div>\n        <div class=\"tled on\" data-act=\"master\">SET MASTER</div>\n      </div>\n    </div>\n\n    <!-- DJM-A9 -->\n    <div class=\"mixer\">\n      <div class=\"mhdr\"><span>Pioneer DJ</span><b>DJM-A9</b><span>MASTER</span></div>\n      <div class=\"chgrid\" id=\"chgrid\"></div>\n      <div class=\"mcenter\">\n        <div class=\"mbox\">\n          <div class=\"t\">MASTER</div>\n          <div class=\"knob\" data-knob=\"master\" data-min=\"0\" data-max=\"1.4\" data-val=\"1\"></div>\n          <div class=\"klabel\">LEVEL</div>\n          <div class=\"meter\" style=\"height:70px\"><i data-meter=\"master\"></i></div>\n        </div>\n        <div class=\"mbox\">\n          <div class=\"t\">BEAT FX</div>\n          <div class=\"fxscreen\"><div class=\"fxname\" id=\"fxName\">ECHO</div><div class=\"fxbpm\" id=\"fxBpm\">124.0 BPM</div></div>\n          <div class=\"fxsel\" id=\"fxsel\"></div>\n          <div class=\"fxon\" data-act=\"fxon\">ON/OFF</div>\n        </div>\n        <div class=\"xf\">\n          <div class=\"xlab\"><span>A</span><span class=\"magvel\">MAGVEL FADER PRO</span><span>B</span></div>\n          <div class=\"fadx\" data-xfader><div class=\"cap\"></div></div>\n        </div>\n      </div>\n      <div class=\"phones\">\n        <div class=\"mbox\">\n          <div style=\"text-align:center\"><div class=\"knob sm\" data-knob=\"phmix\" data-min=\"0\" data-max=\"1\" data-val=\"0.5\"></div><div class=\"klabel\">MIX CUE↔MST</div></div>\n          <div style=\"text-align:center\"><div class=\"knob sm\" data-knob=\"phlvl\" data-min=\"0\" data-max=\"1.4\" data-val=\"0.9\"></div><div class=\"klabel\">PHONES</div></div>\n          <div style=\"text-align:center\"><div class=\"knob sm\" data-knob=\"booth\" data-min=\"0\" data-max=\"1.4\" data-val=\"1\"></div><div class=\"klabel\">BOOTH</div></div>\n        </div>\n      </div>\n    </div>\n\n    <!-- CDJ B -->\n    <div class=\"cdj\" data-deck=\"B\">\n      <div class=\"hdr\"><span class=\"rb\">rekordbox</span><span class=\"mdl\">CDJ-3000</span><span>PLAYER 2</span></div>\n      <div class=\"scr\">\n        <div class=\"tabs\"><span class=\"tab on\">BROWSE</span><span class=\"tab\">TAG</span><span class=\"tab\">INFO</span><span class=\"tab\">MENU</span></div>\n        <div class=\"ttl\"><span class=\"name\">SMU Techno Drive</span><span class=\"key\">8A · Bm</span></div>\n        <canvas class=\"wf\" data-wf=\"B\"></canvas>\n        <canvas class=\"wfz\" data-wfz=\"B\"></canvas>\n        <div class=\"info\">\n          <div><div class=\"big\" id=\"timeB\">00:00</div><div class=\"sub\">TIME</div></div>\n          <div style=\"text-align:center\"><span class=\"pct\" id=\"pctB\">±0.0%</span> <span class=\"mstpill on\" id=\"mstB\">MT</span><div class=\"sub\">MASTER TEMPO</div></div>\n          <div style=\"text-align:right\"><div class=\"bpm\" id=\"bpmB\">128.0</div><div class=\"sub\">BPM · <span id=\"beatB\">1</span>/4</div></div>\n        </div>\n      </div>\n      <div class=\"pads\" data-pads=\"B\"></div>\n      <div class=\"lp\" data-loops=\"B\">\n        <div class=\"kb amber\" data-act=\"cuein\">IN / CUE</div>\n        <div class=\"kb amber\" data-act=\"cueout\">OUT</div>\n        <div class=\"kb\" data-act=\"reloop\">RELOOP</div>\n        <div class=\"kb\" data-act=\"beatloop\" data-len=\"4\">4 BEAT<br>LOOP</div>\n      </div>\n      <div class=\"deckmid\">\n        <div class=\"transport\">\n          <div class=\"rbtn cue\" data-act=\"cue\"><span class=\"ico\">■</span><span class=\"lbl\">CUE</span></div>\n          <div class=\"rbtn play\" data-act=\"play\"><span class=\"ico\">▶</span><span class=\"lbl\">PLAY/PAUSE</span></div>\n        </div>\n        <div class=\"jogwrap\">\n          <div class=\"jog\" data-jog=\"B\">\n            <div class=\"ring\"></div><div class=\"lit\"></div><div class=\"platter\"></div>\n            <div class=\"marker\" data-marker=\"B\"></div>\n            <div class=\"hub\"><canvas class=\"art\" data-art=\"B\" width=\"80\" height=\"80\"></canvas></div>\n            <div class=\"cdinfo\">VINYL</div>\n          </div>\n        </div>\n        <div class=\"tempo\">\n          <div class=\"tt\">TEMPO</div>\n          <div class=\"fadv\" data-tempo=\"B\"><div class=\"track\"></div><div class=\"cap\"></div></div>\n          <div class=\"rng\" data-range=\"B\">±8%</div>\n        </div>\n      </div>\n      <div class=\"tledrow\">\n        <div class=\"tled on\" data-act=\"mt\">MASTER TEMPO</div>\n        <div class=\"tled sync\" data-act=\"sync\">BEAT SYNC</div>\n        <div class=\"tled\" data-act=\"master\">SET MASTER</div>\n      </div>\n    </div>\n  </div>\n\n  <div class=\"coach\">\n    <b>Cabine ao vivo.</b> Deck A vem em <b>124 BPM</b> e o Deck B em <b>128 BPM</b>. Virada limpa: (1) toque o A no master; (2) aperte <span class=\"k\">CUE</span> do canal 2 p/ pré-escutar o B; (3) puxe o <span class=\"k\">TEMPO</span> do B até o BPM bater; (4) empurre a <span class=\"k\">jogwheel</span> do B p/ centralizar a FASE; (5) troque graves no EQ e traga o B.\n    <div style=\"display:flex;align-items:center;gap:10px;margin-top:7px\">\n      <span style=\"font-size:10px;color:#8a94a4;letter-spacing:1px\">FASE A↔B</span>\n      <div class=\"phasebar\" id=\"phasebar\"><div class=\"mid\"></div><i id=\"phaseInd\"></i></div>\n      <span id=\"beatLamps\"></span>\n      <span class=\"pill\" style=\"margin-left:auto\">Δ BPM <b id=\"bpmDelta\">4.0</b></span>\n    </div>\n  </div>\n</div>\n</div>\n\n<script>\n\"use strict\";\nconst $=(s,r=document)=>r.querySelector(s);\nconst $$=(s,r=document)=>[...r.querySelectorAll(s)];\nconst clamp=(v,a,b)=>Math.max(a,Math.min(b,v));\n\nlet AC=null, started=false;\nlet masterGain, cueBus, comp, fxNode={};\nconst decks={};\nwindow._masterDeck=\"A\";\n\nconst GROOVES={\n  A:{ baseBpm:124, root:110,\n    k:[1,0,0,0, 1,0,0,0, 1,0,0,0, 1,0,0,0],\n    s:[0,0,0,0, 1,0,0,0, 0,0,0,0, 1,0,0,0],\n    h:[0,0,1,0, 0,0,1,0, 0,0,1,0, 0,0,1,0],\n    o:[0,0,0,0, 0,0,0,0, 0,0,0,0, 0,0,1,0],\n    b:[1,0,0,1, 0,0,1,0, 1,0,0,1, 0,0,1,0],\n    t:[0,0,0,0, 0,0,0,0, 1,0,0,0, 0,0,0,0] },\n  B:{ baseBpm:128, root:98,\n    k:[1,0,0,0, 1,0,0,0, 1,0,0,0, 1,0,0,0],\n    s:[0,0,0,0, 0,0,0,0, 1,0,0,0, 0,0,0,0],\n    h:[0,0,1,0, 0,0,1,0, 0,0,1,0, 0,0,1,0],\n    o:[0,1,0,0, 0,1,0,0, 0,1,0,0, 0,1,0,1],\n    b:[1,0,1,0, 1,0,1,0, 1,0,1,0, 1,0,1,0],\n    t:[0,0,0,0, 1,0,0,0, 0,0,0,0, 1,0,1,0] }\n};\n\n/* ---------- audio graph ---------- */\nfunction buildGraph(){\n  AC=new (window.AudioContext||window.webkitAudioContext)();\n  masterGain=AC.createGain(); masterGain.gain.value=1;\n  comp=AC.createDynamicsCompressor();\n  comp.threshold.value=-8; comp.knee.value=24; comp.ratio.value=3; comp.attack.value=0.004; comp.release.value=0.18;\n  // BEAT FX (feedback echo) inserted before compressor\n  fxNode.in=AC.createGain();\n  fxNode.dry=AC.createGain(); fxNode.dry.gain.value=1;\n  fxNode.wet=AC.createGain(); fxNode.wet.gain.value=0;\n  fxNode.delay=AC.createDelay(2.0); fxNode.delay.delayTime.value=(60/124)/2;\n  fxNode.fb=AC.createGain(); fxNode.fb.gain.value=0.38;\n  fxNode.in.connect(fxNode.dry); fxNode.dry.connect(masterGain);\n  fxNode.in.connect(fxNode.delay); fxNode.delay.connect(fxNode.fb); fxNode.fb.connect(fxNode.delay);\n  fxNode.delay.connect(fxNode.wet); fxNode.wet.connect(masterGain);\n  masterGain.connect(comp); comp.connect(AC.destination);\n  // cue/headphone bus (mixed to same output, gated by MIX)\n  cueBus=AC.createGain(); cueBus.gain.value=0.55; cueBus.connect(AC.destination);\n  [\"A\",\"B\"].forEach(buildDeck);\n}\nfunction buildDeck(id){\n  const g=GROOVES[id];\n  const d={ id, groove:g, baseBpm:g.baseBpm, bpm:g.baseBpm, pitch:0, range:8,\n    playing:false, mt:true, next:0, abs:0, step:0, bar:0, startTime:0,\n    nudge:0, loopOn:false, loopLen:4, loopStartAbs:0, hotcues:{} };\n  d.sum=AC.createGain();\n  d.trim=AC.createGain(); d.trim.gain.value=0.9;\n  d.eqLow=AC.createBiquadFilter(); d.eqLow.type=\"lowshelf\"; d.eqLow.frequency.value=120;\n  d.eqMid=AC.createBiquadFilter(); d.eqMid.type=\"peaking\"; d.eqMid.frequency.value=1000; d.eqMid.Q.value=0.8;\n  d.eqHi=AC.createBiquadFilter(); d.eqHi.type=\"highshelf\"; d.eqHi.frequency.value=3500;\n  d.color=AC.createBiquadFilter(); d.color.type=\"allpass\"; d.color.frequency.value=1000;\n  d.fader=AC.createGain(); d.fader.gain.value=0;\n  d.xf=AC.createGain(); d.xf.gain.value=1;\n  d.pfl=AC.createGain(); d.pfl.gain.value=0;\n  d.sum.connect(d.trim); d.trim.connect(d.eqLow); d.eqLow.connect(d.eqMid);\n  d.eqMid.connect(d.eqHi); d.eqHi.connect(d.color);\n  d.color.connect(d.fader); d.fader.connect(d.xf); d.xf.connect(fxNode.in);\n  d.color.connect(d.pfl); d.pfl.connect(cueBus);\n  d.analyser=AC.createAnalyser(); d.analyser.fftSize=256; d.color.connect(d.analyser); // pré-fader (como o VU do DJM)\n  decks[id]=d;\n}\n\n/* ---------- synth voices ---------- */\nlet _noise=null;\nfunction noiseBuf(){ if(_noise)return _noise; _noise=AC.createBuffer(1,AC.sampleRate*0.4,AC.sampleRate);\n  const d=_noise.getChannelData(0); for(let i=0;i<d.length;i++)d[i]=Math.random()*2-1; return _noise; }\nfunction vKick(t,g,d){ const o=AC.createOscillator(),a=AC.createGain();\n  o.frequency.setValueAtTime(150,t); o.frequency.exponentialRampToValueAtTime(48,t+0.12);\n  a.gain.setValueAtTime(g,t); a.gain.exponentialRampToValueAtTime(0.001,t+0.30);\n  o.connect(a); a.connect(d.sum); o.start(t); o.stop(t+0.33); }\nfunction vClap(t,g,d){ const s=AC.createBufferSource(); s.buffer=noiseBuf();\n  const bp=AC.createBiquadFilter(); bp.type=\"bandpass\"; bp.frequency.value=1800; bp.Q.value=0.7;\n  const a=AC.createGain(); a.gain.setValueAtTime(g,t); a.gain.exponentialRampToValueAtTime(0.001,t+0.16);\n  s.connect(bp); bp.connect(a); a.connect(d.sum); s.start(t); s.stop(t+0.18); }\nfunction vHat(t,g,open,d){ const s=AC.createBufferSource(); s.buffer=noiseBuf();\n  const hp=AC.createBiquadFilter(); hp.type=\"highpass\"; hp.frequency.value=8000;\n  const a=AC.createGain(); const dur=open?0.14:0.045;\n  a.gain.setValueAtTime(g,t); a.gain.exponentialRampToValueAtTime(0.001,t+dur);\n  s.connect(hp); hp.connect(a); a.connect(d.sum); s.start(t); s.stop(t+dur+0.05); }\nfunction vBass(t,g,freq,d){ const o=AC.createOscillator(); o.type=\"sawtooth\"; o.frequency.value=freq;\n  const lp=AC.createBiquadFilter(); lp.type=\"lowpass\"; lp.frequency.setValueAtTime(600,t);\n  lp.frequency.exponentialRampToValueAtTime(140,t+0.18); lp.Q.value=6;\n  const a=AC.createGain(); a.gain.setValueAtTime(0.0001,t); a.gain.linearRampToValueAtTime(g,t+0.01);\n  a.gain.exponentialRampToValueAtTime(0.001,t+0.20);\n  o.connect(lp); lp.connect(a); a.connect(d.sum); o.start(t); o.stop(t+0.22); }\nfunction vStab(t,g,freq,d){ const out=AC.createGain(); out.gain.setValueAtTime(0.0001,t);\n  out.gain.linearRampToValueAtTime(g,t+0.008); out.gain.exponentialRampToValueAtTime(0.001,t+0.34);\n  out.connect(d.sum);\n  [0,4,7].forEach(semi=>{ const o=AC.createOscillator(); o.type=\"square\"; o.frequency.value=freq*Math.pow(2,semi/12);\n    const a=AC.createGain(); a.gain.value=0.33; o.connect(a); a.connect(out); o.start(t); o.stop(t+0.36); }); }\n\n/* ---------- scheduler ---------- */\nconst LOOKAHEAD=0.12, TICK=25;\nfunction stepDur(d){ return (60.0/d.bpm)/4.0; }\nfunction schedule(){\n  if(!AC) return; const now=AC.currentTime;\n  [\"A\",\"B\"].forEach(id=>{ const d=decks[id]; if(!d.playing) return;\n    while(d.next < now+LOOKAHEAD){\n      const t=d.next + d.nudge; d.nudge=0;\n      const st=d.abs%16, g=d.groove;\n      if(g.k[st]) vKick(t,1.0,d);\n      if(g.s[st]) vClap(t,0.9,d);\n      if(g.h[st]) vHat(t,0.5,false,d);\n      if(g.o[st]) vHat(t,0.4,true,d);\n      if(g.b[st]) vBass(t,0.55,g.root,d);\n      if(g.t[st]) vStab(t,0.22,g.root*2,d);\n      d.abs++;\n      if(d.loopOn && (d.abs - d.loopStartAbs) >= d.loopLen*4) d.abs=d.loopStartAbs;\n      d.step=d.abs%16; d.bar=Math.floor(d.abs/16);\n      d.next += stepDur(d);\n    }\n  });\n  autoCheckMissions(); // roda no interval — não depende de rAF/visibilidade\n}\n\n/* ---------- tempo / pitch ---------- */\nfunction applyTempo(d){ d.bpm=d.baseBpm*(1+d.pitch/100); }\nfunction setPitch(d,pct){ d.pitch=clamp(pct,-d.range,d.range); applyTempo(d); refreshDeckUI(d); checkTempoMission(); }\n\n/* ---------- knobs ---------- */\nfunction setKnobVisual(el,val){ const min=+el.dataset.min,max=+el.dataset.max; const p=(val-min)/(max-min);\n  el.style.setProperty(\"--pdeg\",(-140+p*280)+\"deg\"); el.dataset.val=val; }\nfunction bindKnob(el,onChange){ const min=+el.dataset.min,max=+el.dataset.max; let val=+el.dataset.val;\n  setKnobVisual(el,val); onChange&&onChange(val);\n  let sy=0,sv=0,drag=false;\n  el.addEventListener(\"pointerdown\",e=>{ drag=true; sy=e.clientY; sv=val; el.setPointerCapture(e.pointerId); e.preventDefault(); });\n  el.addEventListener(\"pointermove\",e=>{ if(!drag)return; const dv=(sy-e.clientY)/140*(max-min); val=clamp(sv+dv,min,max); setKnobVisual(el,val); onChange&&onChange(val); });\n  el.addEventListener(\"pointerup\",()=>drag=false); el.addEventListener(\"pointercancel\",()=>drag=false);\n  el.addEventListener(\"dblclick\",()=>{ val=(min<0&&max>0)?0:(min+max)/2; setKnobVisual(el,val); onChange&&onChange(val); });\n}\n\n/* ---------- faders ---------- */\nfunction bindVFader(el,onChange,init){ const cap=el.querySelector(\".cap\"); let val=init; place();\n  function place(){ const h=el.clientHeight; cap.style.top=(6+(1-val)*(h-12))+\"px\"; }\n  onChange&&onChange(val); let drag=false;\n  const move=e=>{ if(!drag)return; const r=el.getBoundingClientRect(); val=1-clamp((e.clientY-r.top-6)/(r.height-12),0,1); place(); onChange&&onChange(val); };\n  el.addEventListener(\"pointerdown\",e=>{ drag=true; el.setPointerCapture(e.pointerId); move(e); });\n  el.addEventListener(\"pointermove\",move);\n  el.addEventListener(\"pointerup\",()=>drag=false); el.addEventListener(\"pointercancel\",()=>drag=false);\n  window.addEventListener(\"resize\",place);\n}\nfunction bindTempoFader(el,d){ const cap=el.querySelector(\".cap\"); let pos=0.5; place();\n  function place(){ const h=el.clientHeight; cap.style.top=(6+pos*(h-12))+\"px\"; }\n  function apply(){ setPitch(d,(pos-0.5)*2*d.range); } // top=- , bottom=+  (faithful Pioneer)\n  let drag=false;\n  const move=e=>{ if(!drag)return; const r=el.getBoundingClientRect(); pos=clamp((e.clientY-r.top-6)/(r.height-12),0,1); place(); apply(); };\n  el.addEventListener(\"pointerdown\",e=>{ drag=true; el.setPointerCapture(e.pointerId); move(e); });\n  el.addEventListener(\"pointermove\",move);\n  el.addEventListener(\"pointerup\",()=>drag=false); el.addEventListener(\"pointercancel\",()=>drag=false);\n  el.addEventListener(\"dblclick\",()=>{ pos=0.5; place(); apply(); });\n  d._tempoSet=pct=>{ pos=clamp(pct/(2*d.range)+0.5,0,1); place(); apply(); };\n}\nfunction bindXFader(el){ const cap=el.querySelector(\".cap\"); let x=0.5; place();\n  function place(){ const w=el.clientWidth; cap.style.left=(10+x*(w-20))+\"px\"; apply(); }\n  function apply(){ decks.A.xf.gain.value=Math.cos(x*Math.PI/2); decks.B.xf.gain.value=Math.cos((1-x)*Math.PI/2); }\n  let drag=false;\n  const move=e=>{ if(!drag)return; const r=el.getBoundingClientRect(); x=clamp((e.clientX-r.left-10)/(r.width-20),0,1); place(); };\n  el.addEventListener(\"pointerdown\",e=>{ drag=true; el.setPointerCapture(e.pointerId); move(e); });\n  el.addEventListener(\"pointermove\",move);\n  el.addEventListener(\"pointerup\",()=>drag=false); el.addEventListener(\"pointercancel\",()=>drag=false);\n  el.addEventListener(\"dblclick\",()=>{ x=0.5; place(); });\n}\n\n/* ---------- jogwheel (phase nudge) ---------- */\nfunction bindJog(el,d){ let last=null,drag=false;\n  function ang(e){ const r=el.getBoundingClientRect(); return Math.atan2(e.clientY-(r.top+r.height/2),e.clientX-(r.left+r.width/2)); }\n  el.addEventListener(\"pointerdown\",e=>{ drag=true; last=ang(e); el.setPointerCapture(e.pointerId); e.preventDefault(); });\n  el.addEventListener(\"pointermove\",e=>{ if(!drag)return; let a=ang(e),da=a-last; if(da>Math.PI)da-=2*Math.PI; if(da<-Math.PI)da+=2*Math.PI; last=a;\n    d.nudge -= da*0.05; d.jogRot=(d.jogRot||0)+da;\n    const m=$(`[data-marker=\"${d.id}\"]`); if(m) m.style.transform=`translate(-50%,0) rotate(${d.jogRot}rad)`;\n    markMission(\"jog\"); });\n  el.addEventListener(\"pointerup\",()=>drag=false); el.addEventListener(\"pointercancel\",()=>drag=false);\n}\n\n/* ---------- transport ---------- */\nfunction playDeck(d,on){ if(!started) startAudio();\n  d.playing = on!==undefined?on:!d.playing;\n  const btn=$(`.cdj[data-deck=\"${d.id}\"] .rbtn.play`);\n  if(d.playing){ if(d.next<AC.currentTime) d.next=AC.currentTime+0.05; btn.classList.add(\"on\"); btn.querySelector(\".ico\").textContent=\"❚❚\"; if(!d.startTime)d.startTime=AC.currentTime; }\n  else { btn.classList.remove(\"on\"); btn.querySelector(\".ico\").textContent=\"▶\"; }\n  if(d.playing) markMission(d.id===\"A\"?\"playA\":\"playB\");\n}\nfunction cueDeck(d){ if(!started) startAudio(); d.abs=0; d.step=0; d.bar=0; d.next=AC.currentTime+0.02; if(!d.playing) playDeck(d,true); }\n\n/* ---------- build UI parts ---------- */\nfunction buildPads(){ [\"A\",\"B\"].forEach(id=>{ const wrap=$(`[data-pads=\"${id}\"]`);\n  [\"A\",\"B\",\"C\",\"D\",\"E\",\"F\",\"G\",\"H\"].forEach(c=>{ const el=document.createElement(\"div\"); el.className=\"pad \"+c;\n    el.innerHTML=`<small>HOT CUE</small>${c}`; wrap.appendChild(el);\n    el.addEventListener(\"pointerdown\",()=>hotcue(id,c,el)); }); }); }\nfunction hotcue(id,c,el){ const d=decks[id]; if(!started) startAudio();\n  if(!d.hotcues[c]){ d.hotcues[c]=d.abs; el.classList.add(\"set\"); markMission(\"hotcue\"); }\n  else { d.abs=d.hotcues[c]; d.next=AC.currentTime+0.02; el.classList.add(\"playing\"); setTimeout(()=>el.classList.remove(\"playing\"),220); } }\n\nfunction buildChannels(){ const grid=$(\"#chgrid\");\n  [{n:1,deck:\"A\"},{n:2,deck:\"B\"},{n:3,deck:null},{n:4,deck:null}].forEach(c=>{\n    const ch=document.createElement(\"div\"); ch.className=\"ch\"+(c.deck?\" live\":\" dim\");\n    const dk=c.deck||\"\";\n    ch.innerHTML=`\n      <div class=\"cnum\">${c.n}${c.deck?\" · \"+c.deck:\"\"}</div>\n      <div class=\"knob sm\" data-ck=\"trim\" data-deck=\"${dk}\" data-min=\"0\" data-max=\"1.6\" data-val=\"0.9\"></div><div class=\"klabel\">TRIM</div>\n      <div class=\"eqwrap\">\n        <div class=\"eqrow\"><div class=\"knob sm\" data-ck=\"hi\" data-deck=\"${dk}\" data-min=\"-26\" data-max=\"6\" data-val=\"0\"></div><div class=\"klabel\">HI</div></div>\n        <div class=\"eqrow\"><div class=\"knob sm\" data-ck=\"mid\" data-deck=\"${dk}\" data-min=\"-26\" data-max=\"6\" data-val=\"0\"></div><div class=\"klabel\">MID</div></div>\n        <div class=\"eqrow\"><div class=\"knob sm\" data-ck=\"low\" data-deck=\"${dk}\" data-min=\"-26\" data-max=\"6\" data-val=\"0\"></div><div class=\"klabel\">LOW</div></div>\n      </div>\n      <div class=\"knob sm\" data-ck=\"color\" data-deck=\"${dk}\" data-min=\"-1\" data-max=\"1\" data-val=\"0\"></div><div class=\"klabel\">COLOR</div>\n      <div class=\"cue-pfl\" data-ck=\"cue\" data-deck=\"${dk}\">CUE</div>\n      <div class=\"chbody\"><div class=\"meter\"><i data-meter=\"${c.deck||(''x''+c.n)}\"></i></div>\n        <div class=\"fadc\" data-ck=\"fader\" data-deck=\"${dk}\"><div class=\"cap\"></div></div></div>`;\n    grid.appendChild(ch); }); }\n\nfunction buildFx(){ const sel=$(\"#fxsel\"); [\"ECHO\",\"FILTER\",\"FLANGER\",\"REVERB\",\"ROLL\",\"PING\"].forEach((f,i)=>{\n  const b=document.createElement(\"div\"); b.className=\"fb\"+(i===0?\" on\":\"\"); b.textContent=f;\n  b.addEventListener(\"pointerdown\",()=>{ $$(\"#fxsel .fb\").forEach(x=>x.classList.remove(\"on\")); b.classList.add(\"on\"); $(\"#fxName\").textContent=f; }); sel.appendChild(b); }); }\n\n/* ---------- channel/master apply ---------- */\nfunction applyChannel(dk,ck,val){ if(!dk||!decks[dk])return; const d=decks[dk];\n  if(ck===\"trim\") d.trim.gain.value=val;\n  else if(ck===\"hi\") d.eqHi.gain.value=val;\n  else if(ck===\"mid\") d.eqMid.gain.value=val;\n  else if(ck===\"low\"){ d.eqLow.gain.value=val; checkEqMission(); }\n  else if(ck===\"color\"){ if(val<-0.03){ d.color.type=\"lowpass\"; d.color.frequency.value=200+(1+val)*18000; d.color.Q.value=1+(-val)*6; }\n    else if(val>0.03){ d.color.type=\"highpass\"; d.color.frequency.value=20+val*6000; d.color.Q.value=1+val*6; }\n    else { d.color.type=\"allpass\"; d.color.frequency.value=1000; } } }\nfunction applyMaster(k,val){ if(k===\"master\"&&masterGain) masterGain.gain.value=val;\n  else if(k===\"phmix\"&&cueBus) cueBus.gain.value=(1-val)*1.1; }\n\n/* ---------- missions ---------- */\nconst MISSIONS=[\n  {id:\"playA\",t:\"Dê play no Deck A\",h:\"Aperte PLAY no CDJ da esquerda e suba o fader do canal 1.\"},\n  {id:\"cueB\",t:\"Pré-escute o Deck B no fone\",h:\"No mixer, aperte CUE (laranja) do canal 2.\"},\n  {id:\"playB\",t:\"Toque o Deck B (no fone)\",h:\"Dê play no CDJ da direita com o fader do canal 2 embaixo.\"},\n  {id:\"tempo\",t:\"Iguale o BPM do B ao A\",h:\"Puxe o TEMPO do Deck B até 124.0 BPM (Δ BPM = 0.0).\"},\n  {id:\"beatmatch\",t:\"Alinhe a batida (jogwheel)\",h:\"Empurre a jogwheel do B até a barra de FASE centralizar (fica verde).\"},\n  {id:\"eq\",t:\"Troque graves na virada\",h:\"Corte o LOW do canal A e abra o LOW do B, subindo o fader do B.\"},\n  {id:\"fxon\",t:\"Ligue um BEAT FX\",h:\"Escolha ECHO/FILTER e aperte ON/OFF.\"}\n];\nlet mi=0;\nfunction markMission(key){ const m=MISSIONS[mi]; if(m&&m.id===key) completeMission(); }\nfunction completeMission(){ mi++; renderMission(); }\nfunction missionState(id){ const a=decks.A,b=decks.B; if(!a||!b)return false;\n  switch(id){\n    case \"playA\": return a.playing && a.fader.gain.value>0.3;\n    case \"cueB\": return b.pfl.gain.value>0;\n    case \"playB\": return b.playing;\n    case \"tempo\": return Math.abs(a.bpm-b.bpm)<0.2;\n    case \"beatmatch\":{ const pa=(a.abs%16)/16,pb=(b.abs%16)/16; let df=pb-pa; if(df>0.5)df-=1; if(df<-0.5)df+=1;\n      return a.playing&&b.playing&&Math.abs(a.bpm-b.bpm)<0.4&&Math.abs(df)<0.05; }\n    case \"eq\": return a.eqLow.gain.value<-10 && b.eqLow.gain.value>-3 && b.fader.gain.value>0.4;\n    case \"fxon\": return !!fxNode.wet && fxNode.wet.gain.value>0.1;\n  } return false; }\nfunction autoCheckMissions(){ const m=MISSIONS[mi]; if(m && missionState(m.id)) completeMission(); }\nfunction renderMission(){ const m=MISSIONS[mi];\n  if(!m){ $(\"#mIdx\").textContent=\"✓ COMPLETO\"; $(\"#mTitle\").textContent=\"Você mixou como DJ!\"; $(\"#mHint\").textContent=\"Continue: viradas, EQ, loops, hot cues e BEAT FX.\"; $(\"#mOk\").style.display=\"inline\"; return; }\n  $(\"#mIdx\").textContent=\"MISSÃO \"+(mi+1)+\"/\"+MISSIONS.length; $(\"#mTitle\").textContent=m.t; $(\"#mHint\").textContent=m.h; }\nfunction checkTempoMission(){ const m=MISSIONS[mi]; if(m&&m.id===\"tempo\"&&decks.A&&decks.B&&Math.abs(decks.A.bpm-decks.B.bpm)<0.2) completeMission(); }\nfunction checkEqMission(){ const m=MISSIONS[mi]; if(m&&m.id===\"eq\"&&decks.A.eqLow.gain.value<-10&&decks.B.eqLow.gain.value>-3&&decks.B.fader.gain.value>0.4) completeMission(); }\n\n/* ---------- visuals ---------- */\nfunction drawWaveforms(){ [\"A\",\"B\"].forEach(id=>{ const d=decks[id];\n  [[`[data-wf=\"${id}\"]`,0],[`[data-wfz=\"${id}\"]`,1]].forEach(([sel,zoom])=>{ const cv=$(sel); if(!cv)return;\n    const w=cv.width=cv.clientWidth||300, h=cv.height=cv.clientHeight||(zoom?40:74); const ctx=cv.getContext(\"2d\"); ctx.clearRect(0,0,w,h);\n    const bars=zoom?32:120, bw=w/bars;\n    for(let i=0;i<bars;i++){ let s=Math.sin(i*12.9+id.charCodeAt(0))*43758.5; s-=Math.floor(s);\n      const beat=(i%(zoom?4:8))===0; const amp=(0.25+s*0.7)*h;\n      ctx.fillStyle=beat?(id===\"A\"?\"#5bd0ff\":\"#ffa24d\"):(id===\"A\"?\"#2b6fb0\":\"#a86a2a\");\n      ctx.fillRect(i*bw,(h-amp)/2,bw*0.7,amp); }\n    if(zoom){ ctx.fillStyle=\"#fff\"; ctx.fillRect(w/2,0,2,h); }\n    else { const ph=(d.abs%120)/120; ctx.fillStyle=\"#fff\"; ctx.fillRect(ph*w,0,2,h); }\n  }); }); }\nfunction updateMeters(){ [\"A\",\"B\"].forEach(id=>{ const d=decks[id]; if(!d.analyser)return;\n  const buf=new Uint8Array(d.analyser.fftSize); d.analyser.getByteTimeDomainData(buf);\n  let peak=0; for(let i=0;i<buf.length;i++){ const v=Math.abs(buf[i]-128)/128; if(v>peak)peak=v; }\n  const el=$(`[data-meter=\"${id}\"]`); if(el)el.style.height=Math.min(100,peak*140)+\"%\"; }); }\nfunction updatePhase(){ const a=decks.A,b=decks.B; if(!a||!b)return;\n  $(\"#bpmDelta\").textContent=Math.abs(a.bpm-b.bpm).toFixed(1);\n  const pa=(a.abs%16)/16, pb=(b.abs%16)/16; let diff=pb-pa; if(diff>0.5)diff-=1; if(diff<-0.5)diff+=1;\n  const ind=$(\"#phaseInd\"); if(ind)ind.style.left=(50+diff*100)+\"%\";\n  const matched=a.playing&&b.playing&&Math.abs(a.bpm-b.bpm)<0.4&&Math.abs(diff)<0.035;\n  $(\"#phasebar\").classList.toggle(\"good\",matched);\n  const beat=a.abs%4, lamps=$(\"#beatLamps\"); if(lamps){ lamps.innerHTML=\"\"; for(let i=0;i<4;i++){ const s=document.createElement(\"span\"); s.className=\"beat-lamp\"+(i===beat&&a.playing?\" on\":\"\"); lamps.appendChild(s);} }\n  if(matched) markMission(\"beatmatch\"); }\nfunction refreshDeckUI(d){ $(\"#bpm\"+d.id).textContent=d.bpm.toFixed(1);\n  $(\"#pct\"+d.id).textContent=(d.pitch>=0?\"+\":\"\")+d.pitch.toFixed(1)+\"%\"; $(\"#mst\"+d.id).classList.toggle(\"on\",d.mt);\n  const md=decks[window._masterDeck]||decks.A; $(\"#fxBpm\").textContent=md.bpm.toFixed(1)+\" BPM\";\n  if(fxNode.delay) fxNode.delay.delayTime.value=(60/md.bpm)/2; }\n\nfunction drawArt(id){ const cv=$(`[data-art=\"${id}\"]`); if(!cv)return; const ctx=cv.getContext(\"2d\");\n  const c=id===\"A\"?[\"#3a86ff\",\"#0a1a33\"]:[\"#ff7a1a\",\"#331000\"]; const g=ctx.createRadialGradient(40,40,4,40,40,40);\n  g.addColorStop(0,c[0]); g.addColorStop(1,c[1]); ctx.fillStyle=g; ctx.beginPath(); ctx.arc(40,40,40,0,7); ctx.fill();\n  ctx.fillStyle=\"#0009\"; ctx.beginPath(); ctx.arc(40,40,6,0,7); ctx.fill(); }\n\n/* ---------- deck actions ---------- */\nfunction handleDeckAct(id,act,b){ const d=decks[id]; if(!started&&(act===\"play\"||act===\"cue\")) startAudio();\n  switch(act){\n    case \"play\": playDeck(d); break;\n    case \"cue\": cueDeck(d); break;\n    case \"sync\": syncDeck(id,b); break;\n    case \"mt\": d.mt=!d.mt; b.classList.toggle(\"on\",d.mt); refreshDeckUI(d); break;\n    case \"master\": window._masterDeck=id; $$(''.tled[data-act=\"master\"]'').forEach(x=>x.classList.remove(\"on\")); b.classList.add(\"on\"); refreshDeckUI(d); break;\n    case \"beatloop\": d.loopOn=!d.loopOn; d.loopLen=+b.dataset.len; d.loopStartAbs=d.abs; b.classList.toggle(\"on\",d.loopOn); break;\n    case \"reloop\": d.loopOn=true; d.loopStartAbs=d.abs; $(`[data-loops=\"${id}\"] [data-act=\"beatloop\"]`).classList.add(\"on\"); break;\n    case \"cuein\": b.classList.add(\"on\"); setTimeout(()=>b.classList.remove(\"on\"),180); break;\n    case \"cueout\": d.loopOn=false; $(`[data-loops=\"${id}\"] [data-act=\"beatloop\"]`).classList.remove(\"on\"); break;\n  } }\nfunction syncDeck(id,b){ const md=decks[window._masterDeck]||decks.A; const d=decks[id];\n  d.pitch=(md.bpm/d.baseBpm-1)*100; applyTempo(d); if(d._tempoSet)d._tempoSet(d.pitch);\n  d.abs=md.abs; d.step=md.step; d.bar=md.bar; d.next=md.next; b.classList.add(\"on\"); refreshDeckUI(d);\n  checkTempoMission(); markMission(\"beatmatch\"); }\n\n/* ---------- start / loop ---------- */\nfunction startAudio(){ if(started)return; buildGraph(); started=true;\n  $(\"#acDot\").classList.remove(\"off\"); $(\"#acState\").textContent=\"ligado\"; $(\"#btnStart\").textContent=\"● Áudio ligado\";\n  if(AC.resume)AC.resume(); refreshDeckUI(decks.A); refreshDeckUI(decks.B);\n  setInterval(schedule,TICK); }\nfunction frame(){ if(started){ drawWaveforms(); updateMeters(); updatePhase(); autoCheckMissions();\n  [\"A\",\"B\"].forEach(id=>{ const d=decks[id]; const sec=d.playing?(AC.currentTime-d.startTime):0;\n    const el=$(\"#time\"+id); if(el){ const m=Math.floor(sec/60),s=Math.floor(sec%60); el.textContent=String(m).padStart(2,\"0\")+\":\"+String(s).padStart(2,\"0\"); }\n    $(\"#beat\"+id).textContent=(d.abs%4)+1; }); }\n  requestAnimationFrame(frame); }\n\n/* ---------- init ---------- */\nfunction init(){\n  buildPads(); buildChannels(); buildFx(); renderMission();\n  function fit(){ const st=$(\"#stage\"); const scale=Math.min(1,(window.innerWidth-8)/1664); st.style.transform=\"scale(\"+scale+\")\"; }\n  window.addEventListener(\"resize\",fit); fit();\n  drawArt(\"A\"); drawArt(\"B\");\n\n  $$(\".cdj\").forEach(cdj=>{ const id=cdj.dataset.deck;\n    $$(\"[data-act]\",cdj).forEach(b=>b.addEventListener(\"pointerdown\",e=>{ e.preventDefault(); handleDeckAct(id,b.dataset.act,b); })); });\n  [\"A\",\"B\"].forEach(id=>{ bindJog($(`[data-jog=\"${id}\"]`),{get id(){return id},get nudge(){return decks[id]?decks[id].nudge:0},set nudge(v){if(decks[id])decks[id].nudge=v}}); });\n  // NOTE: jog needs live deck; rebind properly after decks exist? decks built on startAudio. Bind lazily:\n  [\"A\",\"B\"].forEach(id=>{ const el=$(`[data-jog=\"${id}\"]`); el.replaceWith(el.cloneNode(true)); });\n  [\"A\",\"B\"].forEach(id=>bindJogLazy(id));\n\n  $$(''.knob[data-ck]'').forEach(el=>bindKnob(el,val=>applyChannel(el.dataset.deck,el.dataset.ck,val)));\n  $$(''.knob[data-knob]'').forEach(el=>bindKnob(el,val=>applyMaster(el.dataset.knob,val)));\n  $$(''.fadc[data-ck=\"fader\"]'').forEach(el=>bindVFader(el,val=>{ const dk=el.dataset.deck; if(dk&&decks[dk])decks[dk].fader.gain.value=val; },0));\n  $$(''.cue-pfl[data-ck=\"cue\"]'').forEach(el=>el.addEventListener(\"pointerdown\",()=>{ const dk=el.dataset.deck; if(!dk)return; if(!started)startAudio();\n    el.classList.toggle(\"on\"); const on=el.classList.contains(\"on\"); decks[dk].pfl.gain.value=on?1:0; if(on)markMission(\"cueB\"); }));\n  bindTempoFaderLazy();\n  bindXFaderLazy();\n  $(\"[data-act=''fxon'']\").addEventListener(\"pointerdown\",()=>{ if(!started)startAudio(); const el=$(\"[data-act=''fxon'']\"); el.classList.toggle(\"on\"); const on=el.classList.contains(\"on\");\n    if(fxNode.wet){ fxNode.wet.gain.setTargetAtTime(on?0.5:0,AC.currentTime,0.05); fxNode.dry.gain.setTargetAtTime(on?0.75:1,AC.currentTime,0.05);} if(on)markMission(\"fxon\"); });\n\n  $(\"#btnStart\").addEventListener(\"pointerdown\",()=>startAudio());\n  $(\"#btnReset\").addEventListener(\"pointerdown\",()=>location.reload());\n  frame();\n}\n// jog/tempo/xfader need decks, which exist only after startAudio(); bind them but read decks lazily inside handlers\nfunction bindJogLazy(id){ const el=$(`[data-jog=\"${id}\"]`); let last=null,drag=false,rot=0;\n  const ang=e=>{ const r=el.getBoundingClientRect(); return Math.atan2(e.clientY-(r.top+r.height/2),e.clientX-(r.left+r.width/2)); };\n  el.addEventListener(\"pointerdown\",e=>{ if(!started)startAudio(); drag=true; last=ang(e); el.setPointerCapture(e.pointerId); e.preventDefault(); });\n  el.addEventListener(\"pointermove\",e=>{ if(!drag)return; let a=ang(e),da=a-last; if(da>Math.PI)da-=2*Math.PI; if(da<-Math.PI)da+=2*Math.PI; last=a;\n    if(decks[id]) decks[id].nudge-=da*0.05; rot+=da; const m=$(`[data-marker=\"${id}\"]`); if(m)m.style.transform=`translate(-50%,0) rotate(${rot}rad)`; markMission(\"jog\"); });\n  el.addEventListener(\"pointerup\",()=>drag=false); el.addEventListener(\"pointercancel\",()=>drag=false); }\nfunction bindTempoFaderLazy(){ [\"A\",\"B\"].forEach(id=>{ const el=$(`[data-tempo=\"${id}\"]`); const cap=el.querySelector(\".cap\"); let pos=0.5; place();\n  function place(){ const h=el.clientHeight; cap.style.top=(6+pos*(h-12))+\"px\"; }\n  function apply(){ if(!started)startAudio(); const d=decks[id]; if(d)setPitch(d,(pos-0.5)*2*d.range); }\n  let drag=false; const move=e=>{ if(!drag)return; const r=el.getBoundingClientRect(); pos=clamp((e.clientY-r.top-6)/(r.height-12),0,1); place(); apply(); };\n  el.addEventListener(\"pointerdown\",e=>{ drag=true; el.setPointerCapture(e.pointerId); move(e); });\n  el.addEventListener(\"pointermove\",move); el.addEventListener(\"pointerup\",()=>drag=false); el.addEventListener(\"pointercancel\",()=>drag=false);\n  el.addEventListener(\"dblclick\",()=>{ pos=0.5; place(); apply(); });\n  window.addEventListener(\"resize\",place); }); }\nfunction bindXFaderLazy(){ const el=$(\"[data-xfader]\"); const cap=el.querySelector(\".cap\"); let x=0.5; place();\n  function place(){ const w=el.clientWidth; cap.style.left=(10+x*(w-20))+\"px\"; apply(); }\n  function apply(){ if(decks.A){ decks.A.xf.gain.value=Math.cos(x*Math.PI/2); decks.B.xf.gain.value=Math.cos((1-x)*Math.PI/2);} }\n  let drag=false; const move=e=>{ if(!drag)return; const r=el.getBoundingClientRect(); x=clamp((e.clientX-r.left-10)/(r.width-20),0,1); place(); };\n  el.addEventListener(\"pointerdown\",e=>{ drag=true; el.setPointerCapture(e.pointerId); move(e); });\n  el.addEventListener(\"pointermove\",move); el.addEventListener(\"pointerup\",()=>drag=false); el.addEventListener(\"pointercancel\",()=>drag=false);\n  el.addEventListener(\"dblclick\",()=>{ x=0.5; place(); }); window.addEventListener(\"resize\",place); }\n\ndocument.addEventListener(\"DOMContentLoaded\",init);\n</script>\n</body>\n</html>\n"}]'::jsonb);

-- AULA 6 (mód 3): Toca-discos e scratch: a técnica do vinil
insert into public.lessons (id,module_id,titulo,tipo,conteudo_rico,duracao_min,ordem,tem_quiz,preview_gratis) values
  ('d1000000-d100-4d00-9000-0000000b0006','d1000000-d100-4d00-9000-0000000a0003','Toca-discos e scratch: a técnica do vinil','texto','<p><strong>O vinil é a raiz da cultura DJ — e o scratch é a sua assinatura.</strong> Mesmo na era digital, dominar o toca-discos separa o DJ completo do apertador de SYNC. Aqui você aprende o setup de vinil e as técnicas de scratch fundamentais, e treina no simulador de dois <strong>Technics SL-1200MK7</strong> com mixer de batalha.</p>
<h3>O toca-discos de referência</h3>
<p>O <strong>Technics SL-1200/1210</strong> é o padrão histórico dos clubes e do turntablism: tração direta (direct drive) com torque alto, prato pesado e estável, e pitch fader preciso. A versão atual é a <strong>MK7</strong>. Alternativas modernas: <strong>Pioneer PLX-1000</strong> (mesma filosofia) e PLX-CRSS12 (com "DVS" sem agulha). Peças-chave:</p>
<ul>
<li><strong>Prato (platter) + slipmat:</strong> o disco gira sobre um feltro (slipmat) que permite segurar o vinil parado enquanto o prato continua girando embaixo — é isso que torna o scratch e o backspin possíveis.</li>
<li><strong>Braço e agulha (cápsula):</strong> lê o sulco. Para scratch usa-se cápsula/agulha específica (ex.: Shure/Ortofon) e ajuste de peso para não pular.</li>
<li><strong>START/STOP:</strong> liga o motor; o direct drive atinge a rotação quase instantaneamente (e para com leve inércia).</li>
<li><strong>Pitch fader:</strong> ajusta a velocidade (±8% típico) — é o beatmatch do vinil, igual ao do CDJ.</li>
<li><strong>33/45 RPM:</strong> a rotação do disco conforme o formato.</li>
</ul>
<h3>O mixer de batalha e o crossfader</h3>
<p>Para scratch, o mixer costuma ser um <strong>battle mixer</strong> (2 canais, ex.: DJM-S7/S11), com o <strong>crossfader</strong> central de curva ajustável. Na curva de <strong>corte</strong> (sharp), um pequeno movimento já liga/desliga o canal — essencial para os cortes rítmicos do scratch. Na curva <strong>suave</strong>, a transição é gradual (para blends).</p>
<h3>Técnicas de scratch fundamentais</h3>
<ul>
<li><strong>Baby scratch:</strong> o mais básico — empurrar o disco para frente e para trás em ritmo, sem tocar no crossfader. É a base de tudo.</li>
<li><strong>Forward / Cut scratch:</strong> empurra para frente com o som aberto e corta (crossfader) na volta, deixando só a ida audível.</li>
<li><strong>Transform:</strong> mantém o disco em movimento e "pica" o som ligando/desligando com o crossfader em ritmo.</li>
<li><strong>Chirp, Flare, Crab:</strong> combinações mais avançadas de mão no disco + dedos no crossfader (evolução natural com prática).</li>
</ul>
<h3>Beatmatch no vinil</h3>
<p>Mesma lógica do CDJ: iguale o BPM pelo <strong>pitch fader</strong> e ajuste a fase <strong>empurrando/segurando o prato</strong> (aqui, literalmente com a mão no disco). O slipmat é o que permite esse controle fino sem parar o motor.</p>
<p><strong>No simulador desta aula:</strong> ligue os decks, arraste o prato do Deck B para arranhar o vocal (o som segue a sua mão, inclusive no reverso), e use o crossfader de corte para transform. Complete as 5 missões: primeiro scratch, baby scratch, transform e soltar no tempo.</p>',26,6,true,false);
insert into public.quizzes (id,lesson_id,titulo) values ('d1000000-d100-4d00-9000-0000000c0006','d1000000-d100-4d00-9000-0000000b0006','Quiz — Toca-discos e scratch');
insert into public.quiz_questions (id,quiz_id,texto,explicacao,ordem,pontos) values ('d1000000-d100-4d00-9000-000000000601','d1000000-d100-4d00-9000-0000000c0006','Qual é o toca-discos de referência histórica do DJ/turntablism?','O Technics SL-1200/1210 (atual MK7): direct drive, torque alto e pitch preciso. PLX-1000 é a alternativa Pioneer.',1,1);
insert into public.quiz_options (question_id,texto,correta,ordem) values ('d1000000-d100-4d00-9000-000000000601','Um toca-CD comum',false,1);
insert into public.quiz_options (question_id,texto,correta,ordem) values ('d1000000-d100-4d00-9000-000000000601','Technics SL-1200/1210 (MK7)',true,2);
insert into public.quiz_options (question_id,texto,correta,ordem) values ('d1000000-d100-4d00-9000-000000000601','Qualquer vitrola antiga',false,3);
insert into public.quiz_options (question_id,texto,correta,ordem) values ('d1000000-d100-4d00-9000-000000000601','Um alto-falante bluetooth',false,4);
insert into public.quiz_questions (id,quiz_id,texto,explicacao,ordem,pontos) values ('d1000000-d100-4d00-9000-000000000602','d1000000-d100-4d00-9000-0000000c0006','Para que serve o slipmat (feltro) sobre o prato?','Permite segurar o vinil parado (ou movê-lo com a mão) enquanto o prato/motor continua girando — base do scratch e do backspin.',2,1);
insert into public.quiz_options (question_id,texto,correta,ordem) values ('d1000000-d100-4d00-9000-000000000602','Só enfeitar',false,1);
insert into public.quiz_options (question_id,texto,correta,ordem) values ('d1000000-d100-4d00-9000-000000000602','Permitir mover/segurar o disco com a mão enquanto o motor gira',true,2);
insert into public.quiz_options (question_id,texto,correta,ordem) values ('d1000000-d100-4d00-9000-000000000602','Aumentar o volume',false,3);
insert into public.quiz_options (question_id,texto,correta,ordem) values ('d1000000-d100-4d00-9000-000000000602','Proteger a agulha do sol',false,4);
insert into public.quiz_questions (id,quiz_id,texto,explicacao,ordem,pontos) values ('d1000000-d100-4d00-9000-000000000603','d1000000-d100-4d00-9000-0000000c0006','O que é o baby scratch?','A técnica base: empurrar o disco para frente e para trás em ritmo, sem usar o crossfader.',3,1);
insert into public.quiz_options (question_id,texto,correta,ordem) values ('d1000000-d100-4d00-9000-000000000603','Cortar o som com o crossfader parado',false,1);
insert into public.quiz_options (question_id,texto,correta,ordem) values ('d1000000-d100-4d00-9000-000000000603','Empurrar o disco para frente e para trás em ritmo (sem crossfader)',true,2);
insert into public.quiz_options (question_id,texto,correta,ordem) values ('d1000000-d100-4d00-9000-000000000603','Aumentar o pitch ao máximo',false,3);
insert into public.quiz_options (question_id,texto,correta,ordem) values ('d1000000-d100-4d00-9000-000000000603','Trocar de música',false,4);
insert into public.quiz_questions (id,quiz_id,texto,explicacao,ordem,pontos) values ('d1000000-d100-4d00-9000-000000000604','d1000000-d100-4d00-9000-0000000c0006','Na curva de CORTE (sharp) do crossfader, o que acontece?','Um pequeno movimento já liga/desliga o canal — essencial para os cortes rítmicos do scratch (ex.: transform).',4,1);
insert into public.quiz_options (question_id,texto,correta,ordem) values ('d1000000-d100-4d00-9000-000000000604','A transição fica bem gradual',false,1);
insert into public.quiz_options (question_id,texto,correta,ordem) values ('d1000000-d100-4d00-9000-000000000604','Um pequeno movimento já liga/desliga o canal (para cortes de scratch)',true,2);
insert into public.quiz_options (question_id,texto,correta,ordem) values ('d1000000-d100-4d00-9000-000000000604','O crossfader deixa de funcionar',false,3);
insert into public.quiz_options (question_id,texto,correta,ordem) values ('d1000000-d100-4d00-9000-000000000604','Muda o BPM',false,4);
insert into public.ai_animations (lesson_id,tipo,status,model,roteiro,urls) values ('d1000000-d100-4d00-9000-0000000b0006','interactive','ready','handcrafted-interactive','{"titulo":"Toca-discos + Scratch — 2× Technics SL-1200MK7","cenas":[{"numero":1,"titulo":"Arranhe no vinil (áudio real)","modo":"widget","narracao":"Dois Technics SL-1200MK7 e um mixer de batalha. Ligue no START/STOP, arraste o prato para arranhar (o som segue a mão, inclusive no reverso) e corte com o crossfader. Complete as 5 missões de scratch.","explicacao_texto":"Simulador fiel de toca-discos com motor de scratch real (read-head por velocidade do prato). Áudio sintetizado: beat no Deck A, vocal no Deck B.","destaques":["Prato arrastável: scratch para frente e reverso","START/STOP com inércia de motor","Pitch fader e crossfader de corte","Baby scratch, forward e transform"]}]}'::jsonb,'[{"html":"<!doctype html>\n<html lang=\"pt-BR\">\n<head>\n<meta charset=\"utf-8\">\n<meta name=\"viewport\" content=\"width=device-width, initial-scale=1, maximum-scale=1, user-scalable=no\">\n<link rel=\"icon\" href=\"data:,\">\n<title>Toca-discos + Scratch — 2× Technics SL-1200MK7 — Simulador fiel (SMU)</title>\n<style>\n  :root{ --ink:#e9eef7; --muted:#8b97a9; --amber:#f4a02a; --orange:#ff7a1a; --green:#37d07a; --red:#e0483f; --cyan:#39c0e6; }\n  *{box-sizing:border-box}\n  html,body{margin:0;height:100%}\n  body{ background:radial-gradient(1200px 700px at 50% -8%,#1b1e23,#0a0b0d 62%),#08090b; color:var(--ink);\n    font-family:\"Inter\",system-ui,-apple-system,\"Segoe UI\",Roboto,sans-serif; -webkit-font-smoothing:antialiased;\n    user-select:none;overflow:hidden; display:flex;align-items:flex-start;justify-content:center; }\n  #stage{transform-origin:top center;flex:0 0 auto}\n  .booth{position:relative;width:1560px;display:flex;flex-direction:column;gap:9px;padding:12px;\n    background:linear-gradient(180deg,#2b2f36,#1f2228 10%,#191b1f 60%,#141518);\n    border:1px solid #0b0c0e;border-radius:16px;box-shadow:0 30px 80px #000b, inset 0 1px 0 #ffffff10, inset 0 -2px 0 #0008;}\n\n  .util{display:flex;align-items:center;gap:8px;flex-wrap:wrap;background:linear-gradient(180deg,#202329,#15171b);border:1px solid #0c0d0f;border-radius:11px;padding:7px 11px}\n  .brand{display:flex;align-items:baseline;gap:9px}\n  .brand b{font-size:17px;letter-spacing:1px;color:#eef2f8}\n  .brand .m{font-size:9.5px;letter-spacing:2px;color:#8a94a4;text-transform:uppercase}\n  .pill{font-size:10.5px;color:var(--muted);background:#0c0e12;border:1px solid #2a2f37;border-radius:16px;padding:4px 9px;display:flex;align-items:center;gap:6px;letter-spacing:.3px;white-space:nowrap}\n  .pill b{color:#fff}\n  .dot{width:8px;height:8px;border-radius:50%;background:var(--green);box-shadow:0 0 8px var(--green)}\n  .dot.off{background:#444;box-shadow:none}\n  .spacer{flex:1}\n  .btnp{font:inherit;font-size:11.5px;font-weight:700;border:0;border-radius:8px;padding:7px 12px;cursor:pointer;color:#07120b;background:linear-gradient(180deg,#5be59a,#27b566)}\n  .btnp.ghost{background:transparent;color:var(--muted);border:1px solid #2a2f37}\n  .mission{display:flex;align-items:center;gap:9px;background:#0c0e12;border:1px solid #2a2f37;border-radius:9px;padding:5px 10px;flex:1 1 380px;min-width:0}\n  .mission .idx{font-size:10px;color:var(--amber);font-weight:800;letter-spacing:1px;white-space:nowrap}\n  .mission .txt{font-size:11.5px;line-height:1.25;min-width:0}\n  .mission .txt b{color:#fff}\n  .mission .txt small{color:var(--muted)}\n  .mission .ok{color:var(--green);font-weight:800;font-size:16px}\n\n  .row{display:grid;grid-template-columns:1fr 300px 1fr;gap:10px;align-items:start}\n\n  /* ===== Technics SL-1200MK7 ===== */\n  .tt{background:linear-gradient(180deg,#3a3d42,#2b2e33 40%,#232529);border:1px solid #0c0d0f;border-radius:14px;padding:14px;position:relative;\n    box-shadow:inset 0 1px 0 #ffffff18, inset 0 -2px 8px #0007}\n  .tt .brandline{display:flex;justify-content:space-between;align-items:center;font-size:9px;letter-spacing:1.5px;color:#aab4c2;margin-bottom:8px}\n  .tt .brandline b{color:#e8edf4;letter-spacing:2px;font-size:11px}\n  .ttmain{display:grid;grid-template-columns:1fr 46px;gap:10px;align-items:center}\n  .platterwrap{position:relative;display:flex;align-items:center;justify-content:center}\n  .platter{width:300px;height:300px;border-radius:50%;position:relative;cursor:grab;touch-action:none;\n    background:radial-gradient(circle at 50% 50%,#111 0 62%,#0a0a0a 62% 100%);\n    border:3px solid #000;box-shadow:0 10px 26px #000b, inset 0 2px 14px #0009}\n  .platter:active{cursor:grabbing}\n  .platter .strobe{position:absolute;inset:2px;border-radius:50%;background:repeating-conic-gradient(#2a2a2a 0 2deg,#0e0e0e 2deg 4deg);opacity:.5}\n  .platter .slip{position:absolute;inset:26px;border-radius:50%;background:radial-gradient(circle at 50% 50%,#1a1a1c 0 70%,#141416 100%);border:1px solid #000;display:flex;align-items:center;justify-content:center;overflow:hidden}\n  .platter .label{position:absolute;inset:96px;border-radius:50%;background:conic-gradient(from 0deg,#c0392b,#7c1d15);border:2px solid #0a0a0a;display:flex;align-items:center;justify-content:center;color:#ffe;font-size:9px;font-weight:800;letter-spacing:1px;text-align:center;overflow:hidden}\n  .platter .spindle{position:absolute;left:50%;top:50%;width:8px;height:8px;background:#ddd;border-radius:50%;transform:translate(-50%,-50%);z-index:3}\n  .platter .mark{position:absolute;left:50%;top:6px;width:4px;height:44px;background:linear-gradient(180deg,#fff,#fff0);transform-origin:50% 144px;transform:translateX(-50%);border-radius:2px;z-index:2}\n  .platter .grabbing-ring{position:absolute;inset:-2px;border-radius:50%;border:2px solid transparent}\n  .platter.touch .grabbing-ring{border-color:var(--cyan);box-shadow:0 0 14px var(--cyan)}\n\n  .ttside{display:flex;flex-direction:column;align-items:center;gap:8px;height:300px;justify-content:center}\n  .pitchbox{display:flex;flex-direction:column;align-items:center;gap:4px}\n  .pitchbox .lbl{font-size:7px;color:#aab4c2;letter-spacing:1px}\n  .fadv{position:relative;width:24px;height:150px;background:linear-gradient(90deg,#111,#26282c,#111);border:1px solid #000;border-radius:6px;touch-action:none;cursor:ns-resize;box-shadow:inset 0 2px 8px #000a}\n  .fadv .cap{position:absolute;left:50%;width:32px;height:15px;transform:translate(-50%,-50%);background:linear-gradient(180deg,#f0f2f5,#b9c0cb);border:1px solid #000;border-radius:3px;box-shadow:0 2px 4px #0009}\n  .fadv .cap::after{content:\"\";position:absolute;left:4px;right:4px;top:50%;height:2px;background:#e2453f;transform:translateY(-50%)}\n  .pitchbox .val{font-size:9px;color:var(--amber);font-variant-numeric:tabular-nums}\n\n  .ttbottom{display:flex;align-items:center;gap:12px;margin-top:12px}\n  .startstop{width:56px;height:56px;border-radius:50%;border:3px solid #111;cursor:pointer;position:relative;\n    background:radial-gradient(circle at 50% 35%,#4a4d53,#2a2c30);box-shadow:0 4px 8px #0008, inset 0 1px 0 #fff2;color:#e8edf4;font-size:8px;font-weight:800;letter-spacing:.5px;display:flex;align-items:center;justify-content:center;text-align:center;line-height:1.1}\n  .startstop.on{box-shadow:0 0 14px var(--green), inset 0 1px 0 #fff3}\n  .startstop .led{position:absolute;top:5px;left:50%;transform:translateX(-50%);width:6px;height:6px;border-radius:50%;background:#3a0f0c}\n  .startstop.on .led{background:var(--green);box-shadow:0 0 8px var(--green)}\n  .speedbtns{display:flex;flex-direction:column;gap:6px}\n  .spd{width:40px;height:24px;border-radius:5px;border:1px solid #0a0b0d;background:#20242b;color:#9fb0c8;font-size:9px;font-weight:800;cursor:pointer;display:flex;align-items:center;justify-content:center}\n  .spd.on{background:var(--amber);color:#111}\n  .target{display:flex;align-items:center;gap:6px;font-size:8px;color:#8a94a4;letter-spacing:.5px;margin-left:auto}\n  .target .t{width:9px;height:9px;border-radius:50%;background:#e0483f;box-shadow:0 0 8px #e0483f}\n  .tonearm{position:absolute;right:16px;top:16px;width:64px;height:64px}\n  .tonearm .base{position:absolute;right:0;top:0;width:22px;height:22px;border-radius:50%;background:radial-gradient(circle at 40% 35%,#cfd4db,#7c828c);border:1px solid #000}\n  .tonearm .arm{position:absolute;right:9px;top:9px;width:60px;height:4px;background:linear-gradient(90deg,#c9ced6,#8a9099);transform-origin:right center;transform:rotate(28deg);border-radius:2px}\n  .tonearm .head{position:absolute;left:-6px;top:-3px;width:12px;height:10px;background:#e8edf4;border-radius:2px}\n\n  /* ===== battle mixer ===== */\n  .mixer{background:linear-gradient(180deg,#202329,#17191d 45%,#121317);border:1px solid #0c0d0f;border-radius:14px;padding:12px 10px;display:flex;flex-direction:column;gap:10px;box-shadow:inset 0 1px 0 #ffffff10, inset 0 -2px 6px #0007}\n  .mixer .mhdr{text-align:center;font-size:9px;letter-spacing:1.5px;color:#7f8aa0}\n  .mixer .mhdr b{color:#cfd7e6;letter-spacing:2px;display:block;font-size:12px}\n  .chpair{display:grid;grid-template-columns:1fr 1fr;gap:12px}\n  .mch{display:flex;flex-direction:column;align-items:center;gap:7px;background:linear-gradient(180deg,#1a1c21,#131519);border:1px solid #0a0b0d;border-radius:9px;padding:9px 6px}\n  .mch .cnum{font-size:10px;font-weight:800;color:#fff}\n  .knob{width:38px;height:38px;border-radius:50%;position:relative;cursor:ns-resize;touch-action:none;background:radial-gradient(circle at 50% 34%,#40454e,#181a1e 72%);border:1px solid #000;box-shadow:0 3px 6px #0008, inset 0 1px 0 #fff2}\n  .knob::after{content:\"\";position:absolute;left:50%;top:5px;width:3px;height:12px;background:#eef2f8;border-radius:2px;transform-origin:50% 14px;transform:translateX(-50%) rotate(var(--pdeg,0deg))}\n  .klabel{font-size:7px;letter-spacing:.5px;color:#8a94a4}\n  .meter{width:9px;height:96px;background:#07090c;border:1px solid #000;border-radius:3px;position:relative;overflow:hidden}\n  .meter i{position:absolute;left:0;right:0;bottom:0;background:linear-gradient(0deg,#37d07a 0 55%,#f4d03a 55% 82%,#e0483f 82% 100%);height:0%}\n  .chbody{display:flex;gap:6px;align-items:flex-end}\n  .fadc{position:relative;width:26px;height:108px;background:linear-gradient(90deg,#0a0b0d,#16181c,#0a0b0d);border:1px solid #000;border-radius:6px;touch-action:none;cursor:ns-resize;box-shadow:inset 0 2px 8px #000a}\n  .fadc .cap{position:absolute;left:50%;width:34px;height:15px;transform:translate(-50%,-50%);background:linear-gradient(180deg,#eef2f8,#aab2bf);border:1px solid #000;border-radius:3px;box-shadow:0 2px 4px #0009}\n  .fadc .cap::after{content:\"\";position:absolute;left:4px;right:4px;top:50%;height:2px;background:#111;transform:translateY(-50%)}\n  .xfbox{background:linear-gradient(180deg,#1a1c21,#131519);border:1px solid #0a0b0d;border-radius:9px;padding:10px 12px;display:flex;flex-direction:column;gap:6px}\n  .xfbox .xlab{display:flex;justify-content:space-between;font-size:10px;font-weight:800;color:#aeb8c8;letter-spacing:1px}\n  .fadx{position:relative;width:100%;height:34px;background:linear-gradient(180deg,#0a0b0d,#16181c,#0a0b0d);border:1px solid #000;border-radius:6px;touch-action:none;cursor:ew-resize;box-shadow:inset 0 2px 8px #000a}\n  .fadx .cap{position:absolute;top:50%;width:22px;height:46px;transform:translate(-50%,-50%);background:linear-gradient(180deg,#eef2f8,#aab2bf);border:1px solid #000;border-radius:4px;box-shadow:0 2px 5px #0009}\n  .fadx .cap::after{content:\"\";position:absolute;top:5px;bottom:5px;left:50%;width:2px;background:#111;transform:translateX(-50%)}\n  .curve{display:flex;gap:6px;justify-content:center;font-size:8px;color:#8a94a4}\n  .curve span{cursor:pointer;border:1px solid #2a2f37;border-radius:4px;padding:3px 6px}\n  .curve span.on{background:var(--cyan);color:#04121a;border-color:var(--cyan)}\n\n  .coach{background:#0c0e12;border:1px solid #223;border-radius:10px;padding:9px 12px;font-size:11.5px;line-height:1.4;color:#c7d0de}\n  .coach b{color:#fff}.coach .k{color:var(--amber);font-weight:800}\n</style>\n</head>\n<body>\n<div id=\"stage\">\n<div class=\"booth\">\n\n  <div class=\"util\">\n    <div class=\"brand\"><b>SMU</b><span class=\"m\">PRO • VINIL & SCRATCH</span></div>\n    <span class=\"pill\"><span class=\"dot off\" id=\"acDot\"></span> Áudio <b id=\"acState\">clique em Ligar</b></span>\n    <div class=\"mission\">\n      <span class=\"idx\" id=\"mIdx\">MISSÃO 1/5</span>\n      <div class=\"txt\"><b id=\"mTitle\">Ligue o Deck A (START/STOP)</b><br><small id=\"mHint\">O prato gira e o beat começa a tocar.</small></div>\n      <span class=\"ok\" id=\"mOk\" style=\"display:none\">✓</span>\n    </div>\n    <span class=\"spacer\"></span>\n    <button class=\"btnp ghost\" id=\"btnReset\">Reiniciar</button>\n    <button class=\"btnp\" id=\"btnStart\">▶ Ligar áudio</button>\n  </div>\n\n  <div class=\"row\">\n    <!-- TT A -->\n    <div class=\"tt\" data-deck=\"A\">\n      <div class=\"brandline\"><b>Technics</b><span>SL-1200MK7 · DECK A (BEAT)</span></div>\n      <div class=\"tonearm\"><div class=\"arm\"></div><div class=\"base\"></div><div class=\"head\"></div></div>\n      <div class=\"ttmain\">\n        <div class=\"platterwrap\">\n          <div class=\"platter\" data-platter=\"A\">\n            <div class=\"strobe\"></div><div class=\"slip\"></div>\n            <div class=\"mark\" data-mark=\"A\"></div>\n            <div class=\"label\">BEAT<br>LOOP</div><div class=\"spindle\"></div>\n            <div class=\"grabbing-ring\"></div>\n          </div>\n        </div>\n        <div class=\"ttside\">\n          <div class=\"pitchbox\"><div class=\"lbl\">PITCH</div>\n            <div class=\"fadv\" data-pitch=\"A\"><div class=\"cap\"></div></div>\n            <div class=\"val\" data-pval=\"A\">0.0%</div></div>\n        </div>\n      </div>\n      <div class=\"ttbottom\">\n        <div class=\"startstop\" data-act=\"startstop\"><span class=\"led\"></span>START<br>STOP</div>\n        <div class=\"speedbtns\"><div class=\"spd on\" data-spd=\"33\">33</div><div class=\"spd\" data-spd=\"45\">45</div></div>\n        <div class=\"target\"><span class=\"t\"></span>TARGET</div>\n      </div>\n    </div>\n\n    <!-- battle mixer -->\n    <div class=\"mixer\">\n      <div class=\"mhdr\"><b>BATTLE MIXER</b>2 CANAIS</div>\n      <div class=\"chpair\">\n        <div class=\"mch\"><div class=\"cnum\">1 · A</div>\n          <div class=\"knob\" data-knob=\"trimA\" data-min=\"0\" data-max=\"1.6\" data-val=\"0.9\"></div><div class=\"klabel\">TRIM</div>\n          <div class=\"chbody\"><div class=\"meter\"><i data-meter=\"A\"></i></div>\n            <div class=\"fadc\" data-fader=\"A\"><div class=\"cap\"></div></div></div></div>\n        <div class=\"mch\"><div class=\"cnum\">2 · B</div>\n          <div class=\"knob\" data-knob=\"trimB\" data-min=\"0\" data-max=\"1.6\" data-val=\"0.9\"></div><div class=\"klabel\">TRIM</div>\n          <div class=\"chbody\"><div class=\"meter\"><i data-meter=\"B\"></i></div>\n            <div class=\"fadc\" data-fader=\"B\"><div class=\"cap\"></div></div></div></div>\n      </div>\n      <div class=\"xfbox\">\n        <div class=\"xlab\"><span>A</span><span style=\"color:#6b7488;letter-spacing:2px;font-size:7px\">CROSSFADER</span><span>B</span></div>\n        <div class=\"fadx\" data-xfader><div class=\"cap\"></div></div>\n        <div class=\"curve\"><span data-curve=\"smooth\">SUAVE</span><span class=\"on\" data-curve=\"sharp\">CORTE (scratch)</span></div>\n      </div>\n    </div>\n\n    <!-- TT B -->\n    <div class=\"tt\" data-deck=\"B\">\n      <div class=\"brandline\"><b>Technics</b><span>SL-1200MK7 · DECK B (SCRATCH)</span></div>\n      <div class=\"tonearm\"><div class=\"arm\"></div><div class=\"base\"></div><div class=\"head\"></div></div>\n      <div class=\"ttmain\">\n        <div class=\"platterwrap\">\n          <div class=\"platter\" data-platter=\"B\">\n            <div class=\"strobe\"></div><div class=\"slip\"></div>\n            <div class=\"mark\" data-mark=\"B\"></div>\n            <div class=\"label\">FRESH!<br>VOCAL</div><div class=\"spindle\"></div>\n            <div class=\"grabbing-ring\"></div>\n          </div>\n        </div>\n        <div class=\"ttside\">\n          <div class=\"pitchbox\"><div class=\"lbl\">PITCH</div>\n            <div class=\"fadv\" data-pitch=\"B\"><div class=\"cap\"></div></div>\n            <div class=\"val\" data-pval=\"B\">0.0%</div></div>\n        </div>\n      </div>\n      <div class=\"ttbottom\">\n        <div class=\"startstop\" data-act=\"startstop\"><span class=\"led\"></span>START<br>STOP</div>\n        <div class=\"speedbtns\"><div class=\"spd on\" data-spd=\"33\">33</div><div class=\"spd\" data-spd=\"45\">45</div></div>\n        <div class=\"target\"><span class=\"t\"></span>TARGET</div>\n      </div>\n    </div>\n  </div>\n\n  <div class=\"coach\">\n    <b>Toca-discos de batalha.</b> Ligue os decks no <span class=\"k\">START/STOP</span>. O Deck A toca um beat; o Deck B tem um vocal para arranhar. <b>Arraste o prato</b> para frente/trás — o som acompanha a mão (e vai ao contrário no reverso), como no vinil real. Combine com o <span class=\"k\">crossfader</span> de corte para as viradas de scratch: <em>baby scratch</em> (vai-e-volta), <em>forward</em> e <em>transform</em> (cortar com o crossfader). Solte o prato para o motor retomar.\n  </div>\n</div>\n</div>\n\n<script>\n\"use strict\";\nconst $=(s,r=document)=>r.querySelector(s);\nconst $$=(s,r=document)=>[...r.querySelectorAll(s)];\nconst clamp=(v,a,b)=>Math.max(a,Math.min(b,v));\n\nlet AC=null, started=false, xfCurve=\"sharp\";\nconst decks={};\n\n/* ---------- audio graph ---------- */\nfunction buildGraph(){\n  AC=new (window.AudioContext||window.webkitAudioContext)();\n  const master=AC.createGain(); master.gain.value=0.9;\n  const comp=AC.createDynamicsCompressor(); comp.threshold.value=-6; comp.ratio.value=3;\n  master.connect(comp); comp.connect(AC.destination);\n  decks.master=master;\n}\n\n/* ---------- synth buffers ---------- */\nfunction makeVocal(sr){ const dur=1.15, n=Math.floor(sr*dur); const buf=AC.createBuffer(1,n,sr); const d=buf.getChannelData(0);\n  for(let i=0;i<n;i++){ const t=i/sr; const f=150*(1+0.9*(t/dur)); // pitch glide up (yeah/ahh)\n    let s=0; const amps=[1,0.6,0.75,0.35,0.18,0.1];\n    amps.forEach((a,k)=>{ s+=a*Math.sin(2*Math.PI*f*(k+1)*t); });\n    const env=Math.min(1,t*25)*Math.exp(-t*1.4)+0.05*Math.min(1,t*25)*Math.exp(-t*0.4);\n    d[i]=Math.tanh(s*env*0.5)*0.5; }\n  return buf; }\n\nasync function renderDrumLoop(sr){\n  const bpm=95, spb=60/bpm, bars=2, dur=spb*4*bars, n=Math.ceil(dur*sr);\n  const off=new OfflineAudioContext(1,n,sr); const dst=off.destination;\n  const noise=off.createBuffer(1,sr*0.4,sr); const nd=noise.getChannelData(0);\n  for(let i=0;i<nd.length;i++)nd[i]=Math.random()*2-1;\n  const step=spb/4; // 16th\n  const K=[1,0,0,0,1,0,0,0,1,0,0,0,1,0,0,0], S=[0,0,0,0,1,0,0,0,0,0,0,0,1,0,0,0],\n        H=[1,0,1,0,1,0,1,0,1,0,1,0,1,0,1,0], B=[1,0,0,1,0,0,1,0,1,0,0,1,0,0,1,0];\n  function kick(t){ const o=off.createOscillator(),a=off.createGain(); o.frequency.setValueAtTime(150,t); o.frequency.exponentialRampToValueAtTime(48,t+0.12); a.gain.setValueAtTime(1,t); a.gain.exponentialRampToValueAtTime(0.001,t+0.3); o.connect(a); a.connect(dst); o.start(t); o.stop(t+0.32); }\n  function snare(t){ const s=off.createBufferSource(); s.buffer=noise; const bp=off.createBiquadFilter(); bp.type=\"bandpass\"; bp.frequency.value=1800; const a=off.createGain(); a.gain.setValueAtTime(0.8,t); a.gain.exponentialRampToValueAtTime(0.001,t+0.16); s.connect(bp); bp.connect(a); a.connect(dst); s.start(t); s.stop(t+0.18); }\n  function hat(t){ const s=off.createBufferSource(); s.buffer=noise; const hp=off.createBiquadFilter(); hp.type=\"highpass\"; hp.frequency.value=8000; const a=off.createGain(); a.gain.setValueAtTime(0.35,t); a.gain.exponentialRampToValueAtTime(0.001,t+0.04); s.connect(hp); hp.connect(a); a.connect(dst); s.start(t); s.stop(t+0.06); }\n  function bass(t){ const o=off.createOscillator(); o.type=\"sawtooth\"; o.frequency.value=70; const lp=off.createBiquadFilter(); lp.type=\"lowpass\"; lp.frequency.setValueAtTime(500,t); lp.frequency.exponentialRampToValueAtTime(120,t+0.16); const a=off.createGain(); a.gain.setValueAtTime(0.0001,t); a.gain.linearRampToValueAtTime(0.5,t+0.01); a.gain.exponentialRampToValueAtTime(0.001,t+0.2); o.connect(lp); lp.connect(a); a.connect(dst); o.start(t); o.stop(t+0.22); }\n  for(let bar=0;bar<bars;bar++) for(let s=0;s<16;s++){ const t=(bar*16+s)*step; if(K[s])kick(t); if(S[s])snare(t); if(H[s])hat(t); if(B[s])bass(t); }\n  return await off.startRendering();\n}\n\n/* ---------- scratch deck (ScriptProcessor read-head) ---------- */\nfunction makeDeck(id,buffer){\n  const d={ id, data:buffer.getChannelData(0), len:buffer.length, pos:0, prevPos:0, rate:0,\n    playing:false, pitch:0, spd:33, touching:false, targetPos:0,\n    // scratch/beatmatch analysis\n    lastDir:0, revCount:0, revTimer:0 };\n  d.trim=AC.createGain(); d.trim.gain.value=0.9;\n  d.fader=AC.createGain(); d.fader.gain.value=0.85;\n  d.xf=AC.createGain(); d.xf.gain.value=1;\n  d.analyser=AC.createAnalyser(); d.analyser.fftSize=256;\n  const sp=AC.createScriptProcessor(512,0,1); d.sp=sp;\n  sp.onaudioprocess=e=>{\n    const out=e.outputBuffer.getChannelData(0), data=d.data, len=d.len;\n    for(let i=0;i<out.length;i++){\n      if(d.touching){ const np=d.pos+(d.targetPos-d.pos)*0.0025; d.rate=np-d.pos; d.pos=np; }\n      else { const target=d.playing?(1+d.pitch/100)*(d.spd===45?1.35:1):0; d.rate+=(target-d.rate)*0.0022; d.pos+=d.rate; }\n      // wrap\n      if(d.pos>=len)d.pos-=len; else if(d.pos<0)d.pos+=len;\n      let i0=Math.floor(d.pos); const frac=d.pos-i0; i0=((i0%len)+len)%len; const i1=(i0+1)%len;\n      out[i]=data[i0]*(1-frac)+data[i1]*frac;\n    }\n  };\n  // routing: sp → trim → fader → xf → analyser + master\n  sp.connect(d.trim); d.trim.connect(d.fader); d.fader.connect(d.xf);\n  d.xf.connect(decks.master); d.xf.connect(d.analyser);\n  return d;\n}\n\n/* ---------- platter interaction ---------- */\nconst SPR_SCRATCH = ()=>0; // set per deck below\nfunction bindPlatter(el,id){\n  let last=null, active=false;\n  const spr=()=>{ const d=decks[id]; return d? d.len/(2*Math.PI*1.6) : 6000; }; // samples por radiano (~1.6 volta = buffer todo)\n  const ang=e=>{ const r=el.getBoundingClientRect(); return Math.atan2(e.clientY-(r.top+r.height/2),e.clientX-(r.left+r.width/2)); };\n  el.addEventListener(\"pointerdown\",e=>{ if(!started)startAudio(); const d=decks[id]; if(!d)return;\n    active=true; last=ang(e); d.touching=true; d.targetPos=d.pos; d.lastDir=0; el.classList.add(\"touch\"); el.setPointerCapture(e.pointerId); e.preventDefault();\n    markScratchStart(id); });\n  el.addEventListener(\"pointermove\",e=>{ if(!active)return; const d=decks[id]; if(!d)return;\n    let a=ang(e), da=a-last; if(da>Math.PI)da-=2*Math.PI; if(da<-Math.PI)da+=2*Math.PI; last=a;\n    d.targetPos += da*spr();\n    // visual mark\n    d.markAngle=(d.markAngle||0)+da; const m=$(`[data-mark=\"${id}\"]`); if(m)m.style.transform=`translateX(-50%) rotate(${d.markAngle}rad)`;\n    // reversal detection for baby scratch\n    const dir=Math.sign(da); if(dir!==0){ if(d.lastDir!==0 && dir!==d.lastDir){ d.revCount++; checkBaby(id); } d.lastDir=dir; }\n  });\n  const end=()=>{ if(!active)return; active=false; const d=decks[id]; if(d){ d.touching=false; } el.classList.remove(\"touch\"); markRelease(id); };\n  el.addEventListener(\"pointerup\",end); el.addEventListener(\"pointercancel\",end);\n}\n\n/* platter spin visual */\nfunction spinFrame(){ [\"A\",\"B\"].forEach(id=>{ const d=decks[id]; if(!d||d.touching)return;\n  if(Math.abs(d.rate)>0.001){ d.markAngle=(d.markAngle||0)+d.rate/ (d.len/(2*Math.PI*1.6)); const m=$(`[data-mark=\"${id}\"]`); if(m)m.style.transform=`translateX(-50%) rotate(${d.markAngle}rad)`; } });\n  requestAnimationFrame(spinFrame); }\n\n/* ---------- knobs & faders ---------- */\nfunction setKnob(el,val){ const min=+el.dataset.min,max=+el.dataset.max; el.style.setProperty(\"--pdeg\",(-140+(val-min)/(max-min)*280)+\"deg\"); el.dataset.val=val; }\nfunction bindKnob(el,cb){ const min=+el.dataset.min,max=+el.dataset.max; let v=+el.dataset.val; setKnob(el,v); cb&&cb(v);\n  let sy,sv,drag=false;\n  el.addEventListener(\"pointerdown\",e=>{drag=true;sy=e.clientY;sv=v;el.setPointerCapture(e.pointerId);e.preventDefault();});\n  el.addEventListener(\"pointermove\",e=>{if(!drag)return;v=clamp(sv+(sy-e.clientY)/140*(max-min),min,max);setKnob(el,v);cb&&cb(v);});\n  el.addEventListener(\"pointerup\",()=>drag=false); el.addEventListener(\"pointercancel\",()=>drag=false);\n  el.addEventListener(\"dblclick\",()=>{v=(min<0&&max>0)?0:(min+max)/2;setKnob(el,v);cb&&cb(v);}); }\nfunction bindVFader(el,cb,init){ const cap=el.querySelector(\".cap\"); let v=init; place();\n  function place(){ const h=el.clientHeight; cap.style.top=(6+(1-v)*(h-12))+\"px\"; }\n  cb&&cb(v); let drag=false;\n  const mv=e=>{ if(!drag)return; const r=el.getBoundingClientRect(); v=1-clamp((e.clientY-r.top-6)/(r.height-12),0,1); place(); cb&&cb(v); };\n  el.addEventListener(\"pointerdown\",e=>{drag=true;el.setPointerCapture(e.pointerId);mv(e);});\n  el.addEventListener(\"pointermove\",mv); el.addEventListener(\"pointerup\",()=>drag=false); el.addEventListener(\"pointercancel\",()=>drag=false);\n  window.addEventListener(\"resize\",place); }\nfunction bindPitch(el,id){ const cap=el.querySelector(\".cap\"); let pos=0.5; place();\n  function place(){ const h=el.clientHeight; cap.style.top=(6+pos*(h-12))+\"px\"; }\n  function apply(){ const d=decks[id]; const pct=-(pos-0.5)*2*8; if(d)d.pitch=pct; $(`[data-pval=\"${id}\"]`).textContent=(pct>=0?\"+\":\"\")+pct.toFixed(1)+\"%\"; }\n  let drag=false; const mv=e=>{ if(!drag)return; const r=el.getBoundingClientRect(); pos=clamp((e.clientY-r.top-6)/(r.height-12),0,1); place(); apply(); };\n  el.addEventListener(\"pointerdown\",e=>{if(!started)startAudio();drag=true;el.setPointerCapture(e.pointerId);mv(e);});\n  el.addEventListener(\"pointermove\",mv); el.addEventListener(\"pointerup\",()=>drag=false); el.addEventListener(\"pointercancel\",()=>drag=false);\n  el.addEventListener(\"dblclick\",()=>{pos=0.5;place();apply();}); window.addEventListener(\"resize\",place); apply(); }\nfunction bindXFader(el){ const cap=el.querySelector(\".cap\"); let x=0.5; let lastSide=0; place();\n  function place(){ const w=el.clientWidth; cap.style.left=(11+x*(w-22))+\"px\"; apply(); }\n  function apply(){ let ga,gb;\n    if(xfCurve===\"sharp\"){ ga=clamp((1-x)/0.14,0,1); gb=clamp(x/0.14,0,1); }\n    else { ga=Math.cos(x*Math.PI/2); gb=Math.cos((1-x)*Math.PI/2); }\n    if(decks.A)decks.A.xf.gain.value=ga; if(decks.B)decks.B.xf.gain.value=gb;\n    // transform detection: count B on/off crossings\n    const side = gb>0.7?1 : (gb<0.15?-1:0);\n    if(side!==0 && side!==lastSide && lastSide!==0){ transformCount++; checkTransform(); } if(side!==0) lastSide=side;\n  }\n  let drag=false; const mv=e=>{ if(!drag)return; const r=el.getBoundingClientRect(); x=clamp((e.clientX-r.left-11)/(r.width-22),0,1); place(); };\n  el.addEventListener(\"pointerdown\",e=>{drag=true;el.setPointerCapture(e.pointerId);mv(e);});\n  el.addEventListener(\"pointermove\",mv); el.addEventListener(\"pointerup\",()=>drag=false); el.addEventListener(\"pointercancel\",()=>drag=false);\n  el.addEventListener(\"dblclick\",()=>{x=0.5;place();}); window.addEventListener(\"resize\",place); }\n\n/* ---------- start/stop ---------- */\nfunction startStop(id,btn){ if(!started)startAudio(); const d=decks[id]; if(!d)return;\n  d.playing=!d.playing; btn.classList.toggle(\"on\",d.playing);\n  if(d.playing&&id===\"A\") markMission(\"startA\"); }\n\n/* ---------- missions ---------- */\nconst MISSIONS=[\n  {id:\"startA\",t:\"Ligue o Deck A (START/STOP)\",h:\"O prato gira e o beat começa a tocar.\"},\n  {id:\"scratchB\",t:\"Arraste o prato do Deck B\",h:\"Toque no prato do B e gire — o vocal acompanha a mão.\"},\n  {id:\"baby\",t:\"Baby scratch no Deck B\",h:\"Vai-e-volta no prato do B (4 mudanças de direção).\"},\n  {id:\"transform\",t:\"Transform com o crossfader\",h:\"Segure o prato do B e corte o som com o crossfader (4 cortes).\"},\n  {id:\"release\",t:\"Solte no tempo (drop)\",h:\"Solte o prato do B para o motor retomar em cima do beat.\"}\n];\nlet mi=0, transformCount=0;\nfunction renderMission(){ const m=MISSIONS[mi];\n  if(!m){ $(\"#mIdx\").textContent=\"✓ COMPLETO\"; $(\"#mTitle\").textContent=\"Você arranhou como DJ!\"; $(\"#mHint\").textContent=\"Treine: baby, forward, chirp e transform, sempre no tempo do beat.\"; $(\"#mOk\").style.display=\"inline\"; return; }\n  $(\"#mIdx\").textContent=\"MISSÃO \"+(mi+1)+\"/\"+MISSIONS.length; $(\"#mTitle\").textContent=m.t; $(\"#mHint\").textContent=m.h; }\nfunction markMission(key){ const m=MISSIONS[mi]; if(m&&m.id===key){ mi++; renderMission(); } }\nfunction markScratchStart(id){ if(id===\"B\") markMission(\"scratchB\"); }\nfunction checkBaby(id){ const d=decks[id]; if(id===\"B\"&&d.revCount>=4) markMission(\"baby\"); }\nfunction checkTransform(){ if(transformCount>=4) markMission(\"transform\"); }\nfunction markRelease(id){ if(id===\"B\"&&decks.B.playing) markMission(\"release\"); }\n\n/* ---------- meters ---------- */\nfunction meters(){ if(started){ [\"A\",\"B\"].forEach(id=>{ const d=decks[id]; if(!d)return; const buf=new Uint8Array(d.analyser.fftSize); d.analyser.getByteTimeDomainData(buf);\n  let pk=0; for(const v of buf){ const x=Math.abs(v-128)/128; if(x>pk)pk=x; } const el=$(`[data-meter=\"${id}\"]`); if(el)el.style.height=Math.min(100,pk*140)+\"%\"; }); }\n  requestAnimationFrame(meters); }\n\n/* ---------- start ---------- */\nasync function startAudio(){ if(started)return; started=true; buildGraph();\n  $(\"#acDot\").classList.remove(\"off\"); $(\"#acState\").textContent=\"carregando…\";\n  const drum=await renderDrumLoop(AC.sampleRate); const vocal=makeVocal(AC.sampleRate);\n  decks.A=makeDeck(\"A\",drum); decks.B=makeDeck(\"B\",vocal);\n  // wire faders/trims now that decks exist\n  $$(''.fadc[data-fader]'').forEach(el=>{ const id=el.dataset.fader; bindVFader(el,v=>{ if(decks[id])decks[id].fader.gain.value=v; },0.85); });\n  $$(''.knob[data-knob]'').forEach(el=>{ const k=el.dataset.knob, id=k.slice(-1); if(decks[id])decks[id].trim.gain.value=+el.dataset.val; });\n  $(\"#acState\").textContent=\"ligado\"; $(\"#btnStart\").textContent=\"● Áudio ligado\";\n  if(AC.resume)AC.resume();\n}\n\n/* ---------- init ---------- */\nfunction init(){\n  renderMission();\n  function fit(){ const s=Math.min(1,(window.innerWidth-8)/1584); $(\"#stage\").style.transform=\"scale(\"+s+\")\"; }\n  window.addEventListener(\"resize\",fit); fit();\n  [\"A\",\"B\"].forEach(id=>{ bindPlatter($(`[data-platter=\"${id}\"]`),id); bindPitch($(`[data-pitch=\"${id}\"]`),id); });\n  $$(''.tt'').forEach(tt=>{ const id=tt.dataset.deck;\n    $(\".startstop\",tt).addEventListener(\"pointerdown\",e=>{e.preventDefault();startStop(id,$(\".startstop\",tt));});\n    $$(\".spd\",tt).forEach(b=>b.addEventListener(\"pointerdown\",()=>{ $$(\".spd\",tt).forEach(x=>x.classList.remove(\"on\")); b.classList.add(\"on\"); if(decks[id])decks[id].spd=+b.dataset.spd; })); });\n  // knobs (visual immediately; audio applied after decks exist)\n  $$(''.knob[data-knob]'').forEach(el=>bindKnob(el,v=>{ const id=el.dataset.knob.slice(-1); if(decks[id])decks[id].trim.gain.value=v; }));\n  bindXFader($(\"[data-xfader]\"));\n  $$(''.curve span'').forEach(s=>s.addEventListener(\"pointerdown\",()=>{ $$(''.curve span'').forEach(x=>x.classList.remove(\"on\")); s.classList.add(\"on\"); xfCurve=s.dataset.curve; }));\n  $(\"#btnStart\").addEventListener(\"pointerdown\",()=>startAudio());\n  $(\"#btnReset\").addEventListener(\"pointerdown\",()=>location.reload());\n  spinFrame(); meters();\n}\ndocument.addEventListener(\"DOMContentLoaded\",init);\n</script>\n</body>\n</html>\n"}]'::jsonb);

-- AULA 7 (mód 1): O formato all-in-one (Pioneer XDJ-RX3)
insert into public.lessons (id,module_id,titulo,tipo,conteudo_rico,duracao_min,ordem,tem_quiz,preview_gratis) values
  ('d1000000-d100-4d00-9000-0000000b0007','d1000000-d100-4d00-9000-0000000a0001','O formato all-in-one (Pioneer XDJ-RX3)','texto','<p><strong>Nem todo mundo começa direto no clube.</strong> Muitos DJs treinam e tocam em <strong>controladoras all-in-one</strong> — 2 (ou 4) decks, mixer e tela num corpo só, sem precisar de players e mixer separados. A boa notícia: <strong>os conceitos são exatamente os mesmos</strong> da cabine profissional. Quem aprende no all-in-one chega no clube e reconhece tudo.</p>
<h3>O que é um all-in-one</h3>
<p>É um equipamento integrado que junta players + mixer. Toca direto de USB (ou de um software como rekordbox/Serato) sem computador obrigatório. Referências: <strong>Pioneer XDJ-RX3</strong> e XDJ-AZ, <strong>Denon Prime 4+</strong> (4 decks), Denon SC Live. É o formato de casa, bar e festas menores.</p>
<h3>Por que os conceitos transferem</h3>
<ul>
<li><strong>Decks:</strong> jog, PLAY/CUE, pitch, hot cues e loops — iguais aos do CDJ.</li>
<li><strong>Mixer:</strong> TRIM, EQ de 3 bandas, COLOR (filtro), CUE (fone) e crossfader — igual ao DJM.</li>
<li><strong>Tela central:</strong> mostra as duas músicas (waveforms), BPM, tom e a grade — como duas telas de CDJ lado a lado.</li>
<li><strong>Fluxo de mixagem:</strong> beatmatch (BPM + fase), pré-escuta no fone, troca de graves na virada e BEAT FX — passo a passo idêntico.</li>
</ul>
<h3>All-in-one x cabine de clube</h3>
<p>A diferença é física, não conceitual: no clube os players e o mixer são peças separadas (padrão porque cada casa monta o seu). Praticar no all-in-one <strong>constrói a mesma memória muscular</strong>; quando você chegar num setup de 2 CDJ + DJM, só muda a distância entre as mãos. Por isso este curso treina os dois formatos.</p>
<p><strong>No simulador desta aula:</strong> é o XDJ-RX3 completo. Repita o fluxo que você já treinou: play no Deck 1, cue do Deck 2 no fone, iguale o BPM, alinhe a fase, troque os graves e ligue um BEAT FX. Note como é o mesmo jogo da cabine — só num corpo só.</p>',18,7,true,false);
insert into public.quizzes (id,lesson_id,titulo) values ('d1000000-d100-4d00-9000-0000000c0007','d1000000-d100-4d00-9000-0000000b0007','Quiz — All-in-one (XDJ-RX3)');
insert into public.quiz_questions (id,quiz_id,texto,explicacao,ordem,pontos) values ('d1000000-d100-4d00-9000-000000000701','d1000000-d100-4d00-9000-0000000c0007','O que é uma controladora all-in-one?','Um equipamento integrado que junta players + mixer num corpo só, tocando direto de USB/software, sem computador obrigatório.',1,1);
insert into public.quiz_options (question_id,texto,correta,ordem) values ('d1000000-d100-4d00-9000-000000000701','Só um mixer avulso',false,1);
insert into public.quiz_options (question_id,texto,correta,ordem) values ('d1000000-d100-4d00-9000-000000000701','Um equipamento que junta players + mixer num corpo só',true,2);
insert into public.quiz_options (question_id,texto,correta,ordem) values ('d1000000-d100-4d00-9000-000000000701','Um par de caixas de som',false,3);
insert into public.quiz_options (question_id,texto,correta,ordem) values ('d1000000-d100-4d00-9000-000000000701','Um software de gravação',false,4);
insert into public.quiz_questions (id,quiz_id,texto,explicacao,ordem,pontos) values ('d1000000-d100-4d00-9000-000000000702','d1000000-d100-4d00-9000-0000000c0007','Os conceitos de mixagem do all-in-one, comparados aos da cabine de clube, são:','Os mesmos — beatmatch, EQ, cue, crossfader e FX funcionam igual. Muda só a forma física (integrado x peças separadas).',2,1);
insert into public.quiz_options (question_id,texto,correta,ordem) values ('d1000000-d100-4d00-9000-000000000702','Totalmente diferentes',false,1);
insert into public.quiz_options (question_id,texto,correta,ordem) values ('d1000000-d100-4d00-9000-000000000702','Exatamente os mesmos (muda só a forma física)',true,2);
insert into public.quiz_options (question_id,texto,correta,ordem) values ('d1000000-d100-4d00-9000-000000000702','Mais fáceis por não ter EQ',false,3);
insert into public.quiz_options (question_id,texto,correta,ordem) values ('d1000000-d100-4d00-9000-000000000702','Só servem para gravar',false,4);
insert into public.quiz_questions (id,quiz_id,texto,explicacao,ordem,pontos) values ('d1000000-d100-4d00-9000-000000000703','d1000000-d100-4d00-9000-0000000c0007','Cite uma referência de all-in-one profissional:','Pioneer XDJ-RX3/XDJ-AZ e Denon Prime 4+ são exemplos comuns de all-in-one.',3,1);
insert into public.quiz_options (question_id,texto,correta,ordem) values ('d1000000-d100-4d00-9000-000000000703','Technics SL-1200',false,1);
insert into public.quiz_options (question_id,texto,correta,ordem) values ('d1000000-d100-4d00-9000-000000000703','Pioneer XDJ-RX3 / Denon Prime 4+',true,2);
insert into public.quiz_options (question_id,texto,correta,ordem) values ('d1000000-d100-4d00-9000-000000000703','DJM-A9 sozinho',false,3);
insert into public.quiz_options (question_id,texto,correta,ordem) values ('d1000000-d100-4d00-9000-000000000703','Um CDJ isolado',false,4);
insert into public.ai_animations (lesson_id,tipo,status,model,roteiro,urls) values ('d1000000-d100-4d00-9000-0000000b0007','interactive','ready','handcrafted-interactive','{"titulo":"Pioneer XDJ-RX3 — All-in-One","cenas":[{"numero":1,"titulo":"Mixe no all-in-one (áudio real)","modo":"widget","narracao":"Controladora all-in-one: 2 decks + mixer + tela central num corpo só. Mesmos conceitos da cabine: toque, pré-escute no fone, case BPM e fase, troque graves e faça a virada. Complete as 7 missões.","explicacao_texto":"Simulador fiel do XDJ-RX3 (formato de casa/entrada). Mesmo motor de áudio da cabine (grooves sintetizados).","destaques":["2 decks integrados + tela central com as 2 waveforms","Mixer 2 canais: TRIM, EQ, COLOR, CUE, crossfader","Beatmatch real (BPM + fase) e BEAT FX","Conceitos transferem 1:1 para os CDJs do clube"]}]}'::jsonb,'[{"html":"<!doctype html>\n<html lang=\"pt-BR\">\n<head>\n<meta charset=\"utf-8\">\n<meta name=\"viewport\" content=\"width=device-width, initial-scale=1, maximum-scale=1, user-scalable=no\">\n<link rel=\"icon\" href=\"data:,\">\n<title>Pioneer XDJ-RX3 — All-in-One — Simulador fiel (SMU)</title>\n<style>\n  :root{ --ink:#e9eef7; --muted:#8b97a9; --amber:#f4a02a; --orange:#ff7a1a; --green:#37d07a; --red:#e0483f; --cyan:#39c0e6; --blue:#2e78ff; }\n  *{box-sizing:border-box}\n  html,body{margin:0;height:100%}\n  body{ background:radial-gradient(1200px 700px at 50% -8%,#1b1e23,#0a0b0d 62%),#08090b; color:var(--ink);\n    font-family:\"Inter\",system-ui,-apple-system,\"Segoe UI\",Roboto,sans-serif; -webkit-font-smoothing:antialiased;\n    user-select:none;overflow:hidden; display:flex;align-items:flex-start;justify-content:center; }\n  #stage{transform-origin:top center;flex:0 0 auto}\n  /* one integrated all-in-one body */\n  .unit{position:relative;width:1600px;display:flex;flex-direction:column;gap:9px;padding:14px;\n    background:linear-gradient(180deg,#2b2f36,#1f2228 8%,#191b1f 55%,#131417);\n    border:1px solid #0b0c0e;border-radius:18px;\n    box-shadow:0 34px 90px #000b, inset 0 1px 0 #ffffff12, inset 0 -3px 0 #0008;}\n\n  .util{display:flex;align-items:center;gap:8px;flex-wrap:wrap;background:linear-gradient(180deg,#202329,#15171b);border:1px solid #0c0d0f;border-radius:11px;padding:7px 11px}\n  .brand{display:flex;align-items:baseline;gap:9px}\n  .brand b{font-size:17px;letter-spacing:1px;color:#eef2f8}\n  .brand .m{font-size:9.5px;letter-spacing:2px;color:#8a94a4;text-transform:uppercase}\n  .pill{font-size:10.5px;color:var(--muted);background:#0c0e12;border:1px solid #2a2f37;border-radius:16px;padding:4px 9px;display:flex;align-items:center;gap:6px;white-space:nowrap}\n  .pill b{color:#fff}\n  .dot{width:8px;height:8px;border-radius:50%;background:var(--green);box-shadow:0 0 8px var(--green)}\n  .dot.off{background:#444;box-shadow:none}\n  .spacer{flex:1}\n  .btnp{font:inherit;font-size:11.5px;font-weight:700;border:0;border-radius:8px;padding:7px 12px;cursor:pointer;color:#07120b;background:linear-gradient(180deg,#5be59a,#27b566)}\n  .btnp.ghost{background:transparent;color:var(--muted);border:1px solid #2a2f37}\n  .mission{display:flex;align-items:center;gap:9px;background:#0c0e12;border:1px solid #2a2f37;border-radius:9px;padding:5px 10px;flex:1 1 380px;min-width:0}\n  .mission .idx{font-size:10px;color:var(--amber);font-weight:800;white-space:nowrap}\n  .mission .txt{font-size:11.5px;line-height:1.25;min-width:0}\n  .mission .txt b{color:#fff}.mission .txt small{color:var(--muted)}\n  .mission .ok{color:var(--green);font-weight:800;font-size:16px}\n\n  /* top: central screen flanked by upper deck controls */\n  .toprow{display:grid;grid-template-columns:1fr 720px 1fr;gap:10px;align-items:start}\n  .deckhead{display:flex;flex-direction:column;gap:6px}\n  .dtag{font-size:9px;letter-spacing:1.5px;color:#7f8aa0;display:flex;justify-content:space-between}\n  .dtag b{color:#cfd7e6;letter-spacing:1px}\n\n  /* central touchscreen (dual waveform) */\n  .screen{background:linear-gradient(180deg,#0b1220,#060b14);border:1px solid #04070d;border-radius:10px;padding:8px;box-shadow:inset 0 2px 10px #000b;display:flex;flex-direction:column;gap:6px}\n  .scbar{display:flex;gap:5px;align-items:center}\n  .sctab{font-size:8.5px;letter-spacing:.6px;color:#8fa3c4;background:#132033;border:1px solid #1d3450;border-radius:4px;padding:3px 7px}\n  .sctab.on{color:#04121a;background:#39c0e6;border-color:#39c0e6;font-weight:800}\n  .scmid{color:#7bd3ff;font-size:9px;margin-left:auto;letter-spacing:1px}\n  .decks2{display:grid;grid-template-columns:1fr 1fr;gap:8px}\n  .dscr{background:#050a12;border:1px solid #10203a;border-radius:7px;padding:6px}\n  .dscr .row1{display:flex;justify-content:space-between;align-items:baseline}\n  .dscr .nm{font-size:11px;color:#eaf2ff;font-weight:700;white-space:nowrap;overflow:hidden;text-overflow:ellipsis;max-width:70%}\n  .dscr .ky{font-size:9px;color:#7bd3ff}\n  .wf{width:100%;height:66px;display:block;background:#04080f;border-radius:4px;margin-top:4px}\n  .wfz{width:100%;height:30px;display:block;background:#04080f;border-radius:4px;margin-top:3px}\n  .dscr .row2{display:flex;justify-content:space-between;align-items:center;margin-top:5px}\n  .dscr .big{font-variant-numeric:tabular-nums;font-size:18px;font-weight:800;color:#fff}\n  .dscr .bpm{font-variant-numeric:tabular-nums;font-size:18px;font-weight:800;color:var(--amber)}\n  .dscr .pct{font-size:10px;color:#bcd;font-weight:700}\n  .dscr .sub{font-size:7.5px;color:#8fa3c4;letter-spacing:.4px}\n  .mstpill{font-size:7px;letter-spacing:1px;color:#0a140a;background:var(--amber);border-radius:3px;padding:0 3px;font-weight:800;visibility:hidden}\n  .mstpill.on{visibility:visible}\n  .fxstrip{display:flex;gap:5px;align-items:center;justify-content:center;background:#050a12;border:1px solid #10203a;border-radius:7px;padding:5px}\n  .fxsel{display:flex;gap:4px;flex:1}\n  .fxsel .fb{flex:1;font-size:8px;font-weight:800;color:#9fb0c8;background:#101a28;border:1px solid #223247;border-radius:4px;padding:5px 2px;cursor:pointer;text-align:center}\n  .fxsel .fb.on{background:var(--cyan);color:#04121a}\n  .fxname{font-size:10px;font-weight:800;color:#fff;min-width:64px;text-align:center}\n  .fxbpm{font-size:8px;color:var(--amber)}\n  .fxon{padding:6px 12px;border-radius:6px;border:2px solid #0a0b0d;background:radial-gradient(circle at 50% 30%,#2b8fe0,#134a86);color:#eaf4ff;font-size:9px;font-weight:800;cursor:pointer}\n  .fxon.on{background:radial-gradient(circle at 50% 30%,#5bd0ff,#1f8fd6);box-shadow:0 0 12px var(--cyan)}\n\n  /* upper deck controls (browse knob etc — visual) */\n  .updeck{display:flex;flex-direction:column;gap:8px;align-items:center;background:linear-gradient(180deg,#1c1e23,#151619);border:1px solid #0c0d0f;border-radius:10px;padding:9px}\n  .browse{width:52px;height:52px;border-radius:50%;background:radial-gradient(circle at 50% 34%,#40454e,#181a1e);border:1px solid #000;box-shadow:0 3px 6px #0008,inset 0 1px 0 #fff2}\n  .minibtns{display:grid;grid-template-columns:1fr 1fr;gap:5px;width:100%}\n  .minib{font-size:8px;font-weight:700;color:#9fb0c8;background:#20242b;border:1px solid #0a0b0d;border-radius:5px;padding:6px 3px;text-align:center;cursor:pointer}\n\n  /* bottom row: full deck controls | mixer | deck controls */\n  .botrow{display:grid;grid-template-columns:1fr 470px 1fr;gap:10px;align-items:start}\n\n  .deckctl{display:flex;flex-direction:column;gap:8px;background:linear-gradient(180deg,#22252b,#17191d);border:1px solid #0c0d0f;border-radius:12px;padding:10px;box-shadow:inset 0 1px 0 #ffffff0e}\n  .pads{display:grid;grid-template-columns:repeat(4,1fr);gap:5px}\n  .pad{height:30px;border-radius:5px;border:1px solid #0a0b0d;background:linear-gradient(180deg,#20242b,#15181d);color:#5a6478;font-size:9px;font-weight:800;letter-spacing:1px;cursor:pointer;display:flex;align-items:center;justify-content:center;position:relative}\n  .pad small{position:absolute;top:2px;left:4px;font-size:7px;color:#4a5364}\n  .pad.A{--c:#ff5c5c}.pad.B{--c:#ffb03a}.pad.C{--c:#ffe14d}.pad.D{--c:#7CFC5A}\n  .pad.E{--c:#4de1c3}.pad.F{--c:#4db6ff}.pad.G{--c:#7c8bff}.pad.H{--c:#e07cff}\n  .pad.set{background:var(--c);color:#0a0e14;box-shadow:0 0 10px var(--c)}\n  .pad.playing{outline:2px solid #fff;outline-offset:-2px}\n  .lp{display:grid;grid-template-columns:repeat(4,1fr);gap:5px}\n  .kb{height:26px;border-radius:5px;border:1px solid #0a0b0d;background:linear-gradient(180deg,#23272e,#171a1f);color:#aeb8c8;font-size:8px;font-weight:800;cursor:pointer;display:flex;align-items:center;justify-content:center;text-align:center;line-height:1.05}\n  .kb.amber{color:var(--amber)}\n  .kb.on{background:var(--amber);color:#111;box-shadow:0 0 9px var(--amber)}\n  .deckmid{display:grid;grid-template-columns:60px 1fr 40px;gap:8px;align-items:center}\n  .transport{display:flex;flex-direction:column;gap:14px;align-items:center}\n  .rbtn{width:52px;height:52px;border-radius:50%;border:2px solid #0a0b0d;cursor:pointer;position:relative;background:radial-gradient(circle at 50% 35%,#3a3f47,#1a1c20);box-shadow:0 4px 8px #0008,inset 0 1px 0 #fff2}\n  .rbtn .lbl{position:absolute;bottom:-12px;left:50%;transform:translateX(-50%);font-size:7px;color:#8a94a4;white-space:nowrap}\n  .rbtn.cue{background:radial-gradient(circle at 50% 35%,#ffb25a,#c76a12)}\n  .rbtn.play{background:radial-gradient(circle at 50% 35%,#5be59a,#1f9e54)}\n  .rbtn.play.on{box-shadow:0 0 16px var(--green),inset 0 1px 0 #fff4}\n  .rbtn:active{transform:translateY(1px)}\n  .rbtn .ico{position:absolute;inset:0;display:flex;align-items:center;justify-content:center;color:#0a0e0a;font-size:14px;font-weight:900}\n  .jog{width:200px;height:200px;border-radius:50%;position:relative;cursor:grab;touch-action:none;margin:0 auto;\n    background:radial-gradient(circle at 50% 50%,#0e0f12 0 30%,#17191d 30% 33%,#0e0f12 33% 63%,#202329 63% 66%,#0c0d10 66% 100%);\n    border:3px solid #000;box-shadow:0 10px 24px #000b,inset 0 2px 10px #0009}\n  .jog:active{cursor:grabbing}\n  .jog .lit{position:absolute;inset:4px;border-radius:50%;pointer-events:none;box-shadow:inset 0 0 20px #1a5fb033;border:2px solid #1f6fd0aa;opacity:.5}\n  .jog .platter{position:absolute;inset:44px;border-radius:50%;background:repeating-conic-gradient(#111 0 6deg,#191c21 6deg 12deg);border:2px solid #000}\n  .jog .hub{position:absolute;inset:66px;border-radius:50%;background:#0a0d12;border:2px solid #223;overflow:hidden;display:flex;align-items:center;justify-content:center}\n  .jog .art{position:absolute;inset:0}\n  .jog .marker{position:absolute;top:50%;left:50%;width:4px;height:34px;background:linear-gradient(180deg,#fff,#fff0);transform-origin:top center;transform:translate(-50%,0);border-radius:2px}\n  .jog .cdinfo{position:absolute;bottom:10px;left:50%;transform:translateX(-50%);font-size:7px;color:#9fb0c8;letter-spacing:1px}\n  .tempo{display:flex;flex-direction:column;align-items:center;gap:5px;height:200px;justify-content:center}\n  .tempo .tt{font-size:7px;color:#8a94a4;letter-spacing:1px}\n  .fadv{position:relative;width:24px;height:140px;background:linear-gradient(90deg,#0a0b0d,#16181c,#0a0b0d);border:1px solid #000;border-radius:6px;touch-action:none;cursor:ns-resize;box-shadow:inset 0 2px 8px #000a}\n  .fadv .cap{position:absolute;left:50%;width:32px;height:15px;transform:translate(-50%,-50%);background:linear-gradient(180deg,#e9edf3,#aab2bf);border:1px solid #000;border-radius:3px}\n  .fadv .cap::after{content:\"\";position:absolute;left:4px;right:4px;top:50%;height:2px;background:#e2453f;transform:translateY(-50%)}\n  .tledrow{display:flex;gap:5px;justify-content:center}\n  .tled{width:44px;text-align:center;font-size:7px;color:#8a94a4;border:1px solid #2a2f37;border-radius:4px;padding:4px 2px;cursor:pointer;background:#12141a;line-height:1.1}\n  .tled.on{color:#111;background:var(--amber);border-color:var(--amber);font-weight:800}\n  .tled.sync.on{background:var(--cyan);border-color:var(--cyan)}\n\n  /* center mixer (2 channels) */\n  .mixer{background:linear-gradient(180deg,#1e2127,#16181c 45%,#111216);border:1px solid #0c0d0f;border-radius:12px;padding:10px;display:flex;flex-direction:column;gap:9px;box-shadow:inset 0 1px 0 #ffffff0e}\n  .mhdr{text-align:center;font-size:9px;letter-spacing:1.5px;color:#7f8aa0}\n  .mhdr b{color:#cfd7e6;letter-spacing:1px}\n  .chgrid{display:grid;grid-template-columns:1fr 1fr;gap:10px}\n  .ch{display:flex;flex-direction:column;align-items:center;gap:6px;background:linear-gradient(180deg,#1a1c21,#131519);border:1px solid #0a0b0d;border-radius:9px;padding:8px 6px}\n  .ch .cnum{font-size:10px;font-weight:800;color:#fff}\n  .knob{width:40px;height:40px;border-radius:50%;position:relative;cursor:ns-resize;touch-action:none;background:radial-gradient(circle at 50% 34%,#40454e,#181a1e 72%);border:1px solid #000;box-shadow:0 3px 6px #0008,inset 0 1px 0 #fff2}\n  .knob::after{content:\"\";position:absolute;left:50%;top:5px;width:3px;height:12px;background:#eef2f8;border-radius:2px;transform-origin:50% 15px;transform:translateX(-50%) rotate(var(--pdeg,0deg))}\n  .knob.sm{width:34px;height:34px}\n  .knob.sm::after{height:10px;top:4px;transform-origin:50% 13px;transform:translateX(-50%) rotate(var(--pdeg,0deg))}\n  .klabel{font-size:7px;color:#8a94a4}\n  .eqwrap{display:flex;flex-direction:column;gap:5px;align-items:center}\n  .eqrow{display:flex;flex-direction:column;align-items:center;gap:1px}\n  .cue-pfl{width:100%;height:20px;border-radius:4px;border:1px solid #0a0b0d;background:#20242b;color:#8a94a4;font-size:8px;font-weight:800;letter-spacing:1px;cursor:pointer;display:flex;align-items:center;justify-content:center}\n  .cue-pfl.on{background:var(--orange);color:#160800;box-shadow:0 0 8px var(--orange)}\n  .meter{width:8px;height:110px;background:#07090c;border:1px solid #000;border-radius:3px;position:relative;overflow:hidden}\n  .meter i{position:absolute;left:0;right:0;bottom:0;background:linear-gradient(0deg,#37d07a 0 55%,#f4d03a 55% 82%,#e0483f 82% 100%);height:0%}\n  .chbody{display:flex;gap:6px;align-items:flex-end}\n  .fadc{position:relative;width:28px;height:122px;background:linear-gradient(90deg,#0a0b0d,#16181c,#0a0b0d);border:1px solid #000;border-radius:6px;touch-action:none;cursor:ns-resize;box-shadow:inset 0 2px 8px #000a}\n  .fadc .cap{position:absolute;left:50%;width:36px;height:16px;transform:translate(-50%,-50%);background:linear-gradient(180deg,#eef2f8,#aab2bf);border:1px solid #000;border-radius:3px}\n  .fadc .cap::after{content:\"\";position:absolute;left:4px;right:4px;top:50%;height:2px;background:#111;transform:translateY(-50%)}\n  .mrow{display:flex;gap:8px;justify-content:center}\n  .mbox{background:linear-gradient(180deg,#1a1c21,#131519);border:1px solid #0a0b0d;border-radius:9px;padding:7px 9px;display:flex;gap:12px;align-items:center;justify-content:center;flex:1}\n  .mbox .cell{text-align:center}\n  .xfbox{display:flex;flex-direction:column;gap:5px}\n  .xlab{display:flex;justify-content:space-between;font-size:9px;font-weight:800;color:#aeb8c8;letter-spacing:1px}\n  .fadx{position:relative;width:100%;height:28px;background:linear-gradient(180deg,#0a0b0d,#16181c,#0a0b0d);border:1px solid #000;border-radius:6px;touch-action:none;cursor:ew-resize;box-shadow:inset 0 2px 8px #000a}\n  .fadx .cap{position:absolute;top:50%;width:20px;height:38px;transform:translate(-50%,-50%);background:linear-gradient(180deg,#eef2f8,#aab2bf);border:1px solid #000;border-radius:4px}\n  .fadx .cap::after{content:\"\";position:absolute;top:5px;bottom:5px;left:50%;width:2px;background:#111;transform:translateX(-50%)}\n\n  .coach{background:#0c0e12;border:1px solid #223;border-radius:10px;padding:9px 12px;font-size:11.5px;line-height:1.4;color:#c7d0de}\n  .coach b{color:#fff}.coach .k{color:var(--amber);font-weight:800}\n  .beat-lamp{display:inline-block;width:10px;height:10px;border-radius:50%;background:#333;margin:0 1px;vertical-align:middle}\n  .beat-lamp.on{background:var(--green);box-shadow:0 0 8px var(--green)}\n  .phasebar{position:relative;height:12px;background:#07090c;border:1px solid #000;border-radius:6px;overflow:hidden;flex:1}\n  .phasebar i{position:absolute;top:0;bottom:0;width:3px;background:var(--cyan);left:50%;box-shadow:0 0 6px var(--cyan);transition:left .05s linear}\n  .phasebar .mid{position:absolute;top:0;bottom:0;left:50%;width:1px;background:#3a4658}\n  .phasebar.good i{background:var(--green);box-shadow:0 0 8px var(--green)}\n</style>\n</head>\n<body>\n<div id=\"stage\">\n<div class=\"unit\">\n\n  <div class=\"util\">\n    <div class=\"brand\"><b>SMU</b><span class=\"m\">PRO • XDJ-RX3 (ALL-IN-ONE)</span></div>\n    <span class=\"pill\"><span class=\"dot off\" id=\"acDot\"></span> Áudio <b id=\"acState\">clique em Ligar</b></span>\n    <div class=\"mission\">\n      <span class=\"idx\" id=\"mIdx\">MISSÃO 1/7</span>\n      <div class=\"txt\"><b id=\"mTitle\">Dê play no Deck 1</b><br><small id=\"mHint\">Aperte PLAY no deck da esquerda.</small></div>\n      <span class=\"ok\" id=\"mOk\" style=\"display:none\">✓</span>\n    </div>\n    <span class=\"spacer\"></span>\n    <button class=\"btnp ghost\" id=\"btnReset\">Reiniciar</button>\n    <button class=\"btnp\" id=\"btnStart\">▶ Ligar áudio</button>\n  </div>\n\n  <!-- TOP: browse | central screen | browse -->\n  <div class=\"toprow\">\n    <div class=\"updeck\">\n      <div class=\"dtag\"><span>DECK 1</span><b>rekordbox/serato</b></div>\n      <div class=\"browse\"></div>\n      <div class=\"minibtns\"><div class=\"minib\">LOAD</div><div class=\"minib\">BACK</div><div class=\"minib\">SHORTCUT</div><div class=\"minib\">TAG</div></div>\n    </div>\n\n    <div class=\"screen\">\n      <div class=\"scbar\"><span class=\"sctab on\">SOURCE</span><span class=\"sctab\">BROWSE</span><span class=\"sctab\">PLAYLIST</span><span class=\"sctab\">SEARCH</span><span class=\"scmid\">USB · rekordbox</span></div>\n      <div class=\"decks2\">\n        <div class=\"dscr\" data-deck=\"A\">\n          <div class=\"row1\"><span class=\"nm\">SMU House Groove</span><span class=\"ky\">7A · Am</span></div>\n          <canvas class=\"wf\" data-wf=\"A\"></canvas><canvas class=\"wfz\" data-wfz=\"A\"></canvas>\n          <div class=\"row2\"><div><div class=\"big\" id=\"timeA\">00:00</div><div class=\"sub\">TIME</div></div>\n            <div style=\"text-align:center\"><span class=\"pct\" id=\"pctA\">±0.0%</span><span class=\"mstpill on\" id=\"mstA\">MT</span><div class=\"sub\">TEMPO</div></div>\n            <div style=\"text-align:right\"><div class=\"bpm\" id=\"bpmA\">124.0</div><div class=\"sub\">BPM·<span id=\"beatA\">1</span>/4</div></div></div>\n        </div>\n        <div class=\"dscr\" data-deck=\"B\">\n          <div class=\"row1\"><span class=\"nm\">SMU Techno Drive</span><span class=\"ky\">8A · Bm</span></div>\n          <canvas class=\"wf\" data-wf=\"B\"></canvas><canvas class=\"wfz\" data-wfz=\"B\"></canvas>\n          <div class=\"row2\"><div><div class=\"big\" id=\"timeB\">00:00</div><div class=\"sub\">TIME</div></div>\n            <div style=\"text-align:center\"><span class=\"pct\" id=\"pctB\">±0.0%</span><span class=\"mstpill on\" id=\"mstB\">MT</span><div class=\"sub\">TEMPO</div></div>\n            <div style=\"text-align:right\"><div class=\"bpm\" id=\"bpmB\">128.0</div><div class=\"sub\">BPM·<span id=\"beatB\">1</span>/4</div></div></div>\n        </div>\n      </div>\n      <div class=\"fxstrip\">\n        <div class=\"fxsel\" id=\"fxsel\"></div>\n        <div><div class=\"fxname\" id=\"fxName\">ECHO</div><div class=\"fxbpm\" id=\"fxBpm\">124.0 BPM</div></div>\n        <div class=\"fxon\" data-act=\"fxon\">BEAT FX ON</div>\n      </div>\n    </div>\n\n    <div class=\"updeck\">\n      <div class=\"dtag\"><span>DECK 2</span><b>rekordbox/serato</b></div>\n      <div class=\"browse\"></div>\n      <div class=\"minibtns\"><div class=\"minib\">LOAD</div><div class=\"minib\">BACK</div><div class=\"minib\">SHORTCUT</div><div class=\"minib\">TAG</div></div>\n    </div>\n  </div>\n\n  <!-- BOTTOM: deck1 | mixer | deck2 -->\n  <div class=\"botrow\">\n\n    <!-- DECK 1 (A) -->\n    <div class=\"deckctl\" data-deck=\"A\">\n      <div class=\"pads\" data-pads=\"A\"></div>\n      <div class=\"lp\" data-loops=\"A\">\n        <div class=\"kb amber\" data-act=\"cuein\">IN/CUE</div><div class=\"kb amber\" data-act=\"cueout\">OUT</div>\n        <div class=\"kb\" data-act=\"reloop\">RELOOP</div><div class=\"kb\" data-act=\"beatloop\" data-len=\"4\">4 BEAT LOOP</div>\n      </div>\n      <div class=\"deckmid\">\n        <div class=\"transport\">\n          <div class=\"rbtn cue\" data-act=\"cue\"><span class=\"ico\">■</span><span class=\"lbl\">CUE</span></div>\n          <div class=\"rbtn play\" data-act=\"play\"><span class=\"ico\">▶</span><span class=\"lbl\">PLAY</span></div>\n        </div>\n        <div class=\"jog\" data-jog=\"A\"><div class=\"lit\"></div><div class=\"platter\"></div>\n          <div class=\"marker\" data-marker=\"A\"></div><div class=\"hub\"><canvas class=\"art\" data-art=\"A\" width=\"70\" height=\"70\"></canvas></div>\n          <div class=\"cdinfo\">VINYL</div></div>\n        <div class=\"tempo\"><div class=\"tt\">TEMPO</div><div class=\"fadv\" data-tempo=\"A\"><div class=\"cap\"></div></div><div class=\"tt\" style=\"color:var(--amber)\">±8%</div></div>\n      </div>\n      <div class=\"tledrow\">\n        <div class=\"tled on\" data-act=\"mt\">MASTER TEMPO</div><div class=\"tled sync\" data-act=\"sync\">BEAT SYNC</div><div class=\"tled on\" data-act=\"master\">SET MASTER</div>\n      </div>\n    </div>\n\n    <!-- MIXER (2ch) -->\n    <div class=\"mixer\">\n      <div class=\"mhdr\"><b>MIXER</b> · 2 CANAIS</div>\n      <div class=\"chgrid\" id=\"chgrid\"></div>\n      <div class=\"mrow\">\n        <div class=\"mbox\">\n          <div class=\"cell\"><div class=\"knob sm\" data-knob=\"master\" data-min=\"0\" data-max=\"1.4\" data-val=\"1\"></div><div class=\"klabel\">MASTER</div></div>\n          <div class=\"cell\"><div class=\"knob sm\" data-knob=\"booth\" data-min=\"0\" data-max=\"1.4\" data-val=\"1\"></div><div class=\"klabel\">BOOTH</div></div>\n          <div class=\"cell\"><div class=\"knob sm\" data-knob=\"phmix\" data-min=\"0\" data-max=\"1\" data-val=\"0.5\"></div><div class=\"klabel\">CUE↔MST</div></div>\n          <div class=\"cell\"><div class=\"knob sm\" data-knob=\"phlvl\" data-min=\"0\" data-max=\"1.4\" data-val=\"0.9\"></div><div class=\"klabel\">PHONES</div></div>\n        </div>\n      </div>\n      <div class=\"xfbox\">\n        <div class=\"xlab\"><span>1</span><span style=\"color:#6b7488;font-size:7px;letter-spacing:2px\">CROSSFADER</span><span>2</span></div>\n        <div class=\"fadx\" data-xfader><div class=\"cap\"></div></div>\n      </div>\n    </div>\n\n    <!-- DECK 2 (B) -->\n    <div class=\"deckctl\" data-deck=\"B\">\n      <div class=\"pads\" data-pads=\"B\"></div>\n      <div class=\"lp\" data-loops=\"B\">\n        <div class=\"kb amber\" data-act=\"cuein\">IN/CUE</div><div class=\"kb amber\" data-act=\"cueout\">OUT</div>\n        <div class=\"kb\" data-act=\"reloop\">RELOOP</div><div class=\"kb\" data-act=\"beatloop\" data-len=\"4\">4 BEAT LOOP</div>\n      </div>\n      <div class=\"deckmid\">\n        <div class=\"transport\">\n          <div class=\"rbtn cue\" data-act=\"cue\"><span class=\"ico\">■</span><span class=\"lbl\">CUE</span></div>\n          <div class=\"rbtn play\" data-act=\"play\"><span class=\"ico\">▶</span><span class=\"lbl\">PLAY</span></div>\n        </div>\n        <div class=\"jog\" data-jog=\"B\"><div class=\"lit\"></div><div class=\"platter\"></div>\n          <div class=\"marker\" data-marker=\"B\"></div><div class=\"hub\"><canvas class=\"art\" data-art=\"B\" width=\"70\" height=\"70\"></canvas></div>\n          <div class=\"cdinfo\">VINYL</div></div>\n        <div class=\"tempo\"><div class=\"tt\">TEMPO</div><div class=\"fadv\" data-tempo=\"B\"><div class=\"cap\"></div></div><div class=\"tt\" style=\"color:var(--amber)\">±8%</div></div>\n      </div>\n      <div class=\"tledrow\">\n        <div class=\"tled on\" data-act=\"mt\">MASTER TEMPO</div><div class=\"tled sync\" data-act=\"sync\">BEAT SYNC</div><div class=\"tled\" data-act=\"master\">SET MASTER</div>\n      </div>\n    </div>\n  </div>\n\n  <div class=\"coach\">\n    <b>All-in-one XDJ-RX3.</b> Tudo num corpo só: 2 decks + mixer + tela central com as duas músicas. Mesmo método da cabine: (1) play no Deck 1; (2) <span class=\"k\">CUE</span> do canal 2 p/ fone; (3) play no Deck 2; (4) iguale o BPM pelo <span class=\"k\">TEMPO</span>; (5) alinhe a <span class=\"k\">FASE</span> pela jogwheel; (6) troque graves no EQ na virada.\n    <div style=\"display:flex;align-items:center;gap:10px;margin-top:7px\">\n      <span style=\"font-size:10px;color:#8a94a4;letter-spacing:1px\">FASE 1↔2</span>\n      <div class=\"phasebar\" id=\"phasebar\"><div class=\"mid\"></div><i id=\"phaseInd\"></i></div>\n      <span id=\"beatLamps\"></span>\n      <span class=\"pill\" style=\"margin-left:auto\">Δ BPM <b id=\"bpmDelta\">4.0</b></span>\n    </div>\n  </div>\n</div>\n</div>\n\n<script>\n\"use strict\";\n/* Motor idêntico ao da cabine 2×CDJ-3000+DJM-A9 (validado). Só a pele muda (RX3 all-in-one, 2 canais). */\nconst $=(s,r=document)=>r.querySelector(s);\nconst $$=(s,r=document)=>[...r.querySelectorAll(s)];\nconst clamp=(v,a,b)=>Math.max(a,Math.min(b,v));\nlet AC=null, started=false;\nlet masterGain, cueBus, comp, fxNode={};\nconst decks={};\nwindow._masterDeck=\"A\";\n\nconst GROOVES={\n  A:{ baseBpm:124, root:110,\n    k:[1,0,0,0,1,0,0,0,1,0,0,0,1,0,0,0], s:[0,0,0,0,1,0,0,0,0,0,0,0,1,0,0,0],\n    h:[0,0,1,0,0,0,1,0,0,0,1,0,0,0,1,0], o:[0,0,0,0,0,0,0,0,0,0,0,0,0,0,1,0],\n    b:[1,0,0,1,0,0,1,0,1,0,0,1,0,0,1,0], t:[0,0,0,0,0,0,0,0,1,0,0,0,0,0,0,0] },\n  B:{ baseBpm:128, root:98,\n    k:[1,0,0,0,1,0,0,0,1,0,0,0,1,0,0,0], s:[0,0,0,0,0,0,0,0,1,0,0,0,0,0,0,0],\n    h:[0,0,1,0,0,0,1,0,0,0,1,0,0,0,1,0], o:[0,1,0,0,0,1,0,0,0,1,0,0,0,1,0,1],\n    b:[1,0,1,0,1,0,1,0,1,0,1,0,1,0,1,0], t:[0,0,0,0,1,0,0,0,0,0,0,0,1,0,1,0] }\n};\n\nfunction buildGraph(){\n  AC=new (window.AudioContext||window.webkitAudioContext)();\n  masterGain=AC.createGain(); masterGain.gain.value=1;\n  comp=AC.createDynamicsCompressor(); comp.threshold.value=-8; comp.knee.value=24; comp.ratio.value=3; comp.attack.value=0.004; comp.release.value=0.18;\n  fxNode.in=AC.createGain(); fxNode.dry=AC.createGain(); fxNode.dry.gain.value=1;\n  fxNode.wet=AC.createGain(); fxNode.wet.gain.value=0; fxNode.delay=AC.createDelay(2.0); fxNode.delay.delayTime.value=(60/124)/2;\n  fxNode.fb=AC.createGain(); fxNode.fb.gain.value=0.38;\n  fxNode.in.connect(fxNode.dry); fxNode.dry.connect(masterGain);\n  fxNode.in.connect(fxNode.delay); fxNode.delay.connect(fxNode.fb); fxNode.fb.connect(fxNode.delay);\n  fxNode.delay.connect(fxNode.wet); fxNode.wet.connect(masterGain);\n  masterGain.connect(comp); comp.connect(AC.destination);\n  cueBus=AC.createGain(); cueBus.gain.value=0.55; cueBus.connect(AC.destination);\n  [\"A\",\"B\"].forEach(buildDeck);\n}\nfunction buildDeck(id){ const g=GROOVES[id];\n  const d={ id, groove:g, baseBpm:g.baseBpm, bpm:g.baseBpm, pitch:0, range:8, playing:false, mt:true,\n    next:0, abs:0, step:0, bar:0, startTime:0, nudge:0, loopOn:false, loopLen:4, loopStartAbs:0, hotcues:{} };\n  d.sum=AC.createGain(); d.trim=AC.createGain(); d.trim.gain.value=0.9;\n  d.eqLow=AC.createBiquadFilter(); d.eqLow.type=\"lowshelf\"; d.eqLow.frequency.value=120;\n  d.eqMid=AC.createBiquadFilter(); d.eqMid.type=\"peaking\"; d.eqMid.frequency.value=1000; d.eqMid.Q.value=0.8;\n  d.eqHi=AC.createBiquadFilter(); d.eqHi.type=\"highshelf\"; d.eqHi.frequency.value=3500;\n  d.color=AC.createBiquadFilter(); d.color.type=\"allpass\"; d.color.frequency.value=1000;\n  d.fader=AC.createGain(); d.fader.gain.value=0; d.xf=AC.createGain(); d.xf.gain.value=1; d.pfl=AC.createGain(); d.pfl.gain.value=0;\n  d.sum.connect(d.trim); d.trim.connect(d.eqLow); d.eqLow.connect(d.eqMid); d.eqMid.connect(d.eqHi); d.eqHi.connect(d.color);\n  d.color.connect(d.fader); d.fader.connect(d.xf); d.xf.connect(fxNode.in);\n  d.color.connect(d.pfl); d.pfl.connect(cueBus);\n  d.analyser=AC.createAnalyser(); d.analyser.fftSize=256; d.color.connect(d.analyser);\n  decks[id]=d;\n}\nlet _noise=null;\nfunction noiseBuf(){ if(_noise)return _noise; _noise=AC.createBuffer(1,AC.sampleRate*0.4,AC.sampleRate); const d=_noise.getChannelData(0); for(let i=0;i<d.length;i++)d[i]=Math.random()*2-1; return _noise; }\nfunction vKick(t,g,d){ const o=AC.createOscillator(),a=AC.createGain(); o.frequency.setValueAtTime(150,t); o.frequency.exponentialRampToValueAtTime(48,t+0.12); a.gain.setValueAtTime(g,t); a.gain.exponentialRampToValueAtTime(0.001,t+0.30); o.connect(a); a.connect(d.sum); o.start(t); o.stop(t+0.33); }\nfunction vClap(t,g,d){ const s=AC.createBufferSource(); s.buffer=noiseBuf(); const bp=AC.createBiquadFilter(); bp.type=\"bandpass\"; bp.frequency.value=1800; bp.Q.value=0.7; const a=AC.createGain(); a.gain.setValueAtTime(g,t); a.gain.exponentialRampToValueAtTime(0.001,t+0.16); s.connect(bp); bp.connect(a); a.connect(d.sum); s.start(t); s.stop(t+0.18); }\nfunction vHat(t,g,open,d){ const s=AC.createBufferSource(); s.buffer=noiseBuf(); const hp=AC.createBiquadFilter(); hp.type=\"highpass\"; hp.frequency.value=8000; const a=AC.createGain(); const dur=open?0.14:0.045; a.gain.setValueAtTime(g,t); a.gain.exponentialRampToValueAtTime(0.001,t+dur); s.connect(hp); hp.connect(a); a.connect(d.sum); s.start(t); s.stop(t+dur+0.05); }\nfunction vBass(t,g,freq,d){ const o=AC.createOscillator(); o.type=\"sawtooth\"; o.frequency.value=freq; const lp=AC.createBiquadFilter(); lp.type=\"lowpass\"; lp.frequency.setValueAtTime(600,t); lp.frequency.exponentialRampToValueAtTime(140,t+0.18); lp.Q.value=6; const a=AC.createGain(); a.gain.setValueAtTime(0.0001,t); a.gain.linearRampToValueAtTime(g,t+0.01); a.gain.exponentialRampToValueAtTime(0.001,t+0.20); o.connect(lp); lp.connect(a); a.connect(d.sum); o.start(t); o.stop(t+0.22); }\nfunction vStab(t,g,freq,d){ const out=AC.createGain(); out.gain.setValueAtTime(0.0001,t); out.gain.linearRampToValueAtTime(g,t+0.008); out.gain.exponentialRampToValueAtTime(0.001,t+0.34); out.connect(d.sum); [0,4,7].forEach(se=>{ const o=AC.createOscillator(); o.type=\"square\"; o.frequency.value=freq*Math.pow(2,se/12); const a=AC.createGain(); a.gain.value=0.33; o.connect(a); a.connect(out); o.start(t); o.stop(t+0.36); }); }\nconst LOOKAHEAD=0.12,TICK=25;\nfunction stepDur(d){ return (60.0/d.bpm)/4.0; }\nfunction schedule(){ if(!AC)return; const now=AC.currentTime;\n  [\"A\",\"B\"].forEach(id=>{ const d=decks[id]; if(!d.playing)return;\n    while(d.next<now+LOOKAHEAD){ const t=d.next+d.nudge; d.nudge=0; const st=d.abs%16,g=d.groove;\n      if(g.k[st])vKick(t,1.0,d); if(g.s[st])vClap(t,0.9,d); if(g.h[st])vHat(t,0.5,false,d); if(g.o[st])vHat(t,0.4,true,d); if(g.b[st])vBass(t,0.55,g.root,d); if(g.t[st])vStab(t,0.22,g.root*2,d);\n      d.abs++; if(d.loopOn&&(d.abs-d.loopStartAbs)>=d.loopLen*4)d.abs=d.loopStartAbs; d.step=d.abs%16; d.bar=Math.floor(d.abs/16); d.next+=stepDur(d);\n    } });\n  autoCheckMissions();\n}\nfunction applyTempo(d){ d.bpm=d.baseBpm*(1+d.pitch/100); }\nfunction setPitch(d,pct){ d.pitch=clamp(pct,-d.range,d.range); applyTempo(d); refreshDeckUI(d); checkTempoMission(); }\n\nfunction setKnobVisual(el,val){ const min=+el.dataset.min,max=+el.dataset.max; el.style.setProperty(\"--pdeg\",(-140+(val-min)/(max-min)*280)+\"deg\"); el.dataset.val=val; }\nfunction bindKnob(el,cb){ const min=+el.dataset.min,max=+el.dataset.max; let val=+el.dataset.val; setKnobVisual(el,val); cb&&cb(val);\n  let sy,sv,drag=false;\n  el.addEventListener(\"pointerdown\",e=>{drag=true;sy=e.clientY;sv=val;el.setPointerCapture(e.pointerId);e.preventDefault();});\n  el.addEventListener(\"pointermove\",e=>{if(!drag)return;val=clamp(sv+(sy-e.clientY)/140*(max-min),min,max);setKnobVisual(el,val);cb&&cb(val);});\n  el.addEventListener(\"pointerup\",()=>drag=false); el.addEventListener(\"pointercancel\",()=>drag=false);\n  el.addEventListener(\"dblclick\",()=>{val=(min<0&&max>0)?0:(min+max)/2;setKnobVisual(el,val);cb&&cb(val);}); }\nfunction bindVFader(el,cb,init){ const cap=el.querySelector(\".cap\"); let val=init; place();\n  function place(){ const h=el.clientHeight; cap.style.top=(6+(1-val)*(h-12))+\"px\"; } cb&&cb(val); let drag=false;\n  const mv=e=>{ if(!drag)return; const r=el.getBoundingClientRect(); val=1-clamp((e.clientY-r.top-6)/(r.height-12),0,1); place(); cb&&cb(val); };\n  el.addEventListener(\"pointerdown\",e=>{drag=true;el.setPointerCapture(e.pointerId);mv(e);}); el.addEventListener(\"pointermove\",mv);\n  el.addEventListener(\"pointerup\",()=>drag=false); el.addEventListener(\"pointercancel\",()=>drag=false); window.addEventListener(\"resize\",place); }\n\nfunction buildPads(){ [\"A\",\"B\"].forEach(id=>{ const wrap=$(`[data-pads=\"${id}\"]`);\n  [\"A\",\"B\",\"C\",\"D\",\"E\",\"F\",\"G\",\"H\"].forEach(c=>{ const el=document.createElement(\"div\"); el.className=\"pad \"+c; el.innerHTML=`<small>HOT CUE</small>${c}`; wrap.appendChild(el); el.addEventListener(\"pointerdown\",()=>hotcue(id,c,el)); }); }); }\nfunction hotcue(id,c,el){ const d=decks[id]; if(!started)startAudio(); if(!d.hotcues[c]){ d.hotcues[c]=d.abs; el.classList.add(\"set\"); markMission(\"hotcue\"); } else { d.abs=d.hotcues[c]; d.next=AC.currentTime+0.02; el.classList.add(\"playing\"); setTimeout(()=>el.classList.remove(\"playing\"),220); } }\nfunction buildChannels(){ const grid=$(\"#chgrid\");\n  [{n:1,deck:\"A\"},{n:2,deck:\"B\"}].forEach(c=>{ const ch=document.createElement(\"div\"); ch.className=\"ch\"; const dk=c.deck;\n    ch.innerHTML=`<div class=\"cnum\">${c.n} · ${dk}</div>\n      <div class=\"knob sm\" data-ck=\"trim\" data-deck=\"${dk}\" data-min=\"0\" data-max=\"1.6\" data-val=\"0.9\"></div><div class=\"klabel\">TRIM</div>\n      <div class=\"eqwrap\">\n        <div class=\"eqrow\"><div class=\"knob sm\" data-ck=\"hi\" data-deck=\"${dk}\" data-min=\"-26\" data-max=\"6\" data-val=\"0\"></div><div class=\"klabel\">HI</div></div>\n        <div class=\"eqrow\"><div class=\"knob sm\" data-ck=\"mid\" data-deck=\"${dk}\" data-min=\"-26\" data-max=\"6\" data-val=\"0\"></div><div class=\"klabel\">MID</div></div>\n        <div class=\"eqrow\"><div class=\"knob sm\" data-ck=\"low\" data-deck=\"${dk}\" data-min=\"-26\" data-max=\"6\" data-val=\"0\"></div><div class=\"klabel\">LOW</div></div>\n      </div>\n      <div class=\"knob sm\" data-ck=\"color\" data-deck=\"${dk}\" data-min=\"-1\" data-max=\"1\" data-val=\"0\"></div><div class=\"klabel\">COLOR</div>\n      <div class=\"cue-pfl\" data-ck=\"cue\" data-deck=\"${dk}\">CUE</div>\n      <div class=\"chbody\"><div class=\"meter\"><i data-meter=\"${dk}\"></i></div><div class=\"fadc\" data-ck=\"fader\" data-deck=\"${dk}\"><div class=\"cap\"></div></div></div>`;\n    grid.appendChild(ch); }); }\nfunction buildFx(){ const sel=$(\"#fxsel\"); [\"ECHO\",\"FILTER\",\"FLANGER\",\"ROLL\"].forEach((f,i)=>{ const b=document.createElement(\"div\"); b.className=\"fb\"+(i===0?\" on\":\"\"); b.textContent=f; b.addEventListener(\"pointerdown\",()=>{ $$(\"#fxsel .fb\").forEach(x=>x.classList.remove(\"on\")); b.classList.add(\"on\"); $(\"#fxName\").textContent=f; }); sel.appendChild(b); }); }\n\nfunction applyChannel(dk,ck,val){ if(!dk||!decks[dk])return; const d=decks[dk];\n  if(ck===\"trim\")d.trim.gain.value=val; else if(ck===\"hi\")d.eqHi.gain.value=val; else if(ck===\"mid\")d.eqMid.gain.value=val;\n  else if(ck===\"low\"){ d.eqLow.gain.value=val; } else if(ck===\"color\"){ if(val<-0.03){ d.color.type=\"lowpass\"; d.color.frequency.value=200+(1+val)*18000; d.color.Q.value=1+(-val)*6; } else if(val>0.03){ d.color.type=\"highpass\"; d.color.frequency.value=20+val*6000; d.color.Q.value=1+val*6; } else { d.color.type=\"allpass\"; d.color.frequency.value=1000; } } }\nfunction applyMaster(k,val){ if(k===\"master\"&&masterGain)masterGain.gain.value=val; else if(k===\"phmix\"&&cueBus)cueBus.gain.value=(1-val)*1.1; }\n\nconst MISSIONS=[\n  {id:\"playA\",t:\"Dê play no Deck 1\",h:\"Aperte PLAY no deck da esquerda e suba o fader do canal 1.\"},\n  {id:\"cueB\",t:\"Pré-escute o Deck 2 no fone\",h:\"Aperte CUE (laranja) do canal 2.\"},\n  {id:\"playB\",t:\"Toque o Deck 2 (no fone)\",h:\"Play no deck da direita com o fader do canal 2 embaixo.\"},\n  {id:\"tempo\",t:\"Iguale o BPM do 2 ao 1\",h:\"Puxe o TEMPO do Deck 2 até 124.0 BPM (Δ BPM = 0.0).\"},\n  {id:\"beatmatch\",t:\"Alinhe a batida (jogwheel)\",h:\"Empurre a jogwheel do 2 até a FASE centralizar (verde).\"},\n  {id:\"eq\",t:\"Troque graves na virada\",h:\"Corte o LOW do canal 1 e abra o LOW do 2, subindo o fader do 2.\"},\n  {id:\"fxon\",t:\"Ligue um BEAT FX\",h:\"Escolha ECHO/FILTER e aperte BEAT FX ON.\"}\n];\nlet mi=0;\nfunction markMission(key){ const m=MISSIONS[mi]; if(m&&m.id===key)completeMission(); }\nfunction completeMission(){ mi++; renderMission(); }\nfunction missionState(id){ const a=decks.A,b=decks.B; if(!a||!b)return false;\n  switch(id){ case \"playA\":return a.playing&&a.fader.gain.value>0.3; case \"cueB\":return b.pfl.gain.value>0; case \"playB\":return b.playing;\n    case \"tempo\":return Math.abs(a.bpm-b.bpm)<0.2;\n    case \"beatmatch\":{ const pa=(a.abs%16)/16,pb=(b.abs%16)/16; let df=pb-pa; if(df>0.5)df-=1; if(df<-0.5)df+=1; return a.playing&&b.playing&&Math.abs(a.bpm-b.bpm)<0.4&&Math.abs(df)<0.05; }\n    case \"eq\":return a.eqLow.gain.value<-10&&b.eqLow.gain.value>-3&&b.fader.gain.value>0.4;\n    case \"fxon\":return !!fxNode.wet&&fxNode.wet.gain.value>0.1; } return false; }\nfunction autoCheckMissions(){ const m=MISSIONS[mi]; if(m&&missionState(m.id))completeMission(); }\nfunction renderMission(){ const m=MISSIONS[mi]; if(!m){ $(\"#mIdx\").textContent=\"✓ COMPLETO\"; $(\"#mTitle\").textContent=\"Você mixou no all-in-one!\"; $(\"#mHint\").textContent=\"Continue: viradas, EQ, loops, hot cues e BEAT FX.\"; $(\"#mOk\").style.display=\"inline\"; return; }\n  $(\"#mIdx\").textContent=\"MISSÃO \"+(mi+1)+\"/\"+MISSIONS.length; $(\"#mTitle\").textContent=m.t; $(\"#mHint\").textContent=m.h; }\nfunction checkTempoMission(){ const m=MISSIONS[mi]; if(m&&m.id===\"tempo\"&&decks.A&&decks.B&&Math.abs(decks.A.bpm-decks.B.bpm)<0.2)completeMission(); }\n\nfunction drawWaveforms(){ [\"A\",\"B\"].forEach(id=>{ const d=decks[id];\n  [[`[data-wf=\"${id}\"]`,0],[`[data-wfz=\"${id}\"]`,1]].forEach(([sel,zoom])=>{ const cv=$(sel); if(!cv)return;\n    const w=cv.width=cv.clientWidth||300,h=cv.height=cv.clientHeight||(zoom?30:66); const ctx=cv.getContext(\"2d\"); ctx.clearRect(0,0,w,h);\n    const bars=zoom?32:120,bw=w/bars;\n    for(let i=0;i<bars;i++){ let s=Math.sin(i*12.9+id.charCodeAt(0))*43758.5; s-=Math.floor(s); const beat=(i%(zoom?4:8))===0; const amp=(0.25+s*0.7)*h;\n      ctx.fillStyle=beat?(id===\"A\"?\"#5bd0ff\":\"#ffa24d\"):(id===\"A\"?\"#2b6fb0\":\"#a86a2a\"); ctx.fillRect(i*bw,(h-amp)/2,bw*0.7,amp); }\n    if(zoom){ ctx.fillStyle=\"#fff\"; ctx.fillRect(w/2,0,2,h); } else { const ph=(d.abs%120)/120; ctx.fillStyle=\"#fff\"; ctx.fillRect(ph*w,0,2,h); } }); }); }\nfunction updateMeters(){ [\"A\",\"B\"].forEach(id=>{ const d=decks[id]; if(!d.analyser)return; const buf=new Uint8Array(d.analyser.fftSize); d.analyser.getByteTimeDomainData(buf); let pk=0; for(const v of buf){ const x=Math.abs(v-128)/128; if(x>pk)pk=x; } const el=$(`[data-meter=\"${id}\"]`); if(el)el.style.height=Math.min(100,pk*140)+\"%\"; }); }\nfunction updatePhase(){ const a=decks.A,b=decks.B; if(!a||!b)return; $(\"#bpmDelta\").textContent=Math.abs(a.bpm-b.bpm).toFixed(1);\n  const pa=(a.abs%16)/16,pb=(b.abs%16)/16; let diff=pb-pa; if(diff>0.5)diff-=1; if(diff<-0.5)diff+=1; const ind=$(\"#phaseInd\"); if(ind)ind.style.left=(50+diff*100)+\"%\";\n  const matched=a.playing&&b.playing&&Math.abs(a.bpm-b.bpm)<0.4&&Math.abs(diff)<0.035; $(\"#phasebar\").classList.toggle(\"good\",matched);\n  const beat=a.abs%4,lamps=$(\"#beatLamps\"); if(lamps){ lamps.innerHTML=\"\"; for(let i=0;i<4;i++){ const s=document.createElement(\"span\"); s.className=\"beat-lamp\"+(i===beat&&a.playing?\" on\":\"\"); lamps.appendChild(s);} } if(matched)markMission(\"beatmatch\"); }\nfunction refreshDeckUI(d){ $(\"#bpm\"+d.id).textContent=d.bpm.toFixed(1); $(\"#pct\"+d.id).textContent=(d.pitch>=0?\"+\":\"\")+d.pitch.toFixed(1)+\"%\"; $(\"#mst\"+d.id).classList.toggle(\"on\",d.mt);\n  const md=decks[window._masterDeck]||decks.A; $(\"#fxBpm\").textContent=md.bpm.toFixed(1)+\" BPM\"; if(fxNode.delay)fxNode.delay.delayTime.value=(60/md.bpm)/2; }\nfunction drawArt(id){ const cv=$(`[data-art=\"${id}\"]`); if(!cv)return; const ctx=cv.getContext(\"2d\"); const c=id===\"A\"?[\"#3a86ff\",\"#0a1a33\"]:[\"#ff7a1a\",\"#331000\"]; const g=ctx.createRadialGradient(35,35,3,35,35,35); g.addColorStop(0,c[0]); g.addColorStop(1,c[1]); ctx.fillStyle=g; ctx.beginPath(); ctx.arc(35,35,35,0,7); ctx.fill(); ctx.fillStyle=\"#0009\"; ctx.beginPath(); ctx.arc(35,35,5,0,7); ctx.fill(); }\n\nfunction playDeck(d,on){ if(!started)startAudio(); d.playing=on!==undefined?on:!d.playing; const btn=$(`.deckctl[data-deck=\"${d.id}\"] .rbtn.play`);\n  if(d.playing){ if(d.next<AC.currentTime)d.next=AC.currentTime+0.05; btn.classList.add(\"on\"); btn.querySelector(\".ico\").textContent=\"❚❚\"; if(!d.startTime)d.startTime=AC.currentTime; } else { btn.classList.remove(\"on\"); btn.querySelector(\".ico\").textContent=\"▶\"; }\n  if(d.playing)markMission(d.id===\"A\"?\"playA\":\"playB\"); }\nfunction cueDeck(d){ if(!started)startAudio(); d.abs=0; d.step=0; d.bar=0; d.next=AC.currentTime+0.02; if(!d.playing)playDeck(d,true); }\nfunction handleDeckAct(id,act,b){ const d=decks[id]; if(!started&&(act===\"play\"||act===\"cue\"))startAudio();\n  switch(act){ case \"play\":playDeck(d);break; case \"cue\":cueDeck(d);break; case \"sync\":syncDeck(id,b);break;\n    case \"mt\":d.mt=!d.mt;b.classList.toggle(\"on\",d.mt);refreshDeckUI(d);break;\n    case \"master\":window._masterDeck=id;$$(''.tled[data-act=\"master\"]'').forEach(x=>x.classList.remove(\"on\"));b.classList.add(\"on\");refreshDeckUI(d);break;\n    case \"beatloop\":d.loopOn=!d.loopOn;d.loopLen=+b.dataset.len;d.loopStartAbs=d.abs;b.classList.toggle(\"on\",d.loopOn);break;\n    case \"reloop\":d.loopOn=true;d.loopStartAbs=d.abs;$(`[data-loops=\"${id}\"] [data-act=\"beatloop\"]`).classList.add(\"on\");break;\n    case \"cuein\":b.classList.add(\"on\");setTimeout(()=>b.classList.remove(\"on\"),180);break;\n    case \"cueout\":d.loopOn=false;$(`[data-loops=\"${id}\"] [data-act=\"beatloop\"]`).classList.remove(\"on\");break; } }\nfunction syncDeck(id,b){ const md=decks[window._masterDeck]||decks.A; const d=decks[id]; d.pitch=(md.bpm/d.baseBpm-1)*100; applyTempo(d); if(d._tempoSet)d._tempoSet(d.pitch);\n  d.abs=md.abs; d.step=md.step; d.bar=md.bar; d.next=md.next; b.classList.add(\"on\"); refreshDeckUI(d); checkTempoMission(); markMission(\"beatmatch\"); }\n\nfunction startAudio(){ if(started)return; buildGraph(); started=true; $(\"#acDot\").classList.remove(\"off\"); $(\"#acState\").textContent=\"ligado\"; $(\"#btnStart\").textContent=\"● Áudio ligado\"; if(AC.resume)AC.resume(); refreshDeckUI(decks.A); refreshDeckUI(decks.B); setInterval(schedule,TICK); }\nfunction frame(){ if(started){ drawWaveforms(); updateMeters(); updatePhase(); autoCheckMissions(); [\"A\",\"B\"].forEach(id=>{ const d=decks[id]; const sec=d.playing?(AC.currentTime-d.startTime):0; const el=$(\"#time\"+id); if(el){ const m=Math.floor(sec/60),s=Math.floor(sec%60); el.textContent=String(m).padStart(2,\"0\")+\":\"+String(s).padStart(2,\"0\"); } $(\"#beat\"+id).textContent=(d.abs%4)+1; }); } requestAnimationFrame(frame); }\n\nfunction init(){\n  buildPads(); buildChannels(); buildFx(); renderMission();\n  function fit(){ const s=Math.min(1,(window.innerWidth-8)/1628); $(\"#stage\").style.transform=\"scale(\"+s+\")\"; } window.addEventListener(\"resize\",fit); fit();\n  drawArt(\"A\"); drawArt(\"B\");\n  $$(\".deckctl\").forEach(dc=>{ const id=dc.dataset.deck; $$(\"[data-act]\",dc).forEach(b=>b.addEventListener(\"pointerdown\",e=>{ e.preventDefault(); handleDeckAct(id,b.dataset.act,b); })); });\n  [\"A\",\"B\"].forEach(id=>bindJogLazy(id));\n  $$(''.knob[data-ck]'').forEach(el=>bindKnob(el,val=>applyChannel(el.dataset.deck,el.dataset.ck,val)));\n  $$(''.knob[data-knob]'').forEach(el=>bindKnob(el,val=>applyMaster(el.dataset.knob,val)));\n  $$(''.fadc[data-ck=\"fader\"]'').forEach(el=>bindVFader(el,val=>{ const dk=el.dataset.deck; if(dk&&decks[dk])decks[dk].fader.gain.value=val; },0));\n  $$(''.cue-pfl[data-ck=\"cue\"]'').forEach(el=>el.addEventListener(\"pointerdown\",()=>{ const dk=el.dataset.deck; if(!dk)return; if(!started)startAudio(); el.classList.toggle(\"on\"); const on=el.classList.contains(\"on\"); decks[dk].pfl.gain.value=on?1:0; if(on)markMission(\"cueB\"); }));\n  bindTempoFaderLazy(); bindXFaderLazy();\n  $(\"[data-act=''fxon'']\").addEventListener(\"pointerdown\",()=>{ if(!started)startAudio(); const el=$(\"[data-act=''fxon'']\"); el.classList.toggle(\"on\"); const on=el.classList.contains(\"on\"); if(fxNode.wet){ fxNode.wet.gain.setTargetAtTime(on?0.5:0,AC.currentTime,0.05); fxNode.dry.gain.setTargetAtTime(on?0.75:1,AC.currentTime,0.05);} if(on)markMission(\"fxon\"); });\n  $(\"#btnStart\").addEventListener(\"pointerdown\",()=>startAudio()); $(\"#btnReset\").addEventListener(\"pointerdown\",()=>location.reload());\n  frame();\n}\nfunction bindJogLazy(id){ const el=$(`[data-jog=\"${id}\"]`); let last=null,drag=false,rot=0;\n  const ang=e=>{ const r=el.getBoundingClientRect(); return Math.atan2(e.clientY-(r.top+r.height/2),e.clientX-(r.left+r.width/2)); };\n  el.addEventListener(\"pointerdown\",e=>{ if(!started)startAudio(); drag=true; last=ang(e); el.setPointerCapture(e.pointerId); e.preventDefault(); });\n  el.addEventListener(\"pointermove\",e=>{ if(!drag)return; let a=ang(e),da=a-last; if(da>Math.PI)da-=2*Math.PI; if(da<-Math.PI)da+=2*Math.PI; last=a; if(decks[id])decks[id].nudge-=da*0.05; rot+=da; const m=$(`[data-marker=\"${id}\"]`); if(m)m.style.transform=`translate(-50%,0) rotate(${rot}rad)`; markMission(\"jog\"); });\n  el.addEventListener(\"pointerup\",()=>drag=false); el.addEventListener(\"pointercancel\",()=>drag=false); }\nfunction bindTempoFaderLazy(){ [\"A\",\"B\"].forEach(id=>{ const el=$(`[data-tempo=\"${id}\"]`); const cap=el.querySelector(\".cap\"); let pos=0.5; place();\n  function place(){ const h=el.clientHeight; cap.style.top=(6+pos*(h-12))+\"px\"; } function apply(){ if(!started)startAudio(); const d=decks[id]; if(d)setPitch(d,(pos-0.5)*2*d.range); }\n  let drag=false; const mv=e=>{ if(!drag)return; const r=el.getBoundingClientRect(); pos=clamp((e.clientY-r.top-6)/(r.height-12),0,1); place(); apply(); };\n  el.addEventListener(\"pointerdown\",e=>{drag=true;el.setPointerCapture(e.pointerId);mv(e);}); el.addEventListener(\"pointermove\",mv); el.addEventListener(\"pointerup\",()=>drag=false); el.addEventListener(\"pointercancel\",()=>drag=false); el.addEventListener(\"dblclick\",()=>{pos=0.5;place();apply();}); window.addEventListener(\"resize\",place); }); }\nfunction bindXFaderLazy(){ const el=$(\"[data-xfader]\"); const cap=el.querySelector(\".cap\"); let x=0.5; place();\n  function place(){ const w=el.clientWidth; cap.style.left=(10+x*(w-20))+\"px\"; apply(); } function apply(){ if(decks.A){ decks.A.xf.gain.value=Math.cos(x*Math.PI/2); decks.B.xf.gain.value=Math.cos((1-x)*Math.PI/2);} }\n  let drag=false; const mv=e=>{ if(!drag)return; const r=el.getBoundingClientRect(); x=clamp((e.clientX-r.left-10)/(r.width-20),0,1); place(); };\n  el.addEventListener(\"pointerdown\",e=>{drag=true;el.setPointerCapture(e.pointerId);mv(e);}); el.addEventListener(\"pointermove\",mv); el.addEventListener(\"pointerup\",()=>drag=false); el.addEventListener(\"pointercancel\",()=>drag=false); el.addEventListener(\"dblclick\",()=>{x=0.5;place();}); window.addEventListener(\"resize\",place); }\ndocument.addEventListener(\"DOMContentLoaded\",init);\n</script>\n</body>\n</html>\n"}]'::jsonb);

-- AULA 8 (mód 2): Mixagem com 4 decks e o ecossistema Denon (Prime 4+)
insert into public.lessons (id,module_id,titulo,tipo,conteudo_rico,duracao_min,ordem,tem_quiz,preview_gratis) values
  ('d1000000-d100-4d00-9000-0000000b0008','d1000000-d100-4d00-9000-0000000a0002','Mixagem com 4 decks e o ecossistema Denon (Prime 4+)','texto','<p><strong>Dois decks são o padrão; quatro decks são a liberdade.</strong> Com 4 canais você mantém uma base tocando, prepara a próxima música e ainda sobrepõe uma terceira camada (um loop, um acapella, um efeito). É o formato dos festivais (4 CDJs) e dos standalones grandes — e aqui você treina no <strong>Denon Prime 4+</strong>, o principal concorrente da Pioneer.</p>
<h3>O ecossistema Denon (Engine DJ)</h3>
<p>A Denon DJ construiu uma linha profissional em volta do <strong>Engine OS</strong>: players <strong>SC6000/SC6000M</strong> e o LC6000 (deck de controle), o mixer <strong>X1850</strong>, e os standalones <strong>Prime 4/Prime 4+</strong>. Muitos clubes e DJs usam Denon pelo hardware forte (telas grandes, SSD interno, streaming integrado). Conceitos idênticos aos da Pioneer — muda a marca, não o ofício.</p>
<h3>Como funciona um 4 decks com 2 jogs</h3>
<p>No Prime 4+ há <strong>4 canais no mixer</strong>, mas <strong>2 jog wheels</strong>. Cada lado controla dois decks, alternados pelos botões <strong>DECK 1/3</strong> (esquerda) e <strong>DECK 2/4</strong> (direita) — o LED e a tela indicam o deck ativo. O canal do mixer é sempre fixo (canal 3 = deck 3), o que muda é qual deck a jog/transport comanda.</p>
<h3>Técnicas com 4 decks</h3>
<ul>
<li><strong>Camada de percussão/loop:</strong> deixe um loop de bateria no deck 3 embaixo da mix principal para engordar a transição.</li>
<li><strong>Acapella por cima:</strong> vocal no deck 4, sincronizado, sobre a base instrumental dos decks 1–2.</li>
<li><strong>Transição em ponte:</strong> use o deck 3 como "ponte" harmônica entre duas músicas difíceis de casar direto.</li>
<li><strong>Regra de ouro:</strong> cada camada nova ocupa espaço — corte graves das camadas secundárias (LOW fechado ou SWEEP FX) e deixe só UMA música dona do grave.</li>
</ul>
<h3>Gerenciando o caos</h3>
<p>Com 4 decks, a organização vira sobrevivência: gain staging parelho nos 4 canais, saber sempre <em>qual deck está no ar</em> (olhe os medidores), e tirar da mix (fader embaixo) o que não está em uso. DJ profissional não é quem toca 4 músicas ao mesmo tempo — é quem sabe <strong>quando</strong> uma terceira camada soma e quando atrapalha.</p>
<p><strong>No simulador desta aula:</strong> o Prime 4+ completo. Faça o fluxo padrão nos decks 1 e 2 (missões) e depois: alterne o lado esquerdo para o <span style="color:#f4a02a"><strong>DECK 3</strong></span>, dê play e suba o fader do canal 3 com o LOW fechado — sua primeira mix de 3 camadas.</p>',22,8,true,false);
insert into public.quizzes (id,lesson_id,titulo) values ('d1000000-d100-4d00-9000-0000000c0008','d1000000-d100-4d00-9000-0000000b0008','Quiz — 4 decks e ecossistema Denon');
insert into public.quiz_questions (id,quiz_id,texto,explicacao,ordem,pontos) values ('d1000000-d100-4d00-9000-000000000801','d1000000-d100-4d00-9000-0000000c0008','No Prime 4+ há 4 canais e 2 jog wheels. Como se controla os decks 3 e 4?','Cada lado alterna entre dois decks pelos botões DECK (esquerda: 1/3; direita: 2/4). O canal do mixer é fixo; muda o deck que a jog comanda.',1,1);
insert into public.quiz_options (question_id,texto,correta,ordem) values ('d1000000-d100-4d00-9000-000000000801','Não dá para usar os decks 3 e 4',false,1);
insert into public.quiz_options (question_id,texto,correta,ordem) values ('d1000000-d100-4d00-9000-000000000801','Alternando cada lado pelos botões DECK 1/3 e 2/4',true,2);
insert into public.quiz_options (question_id,texto,correta,ordem) values ('d1000000-d100-4d00-9000-000000000801','Ligando um segundo aparelho',false,3);
insert into public.quiz_options (question_id,texto,correta,ordem) values ('d1000000-d100-4d00-9000-000000000801','Pelo crossfader',false,4);
insert into public.quiz_questions (id,quiz_id,texto,explicacao,ordem,pontos) values ('d1000000-d100-4d00-9000-000000000802','d1000000-d100-4d00-9000-0000000c0008','Qual é a regra de ouro ao somar uma 3ª camada (loop/acapella) na mix?','Cada camada ocupa espaço: corte os graves das camadas secundárias — só UMA música deve ser dona do grave.',2,1);
insert into public.quiz_options (question_id,texto,correta,ordem) values ('d1000000-d100-4d00-9000-000000000802','Subir tudo no máximo',false,1);
insert into public.quiz_options (question_id,texto,correta,ordem) values ('d1000000-d100-4d00-9000-000000000802','Cortar os graves das camadas secundárias — só uma música é dona do grave',true,2);
insert into public.quiz_options (question_id,texto,correta,ordem) values ('d1000000-d100-4d00-9000-000000000802','Desligar o EQ',false,3);
insert into public.quiz_options (question_id,texto,correta,ordem) values ('d1000000-d100-4d00-9000-000000000802','Usar sempre o deck 4',false,4);
insert into public.quiz_questions (id,quiz_id,texto,explicacao,ordem,pontos) values ('d1000000-d100-4d00-9000-000000000803','d1000000-d100-4d00-9000-0000000c0008','Quais equipamentos formam o ecossistema profissional da Denon DJ?','Players SC6000/SC6000M (e LC6000), mixer X1850 e os standalones Prime 4/4+ — tudo rodando Engine OS.',3,1);
insert into public.quiz_options (question_id,texto,correta,ordem) values ('d1000000-d100-4d00-9000-000000000803','CDJ-3000 e DJM-A9',false,1);
insert into public.quiz_options (question_id,texto,correta,ordem) values ('d1000000-d100-4d00-9000-000000000803','SC6000, X1850 e Prime 4/4+ (Engine OS)',true,2);
insert into public.quiz_options (question_id,texto,correta,ordem) values ('d1000000-d100-4d00-9000-000000000803','Technics SL-1200',false,3);
insert into public.quiz_options (question_id,texto,correta,ordem) values ('d1000000-d100-4d00-9000-000000000803','Apenas softwares de notebook',false,4);
insert into public.quiz_questions (id,quiz_id,texto,explicacao,ordem,pontos) values ('d1000000-d100-4d00-9000-000000000804','d1000000-d100-4d00-9000-0000000c0008','Para que serve um deck extra numa ''transição em ponte''?','O deck 3 entra como ponte harmônica/rítmica entre duas músicas difíceis de casar diretamente.',4,1);
insert into public.quiz_options (question_id,texto,correta,ordem) values ('d1000000-d100-4d00-9000-000000000804','Para aumentar o volume do master',false,1);
insert into public.quiz_options (question_id,texto,correta,ordem) values ('d1000000-d100-4d00-9000-000000000804','Como ponte harmônica entre duas músicas difíceis de casar',true,2);
insert into public.quiz_options (question_id,texto,correta,ordem) values ('d1000000-d100-4d00-9000-000000000804','Para gravar o set',false,3);
insert into public.quiz_options (question_id,texto,correta,ordem) values ('d1000000-d100-4d00-9000-000000000804','Para trocar o crossfader',false,4);
insert into public.ai_animations (lesson_id,tipo,status,model,roteiro,urls) values ('d1000000-d100-4d00-9000-0000000b0008','interactive','ready','handcrafted-interactive','{"titulo":"Denon Prime 4+ — All-in-One 4 decks","cenas":[{"numero":1,"titulo":"Mixe com 4 decks (áudio real)","modo":"widget","narracao":"Standalone Denon com 4 decks e mixer de 4 canais (Engine DJ). Cada lado controla 2 decks (botões DECK 1/3 e 2/4). Faça o fluxo completo nos decks 1 e 2 e depois experimente trazer o 3 e o 4. Complete as 7 missões.","explicacao_texto":"Simulador fiel do Prime 4+ (ecossistema Denon/Engine DJ). Mesmo motor de áudio da cabine, estendido para 4 decks (grooves sintetizados).","destaques":["4 decks reais: 2 jogs com toggle DECK 1/3 e 2/4","Mixer 4 canais: TRIM, EQ, SWEEP FX, CUE","Tela central com as 4 waveforms (Engine OS)","FX1/FX2 com knob WET — ecossistema Denon"]}]}'::jsonb,'[{"html":"<!doctype html>\n<html lang=\"pt-BR\">\n<head>\n<meta charset=\"utf-8\">\n<meta name=\"viewport\" content=\"width=device-width, initial-scale=1, maximum-scale=1, user-scalable=no\">\n<link rel=\"icon\" href=\"data:,\">\n<title>Denon Prime 4+ — All-in-One 4 decks — Simulador fiel (SMU)</title>\n<style>\n  :root{ --ink:#e9eef7; --muted:#8b97a9; --amber:#f4a02a; --orange:#ff7a1a; --green:#37d07a; --red:#e0483f; --cyan:#39c0e6; --blue:#3b7bff; }\n  *{box-sizing:border-box}\n  html,body{margin:0;height:100%}\n  body{ background:radial-gradient(1200px 700px at 50% -8%,#1b1e23,#0a0b0d 62%),#08090b; color:var(--ink);\n    font-family:\"Inter\",system-ui,-apple-system,\"Segoe UI\",Roboto,sans-serif; -webkit-font-smoothing:antialiased;\n    user-select:none;overflow:hidden; display:flex;align-items:flex-start;justify-content:center; }\n  #stage{transform-origin:top center;flex:0 0 auto}\n  .unit{position:relative;width:1660px;display:flex;flex-direction:column;gap:9px;padding:14px;\n    background:linear-gradient(180deg,#26292f,#1c1e23 8%,#161719 55%,#111214);\n    border:1px solid #0b0c0e;border-radius:18px;box-shadow:0 34px 90px #000b, inset 0 1px 0 #ffffff12, inset 0 -3px 0 #0008;}\n\n  .util{display:flex;align-items:center;gap:8px;flex-wrap:wrap;background:linear-gradient(180deg,#202329,#15171b);border:1px solid #0c0d0f;border-radius:11px;padding:7px 11px}\n  .brand{display:flex;align-items:baseline;gap:9px}\n  .brand b{font-size:17px;letter-spacing:1px;color:#eef2f8}\n  .brand .m{font-size:9.5px;letter-spacing:2px;color:#8a94a4;text-transform:uppercase}\n  .pill{font-size:10.5px;color:var(--muted);background:#0c0e12;border:1px solid #2a2f37;border-radius:16px;padding:4px 9px;display:flex;align-items:center;gap:6px;white-space:nowrap}\n  .pill b{color:#fff}\n  .dot{width:8px;height:8px;border-radius:50%;background:var(--green);box-shadow:0 0 8px var(--green)}\n  .dot.off{background:#444;box-shadow:none}\n  .spacer{flex:1}\n  .btnp{font:inherit;font-size:11.5px;font-weight:700;border:0;border-radius:8px;padding:7px 12px;cursor:pointer;color:#07120b;background:linear-gradient(180deg,#5be59a,#27b566)}\n  .btnp.ghost{background:transparent;color:var(--muted);border:1px solid #2a2f37}\n  .mission{display:flex;align-items:center;gap:9px;background:#0c0e12;border:1px solid #2a2f37;border-radius:9px;padding:5px 10px;flex:1 1 380px;min-width:0}\n  .mission .idx{font-size:10px;color:var(--amber);font-weight:800;white-space:nowrap}\n  .mission .txt{font-size:11.5px;line-height:1.25;min-width:0}\n  .mission .txt b{color:#fff}.mission .txt small{color:var(--muted)}\n  .mission .ok{color:var(--green);font-weight:800;font-size:16px}\n\n  .toprow{display:grid;grid-template-columns:1fr 640px 1fr;gap:10px;align-items:start}\n  .upside{display:flex;flex-direction:column;gap:7px;background:linear-gradient(180deg,#1c1e23,#151619);border:1px solid #0c0d0f;border-radius:10px;padding:9px}\n  .upside .lab{font-size:9px;letter-spacing:1.5px;color:#7f8aa0;display:flex;justify-content:space-between}\n  .upside .lab b{color:#cfd7e6}\n  .fx2{display:grid;grid-template-columns:repeat(4,1fr);gap:5px}\n  .fx2 .k{display:flex;flex-direction:column;align-items:center;gap:2px}\n\n  /* central screen: 4 deck lanes (Engine DJ look) */\n  .screen{background:linear-gradient(180deg,#081019,#050a12);border:1px solid #04070d;border-radius:10px;padding:8px;box-shadow:inset 0 2px 10px #000b;display:flex;flex-direction:column;gap:5px}\n  .scbar{display:flex;gap:5px;align-items:center;margin-bottom:1px}\n  .sctab{font-size:8.5px;letter-spacing:.6px;color:#8fa3c4;background:#122033;border:1px solid #1d3450;border-radius:4px;padding:3px 7px}\n  .sctab.on{color:#04121a;background:#3b7bff;border-color:#3b7bff;font-weight:800}\n  .scmid{color:#7bd3ff;font-size:9px;margin-left:auto;letter-spacing:1px}\n  .lane{display:grid;grid-template-columns:64px 1fr 108px;gap:6px;align-items:center;background:#050a12;border:1px solid #10203a;border-radius:6px;padding:4px 6px}\n  .lane .lnm{font-size:9.5px;color:#eaf2ff;font-weight:700;overflow:hidden;text-overflow:ellipsis;white-space:nowrap}\n  .lane .lnm small{display:block;color:#7bd3ff;font-size:8px;font-weight:600}\n  .lane canvas{width:100%;height:34px;display:block;background:#04080f;border-radius:3px}\n  .lane .lr{display:flex;flex-direction:column;align-items:flex-end;line-height:1.05}\n  .lane .lbpm{font-size:14px;font-weight:800;color:var(--amber);font-variant-numeric:tabular-nums}\n  .lane .ltime{font-size:8px;color:#8fa3c4;font-variant-numeric:tabular-nums}\n  .lane .lpct{font-size:8px;color:#bcd}\n  .lane.active{border-color:#3b7bff;box-shadow:0 0 0 1px #3b7bff55}\n\n  .botrow{display:grid;grid-template-columns:1fr 500px 1fr;gap:10px;align-items:start}\n  .deckctl{display:flex;flex-direction:column;gap:8px;background:linear-gradient(180deg,#20232a,#15171b);border:1px solid #0c0d0f;border-radius:12px;padding:10px;box-shadow:inset 0 1px 0 #ffffff0e}\n  .decktabs{display:flex;gap:5px;justify-content:center}\n  .dtab{flex:1;text-align:center;font-size:9px;font-weight:800;letter-spacing:1px;color:#8a94a4;background:#12141a;border:1px solid #2a2f37;border-radius:5px;padding:5px;cursor:pointer}\n  .dtab.on{color:#04121a;background:var(--blue);border-color:var(--blue)}\n  .pads{display:grid;grid-template-columns:repeat(4,1fr);gap:5px}\n  .pad{height:28px;border-radius:5px;border:1px solid #0a0b0d;background:linear-gradient(180deg,#20242b,#15181d);color:#5a6478;font-size:9px;font-weight:800;cursor:pointer;display:flex;align-items:center;justify-content:center;position:relative}\n  .pad small{position:absolute;top:2px;left:4px;font-size:6.5px;color:#4a5364}\n  .pad.A{--c:#ff5c5c}.pad.B{--c:#ffb03a}.pad.C{--c:#ffe14d}.pad.D{--c:#7CFC5A}\n  .pad.E{--c:#4de1c3}.pad.F{--c:#4db6ff}.pad.G{--c:#7c8bff}.pad.H{--c:#e07cff}\n  .pad.set{background:var(--c);color:#0a0e14;box-shadow:0 0 8px var(--c)}\n  .pad.playing{outline:2px solid #fff;outline-offset:-2px}\n  .lp{display:grid;grid-template-columns:repeat(4,1fr);gap:5px}\n  .kb{height:24px;border-radius:5px;border:1px solid #0a0b0d;background:linear-gradient(180deg,#23272e,#171a1f);color:#aeb8c8;font-size:8px;font-weight:800;cursor:pointer;display:flex;align-items:center;justify-content:center;text-align:center;line-height:1.05}\n  .kb.amber{color:var(--amber)} .kb.on{background:var(--amber);color:#111;box-shadow:0 0 9px var(--amber)}\n  .deckmid{display:grid;grid-template-columns:56px 1fr 38px;gap:8px;align-items:center}\n  .transport{display:flex;flex-direction:column;gap:12px;align-items:center}\n  .rbtn{width:50px;height:50px;border-radius:50%;border:2px solid #0a0b0d;cursor:pointer;position:relative;background:radial-gradient(circle at 50% 35%,#3a3f47,#1a1c20);box-shadow:0 4px 8px #0008,inset 0 1px 0 #fff2}\n  .rbtn .lbl{position:absolute;bottom:-11px;left:50%;transform:translateX(-50%);font-size:6.5px;color:#8a94a4;white-space:nowrap}\n  .rbtn.cue{background:radial-gradient(circle at 50% 35%,#ffb25a,#c76a12)}\n  .rbtn.play{background:radial-gradient(circle at 50% 35%,#5be59a,#1f9e54)}\n  .rbtn.play.on{box-shadow:0 0 16px var(--green),inset 0 1px 0 #fff4}\n  .rbtn:active{transform:translateY(1px)}\n  .rbtn .ico{position:absolute;inset:0;display:flex;align-items:center;justify-content:center;color:#0a0e0a;font-size:13px;font-weight:900}\n  .jog{width:188px;height:188px;border-radius:50%;position:relative;cursor:grab;touch-action:none;margin:0 auto;\n    background:radial-gradient(circle at 50% 50%,#0e0f12 0 30%,#17191d 30% 33%,#0e0f12 33% 63%,#202329 63% 66%,#0c0d10 66% 100%);\n    border:3px solid #000;box-shadow:0 10px 24px #000b,inset 0 2px 10px #0009}\n  .jog:active{cursor:grabbing}\n  .jog .lit{position:absolute;inset:4px;border-radius:50%;pointer-events:none;box-shadow:inset 0 0 20px #1a5fb033;border:2px solid #2f6fe0aa;opacity:.5}\n  .jog .platter{position:absolute;inset:40px;border-radius:50%;background:repeating-conic-gradient(#111 0 6deg,#191c21 6deg 12deg);border:2px solid #000}\n  .jog .hub{position:absolute;inset:60px;border-radius:50%;background:#0a0d12;border:2px solid #223;overflow:hidden;display:flex;align-items:center;justify-content:center}\n  .jog .art{position:absolute;inset:0}\n  .jog .marker{position:absolute;top:50%;left:50%;width:4px;height:32px;background:linear-gradient(180deg,#fff,#fff0);transform-origin:top center;transform:translate(-50%,0);border-radius:2px}\n  .jog .cdinfo{position:absolute;bottom:9px;left:50%;transform:translateX(-50%);font-size:7px;color:#9fb0c8;letter-spacing:1px}\n  .tempo{display:flex;flex-direction:column;align-items:center;gap:5px;height:188px;justify-content:center}\n  .tempo .tt{font-size:7px;color:#8a94a4;letter-spacing:1px}\n  .fadv{position:relative;width:22px;height:130px;background:linear-gradient(90deg,#0a0b0d,#16181c,#0a0b0d);border:1px solid #000;border-radius:6px;touch-action:none;cursor:ns-resize;box-shadow:inset 0 2px 8px #000a}\n  .fadv .cap{position:absolute;left:50%;width:30px;height:14px;transform:translate(-50%,-50%);background:linear-gradient(180deg,#e9edf3,#aab2bf);border:1px solid #000;border-radius:3px}\n  .fadv .cap::after{content:\"\";position:absolute;left:4px;right:4px;top:50%;height:2px;background:#e2453f;transform:translateY(-50%)}\n  .tledrow{display:flex;gap:5px;justify-content:center}\n  .tled{flex:1;text-align:center;font-size:7px;color:#8a94a4;border:1px solid #2a2f37;border-radius:4px;padding:4px 2px;cursor:pointer;background:#12141a;line-height:1.1}\n  .tled.on{color:#111;background:var(--amber);border-color:var(--amber);font-weight:800}\n  .tled.sync.on{background:var(--cyan);border-color:var(--cyan)}\n\n  /* center 4-ch mixer */\n  .mixer{background:linear-gradient(180deg,#1e2127,#16181c 45%,#111216);border:1px solid #0c0d0f;border-radius:12px;padding:10px 8px;display:flex;flex-direction:column;gap:8px;box-shadow:inset 0 1px 0 #ffffff0e}\n  .mhdr{text-align:center;font-size:9px;letter-spacing:1.5px;color:#7f8aa0}\n  .mhdr b{color:#cfd7e6}\n  .chgrid{display:grid;grid-template-columns:repeat(4,1fr);gap:6px}\n  .ch{display:flex;flex-direction:column;align-items:center;gap:5px;background:linear-gradient(180deg,#1a1c21,#131519);border:1px solid #0a0b0d;border-radius:8px;padding:7px 4px}\n  .ch .cnum{font-size:9.5px;font-weight:800;color:#fff}\n  .knob{width:34px;height:34px;border-radius:50%;position:relative;cursor:ns-resize;touch-action:none;background:radial-gradient(circle at 50% 34%,#40454e,#181a1e 72%);border:1px solid #000;box-shadow:0 3px 6px #0008,inset 0 1px 0 #fff2}\n  .knob::after{content:\"\";position:absolute;left:50%;top:4px;width:2.5px;height:11px;background:#eef2f8;border-radius:2px;transform-origin:50% 13px;transform:translateX(-50%) rotate(var(--pdeg,0deg))}\n  .klabel{font-size:6.5px;color:#8a94a4}\n  .eqwrap{display:flex;flex-direction:column;gap:4px;align-items:center}\n  .eqrow{display:flex;flex-direction:column;align-items:center;gap:0}\n  .cue-pfl{width:100%;height:18px;border-radius:4px;border:1px solid #0a0b0d;background:#20242b;color:#8a94a4;font-size:8px;font-weight:800;cursor:pointer;display:flex;align-items:center;justify-content:center}\n  .cue-pfl.on{background:var(--orange);color:#160800;box-shadow:0 0 8px var(--orange)}\n  .meter{width:7px;height:92px;background:#07090c;border:1px solid #000;border-radius:3px;position:relative;overflow:hidden}\n  .meter i{position:absolute;left:0;right:0;bottom:0;background:linear-gradient(0deg,#37d07a 0 55%,#f4d03a 55% 82%,#e0483f 82% 100%);height:0%}\n  .chbody{display:flex;gap:4px;align-items:flex-end}\n  .fadc{position:relative;width:24px;height:104px;background:linear-gradient(90deg,#0a0b0d,#16181c,#0a0b0d);border:1px solid #000;border-radius:6px;touch-action:none;cursor:ns-resize;box-shadow:inset 0 2px 8px #000a}\n  .fadc .cap{position:absolute;left:50%;width:32px;height:14px;transform:translate(-50%,-50%);background:linear-gradient(180deg,#eef2f8,#aab2bf);border:1px solid #000;border-radius:3px}\n  .fadc .cap::after{content:\"\";position:absolute;left:4px;right:4px;top:50%;height:2px;background:#111;transform:translateY(-50%)}\n  .mrow{display:flex;gap:7px;align-items:stretch}\n  .mbox{background:linear-gradient(180deg,#1a1c21,#131519);border:1px solid #0a0b0d;border-radius:8px;padding:7px;display:flex;gap:9px;align-items:center;justify-content:center;flex:1}\n  .cell{text-align:center}\n  .xfbox{display:flex;flex-direction:column;gap:5px}\n  .xlab{display:flex;justify-content:space-between;font-size:9px;font-weight:800;color:#aeb8c8;letter-spacing:1px}\n  .fadx{position:relative;width:100%;height:26px;background:linear-gradient(180deg,#0a0b0d,#16181c,#0a0b0d);border:1px solid #000;border-radius:6px;touch-action:none;cursor:ew-resize;box-shadow:inset 0 2px 8px #000a}\n  .fadx .cap{position:absolute;top:50%;width:20px;height:36px;transform:translate(-50%,-50%);background:linear-gradient(180deg,#eef2f8,#aab2bf);border:1px solid #000;border-radius:4px}\n  .fadx .cap::after{content:\"\";position:absolute;top:5px;bottom:5px;left:50%;width:2px;background:#111;transform:translateX(-50%)}\n\n  .coach{background:#0c0e12;border:1px solid #223;border-radius:10px;padding:9px 12px;font-size:11.5px;line-height:1.4;color:#c7d0de}\n  .coach b{color:#fff}.coach .k{color:var(--amber);font-weight:800}\n  .beat-lamp{display:inline-block;width:10px;height:10px;border-radius:50%;background:#333;margin:0 1px;vertical-align:middle}\n  .beat-lamp.on{background:var(--green);box-shadow:0 0 8px var(--green)}\n  .phasebar{position:relative;height:12px;background:#07090c;border:1px solid #000;border-radius:6px;overflow:hidden;flex:1}\n  .phasebar i{position:absolute;top:0;bottom:0;width:3px;background:var(--cyan);left:50%;box-shadow:0 0 6px var(--cyan);transition:left .05s linear}\n  .phasebar .mid{position:absolute;top:0;bottom:0;left:50%;width:1px;background:#3a4658}\n  .phasebar.good i{background:var(--green);box-shadow:0 0 8px var(--green)}\n</style>\n</head>\n<body>\n<div id=\"stage\">\n<div class=\"unit\">\n\n  <div class=\"util\">\n    <div class=\"brand\"><b>SMU</b><span class=\"m\">PRO • DENON PRIME 4+ (4 DECKS)</span></div>\n    <span class=\"pill\"><span class=\"dot off\" id=\"acDot\"></span> Áudio <b id=\"acState\">clique em Ligar</b></span>\n    <div class=\"mission\">\n      <span class=\"idx\" id=\"mIdx\">MISSÃO 1/7</span>\n      <div class=\"txt\"><b id=\"mTitle\">Dê play no Deck 1</b><br><small id=\"mHint\">Aperte PLAY no lado esquerdo (Deck 1).</small></div>\n      <span class=\"ok\" id=\"mOk\" style=\"display:none\">✓</span>\n    </div>\n    <span class=\"spacer\"></span>\n    <button class=\"btnp ghost\" id=\"btnReset\">Reiniciar</button>\n    <button class=\"btnp\" id=\"btnStart\">▶ Ligar áudio</button>\n  </div>\n\n  <!-- TOP: FX1 | central 4-lane screen | FX2 -->\n  <div class=\"toprow\">\n    <div class=\"upside\">\n      <div class=\"lab\"><span>FX 1</span><b>Engine DJ</b></div>\n      <div class=\"fx2\">\n        <div class=\"k\"><div class=\"knob\" data-knob=\"fx1a\" data-min=\"0\" data-max=\"1\" data-val=\"0.2\"></div><div class=\"klabel\">PARAM</div></div>\n        <div class=\"k\"><div class=\"knob\" data-knob=\"fx1b\" data-min=\"0\" data-max=\"1\" data-val=\"0.5\"></div><div class=\"klabel\">FREQ</div></div>\n        <div class=\"k\"><div class=\"knob\" data-knob=\"fx1c\" data-min=\"0\" data-max=\"1\" data-val=\"0\"></div><div class=\"klabel\">WET</div></div>\n        <div class=\"k\"><div class=\"knob\" data-knob=\"fx1d\" data-min=\"0\" data-max=\"1\" data-val=\"0.4\"></div><div class=\"klabel\">BEAT</div></div>\n      </div>\n    </div>\n\n    <div class=\"screen\">\n      <div class=\"scbar\"><span class=\"sctab on\">BROWSE</span><span class=\"sctab\">PERFORM</span><span class=\"sctab\">MIXER</span><span class=\"scmid\">2× USB · SATA SSD · Engine OS</span></div>\n      <div class=\"lane\" data-deck=\"A\" data-lane=\"A\">\n        <div class=\"lnm\">SMU House Groove<small>DECK 1 · 7A Am</small></div><canvas data-wf=\"A\"></canvas>\n        <div class=\"lr\"><span class=\"lbpm\" id=\"bpmA\">124.0</span><span class=\"ltime\" id=\"timeA\">00:00</span><span class=\"lpct\" id=\"pctA\">±0.0%</span></div>\n      </div>\n      <div class=\"lane\" data-deck=\"B\" data-lane=\"B\">\n        <div class=\"lnm\">SMU Techno Drive<small>DECK 2 · 8A Bm</small></div><canvas data-wf=\"B\"></canvas>\n        <div class=\"lr\"><span class=\"lbpm\" id=\"bpmB\">128.0</span><span class=\"ltime\" id=\"timeB\">00:00</span><span class=\"lpct\" id=\"pctB\">±0.0%</span></div>\n      </div>\n      <div class=\"lane\" data-deck=\"C\" data-lane=\"C\">\n        <div class=\"lnm\">SMU Deep Roller<small>DECK 3 · 5A Cm</small></div><canvas data-wf=\"C\"></canvas>\n        <div class=\"lr\"><span class=\"lbpm\" id=\"bpmC\">122.0</span><span class=\"ltime\" id=\"timeC\">00:00</span><span class=\"lpct\" id=\"pctC\">±0.0%</span></div>\n      </div>\n      <div class=\"lane\" data-deck=\"D\" data-lane=\"D\">\n        <div class=\"lnm\">SMU Peak Tool<small>DECK 4 · 9A Em</small></div><canvas data-wf=\"D\"></canvas>\n        <div class=\"lr\"><span class=\"lbpm\" id=\"bpmD\">126.0</span><span class=\"ltime\" id=\"timeD\">00:00</span><span class=\"lpct\" id=\"pctD\">±0.0%</span></div>\n      </div>\n    </div>\n\n    <div class=\"upside\">\n      <div class=\"lab\"><span>FX 2</span><b>Engine DJ</b></div>\n      <div class=\"fx2\">\n        <div class=\"k\"><div class=\"knob\" data-knob=\"fx2a\" data-min=\"0\" data-max=\"1\" data-val=\"0.2\"></div><div class=\"klabel\">PARAM</div></div>\n        <div class=\"k\"><div class=\"knob\" data-knob=\"fx2b\" data-min=\"0\" data-max=\"1\" data-val=\"0.5\"></div><div class=\"klabel\">FREQ</div></div>\n        <div class=\"k\"><div class=\"knob\" data-knob=\"fx2c\" data-min=\"0\" data-max=\"1\" data-val=\"0\"></div><div class=\"klabel\">WET</div></div>\n        <div class=\"k\"><div class=\"knob\" data-knob=\"fx2d\" data-min=\"0\" data-max=\"1\" data-val=\"0.4\"></div><div class=\"klabel\">BEAT</div></div>\n      </div>\n    </div>\n  </div>\n\n  <!-- BOTTOM: left deck(1/3) | 4ch mixer | right deck(2/4) -->\n  <div class=\"botrow\">\n\n    <div class=\"deckctl\" data-side=\"L\">\n      <div class=\"decktabs\"><div class=\"dtab on\" data-setdeck=\"A\">DECK 1</div><div class=\"dtab\" data-setdeck=\"C\">DECK 3</div></div>\n      <div class=\"pads\" data-pads-side=\"L\"></div>\n      <div class=\"lp\" data-loops-side=\"L\">\n        <div class=\"kb amber\" data-act=\"cuein\">IN/CUE</div><div class=\"kb amber\" data-act=\"cueout\">OUT</div>\n        <div class=\"kb\" data-act=\"reloop\">RELOOP</div><div class=\"kb\" data-act=\"beatloop\" data-len=\"4\">4 LOOP</div>\n      </div>\n      <div class=\"deckmid\">\n        <div class=\"transport\">\n          <div class=\"rbtn cue\" data-act=\"cue\"><span class=\"ico\">■</span><span class=\"lbl\">CUE</span></div>\n          <div class=\"rbtn play\" data-act=\"play\"><span class=\"ico\">▶</span><span class=\"lbl\">PLAY</span></div>\n        </div>\n        <div class=\"jog\" data-jog-side=\"L\"><div class=\"lit\"></div><div class=\"platter\"></div>\n          <div class=\"marker\" data-marker-side=\"L\"></div><div class=\"hub\"><canvas class=\"art\" data-art-side=\"L\" width=\"66\" height=\"66\"></canvas></div><div class=\"cdinfo\">VINYL</div></div>\n        <div class=\"tempo\"><div class=\"tt\">TEMPO</div><div class=\"fadv\" data-tempo-side=\"L\"><div class=\"cap\"></div></div><div class=\"tt\" style=\"color:var(--amber)\">±8%</div></div>\n      </div>\n      <div class=\"tledrow\"><div class=\"tled on\" data-act=\"mt\">MT</div><div class=\"tled sync\" data-act=\"sync\">SYNC</div><div class=\"tled on\" data-act=\"master\">MASTER</div></div>\n    </div>\n\n    <div class=\"mixer\">\n      <div class=\"mhdr\"><b>4-CHANNEL MIXER</b> · Engine DJ</div>\n      <div class=\"chgrid\" id=\"chgrid\"></div>\n      <div class=\"mrow\">\n        <div class=\"mbox\">\n          <div class=\"cell\"><div class=\"knob\" data-knob=\"master\" data-min=\"0\" data-max=\"1.4\" data-val=\"1\"></div><div class=\"klabel\">MASTER</div></div>\n          <div class=\"cell\"><div class=\"knob\" data-knob=\"booth\" data-min=\"0\" data-max=\"1.4\" data-val=\"1\"></div><div class=\"klabel\">BOOTH</div></div>\n          <div class=\"cell\"><div class=\"knob\" data-knob=\"phmix\" data-min=\"0\" data-max=\"1\" data-val=\"0.5\"></div><div class=\"klabel\">CUE↔MST</div></div>\n          <div class=\"cell\"><div class=\"knob\" data-knob=\"phlvl\" data-min=\"0\" data-max=\"1.4\" data-val=\"0.9\"></div><div class=\"klabel\">PHONES</div></div>\n        </div>\n      </div>\n      <div class=\"xfbox\">\n        <div class=\"xlab\"><span>1</span><span style=\"color:#6b7488;font-size:7px;letter-spacing:2px\">CROSSFADER (1↔2)</span><span>2</span></div>\n        <div class=\"fadx\" data-xfader><div class=\"cap\"></div></div>\n      </div>\n    </div>\n\n    <div class=\"deckctl\" data-side=\"R\">\n      <div class=\"decktabs\"><div class=\"dtab on\" data-setdeck=\"B\">DECK 2</div><div class=\"dtab\" data-setdeck=\"D\">DECK 4</div></div>\n      <div class=\"pads\" data-pads-side=\"R\"></div>\n      <div class=\"lp\" data-loops-side=\"R\">\n        <div class=\"kb amber\" data-act=\"cuein\">IN/CUE</div><div class=\"kb amber\" data-act=\"cueout\">OUT</div>\n        <div class=\"kb\" data-act=\"reloop\">RELOOP</div><div class=\"kb\" data-act=\"beatloop\" data-len=\"4\">4 LOOP</div>\n      </div>\n      <div class=\"deckmid\">\n        <div class=\"transport\">\n          <div class=\"rbtn cue\" data-act=\"cue\"><span class=\"ico\">■</span><span class=\"lbl\">CUE</span></div>\n          <div class=\"rbtn play\" data-act=\"play\"><span class=\"ico\">▶</span><span class=\"lbl\">PLAY</span></div>\n        </div>\n        <div class=\"jog\" data-jog-side=\"R\"><div class=\"lit\"></div><div class=\"platter\"></div>\n          <div class=\"marker\" data-marker-side=\"R\"></div><div class=\"hub\"><canvas class=\"art\" data-art-side=\"R\" width=\"66\" height=\"66\"></canvas></div><div class=\"cdinfo\">VINYL</div></div>\n        <div class=\"tempo\"><div class=\"tt\">TEMPO</div><div class=\"fadv\" data-tempo-side=\"R\"><div class=\"cap\"></div></div><div class=\"tt\" style=\"color:var(--amber)\">±8%</div></div>\n      </div>\n      <div class=\"tledrow\"><div class=\"tled on\" data-act=\"mt\">MT</div><div class=\"tled sync\" data-act=\"sync\">SYNC</div><div class=\"tled\" data-act=\"master\">MASTER</div></div>\n    </div>\n  </div>\n\n  <div class=\"coach\">\n    <b>Denon Prime 4+ (standalone, 4 decks).</b> Mesmo fluxo, agora com 4 canais e ecossistema Engine DJ. A jogwheel esquerda controla o <span class=\"k\">Deck 1 ou 3</span> (botões DECK); a direita, o <span class=\"k\">Deck 2 ou 4</span>. As missões usam os decks 1 e 2; depois experimente trazer o Deck 3/4 pelo fader do canal. Beatmatch = TEMPO (BPM) + jogwheel (fase).\n    <div style=\"display:flex;align-items:center;gap:10px;margin-top:7px\">\n      <span style=\"font-size:10px;color:#8a94a4;letter-spacing:1px\">FASE 1↔2</span>\n      <div class=\"phasebar\" id=\"phasebar\"><div class=\"mid\"></div><i id=\"phaseInd\"></i></div>\n      <span id=\"beatLamps\"></span>\n      <span class=\"pill\" style=\"margin-left:auto\">Δ BPM <b id=\"bpmDelta\">4.0</b></span>\n    </div>\n  </div>\n</div>\n</div>\n\n<script>\n\"use strict\";\n/* Motor validado da cabine, estendido p/ 4 decks. Pele = Denon Prime 4+ (Engine DJ). */\nconst $=(s,r=document)=>r.querySelector(s);\nconst $$=(s,r=document)=>[...r.querySelectorAll(s)];\nconst clamp=(v,a,b)=>Math.max(a,Math.min(b,v));\nlet AC=null, started=false;\nlet masterGain, cueBus, comp, fxNode={};\nconst decks={};\nconst IDS=[\"A\",\"B\",\"C\",\"D\"];\nwindow._masterDeck=\"A\";\nconst sideDeck={ L:\"A\", R:\"B\" }; // qual deck cada jog/transport controla\n\nconst GROOVES={\n  A:{ baseBpm:124, root:110,\n    k:[1,0,0,0,1,0,0,0,1,0,0,0,1,0,0,0], s:[0,0,0,0,1,0,0,0,0,0,0,0,1,0,0,0],\n    h:[0,0,1,0,0,0,1,0,0,0,1,0,0,0,1,0], o:[0,0,0,0,0,0,0,0,0,0,0,0,0,0,1,0],\n    b:[1,0,0,1,0,0,1,0,1,0,0,1,0,0,1,0], t:[0,0,0,0,0,0,0,0,1,0,0,0,0,0,0,0] },\n  B:{ baseBpm:128, root:98,\n    k:[1,0,0,0,1,0,0,0,1,0,0,0,1,0,0,0], s:[0,0,0,0,0,0,0,0,1,0,0,0,0,0,0,0],\n    h:[0,0,1,0,0,0,1,0,0,0,1,0,0,0,1,0], o:[0,1,0,0,0,1,0,0,0,1,0,0,0,1,0,1],\n    b:[1,0,1,0,1,0,1,0,1,0,1,0,1,0,1,0], t:[0,0,0,0,1,0,0,0,0,0,0,0,1,0,1,0] },\n  C:{ baseBpm:122, root:87,\n    k:[1,0,0,0,1,0,0,0,1,0,0,0,1,0,0,0], s:[0,0,0,0,1,0,0,0,0,0,0,0,1,0,0,0],\n    h:[0,0,1,0,0,0,1,0,0,0,1,0,0,0,1,0], o:[0,0,0,0,0,0,0,1,0,0,0,0,0,0,0,1],\n    b:[1,0,0,0,1,0,0,1,0,0,1,0,1,0,0,0], t:[0,0,0,0,0,0,0,0,0,0,0,0,0,0,0,0] },\n  D:{ baseBpm:126, root:82,\n    k:[1,0,0,0,1,0,0,0,1,0,0,0,1,0,0,0], s:[0,0,0,0,0,0,0,0,1,0,0,0,0,0,0,0],\n    h:[1,0,1,0,1,0,1,0,1,0,1,0,1,0,1,0], o:[0,1,0,1,0,1,0,1,0,1,0,1,0,1,0,1],\n    b:[1,0,1,0,1,0,1,0,1,0,1,0,1,0,1,0], t:[0,0,0,0,1,0,1,0,0,0,0,0,1,0,1,0] }\n};\n\nfunction buildGraph(){\n  AC=new (window.AudioContext||window.webkitAudioContext)();\n  masterGain=AC.createGain(); masterGain.gain.value=1;\n  comp=AC.createDynamicsCompressor(); comp.threshold.value=-9; comp.knee.value=24; comp.ratio.value=3.2; comp.attack.value=0.004; comp.release.value=0.18;\n  fxNode.in=AC.createGain(); fxNode.dry=AC.createGain(); fxNode.dry.gain.value=1;\n  fxNode.wet=AC.createGain(); fxNode.wet.gain.value=0; fxNode.delay=AC.createDelay(2.0); fxNode.delay.delayTime.value=(60/124)/2;\n  fxNode.fb=AC.createGain(); fxNode.fb.gain.value=0.36;\n  fxNode.in.connect(fxNode.dry); fxNode.dry.connect(masterGain);\n  fxNode.in.connect(fxNode.delay); fxNode.delay.connect(fxNode.fb); fxNode.fb.connect(fxNode.delay);\n  fxNode.delay.connect(fxNode.wet); fxNode.wet.connect(masterGain);\n  masterGain.connect(comp); comp.connect(AC.destination);\n  cueBus=AC.createGain(); cueBus.gain.value=0.5; cueBus.connect(AC.destination);\n  IDS.forEach(buildDeck);\n}\nfunction buildDeck(id){ const g=GROOVES[id];\n  const d={ id, groove:g, baseBpm:g.baseBpm, bpm:g.baseBpm, pitch:0, range:8, playing:false, mt:true,\n    next:0, abs:0, step:0, bar:0, startTime:0, nudge:0, loopOn:false, loopLen:4, loopStartAbs:0, hotcues:{} };\n  d.sum=AC.createGain(); d.trim=AC.createGain(); d.trim.gain.value=0.9;\n  d.eqLow=AC.createBiquadFilter(); d.eqLow.type=\"lowshelf\"; d.eqLow.frequency.value=120;\n  d.eqMid=AC.createBiquadFilter(); d.eqMid.type=\"peaking\"; d.eqMid.frequency.value=1000; d.eqMid.Q.value=0.8;\n  d.eqHi=AC.createBiquadFilter(); d.eqHi.type=\"highshelf\"; d.eqHi.frequency.value=3500;\n  d.color=AC.createBiquadFilter(); d.color.type=\"allpass\"; d.color.frequency.value=1000;\n  d.fader=AC.createGain(); d.fader.gain.value=0; d.xf=AC.createGain(); d.xf.gain.value=1; d.pfl=AC.createGain(); d.pfl.gain.value=0;\n  d.sum.connect(d.trim); d.trim.connect(d.eqLow); d.eqLow.connect(d.eqMid); d.eqMid.connect(d.eqHi); d.eqHi.connect(d.color);\n  d.color.connect(d.fader); d.fader.connect(d.xf); d.xf.connect(fxNode.in);\n  d.color.connect(d.pfl); d.pfl.connect(cueBus);\n  d.analyser=AC.createAnalyser(); d.analyser.fftSize=256; d.color.connect(d.analyser);\n  decks[id]=d;\n}\nlet _noise=null;\nfunction noiseBuf(){ if(_noise)return _noise; _noise=AC.createBuffer(1,AC.sampleRate*0.4,AC.sampleRate); const d=_noise.getChannelData(0); for(let i=0;i<d.length;i++)d[i]=Math.random()*2-1; return _noise; }\nfunction vKick(t,g,d){ const o=AC.createOscillator(),a=AC.createGain(); o.frequency.setValueAtTime(150,t); o.frequency.exponentialRampToValueAtTime(48,t+0.12); a.gain.setValueAtTime(g,t); a.gain.exponentialRampToValueAtTime(0.001,t+0.30); o.connect(a); a.connect(d.sum); o.start(t); o.stop(t+0.33); }\nfunction vClap(t,g,d){ const s=AC.createBufferSource(); s.buffer=noiseBuf(); const bp=AC.createBiquadFilter(); bp.type=\"bandpass\"; bp.frequency.value=1800; bp.Q.value=0.7; const a=AC.createGain(); a.gain.setValueAtTime(g,t); a.gain.exponentialRampToValueAtTime(0.001,t+0.16); s.connect(bp); bp.connect(a); a.connect(d.sum); s.start(t); s.stop(t+0.18); }\nfunction vHat(t,g,open,d){ const s=AC.createBufferSource(); s.buffer=noiseBuf(); const hp=AC.createBiquadFilter(); hp.type=\"highpass\"; hp.frequency.value=8000; const a=AC.createGain(); const dur=open?0.14:0.045; a.gain.setValueAtTime(g,t); a.gain.exponentialRampToValueAtTime(0.001,t+dur); s.connect(hp); hp.connect(a); a.connect(d.sum); s.start(t); s.stop(t+dur+0.05); }\nfunction vBass(t,g,freq,d){ const o=AC.createOscillator(); o.type=\"sawtooth\"; o.frequency.value=freq; const lp=AC.createBiquadFilter(); lp.type=\"lowpass\"; lp.frequency.setValueAtTime(600,t); lp.frequency.exponentialRampToValueAtTime(140,t+0.18); lp.Q.value=6; const a=AC.createGain(); a.gain.setValueAtTime(0.0001,t); a.gain.linearRampToValueAtTime(g,t+0.01); a.gain.exponentialRampToValueAtTime(0.001,t+0.20); o.connect(lp); lp.connect(a); a.connect(d.sum); o.start(t); o.stop(t+0.22); }\nfunction vStab(t,g,freq,d){ const out=AC.createGain(); out.gain.setValueAtTime(0.0001,t); out.gain.linearRampToValueAtTime(g,t+0.008); out.gain.exponentialRampToValueAtTime(0.001,t+0.34); out.connect(d.sum); [0,4,7].forEach(se=>{ const o=AC.createOscillator(); o.type=\"square\"; o.frequency.value=freq*Math.pow(2,se/12); const a=AC.createGain(); a.gain.value=0.33; o.connect(a); a.connect(out); o.start(t); o.stop(t+0.36); }); }\nconst LOOKAHEAD=0.12,TICK=25;\nfunction stepDur(d){ return (60.0/d.bpm)/4.0; }\nfunction schedule(){ if(!AC)return; const now=AC.currentTime;\n  IDS.forEach(id=>{ const d=decks[id]; if(!d||!d.playing)return;\n    while(d.next<now+LOOKAHEAD){ const t=d.next+d.nudge; d.nudge=0; const st=d.abs%16,g=d.groove;\n      if(g.k[st])vKick(t,1.0,d); if(g.s[st])vClap(t,0.9,d); if(g.h[st])vHat(t,0.5,false,d); if(g.o[st])vHat(t,0.4,true,d); if(g.b[st])vBass(t,0.55,g.root,d); if(g.t[st])vStab(t,0.22,g.root*2,d);\n      d.abs++; if(d.loopOn&&(d.abs-d.loopStartAbs)>=d.loopLen*4)d.abs=d.loopStartAbs; d.step=d.abs%16; d.bar=Math.floor(d.abs/16); d.next+=stepDur(d);\n    } });\n  autoCheckMissions();\n}\nfunction applyTempo(d){ d.bpm=d.baseBpm*(1+d.pitch/100); }\nfunction setPitch(d,pct){ d.pitch=clamp(pct,-d.range,d.range); applyTempo(d); refreshDeckUI(d); checkTempoMission(); }\n\nfunction setKnobVisual(el,val){ const min=+el.dataset.min,max=+el.dataset.max; el.style.setProperty(\"--pdeg\",(-140+(val-min)/(max-min)*280)+\"deg\"); el.dataset.val=val; }\nfunction bindKnob(el,cb){ const min=+el.dataset.min,max=+el.dataset.max; let val=+el.dataset.val; setKnobVisual(el,val); cb&&cb(val);\n  let sy,sv,drag=false;\n  el.addEventListener(\"pointerdown\",e=>{drag=true;sy=e.clientY;sv=val;el.setPointerCapture(e.pointerId);e.preventDefault();});\n  el.addEventListener(\"pointermove\",e=>{if(!drag)return;val=clamp(sv+(sy-e.clientY)/140*(max-min),min,max);setKnobVisual(el,val);cb&&cb(val);});\n  el.addEventListener(\"pointerup\",()=>drag=false); el.addEventListener(\"pointercancel\",()=>drag=false);\n  el.addEventListener(\"dblclick\",()=>{val=(min<0&&max>0)?0:(min+max)/2;setKnobVisual(el,val);cb&&cb(val);}); }\nfunction bindVFader(el,cb,init){ const cap=el.querySelector(\".cap\"); let val=init; place();\n  function place(){ const h=el.clientHeight; cap.style.top=(6+(1-val)*(h-12))+\"px\"; } cb&&cb(val); let drag=false;\n  const mv=e=>{ if(!drag)return; const r=el.getBoundingClientRect(); val=1-clamp((e.clientY-r.top-6)/(r.height-12),0,1); place(); cb&&cb(val); };\n  el.addEventListener(\"pointerdown\",e=>{drag=true;el.setPointerCapture(e.pointerId);mv(e);}); el.addEventListener(\"pointermove\",mv);\n  el.addEventListener(\"pointerup\",()=>drag=false); el.addEventListener(\"pointercancel\",()=>drag=false); window.addEventListener(\"resize\",place); }\n\nfunction buildPads(){ [\"L\",\"R\"].forEach(side=>{ const wrap=$(`[data-pads-side=\"${side}\"]`);\n  [\"A\",\"B\",\"C\",\"D\",\"E\",\"F\",\"G\",\"H\"].forEach(c=>{ const el=document.createElement(\"div\"); el.className=\"pad \"+c; el.innerHTML=`<small>HOT</small>${c}`; wrap.appendChild(el); el.addEventListener(\"pointerdown\",()=>hotcue(sideDeck[side],c,el)); }); }); }\nfunction hotcue(id,c,el){ const d=decks[id]; if(!started){ startAudio(); } if(!decks[id])return; if(!d.hotcues[c]){ d.hotcues[c]=d.abs; el.classList.add(\"set\"); } else { d.abs=d.hotcues[c]; d.next=AC.currentTime+0.02; el.classList.add(\"playing\"); setTimeout(()=>el.classList.remove(\"playing\"),220); } }\nfunction buildChannels(){ const grid=$(\"#chgrid\");\n  [{n:1,deck:\"A\"},{n:2,deck:\"B\"},{n:3,deck:\"C\"},{n:4,deck:\"D\"}].forEach(c=>{ const ch=document.createElement(\"div\"); ch.className=\"ch\"; const dk=c.deck;\n    ch.innerHTML=`<div class=\"cnum\">${c.n} · ${dk}</div>\n      <div class=\"knob\" data-ck=\"trim\" data-deck=\"${dk}\" data-min=\"0\" data-max=\"1.6\" data-val=\"0.9\"></div><div class=\"klabel\">TRIM</div>\n      <div class=\"eqwrap\">\n        <div class=\"eqrow\"><div class=\"knob\" data-ck=\"hi\" data-deck=\"${dk}\" data-min=\"-26\" data-max=\"6\" data-val=\"0\"></div><div class=\"klabel\">HI</div></div>\n        <div class=\"eqrow\"><div class=\"knob\" data-ck=\"mid\" data-deck=\"${dk}\" data-min=\"-26\" data-max=\"6\" data-val=\"0\"></div><div class=\"klabel\">MID</div></div>\n        <div class=\"eqrow\"><div class=\"knob\" data-ck=\"low\" data-deck=\"${dk}\" data-min=\"-26\" data-max=\"6\" data-val=\"0\"></div><div class=\"klabel\">LOW</div></div>\n      </div>\n      <div class=\"knob\" data-ck=\"color\" data-deck=\"${dk}\" data-min=\"-1\" data-max=\"1\" data-val=\"0\"></div><div class=\"klabel\">SWEEP FX</div>\n      <div class=\"cue-pfl\" data-ck=\"cue\" data-deck=\"${dk}\">CUE</div>\n      <div class=\"chbody\"><div class=\"meter\"><i data-meter=\"${dk}\"></i></div><div class=\"fadc\" data-ck=\"fader\" data-deck=\"${dk}\"><div class=\"cap\"></div></div></div>`;\n    grid.appendChild(ch); }); }\n\nfunction applyChannel(dk,ck,val){ if(!dk||!decks[dk])return; const d=decks[dk];\n  if(ck===\"trim\")d.trim.gain.value=val; else if(ck===\"hi\")d.eqHi.gain.value=val; else if(ck===\"mid\")d.eqMid.gain.value=val;\n  else if(ck===\"low\"){ d.eqLow.gain.value=val; } else if(ck===\"color\"){ if(val<-0.03){ d.color.type=\"lowpass\"; d.color.frequency.value=200+(1+val)*18000; d.color.Q.value=1+(-val)*6; } else if(val>0.03){ d.color.type=\"highpass\"; d.color.frequency.value=20+val*6000; d.color.Q.value=1+val*6; } else { d.color.type=\"allpass\"; d.color.frequency.value=1000; } } }\nfunction applyMaster(k,val){ if(k===\"master\"&&masterGain)masterGain.gain.value=val; else if(k===\"phmix\"&&cueBus)cueBus.gain.value=(1-val)*1.1;\n  else if(k===\"fx1c\"||k===\"fx2c\"){ const on=val>0.1; if(fxNode.wet){ fxNode.wet.gain.setTargetAtTime(on?val*0.6:0,AC.currentTime,0.05); fxNode.dry.gain.setTargetAtTime(on?0.8:1,AC.currentTime,0.05);} if(on)markMission(\"fxon\"); } }\n\nconst MISSIONS=[\n  {id:\"playA\",t:\"Dê play no Deck 1\",h:\"Aperte PLAY (lado esquerdo) e suba o fader do canal 1.\"},\n  {id:\"cueB\",t:\"Pré-escute o Deck 2 no fone\",h:\"Aperte CUE (laranja) do canal 2.\"},\n  {id:\"playB\",t:\"Toque o Deck 2 (no fone)\",h:\"PLAY no lado direito com o fader do canal 2 embaixo.\"},\n  {id:\"tempo\",t:\"Iguale o BPM do 2 ao 1\",h:\"Puxe o TEMPO do lado direito até 124.0 BPM (Δ BPM = 0.0).\"},\n  {id:\"beatmatch\",t:\"Alinhe a batida (jogwheel)\",h:\"Empurre a jogwheel direita até a FASE centralizar (verde).\"},\n  {id:\"eq\",t:\"Troque graves na virada\",h:\"Corte o LOW do canal 1 e abra o LOW do 2, subindo o fader do 2.\"},\n  {id:\"fxon\",t:\"Ligue um Beat FX\",h:\"Suba o knob WET do FX1 ou FX2.\"}\n];\nlet mi=0;\nfunction markMission(key){ const m=MISSIONS[mi]; if(m&&m.id===key)completeMission(); }\nfunction completeMission(){ mi++; renderMission(); }\nfunction missionState(id){ const a=decks.A,b=decks.B; if(!a||!b)return false;\n  switch(id){ case \"playA\":return a.playing&&a.fader.gain.value>0.3; case \"cueB\":return b.pfl.gain.value>0; case \"playB\":return b.playing;\n    case \"tempo\":return Math.abs(a.bpm-b.bpm)<0.2;\n    case \"beatmatch\":{ const pa=(a.abs%16)/16,pb=(b.abs%16)/16; let df=pb-pa; if(df>0.5)df-=1; if(df<-0.5)df+=1; return a.playing&&b.playing&&Math.abs(a.bpm-b.bpm)<0.4&&Math.abs(df)<0.05; }\n    case \"eq\":return a.eqLow.gain.value<-10&&b.eqLow.gain.value>-3&&b.fader.gain.value>0.4;\n    case \"fxon\":return !!fxNode.wet&&fxNode.wet.gain.value>0.1; } return false; }\nfunction autoCheckMissions(){ const m=MISSIONS[mi]; if(m&&missionState(m.id))completeMission(); }\nfunction renderMission(){ const m=MISSIONS[mi]; if(!m){ $(\"#mIdx\").textContent=\"✓ COMPLETO\"; $(\"#mTitle\").textContent=\"Você mixou no Prime 4+!\"; $(\"#mHint\").textContent=\"Explore: traga os decks 3 e 4, use SWEEP FX e loops.\"; $(\"#mOk\").style.display=\"inline\"; return; }\n  $(\"#mIdx\").textContent=\"MISSÃO \"+(mi+1)+\"/\"+MISSIONS.length; $(\"#mTitle\").textContent=m.t; $(\"#mHint\").textContent=m.h; }\nfunction checkTempoMission(){ const m=MISSIONS[mi]; if(m&&m.id===\"tempo\"&&decks.A&&decks.B&&Math.abs(decks.A.bpm-decks.B.bpm)<0.2)completeMission(); }\n\nfunction drawWaveforms(){ IDS.forEach(id=>{ const d=decks[id]; const cv=$(`[data-wf=\"${id}\"]`); if(!cv)return;\n  const w=cv.width=cv.clientWidth||300,h=cv.height=cv.clientHeight||34; const ctx=cv.getContext(\"2d\"); ctx.clearRect(0,0,w,h);\n  const bars=90,bw=w/bars; const col={A:[\"#5bd0ff\",\"#2b6fb0\"],B:[\"#ffa24d\",\"#a86a2a\"],C:[\"#7CFC5A\",\"#3a7a2a\"],D:[\"#e07cff\",\"#7a3a8a\"]}[id];\n  for(let i=0;i<bars;i++){ let s=Math.sin(i*12.9+id.charCodeAt(0))*43758.5; s-=Math.floor(s); const beat=(i%8)===0; const amp=(0.25+s*0.7)*h;\n    ctx.fillStyle=beat?col[0]:col[1]; ctx.fillRect(i*bw,(h-amp)/2,bw*0.7,amp); }\n  const ph=(d.abs%90)/90; ctx.fillStyle=\"#fff\"; ctx.fillRect(ph*w,0,2,h); }); }\nfunction updateMeters(){ IDS.forEach(id=>{ const d=decks[id]; if(!d||!d.analyser)return; const buf=new Uint8Array(d.analyser.fftSize); d.analyser.getByteTimeDomainData(buf); let pk=0; for(const v of buf){ const x=Math.abs(v-128)/128; if(x>pk)pk=x; } const el=$(`[data-meter=\"${id}\"]`); if(el)el.style.height=Math.min(100,pk*140)+\"%\"; }); }\nfunction updatePhase(){ const a=decks.A,b=decks.B; if(!a||!b)return; $(\"#bpmDelta\").textContent=Math.abs(a.bpm-b.bpm).toFixed(1);\n  const pa=(a.abs%16)/16,pb=(b.abs%16)/16; let diff=pb-pa; if(diff>0.5)diff-=1; if(diff<-0.5)diff+=1; const ind=$(\"#phaseInd\"); if(ind)ind.style.left=(50+diff*100)+\"%\";\n  const matched=a.playing&&b.playing&&Math.abs(a.bpm-b.bpm)<0.4&&Math.abs(diff)<0.035; $(\"#phasebar\").classList.toggle(\"good\",matched);\n  const beat=a.abs%4,lamps=$(\"#beatLamps\"); if(lamps){ lamps.innerHTML=\"\"; for(let i=0;i<4;i++){ const s=document.createElement(\"span\"); s.className=\"beat-lamp\"+(i===beat&&a.playing?\" on\":\"\"); lamps.appendChild(s);} } if(matched)markMission(\"beatmatch\"); }\nfunction refreshDeckUI(d){ $(\"#bpm\"+d.id).textContent=d.bpm.toFixed(1); $(\"#pct\"+d.id).textContent=(d.pitch>=0?\"+\":\"\")+d.pitch.toFixed(1)+\"%\";\n  if(fxNode.delay){ const md=decks[window._masterDeck]||decks.A; fxNode.delay.delayTime.value=(60/md.bpm)/2; } }\nfunction drawArtSide(side){ const cv=$(`[data-art-side=\"${side}\"]`); if(!cv)return; const id=sideDeck[side]; const ctx=cv.getContext(\"2d\"); const cc={A:[\"#3a86ff\",\"#0a1a33\"],B:[\"#ff7a1a\",\"#331000\"],C:[\"#7CFC5A\",\"#0a2a10\"],D:[\"#e07cff\",\"#2a0a33\"]}[id]; const g=ctx.createRadialGradient(33,33,3,33,33,33); g.addColorStop(0,cc[0]); g.addColorStop(1,cc[1]); ctx.fillStyle=g; ctx.beginPath(); ctx.arc(33,33,33,0,7); ctx.fill(); ctx.fillStyle=\"#0009\"; ctx.beginPath(); ctx.arc(33,33,5,0,7); ctx.fill(); }\nfunction highlightActiveLanes(){ IDS.forEach(id=>{ const l=$(`.lane[data-lane=\"${id}\"]`); if(l)l.classList.toggle(\"active\", sideDeck.L===id||sideDeck.R===id); }); }\n\nfunction playDeck(d,on){ if(!started)startAudio(); d.playing=on!==undefined?on:!d.playing;\n  IDS.forEach(id=>{ if(decks[id]===d){ [\"L\",\"R\"].forEach(side=>{ if(sideDeck[side]===id){ const btn=$(`.deckctl[data-side=\"${side}\"] .rbtn.play`); if(btn){ btn.classList.toggle(\"on\",d.playing); btn.querySelector(\".ico\").textContent=d.playing?\"❚❚\":\"▶\"; } } }); } });\n  if(d.playing){ if(d.next<AC.currentTime)d.next=AC.currentTime+0.05; if(!d.startTime)d.startTime=AC.currentTime; }\n  if(d.playing)markMission(d.id===\"A\"?\"playA\":d.id===\"B\"?\"playB\":\"\"); }\nfunction cueDeck(d){ if(!started)startAudio(); d.abs=0; d.step=0; d.bar=0; d.next=AC.currentTime+0.02; if(!d.playing)playDeck(d,true); }\nfunction handleSideAct(side,act,b){ const id=sideDeck[side]; const d=decks[id]; if(!started&&(act===\"play\"||act===\"cue\"))startAudio();\n  switch(act){ case \"play\":playDeck(d);break; case \"cue\":cueDeck(d);break; case \"sync\":syncDeck(id,b);break;\n    case \"mt\":d.mt=!d.mt;b.classList.toggle(\"on\",d.mt);break;\n    case \"master\":window._masterDeck=id;$$(''.tled[data-act=\"master\"]'').forEach(x=>x.classList.remove(\"on\"));b.classList.add(\"on\");refreshDeckUI(d);break;\n    case \"beatloop\":d.loopOn=!d.loopOn;d.loopLen=+b.dataset.len;d.loopStartAbs=d.abs;b.classList.toggle(\"on\",d.loopOn);break;\n    case \"reloop\":d.loopOn=true;d.loopStartAbs=d.abs;$(`[data-loops-side=\"${side}\"] [data-act=\"beatloop\"]`).classList.add(\"on\");break;\n    case \"cuein\":b.classList.add(\"on\");setTimeout(()=>b.classList.remove(\"on\"),180);break;\n    case \"cueout\":d.loopOn=false;$(`[data-loops-side=\"${side}\"] [data-act=\"beatloop\"]`).classList.remove(\"on\");break; } }\nfunction syncDeck(id,b){ const md=decks[window._masterDeck]||decks.A; const d=decks[id]; d.pitch=(md.bpm/d.baseBpm-1)*100; applyTempo(d); if(d._tempoSet&&d._tempoSet[id])d._tempoSet[id](d.pitch);\n  d.abs=md.abs; d.step=md.step; d.bar=md.bar; d.next=md.next; b.classList.add(\"on\"); refreshDeckUI(d); checkTempoMission(); markMission(\"beatmatch\"); }\n\nfunction startAudio(){ if(started)return; buildGraph(); started=true; $(\"#acDot\").classList.remove(\"off\"); $(\"#acState\").textContent=\"ligado\"; $(\"#btnStart\").textContent=\"● Áudio ligado\"; if(AC.resume)AC.resume(); IDS.forEach(id=>refreshDeckUI(decks[id])); setInterval(schedule,TICK); }\nfunction frame(){ if(started){ drawWaveforms(); updateMeters(); updatePhase(); autoCheckMissions(); IDS.forEach(id=>{ const d=decks[id]; const sec=d.playing?(AC.currentTime-d.startTime):0; const el=$(\"#time\"+id); if(el){ const m=Math.floor(sec/60),s=Math.floor(sec%60); el.textContent=String(m).padStart(2,\"0\")+\":\"+String(s).padStart(2,\"0\"); } }); } requestAnimationFrame(frame); }\n\nfunction setSideDeck(side,id){ sideDeck[side]=id; $$(`.deckctl[data-side=\"${side}\"] .dtab`).forEach(t=>t.classList.toggle(\"on\",t.dataset.setdeck===id)); drawArtSide(side); highlightActiveLanes();\n  const d=decks[id]; if(d){ const btn=$(`.deckctl[data-side=\"${side}\"] .rbtn.play`); if(btn){ btn.classList.toggle(\"on\",d.playing); btn.querySelector(\".ico\").textContent=d.playing?\"❚❚\":\"▶\"; } } }\n\nfunction init(){\n  buildPads(); buildChannels(); renderMission();\n  function fit(){ const s=Math.min(1,(window.innerWidth-8)/1688); $(\"#stage\").style.transform=\"scale(\"+s+\")\"; } window.addEventListener(\"resize\",fit); fit();\n  drawArtSide(\"L\"); drawArtSide(\"R\"); highlightActiveLanes();\n  $$(\".deckctl\").forEach(dc=>{ const side=dc.dataset.side; $$(\"[data-act]\",dc).forEach(b=>b.addEventListener(\"pointerdown\",e=>{ e.preventDefault(); handleSideAct(side,b.dataset.act,b); }));\n    $$(\".dtab\",dc).forEach(t=>t.addEventListener(\"pointerdown\",()=>setSideDeck(side,t.dataset.setdeck))); });\n  [\"L\",\"R\"].forEach(side=>bindJogLazy(side));\n  $$(''.knob[data-ck]'').forEach(el=>bindKnob(el,val=>applyChannel(el.dataset.deck,el.dataset.ck,val)));\n  $$(''.knob[data-knob]'').forEach(el=>bindKnob(el,val=>applyMaster(el.dataset.knob,val)));\n  $$(''.fadc[data-ck=\"fader\"]'').forEach(el=>bindVFader(el,val=>{ const dk=el.dataset.deck; if(dk&&decks[dk])decks[dk].fader.gain.value=val; },0));\n  $$(''.cue-pfl[data-ck=\"cue\"]'').forEach(el=>el.addEventListener(\"pointerdown\",()=>{ const dk=el.dataset.deck; if(!dk)return; if(!started)startAudio(); el.classList.toggle(\"on\"); const on=el.classList.contains(\"on\"); decks[dk].pfl.gain.value=on?1:0; if(on&&dk===\"B\")markMission(\"cueB\"); }));\n  bindTempoFaderLazy(); bindXFaderLazy();\n  $(\"#btnStart\").addEventListener(\"pointerdown\",()=>startAudio()); $(\"#btnReset\").addEventListener(\"pointerdown\",()=>location.reload());\n  frame();\n}\nfunction bindJogLazy(side){ const el=$(`[data-jog-side=\"${side}\"]`); let last=null,drag=false,rot=0;\n  const ang=e=>{ const r=el.getBoundingClientRect(); return Math.atan2(e.clientY-(r.top+r.height/2),e.clientX-(r.left+r.width/2)); };\n  el.addEventListener(\"pointerdown\",e=>{ if(!started)startAudio(); drag=true; last=ang(e); el.setPointerCapture(e.pointerId); e.preventDefault(); });\n  el.addEventListener(\"pointermove\",e=>{ if(!drag)return; let a=ang(e),da=a-last; if(da>Math.PI)da-=2*Math.PI; if(da<-Math.PI)da+=2*Math.PI; last=a; const d=decks[sideDeck[side]]; if(d)d.nudge-=da*0.05; rot+=da; const m=$(`[data-marker-side=\"${side}\"]`); if(m)m.style.transform=`translate(-50%,0) rotate(${rot}rad)`; });\n  el.addEventListener(\"pointerup\",()=>drag=false); el.addEventListener(\"pointercancel\",()=>drag=false); }\nfunction bindTempoFaderLazy(){ [\"L\",\"R\"].forEach(side=>{ const el=$(`[data-tempo-side=\"${side}\"]`); const cap=el.querySelector(\".cap\"); let pos=0.5; place();\n  function place(){ const h=el.clientHeight; cap.style.top=(6+pos*(h-12))+\"px\"; } function apply(){ if(!started)startAudio(); const d=decks[sideDeck[side]]; if(d)setPitch(d,(pos-0.5)*2*d.range); }\n  let drag=false; const mv=e=>{ if(!drag)return; const r=el.getBoundingClientRect(); pos=clamp((e.clientY-r.top-6)/(r.height-12),0,1); place(); apply(); };\n  el.addEventListener(\"pointerdown\",e=>{drag=true;el.setPointerCapture(e.pointerId);mv(e);}); el.addEventListener(\"pointermove\",mv); el.addEventListener(\"pointerup\",()=>drag=false); el.addEventListener(\"pointercancel\",()=>drag=false); el.addEventListener(\"dblclick\",()=>{pos=0.5;place();apply();}); window.addEventListener(\"resize\",place); }); }\nfunction bindXFaderLazy(){ const el=$(\"[data-xfader]\"); const cap=el.querySelector(\".cap\"); let x=0.5; place();\n  function place(){ const w=el.clientWidth; cap.style.left=(10+x*(w-20))+\"px\"; apply(); } function apply(){ if(decks.A){ decks.A.xf.gain.value=Math.cos(x*Math.PI/2); decks.B.xf.gain.value=Math.cos((1-x)*Math.PI/2);} }\n  let drag=false; const mv=e=>{ if(!drag)return; const r=el.getBoundingClientRect(); x=clamp((e.clientX-r.left-10)/(r.width-20),0,1); place(); };\n  el.addEventListener(\"pointerdown\",e=>{drag=true;el.setPointerCapture(e.pointerId);mv(e);}); el.addEventListener(\"pointermove\",mv); el.addEventListener(\"pointerup\",()=>drag=false); el.addEventListener(\"pointercancel\",()=>drag=false); el.addEventListener(\"dblclick\",()=>{x=0.5;place();}); window.addEventListener(\"resize\",place); }\ndocument.addEventListener(\"DOMContentLoaded\",init);\n</script>\n</body>\n</html>\n"}]'::jsonb);

-- AULA 9 (mód 1): A cabine clássica: CDJ-2000NXS2 + DJM-900NXS2
insert into public.lessons (id,module_id,titulo,tipo,conteudo_rico,duracao_min,ordem,tem_quiz,preview_gratis) values
  ('d1000000-d100-4d00-9000-0000000b0009','d1000000-d100-4d00-9000-0000000a0001','A cabine clássica: CDJ-2000NXS2 + DJM-900NXS2','texto','<p><strong>Antes do CDJ-3000, o mundo girou por uma década em cima do CDJ-2000NXS2 — e o DJM-900NXS2 segue sendo o mixer mais comum do planeta.</strong> Você VAI encontrar essa cabine: em clubes que ainda não trocaram de geração, em casas menores e em metade das riders do Brasil. DJ profissional toca nas duas gerações sem pestanejar.</p>
<h3>O que muda do 3000 para o 2000NXS2</h3>
<ul>
<li><strong>Hot cues:</strong> no 2000NXS2 ficam numa <strong>coluna de 4 botões (A–D)</strong> ao lado do jog, com um <strong>banco</strong> que alterna para E–H — em vez da fileira de 8 pads do 3000.</li>
<li><strong>Tela:</strong> menor e sem toque em boa parte das funções — navega-se mais pelo <strong>seletor rotativo</strong>.</li>
<li><strong>Fontes:</strong> botões dedicados <strong>LINK / USB / SD / DISC</strong> (o 2000NXS2 ainda toca CD!).</li>
<li><strong>O resto é igual:</strong> jog, CUE/PLAY, tempo fader (±6/10/16/WIDE), MASTER TEMPO, loops e SYNC. Sua memória muscular transfere direto.</li>
</ul>
<h3>DJM-900NXS2: o rei dos mixers</h3>
<p>A base do canal é a mesma do A9 (TRIM → EQ 3 bandas → COLOR → CUE → fader). A assinatura do 900NXS2 é o <strong>SOUND COLOR FX</strong>: seis efeitos (<strong>SPACE, DUB ECHO, SWEEP, NOISE, CRUSH, FILTER</strong>) que você seleciona por botão e <strong>aplica girando o knob COLOR de cada canal</strong>. É o efeito "de mão" mais usado do mundo club:</p>
<ul>
<li><strong>FILTER:</strong> o clássico — LPF para um lado, HPF para o outro.</li>
<li><strong>SWEEP:</strong> varredura com ressonância, ótima para tensão.</li>
<li><strong>DUB ECHO:</strong> manda o canal para um eco curto — perfeito para tirar uma música.</li>
<li><strong>SPACE / NOISE / CRUSH:</strong> reverb, ruído e esmagamento — texturas para momentos.</li>
</ul>
<p>No lado direito fica o <strong>BEAT FX</strong> (echo, delay, ping pong, spiral, reverb, flanger…) com o <strong>X-PAD</strong> para tocar o efeito com o dedo.</p>
<h3>Na cabine real</h3>
<p>Nos clubes, os players costumam ligar nos <strong>canais 2 e 3</strong> (os do meio) do DJM — os canais 1 e 4 sobram para um terceiro player, um sampler ou o notebook. O simulador desta aula segue esse layout clássico.</p>
<p><strong>No simulador:</strong> mesma rotina — play, cue no fone, BPM, fase, troca de graves — e na missão final experimente o <strong>SOUND COLOR FX</strong>: escolha SWEEP ou DUB ECHO e gire o COLOR do canal. Depois alterne o <strong>banco de hot cues</strong> (A–D ↔ E–H).</p>',20,9,true,false);
insert into public.quizzes (id,lesson_id,titulo) values ('d1000000-d100-4d00-9000-0000000c0009','d1000000-d100-4d00-9000-0000000b0009','Quiz — Cabine clássica NXS2');
insert into public.quiz_questions (id,quiz_id,texto,explicacao,ordem,pontos) values ('d1000000-d100-4d00-9000-000000000901','d1000000-d100-4d00-9000-0000000c0009','Onde ficam os hot cues no CDJ-2000NXS2?','Numa coluna de 4 botões (A–D) ao lado do jog, com banco que alterna para E–H — diferente da fileira de 8 pads do CDJ-3000.',1,1);
insert into public.quiz_options (question_id,texto,correta,ordem) values ('d1000000-d100-4d00-9000-000000000901','Numa fileira de 8 pads embaixo da tela',false,1);
insert into public.quiz_options (question_id,texto,correta,ordem) values ('d1000000-d100-4d00-9000-000000000901','Numa coluna de 4 botões (A–D) com banco para E–H',true,2);
insert into public.quiz_options (question_id,texto,correta,ordem) values ('d1000000-d100-4d00-9000-000000000901','No mixer',false,3);
insert into public.quiz_options (question_id,texto,correta,ordem) values ('d1000000-d100-4d00-9000-000000000901','Não tem hot cue',false,4);
insert into public.quiz_questions (id,quiz_id,texto,explicacao,ordem,pontos) values ('d1000000-d100-4d00-9000-000000000902','d1000000-d100-4d00-9000-0000000c0009','O que é o SOUND COLOR FX do DJM-900NXS2?','Seis efeitos (SPACE, DUB ECHO, SWEEP, NOISE, CRUSH, FILTER) selecionados por botão e aplicados girando o knob COLOR de cada canal.',2,1);
insert into public.quiz_options (question_id,texto,correta,ordem) values ('d1000000-d100-4d00-9000-000000000902','Um equalizador extra',false,1);
insert into public.quiz_options (question_id,texto,correta,ordem) values ('d1000000-d100-4d00-9000-000000000902','Efeitos aplicados pelo knob COLOR de cada canal (FILTER, SWEEP, DUB ECHO…)',true,2);
insert into public.quiz_options (question_id,texto,correta,ordem) values ('d1000000-d100-4d00-9000-000000000902','Um segundo crossfader',false,3);
insert into public.quiz_options (question_id,texto,correta,ordem) values ('d1000000-d100-4d00-9000-000000000902','O volume do fone',false,4);
insert into public.quiz_questions (id,quiz_id,texto,explicacao,ordem,pontos) values ('d1000000-d100-4d00-9000-000000000903','d1000000-d100-4d00-9000-0000000c0009','Em quais canais do DJM os players costumam ligar na cabine real?','Nos canais 2 e 3 (os do meio) — os canais 1 e 4 sobram para um terceiro player, sampler ou notebook.',3,1);
insert into public.quiz_options (question_id,texto,correta,ordem) values ('d1000000-d100-4d00-9000-000000000903','Sempre 1 e 4',false,1);
insert into public.quiz_options (question_id,texto,correta,ordem) values ('d1000000-d100-4d00-9000-000000000903','Nos canais 2 e 3 (os do meio)',true,2);
insert into public.quiz_options (question_id,texto,correta,ordem) values ('d1000000-d100-4d00-9000-000000000903','Tanto faz, não muda nada',false,3);
insert into public.quiz_options (question_id,texto,correta,ordem) values ('d1000000-d100-4d00-9000-000000000903','Só no canal 1',false,4);
insert into public.quiz_questions (id,quiz_id,texto,explicacao,ordem,pontos) values ('d1000000-d100-4d00-9000-000000000904','d1000000-d100-4d00-9000-0000000c0009','Por que aprender a geração NXS2 se já existe o CDJ-3000?','Porque ela ainda está em metade das cabines do mundo — o profissional toca nas duas gerações sem depender do equipamento.',4,1);
insert into public.quiz_options (question_id,texto,correta,ordem) values ('d1000000-d100-4d00-9000-000000000904','Não precisa, é obsoleta',false,1);
insert into public.quiz_options (question_id,texto,correta,ordem) values ('d1000000-d100-4d00-9000-000000000904','Porque ainda domina muitas cabines — o profissional toca nas duas gerações',true,2);
insert into public.quiz_options (question_id,texto,correta,ordem) values ('d1000000-d100-4d00-9000-000000000904','Porque o 3000 não faz beatmatch',false,3);
insert into public.quiz_options (question_id,texto,correta,ordem) values ('d1000000-d100-4d00-9000-000000000904','Porque o NXS2 é mais novo',false,4);
insert into public.ai_animations (lesson_id,tipo,status,model,roteiro,urls) values ('d1000000-d100-4d00-9000-0000000b0009','interactive','ready','handcrafted-interactive','{"titulo":"Cabine clássica — 2× CDJ-2000NXS2 + DJM-900NXS2","cenas":[{"numero":1,"titulo":"Mixe na cabine clássica (áudio real)","modo":"widget","narracao":"A geração NXS2: o CDJ-2000NXS2 e o DJM-900NXS2 — o mixer mais comum do mundo. Hot cues em coluna com bancos A-D/E-H e SOUND COLOR FX no knob COLOR. Complete as 7 missões.","explicacao_texto":"Simulador fiel da cabine clássica dos clubes (geração NXS2). Mesmo motor de áudio da cabine nova.","destaques":["CDJ-2000NXS2: hot cues em coluna + bancos A-D/E-H","DJM-900NXS2: SOUND COLOR FX (FILTER, SWEEP, DUB ECHO, CRUSH…)","Decks nos canais 2 e 3 (layout clássico de cabine)","Mesmo fluxo: BPM, fase, EQ e virada"]}]}'::jsonb,'[{"html":"<!doctype html>\n<html lang=\"pt-BR\">\n<head>\n<meta charset=\"utf-8\">\n<meta name=\"viewport\" content=\"width=device-width, initial-scale=1, maximum-scale=1, user-scalable=no\">\n<link rel=\"icon\" href=\"data:,\">\n<title>Cabine clássica — 2× CDJ-2000NXS2 + DJM-900NXS2 — Simulador fiel (SMU)</title>\n<style>\n  :root{ --ink:#e9eef7; --muted:#8b97a9; --amber:#f4a02a; --orange:#ff7a1a; --green:#37d07a; --red:#e0483f; --cyan:#39c0e6; }\n  *{box-sizing:border-box}\n  html,body{margin:0;height:100%}\n  body{ background:radial-gradient(1200px 700px at 50% -8%,#1b1e23,#0a0b0d 62%),#08090b; color:var(--ink);\n    font-family:\"Inter\",system-ui,-apple-system,\"Segoe UI\",Roboto,sans-serif; -webkit-font-smoothing:antialiased;\n    user-select:none;overflow:hidden; display:flex;align-items:flex-start;justify-content:center; }\n  #stage{transform-origin:top center;flex:0 0 auto}\n  .booth{position:relative;width:1640px;display:flex;flex-direction:column;gap:9px;padding:12px;\n    background:linear-gradient(180deg,#2b2f36,#1f2228 10%,#191b1f 60%,#141518);\n    border:1px solid #0b0c0e;border-radius:16px;box-shadow:0 30px 80px #000b, inset 0 1px 0 #ffffff10, inset 0 -2px 0 #0008;}\n\n  .util{display:flex;align-items:center;gap:8px;flex-wrap:wrap;background:linear-gradient(180deg,#202329,#15171b);border:1px solid #0c0d0f;border-radius:11px;padding:7px 11px}\n  .brand{display:flex;align-items:baseline;gap:9px}\n  .brand b{font-size:17px;letter-spacing:1px;color:#eef2f8}\n  .brand .m{font-size:9.5px;letter-spacing:2px;color:#8a94a4;text-transform:uppercase}\n  .pill{font-size:10.5px;color:var(--muted);background:#0c0e12;border:1px solid #2a2f37;border-radius:16px;padding:4px 9px;display:flex;align-items:center;gap:6px;white-space:nowrap}\n  .pill b{color:#fff}\n  .dot{width:8px;height:8px;border-radius:50%;background:var(--green);box-shadow:0 0 8px var(--green)}\n  .dot.off{background:#444;box-shadow:none}\n  .spacer{flex:1}\n  .btnp{font:inherit;font-size:11.5px;font-weight:700;border:0;border-radius:8px;padding:7px 12px;cursor:pointer;color:#07120b;background:linear-gradient(180deg,#5be59a,#27b566)}\n  .btnp.ghost{background:transparent;color:var(--muted);border:1px solid #2a2f37}\n  .mission{display:flex;align-items:center;gap:9px;background:#0c0e12;border:1px solid #2a2f37;border-radius:9px;padding:5px 10px;flex:1 1 380px;min-width:0}\n  .mission .idx{font-size:10px;color:var(--amber);font-weight:800;white-space:nowrap}\n  .mission .txt{font-size:11.5px;line-height:1.25;min-width:0}\n  .mission .txt b{color:#fff}.mission .txt small{color:var(--muted)}\n  .mission .ok{color:var(--green);font-weight:800;font-size:16px}\n\n  .row{display:grid;grid-template-columns:1fr 470px 1fr;gap:10px;align-items:start}\n\n  /* ===== CDJ-2000NXS2 ===== */\n  .cdj{background:linear-gradient(180deg,#26292f,#1c1e23 40%,#161719);border:1px solid #0c0d0f;border-radius:13px;padding:11px;display:flex;flex-direction:column;gap:9px;box-shadow:inset 0 1px 0 #ffffff10, inset 0 -2px 6px #0007}\n  .cdj .hdr{display:flex;justify-content:space-between;align-items:center;font-size:9px;letter-spacing:1.5px;color:#7f8aa0}\n  .cdj .hdr .mdl{color:#cfd7e6;font-weight:800;letter-spacing:2px}\n  .cdj .hdr .rb{color:#39c0e6;font-weight:700}\n  .scrwrap{display:grid;grid-template-columns:44px 1fr;gap:6px}\n  .srccol{display:flex;flex-direction:column;gap:4px;justify-content:flex-start}\n  .srcb{font-size:7.5px;font-weight:800;letter-spacing:.5px;color:#8fa3c4;background:#141a24;border:1px solid #22304a;border-radius:4px;padding:5px 2px;text-align:center;cursor:pointer}\n  .srcb.on{color:#04121a;background:#39c0e6;border-color:#39c0e6}\n  .scr{background:linear-gradient(180deg,#0b1220,#070c15);border:1px solid #04070d;border-radius:8px;padding:8px 9px;box-shadow:inset 0 2px 8px #000a;overflow:hidden}\n  .scr .tabs{display:flex;gap:4px;margin-bottom:6px}\n  .scr .tab{font-size:8.5px;color:#8fa3c4;background:#132033;border:1px solid #1d3450;border-radius:4px;padding:3px 6px}\n  .scr .tab.on{color:#0a0e14;background:#39c0e6;border-color:#39c0e6;font-weight:800}\n  .scr .ttl{display:flex;justify-content:space-between;align-items:baseline;margin-bottom:5px}\n  .scr .ttl .name{font-size:12.5px;color:#eaf2ff;font-weight:700;white-space:nowrap;overflow:hidden;text-overflow:ellipsis}\n  .scr .ttl .key{font-size:10px;color:#7bd3ff}\n  .wf{width:100%;height:64px;display:block;background:#060a11;border-radius:4px}\n  .wfz{width:100%;height:34px;display:block;background:#060a11;border-radius:4px;margin-top:4px}\n  .info{display:flex;justify-content:space-between;align-items:center;margin-top:6px;gap:8px}\n  .info .big{font-variant-numeric:tabular-nums;font-size:20px;font-weight:800;color:#fff}\n  .info .bpm{font-variant-numeric:tabular-nums;font-size:20px;font-weight:800;color:var(--amber)}\n  .info .sub{font-size:8px;color:#8fa3c4;text-align:right}\n  .info .pct{font-variant-numeric:tabular-nums;font-size:11px;color:#bcd;font-weight:700}\n  .mstpill{font-size:8px;color:#0a140a;background:var(--amber);border-radius:3px;padding:1px 4px;font-weight:800;visibility:hidden}\n  .mstpill.on{visibility:visible}\n\n  /* loop row */\n  .lp{display:grid;grid-template-columns:repeat(4,1fr);gap:5px}\n  .kb{height:26px;border-radius:5px;border:1px solid #0a0b0d;background:linear-gradient(180deg,#23272e,#171a1f);color:#aeb8c8;font-size:8px;font-weight:800;cursor:pointer;display:flex;align-items:center;justify-content:center;text-align:center;line-height:1.05}\n  .kb.amber{color:var(--amber)} .kb.on{background:var(--amber);color:#111;box-shadow:0 0 9px var(--amber)}\n\n  /* deck middle: hotcue column | transport | jog | tempo (fiel: hot cues na coluna esquerda no 2000NXS2) */\n  .deckmid{display:grid;grid-template-columns:52px 58px 1fr 40px;gap:8px;align-items:center}\n  .hccol{display:flex;flex-direction:column;gap:4px}\n  .hccol .hclab{font-size:7px;letter-spacing:1px;color:#8a94a4;text-align:center}\n  .pad{height:24px;border-radius:4px;border:1px solid #0a0b0d;background:linear-gradient(180deg,#20242b,#15181d);color:#5a6478;font-size:8.5px;font-weight:800;cursor:pointer;display:flex;align-items:center;justify-content:center}\n  .pad.A{--c:#ff5c5c}.pad.B{--c:#ffb03a}.pad.C{--c:#ffe14d}.pad.D{--c:#7CFC5A}\n  .pad.E{--c:#4de1c3}.pad.F{--c:#4db6ff}.pad.G{--c:#7c8bff}.pad.H{--c:#e07cff}\n  .pad.set{background:var(--c);color:#0a0e14;box-shadow:0 0 8px var(--c)}\n  .pad.playing{outline:2px solid #fff;outline-offset:-2px}\n  .bank{font-size:7px;font-weight:800;color:#8a94a4;background:#12141a;border:1px solid #2a2f37;border-radius:4px;padding:4px 2px;text-align:center;cursor:pointer}\n  .bank.on{color:#111;background:var(--cyan);border-color:var(--cyan)}\n\n  .transport{display:flex;flex-direction:column;gap:14px;align-items:center;justify-content:center}\n  .rbtn{width:52px;height:52px;border-radius:50%;border:2px solid #0a0b0d;cursor:pointer;position:relative;background:radial-gradient(circle at 50% 35%,#3a3f47,#1a1c20);box-shadow:0 4px 8px #0008,inset 0 1px 0 #fff2}\n  .rbtn .lbl{position:absolute;bottom:-12px;left:50%;transform:translateX(-50%);font-size:6.5px;color:#8a94a4;white-space:nowrap}\n  .rbtn.cue{background:radial-gradient(circle at 50% 35%,#ffb25a,#c76a12)}\n  .rbtn.play{background:radial-gradient(circle at 50% 35%,#5be59a,#1f9e54)}\n  .rbtn.play.on{box-shadow:0 0 16px var(--green),inset 0 1px 0 #fff4}\n  .rbtn:active{transform:translateY(1px)}\n  .rbtn .ico{position:absolute;inset:0;display:flex;align-items:center;justify-content:center;color:#0a0e0a;font-size:14px;font-weight:900}\n\n  .jogwrap{display:flex;align-items:center;justify-content:center}\n  .jog{width:216px;height:216px;border-radius:50%;position:relative;cursor:grab;touch-action:none;\n    background:radial-gradient(circle at 50% 50%,#0e0f12 0 30%,#17191d 30% 33%,#0e0f12 33% 63%,#202329 63% 66%,#0c0d10 66% 100%);\n    border:3px solid #000;box-shadow:0 10px 24px #000b,inset 0 2px 10px #0009}\n  .jog:active{cursor:grabbing}\n  .jog .lit{position:absolute;inset:4px;border-radius:50%;pointer-events:none;box-shadow:inset 0 0 20px #1a5fb033;border:2px solid #1f6fd0aa;opacity:.5}\n  .jog .platter{position:absolute;inset:46px;border-radius:50%;background:repeating-conic-gradient(#111 0 6deg,#191c21 6deg 12deg);border:2px solid #000}\n  .jog .hub{position:absolute;inset:70px;border-radius:50%;background:#0a0d12;border:2px solid #223;overflow:hidden;display:flex;align-items:center;justify-content:center}\n  .jog .art{position:absolute;inset:0}\n  .jog .marker{position:absolute;top:50%;left:50%;width:4px;height:34px;background:linear-gradient(180deg,#fff,#fff0);transform-origin:top center;transform:translate(-50%,0);border-radius:2px}\n  .jog .cdinfo{position:absolute;bottom:10px;left:50%;transform:translateX(-50%);font-size:7px;color:#9fb0c8;letter-spacing:1px}\n\n  .tempo{display:flex;flex-direction:column;align-items:center;gap:5px;height:216px;justify-content:center}\n  .tempo .tt{font-size:7px;color:#8a94a4;letter-spacing:1px}\n  .fadv{position:relative;width:24px;height:152px;background:linear-gradient(90deg,#0a0b0d,#16181c,#0a0b0d);border:1px solid #000;border-radius:6px;touch-action:none;cursor:ns-resize;box-shadow:inset 0 2px 8px #000a}\n  .fadv .cap{position:absolute;left:50%;width:32px;height:15px;transform:translate(-50%,-50%);background:linear-gradient(180deg,#e9edf3,#aab2bf);border:1px solid #000;border-radius:3px}\n  .fadv .cap::after{content:\"\";position:absolute;left:4px;right:4px;top:50%;height:2px;background:#e2453f;transform:translateY(-50%)}\n  .tledrow{display:flex;gap:6px;justify-content:center}\n  .tled{width:44px;text-align:center;font-size:7px;color:#8a94a4;border:1px solid #2a2f37;border-radius:4px;padding:4px 2px;cursor:pointer;background:#12141a;line-height:1.1}\n  .tled.on{color:#111;background:var(--amber);border-color:var(--amber);font-weight:800}\n  .tled.sync.on{background:var(--cyan);border-color:var(--cyan)}\n\n  /* ===== DJM-900NXS2 ===== */\n  .mixer{background:linear-gradient(180deg,#202329,#17191d 45%,#121317);border:1px solid #0c0d0f;border-radius:13px;padding:11px 10px;display:flex;flex-direction:column;gap:8px;box-shadow:inset 0 1px 0 #ffffff10, inset 0 -2px 6px #0007}\n  .mixer .mhdr{display:flex;justify-content:space-between;align-items:center;font-size:9px;letter-spacing:1.5px;color:#7f8aa0}\n  .mixer .mhdr b{color:#cfd7e6;letter-spacing:2px}\n  .scfx{background:linear-gradient(180deg,#1a1c21,#131519);border:1px solid #0a0b0d;border-radius:8px;padding:6px}\n  .scfx .t{font-size:7.5px;letter-spacing:1px;color:#8a94a4;text-align:center;margin-bottom:4px}\n  .scfxrow{display:grid;grid-template-columns:repeat(6,1fr);gap:4px}\n  .scb{font-size:7px;font-weight:800;color:#9fb0c8;background:#161a20;border:1px solid #222a34;border-radius:4px;padding:5px 1px;text-align:center;cursor:pointer;line-height:1.1}\n  .scb.on{background:#fff;color:#111;border-color:#fff;box-shadow:0 0 8px #ffffff88}\n  .chgrid{display:grid;grid-template-columns:repeat(4,1fr);gap:7px}\n  .ch{display:flex;flex-direction:column;align-items:center;gap:6px;background:linear-gradient(180deg,#1a1c21,#131519);border:1px solid #0a0b0d;border-radius:9px;padding:8px 5px}\n  .ch .cnum{font-size:10.5px;font-weight:800;color:#cdd6e4}\n  .ch.live .cnum{color:#fff}\n  .ch.dim{opacity:.4}\n  .knob{width:40px;height:40px;border-radius:50%;position:relative;cursor:ns-resize;touch-action:none;background:radial-gradient(circle at 50% 34%,#40454e,#181a1e 72%);border:1px solid #000;box-shadow:0 3px 6px #0008,inset 0 1px 0 #fff2}\n  .knob::after{content:\"\";position:absolute;left:50%;top:5px;width:3px;height:12px;background:#eef2f8;border-radius:2px;transform-origin:50% 15px;transform:translateX(-50%) rotate(var(--pdeg,0deg))}\n  .knob.sm{width:32px;height:32px}\n  .knob.sm::after{height:10px;top:4px;transform-origin:50% 12px;transform:translateX(-50%) rotate(var(--pdeg,0deg))}\n  .klabel{font-size:7px;color:#8a94a4}\n  .eqwrap{display:flex;flex-direction:column;gap:5px;align-items:center}\n  .eqrow{display:flex;flex-direction:column;align-items:center;gap:1px}\n  .cue-pfl{width:100%;height:19px;border-radius:4px;border:1px solid #0a0b0d;background:#c26a12;color:#3a1c00;font-size:8px;font-weight:800;letter-spacing:1px;cursor:pointer;display:flex;align-items:center;justify-content:center;opacity:.55}\n  .cue-pfl.on{opacity:1;background:var(--orange);color:#160800;box-shadow:0 0 10px var(--orange)}\n  .meter{width:8px;height:112px;background:#07090c;border:1px solid #000;border-radius:3px;position:relative;overflow:hidden}\n  .meter i{position:absolute;left:0;right:0;bottom:0;background:linear-gradient(0deg,#37d07a 0 55%,#f4d03a 55% 82%,#e0483f 82% 100%);height:0%}\n  .chbody{display:flex;gap:5px;align-items:flex-end}\n  .fadc{position:relative;width:28px;height:124px;background:linear-gradient(90deg,#0a0b0d,#16181c,#0a0b0d);border:1px solid #000;border-radius:6px;touch-action:none;cursor:ns-resize;box-shadow:inset 0 2px 8px #000a}\n  .fadc .cap{position:absolute;left:50%;width:36px;height:16px;transform:translate(-50%,-50%);background:linear-gradient(180deg,#eef2f8,#aab2bf);border:1px solid #000;border-radius:3px}\n  .fadc .cap::after{content:\"\";position:absolute;left:4px;right:4px;top:50%;height:2px;background:#111;transform:translateY(-50%)}\n  .mcenter{display:grid;grid-template-columns:1fr 1fr;gap:8px;align-items:start}\n  .mbox{background:linear-gradient(180deg,#1a1c21,#131519);border:1px solid #0a0b0d;border-radius:9px;padding:8px;display:flex;flex-direction:column;gap:7px;align-items:center}\n  .mbox .t{font-size:8px;letter-spacing:1px;color:#8a94a4}\n  .fxscreen{background:#0b1220;border:1px solid #04070d;border-radius:6px;padding:6px 8px;width:100%;text-align:center}\n  .fxscreen .fxname{font-size:12px;font-weight:800;color:#fff;letter-spacing:1px}\n  .fxscreen .fxbpm{font-size:9px;color:var(--amber);font-variant-numeric:tabular-nums}\n  .xpad{width:100%;height:16px;border-radius:4px;background:repeating-linear-gradient(90deg,#101724 0 24px,#0a0f18 24px 48px);border:1px solid #1a2436}\n  .fxsel{display:grid;grid-template-columns:repeat(3,1fr);gap:4px;width:100%}\n  .fxsel .fb{font-size:7.5px;font-weight:800;color:#9fb0c8;background:#161a20;border:1px solid #222a34;border-radius:4px;padding:5px 1px;cursor:pointer;text-align:center}\n  .fxsel .fb.on{background:var(--cyan);color:#04121a}\n  .fxon{width:56px;height:56px;border-radius:50%;border:2px solid #0a0b0d;cursor:pointer;background:radial-gradient(circle at 50% 35%,#2b8fe0,#134a86);box-shadow:0 3px 8px #0008,inset 0 1px 0 #fff3;color:#eaf4ff;font-size:8px;font-weight:800;display:flex;align-items:center;justify-content:center}\n  .fxon.on{background:radial-gradient(circle at 50% 35%,#5bd0ff,#1f8fd6);box-shadow:0 0 16px var(--cyan),inset 0 1px 0 #fff5}\n  .xf{grid-column:1/3;background:linear-gradient(180deg,#1a1c21,#131519);border:1px solid #0a0b0d;border-radius:9px;padding:9px 12px;display:flex;flex-direction:column;gap:5px}\n  .xf .xlab{display:flex;justify-content:space-between;font-size:9px;font-weight:800;color:#aeb8c8;letter-spacing:1px}\n  .fadx{position:relative;width:100%;height:30px;background:linear-gradient(180deg,#0a0b0d,#16181c,#0a0b0d);border:1px solid #000;border-radius:6px;touch-action:none;cursor:ew-resize;box-shadow:inset 0 2px 8px #000a}\n  .fadx .cap{position:absolute;top:50%;width:20px;height:40px;transform:translate(-50%,-50%);background:linear-gradient(180deg,#eef2f8,#aab2bf);border:1px solid #000;border-radius:4px}\n  .fadx .cap::after{content:\"\";position:absolute;top:5px;bottom:5px;left:50%;width:2px;background:#111;transform:translateX(-50%)}\n  .magvel{font-size:7px;letter-spacing:2px;color:#6b7488}\n  .phones .mbox{flex-direction:row;justify-content:space-around;gap:6px}\n\n  .coach{background:#0c0e12;border:1px solid #223;border-radius:10px;padding:9px 12px;font-size:11.5px;line-height:1.4;color:#c7d0de}\n  .coach b{color:#fff}.coach .k{color:var(--amber);font-weight:800}\n  .beat-lamp{display:inline-block;width:10px;height:10px;border-radius:50%;background:#333;margin:0 1px;vertical-align:middle}\n  .beat-lamp.on{background:var(--green);box-shadow:0 0 8px var(--green)}\n  .phasebar{position:relative;height:12px;background:#07090c;border:1px solid #000;border-radius:6px;overflow:hidden;flex:1}\n  .phasebar i{position:absolute;top:0;bottom:0;width:3px;background:var(--cyan);left:50%;box-shadow:0 0 6px var(--cyan);transition:left .05s linear}\n  .phasebar .mid{position:absolute;top:0;bottom:0;left:50%;width:1px;background:#3a4658}\n  .phasebar.good i{background:var(--green);box-shadow:0 0 8px var(--green)}\n</style>\n</head>\n<body>\n<div id=\"stage\">\n<div class=\"booth\">\n\n  <div class=\"util\">\n    <div class=\"brand\"><b>SMU</b><span class=\"m\">PRO • CABINE CLÁSSICA (NXS2)</span></div>\n    <span class=\"pill\"><span class=\"dot off\" id=\"acDot\"></span> Áudio <b id=\"acState\">clique em Ligar</b></span>\n    <div class=\"mission\">\n      <span class=\"idx\" id=\"mIdx\">MISSÃO 1/7</span>\n      <div class=\"txt\"><b id=\"mTitle\">Dê play no Deck A</b><br><small id=\"mHint\">Aperte PLAY no CDJ da esquerda.</small></div>\n      <span class=\"ok\" id=\"mOk\" style=\"display:none\">✓</span>\n    </div>\n    <span class=\"spacer\"></span>\n    <button class=\"btnp ghost\" id=\"btnReset\">Reiniciar</button>\n    <button class=\"btnp\" id=\"btnStart\">▶ Ligar áudio</button>\n  </div>\n\n  <div class=\"row\">\n\n    <!-- CDJ-2000NXS2 A -->\n    <div class=\"cdj\" data-deck=\"A\">\n      <div class=\"hdr\"><span class=\"rb\">rekordbox</span><span class=\"mdl\">CDJ-2000NXS2</span><span>PLAYER 1</span></div>\n      <div class=\"scrwrap\">\n        <div class=\"srccol\"><div class=\"srcb\">LINK</div><div class=\"srcb on\">USB</div><div class=\"srcb\">SD</div><div class=\"srcb\">DISC</div></div>\n        <div class=\"scr\">\n          <div class=\"tabs\"><span class=\"tab on\">BROWSE</span><span class=\"tab\">TAG LIST</span><span class=\"tab\">INFO</span><span class=\"tab\">MENU</span></div>\n          <div class=\"ttl\"><span class=\"name\">SMU House Groove</span><span class=\"key\">7A · Am</span></div>\n          <canvas class=\"wf\" data-wf=\"A\"></canvas>\n          <canvas class=\"wfz\" data-wfz=\"A\"></canvas>\n          <div class=\"info\">\n            <div><div class=\"big\" id=\"timeA\">00:00</div><div class=\"sub\">TIME</div></div>\n            <div style=\"text-align:center\"><span class=\"pct\" id=\"pctA\">±0.0%</span> <span class=\"mstpill on\" id=\"mstA\">MT</span><div class=\"sub\">MASTER TEMPO</div></div>\n            <div style=\"text-align:right\"><div class=\"bpm\" id=\"bpmA\">124.0</div><div class=\"sub\">BPM · <span id=\"beatA\">1</span>/4</div></div>\n          </div>\n        </div>\n      </div>\n      <div class=\"lp\" data-loops=\"A\">\n        <div class=\"kb amber\" data-act=\"cuein\">IN/CUE</div><div class=\"kb amber\" data-act=\"cueout\">OUT</div>\n        <div class=\"kb\" data-act=\"reloop\">RELOOP/EXIT</div><div class=\"kb\" data-act=\"beatloop\" data-len=\"4\">4-BEAT LOOP</div>\n      </div>\n      <div class=\"deckmid\">\n        <div class=\"hccol\" data-pads=\"A\"><div class=\"hclab\">HOT CUE</div></div>\n        <div class=\"transport\">\n          <div class=\"rbtn cue\" data-act=\"cue\"><span class=\"ico\">■</span><span class=\"lbl\">CUE</span></div>\n          <div class=\"rbtn play\" data-act=\"play\"><span class=\"ico\">▶</span><span class=\"lbl\">PLAY/PAUSE</span></div>\n        </div>\n        <div class=\"jogwrap\">\n          <div class=\"jog\" data-jog=\"A\"><div class=\"lit\"></div><div class=\"platter\"></div>\n            <div class=\"marker\" data-marker=\"A\"></div><div class=\"hub\"><canvas class=\"art\" data-art=\"A\" width=\"76\" height=\"76\"></canvas></div>\n            <div class=\"cdinfo\">VINYL</div></div>\n        </div>\n        <div class=\"tempo\"><div class=\"tt\">TEMPO</div><div class=\"fadv\" data-tempo=\"A\"><div class=\"cap\"></div></div><div class=\"tt\" style=\"color:var(--amber)\">±6/10/16/W</div></div>\n      </div>\n      <div class=\"tledrow\">\n        <div class=\"tled on\" data-act=\"mt\">MASTER TEMPO</div><div class=\"tled sync\" data-act=\"sync\">BEAT SYNC</div><div class=\"tled on\" data-act=\"master\">MASTER</div>\n      </div>\n    </div>\n\n    <!-- DJM-900NXS2 -->\n    <div class=\"mixer\">\n      <div class=\"mhdr\"><span>Pioneer DJ</span><b>DJM-900NXS2</b><span>MASTER</span></div>\n      <div class=\"scfx\">\n        <div class=\"t\">SOUND COLOR FX (knob COLOR dos canais)</div>\n        <div class=\"scfxrow\" id=\"scfxrow\"></div>\n      </div>\n      <div class=\"chgrid\" id=\"chgrid\"></div>\n      <div class=\"mcenter\">\n        <div class=\"mbox\">\n          <div class=\"t\">MASTER</div>\n          <div class=\"knob\" data-knob=\"master\" data-min=\"0\" data-max=\"1.4\" data-val=\"1\"></div>\n          <div class=\"klabel\">LEVEL</div>\n          <div class=\"meter\" style=\"height:64px\"><i data-meter=\"master\"></i></div>\n        </div>\n        <div class=\"mbox\">\n          <div class=\"t\">BEAT FX</div>\n          <div class=\"fxscreen\"><div class=\"fxname\" id=\"fxName\">ECHO</div><div class=\"fxbpm\" id=\"fxBpm\">124.0 BPM</div></div>\n          <div class=\"xpad\"></div>\n          <div class=\"fxsel\" id=\"fxsel\"></div>\n          <div class=\"fxon\" data-act=\"fxon\">ON/OFF</div>\n        </div>\n        <div class=\"xf\">\n          <div class=\"xlab\"><span>A</span><span class=\"magvel\">MAGVEL FADER</span><span>B</span></div>\n          <div class=\"fadx\" data-xfader><div class=\"cap\"></div></div>\n        </div>\n      </div>\n      <div class=\"phones\">\n        <div class=\"mbox\">\n          <div style=\"text-align:center\"><div class=\"knob sm\" data-knob=\"phmix\" data-min=\"0\" data-max=\"1\" data-val=\"0.5\"></div><div class=\"klabel\">MIXING CUE↔MST</div></div>\n          <div style=\"text-align:center\"><div class=\"knob sm\" data-knob=\"phlvl\" data-min=\"0\" data-max=\"1.4\" data-val=\"0.9\"></div><div class=\"klabel\">PHONES</div></div>\n          <div style=\"text-align:center\"><div class=\"knob sm\" data-knob=\"booth\" data-min=\"0\" data-max=\"1.4\" data-val=\"1\"></div><div class=\"klabel\">BOOTH</div></div>\n        </div>\n      </div>\n    </div>\n\n    <!-- CDJ-2000NXS2 B -->\n    <div class=\"cdj\" data-deck=\"B\">\n      <div class=\"hdr\"><span class=\"rb\">rekordbox</span><span class=\"mdl\">CDJ-2000NXS2</span><span>PLAYER 2</span></div>\n      <div class=\"scrwrap\">\n        <div class=\"srccol\"><div class=\"srcb\">LINK</div><div class=\"srcb on\">USB</div><div class=\"srcb\">SD</div><div class=\"srcb\">DISC</div></div>\n        <div class=\"scr\">\n          <div class=\"tabs\"><span class=\"tab on\">BROWSE</span><span class=\"tab\">TAG LIST</span><span class=\"tab\">INFO</span><span class=\"tab\">MENU</span></div>\n          <div class=\"ttl\"><span class=\"name\">SMU Techno Drive</span><span class=\"key\">8A · Bm</span></div>\n          <canvas class=\"wf\" data-wf=\"B\"></canvas>\n          <canvas class=\"wfz\" data-wfz=\"B\"></canvas>\n          <div class=\"info\">\n            <div><div class=\"big\" id=\"timeB\">00:00</div><div class=\"sub\">TIME</div></div>\n            <div style=\"text-align:center\"><span class=\"pct\" id=\"pctB\">±0.0%</span> <span class=\"mstpill on\" id=\"mstB\">MT</span><div class=\"sub\">MASTER TEMPO</div></div>\n            <div style=\"text-align:right\"><div class=\"bpm\" id=\"bpmB\">128.0</div><div class=\"sub\">BPM · <span id=\"beatB\">1</span>/4</div></div>\n          </div>\n        </div>\n      </div>\n      <div class=\"lp\" data-loops=\"B\">\n        <div class=\"kb amber\" data-act=\"cuein\">IN/CUE</div><div class=\"kb amber\" data-act=\"cueout\">OUT</div>\n        <div class=\"kb\" data-act=\"reloop\">RELOOP/EXIT</div><div class=\"kb\" data-act=\"beatloop\" data-len=\"4\">4-BEAT LOOP</div>\n      </div>\n      <div class=\"deckmid\">\n        <div class=\"hccol\" data-pads=\"B\"><div class=\"hclab\">HOT CUE</div></div>\n        <div class=\"transport\">\n          <div class=\"rbtn cue\" data-act=\"cue\"><span class=\"ico\">■</span><span class=\"lbl\">CUE</span></div>\n          <div class=\"rbtn play\" data-act=\"play\"><span class=\"ico\">▶</span><span class=\"lbl\">PLAY/PAUSE</span></div>\n        </div>\n        <div class=\"jogwrap\">\n          <div class=\"jog\" data-jog=\"B\"><div class=\"lit\"></div><div class=\"platter\"></div>\n            <div class=\"marker\" data-marker=\"B\"></div><div class=\"hub\"><canvas class=\"art\" data-art=\"B\" width=\"76\" height=\"76\"></canvas></div>\n            <div class=\"cdinfo\">VINYL</div></div>\n        </div>\n        <div class=\"tempo\"><div class=\"tt\">TEMPO</div><div class=\"fadv\" data-tempo=\"B\"><div class=\"cap\"></div></div><div class=\"tt\" style=\"color:var(--amber)\">±6/10/16/W</div></div>\n      </div>\n      <div class=\"tledrow\">\n        <div class=\"tled on\" data-act=\"mt\">MASTER TEMPO</div><div class=\"tled sync\" data-act=\"sync\">BEAT SYNC</div><div class=\"tled\" data-act=\"master\">MASTER</div>\n      </div>\n    </div>\n  </div>\n\n  <div class=\"coach\">\n    <b>A cabine clássica dos clubes.</b> O DJM-900NXS2 é o mixer mais comum do mundo; o CDJ-2000NXS2 dominou uma década de cabines. Diferenças para o setup novo: hot cues em <span class=\"k\">coluna A–D</span> (com banco E–H), e o <span class=\"k\">SOUND COLOR FX</span> — escolha o efeito (FILTER, SWEEP, DUB ECHO…) e aplique com o knob <span class=\"k\">COLOR</span> do canal. O resto é o mesmo jogo: BPM, fase, EQ e virada.\n    <div style=\"display:flex;align-items:center;gap:10px;margin-top:7px\">\n      <span style=\"font-size:10px;color:#8a94a4;letter-spacing:1px\">FASE A↔B</span>\n      <div class=\"phasebar\" id=\"phasebar\"><div class=\"mid\"></div><i id=\"phaseInd\"></i></div>\n      <span id=\"beatLamps\"></span>\n      <span class=\"pill\" style=\"margin-left:auto\">Δ BPM <b id=\"bpmDelta\">4.0</b></span>\n    </div>\n  </div>\n</div>\n</div>\n\n<script>\n\"use strict\";\n/* Motor validado da cabine CDJ-3000+DJM-A9. Pele = geração NXS2 (CDJ-2000NXS2 + DJM-900NXS2).\n   Diferenças fiéis: hot cues em coluna com bancos A-D/E-H; SOUND COLOR FX define o modo do knob COLOR. */\nconst $=(s,r=document)=>r.querySelector(s);\nconst $$=(s,r=document)=>[...r.querySelectorAll(s)];\nconst clamp=(v,a,b)=>Math.max(a,Math.min(b,v));\nlet AC=null, started=false, scfxMode=\"FILTER\";\nlet masterGain, cueBus, comp, fxNode={};\nconst decks={};\nwindow._masterDeck=\"A\";\n\nconst GROOVES={\n  A:{ baseBpm:124, root:110,\n    k:[1,0,0,0,1,0,0,0,1,0,0,0,1,0,0,0], s:[0,0,0,0,1,0,0,0,0,0,0,0,1,0,0,0],\n    h:[0,0,1,0,0,0,1,0,0,0,1,0,0,0,1,0], o:[0,0,0,0,0,0,0,0,0,0,0,0,0,0,1,0],\n    b:[1,0,0,1,0,0,1,0,1,0,0,1,0,0,1,0], t:[0,0,0,0,0,0,0,0,1,0,0,0,0,0,0,0] },\n  B:{ baseBpm:128, root:98,\n    k:[1,0,0,0,1,0,0,0,1,0,0,0,1,0,0,0], s:[0,0,0,0,0,0,0,0,1,0,0,0,0,0,0,0],\n    h:[0,0,1,0,0,0,1,0,0,0,1,0,0,0,1,0], o:[0,1,0,0,0,1,0,0,0,1,0,0,0,1,0,1],\n    b:[1,0,1,0,1,0,1,0,1,0,1,0,1,0,1,0], t:[0,0,0,0,1,0,0,0,0,0,0,0,1,0,1,0] }\n};\n\nfunction buildGraph(){\n  AC=new (window.AudioContext||window.webkitAudioContext)();\n  masterGain=AC.createGain(); masterGain.gain.value=1;\n  comp=AC.createDynamicsCompressor(); comp.threshold.value=-8; comp.knee.value=24; comp.ratio.value=3; comp.attack.value=0.004; comp.release.value=0.18;\n  fxNode.in=AC.createGain(); fxNode.dry=AC.createGain(); fxNode.dry.gain.value=1;\n  fxNode.wet=AC.createGain(); fxNode.wet.gain.value=0; fxNode.delay=AC.createDelay(2.0); fxNode.delay.delayTime.value=(60/124)/2;\n  fxNode.fb=AC.createGain(); fxNode.fb.gain.value=0.38;\n  fxNode.in.connect(fxNode.dry); fxNode.dry.connect(masterGain);\n  fxNode.in.connect(fxNode.delay); fxNode.delay.connect(fxNode.fb); fxNode.fb.connect(fxNode.delay);\n  fxNode.delay.connect(fxNode.wet); fxNode.wet.connect(masterGain);\n  masterGain.connect(comp); comp.connect(AC.destination);\n  cueBus=AC.createGain(); cueBus.gain.value=0.55; cueBus.connect(AC.destination);\n  [\"A\",\"B\"].forEach(buildDeck);\n}\nfunction buildDeck(id){ const g=GROOVES[id];\n  const d={ id, groove:g, baseBpm:g.baseBpm, bpm:g.baseBpm, pitch:0, range:8, playing:false, mt:true,\n    next:0, abs:0, step:0, bar:0, startTime:0, nudge:0, loopOn:false, loopLen:4, loopStartAbs:0, hotcues:{}, bank:0 };\n  d.sum=AC.createGain(); d.trim=AC.createGain(); d.trim.gain.value=0.9;\n  d.eqLow=AC.createBiquadFilter(); d.eqLow.type=\"lowshelf\"; d.eqLow.frequency.value=120;\n  d.eqMid=AC.createBiquadFilter(); d.eqMid.type=\"peaking\"; d.eqMid.frequency.value=1000; d.eqMid.Q.value=0.8;\n  d.eqHi=AC.createBiquadFilter(); d.eqHi.type=\"highshelf\"; d.eqHi.frequency.value=3500;\n  d.color=AC.createBiquadFilter(); d.color.type=\"allpass\"; d.color.frequency.value=1000;\n  d.colorSend=AC.createGain(); d.colorSend.gain.value=0; // p/ SCFX SPACE/DUB ECHO\n  d.fader=AC.createGain(); d.fader.gain.value=0; d.xf=AC.createGain(); d.xf.gain.value=1; d.pfl=AC.createGain(); d.pfl.gain.value=0;\n  d.sum.connect(d.trim); d.trim.connect(d.eqLow); d.eqLow.connect(d.eqMid); d.eqMid.connect(d.eqHi); d.eqHi.connect(d.color);\n  d.color.connect(d.fader); d.fader.connect(d.xf); d.xf.connect(fxNode.in);\n  d.color.connect(d.colorSend); d.colorSend.connect(fxNode.delay); // send para o eco quando SCFX = SPACE/DUB ECHO\n  d.color.connect(d.pfl); d.pfl.connect(cueBus);\n  d.analyser=AC.createAnalyser(); d.analyser.fftSize=256; d.color.connect(d.analyser);\n  decks[id]=d;\n}\nlet _noise=null;\nfunction noiseBuf(){ if(_noise)return _noise; _noise=AC.createBuffer(1,AC.sampleRate*0.4,AC.sampleRate); const d=_noise.getChannelData(0); for(let i=0;i<d.length;i++)d[i]=Math.random()*2-1; return _noise; }\nfunction vKick(t,g,d){ const o=AC.createOscillator(),a=AC.createGain(); o.frequency.setValueAtTime(150,t); o.frequency.exponentialRampToValueAtTime(48,t+0.12); a.gain.setValueAtTime(g,t); a.gain.exponentialRampToValueAtTime(0.001,t+0.30); o.connect(a); a.connect(d.sum); o.start(t); o.stop(t+0.33); }\nfunction vClap(t,g,d){ const s=AC.createBufferSource(); s.buffer=noiseBuf(); const bp=AC.createBiquadFilter(); bp.type=\"bandpass\"; bp.frequency.value=1800; bp.Q.value=0.7; const a=AC.createGain(); a.gain.setValueAtTime(g,t); a.gain.exponentialRampToValueAtTime(0.001,t+0.16); s.connect(bp); bp.connect(a); a.connect(d.sum); s.start(t); s.stop(t+0.18); }\nfunction vHat(t,g,open,d){ const s=AC.createBufferSource(); s.buffer=noiseBuf(); const hp=AC.createBiquadFilter(); hp.type=\"highpass\"; hp.frequency.value=8000; const a=AC.createGain(); const dur=open?0.14:0.045; a.gain.setValueAtTime(g,t); a.gain.exponentialRampToValueAtTime(0.001,t+dur); s.connect(hp); hp.connect(a); a.connect(d.sum); s.start(t); s.stop(t+dur+0.05); }\nfunction vBass(t,g,freq,d){ const o=AC.createOscillator(); o.type=\"sawtooth\"; o.frequency.value=freq; const lp=AC.createBiquadFilter(); lp.type=\"lowpass\"; lp.frequency.setValueAtTime(600,t); lp.frequency.exponentialRampToValueAtTime(140,t+0.18); lp.Q.value=6; const a=AC.createGain(); a.gain.setValueAtTime(0.0001,t); a.gain.linearRampToValueAtTime(g,t+0.01); a.gain.exponentialRampToValueAtTime(0.001,t+0.20); o.connect(lp); lp.connect(a); a.connect(d.sum); o.start(t); o.stop(t+0.22); }\nfunction vStab(t,g,freq,d){ const out=AC.createGain(); out.gain.setValueAtTime(0.0001,t); out.gain.linearRampToValueAtTime(g,t+0.008); out.gain.exponentialRampToValueAtTime(0.001,t+0.34); out.connect(d.sum); [0,4,7].forEach(se=>{ const o=AC.createOscillator(); o.type=\"square\"; o.frequency.value=freq*Math.pow(2,se/12); const a=AC.createGain(); a.gain.value=0.33; o.connect(a); a.connect(out); o.start(t); o.stop(t+0.36); }); }\nconst LOOKAHEAD=0.12,TICK=25;\nfunction stepDur(d){ return (60.0/d.bpm)/4.0; }\nfunction schedule(){ if(!AC)return; const now=AC.currentTime;\n  [\"A\",\"B\"].forEach(id=>{ const d=decks[id]; if(!d.playing)return;\n    while(d.next<now+LOOKAHEAD){ const t=d.next+d.nudge; d.nudge=0; const st=d.abs%16,g=d.groove;\n      if(g.k[st])vKick(t,1.0,d); if(g.s[st])vClap(t,0.9,d); if(g.h[st])vHat(t,0.5,false,d); if(g.o[st])vHat(t,0.4,true,d); if(g.b[st])vBass(t,0.55,g.root,d); if(g.t[st])vStab(t,0.22,g.root*2,d);\n      d.abs++; if(d.loopOn&&(d.abs-d.loopStartAbs)>=d.loopLen*4)d.abs=d.loopStartAbs; d.step=d.abs%16; d.bar=Math.floor(d.abs/16); d.next+=stepDur(d);\n    } });\n  autoCheckMissions();\n}\nfunction applyTempo(d){ d.bpm=d.baseBpm*(1+d.pitch/100); }\nfunction setPitch(d,pct){ d.pitch=clamp(pct,-d.range,d.range); applyTempo(d); refreshDeckUI(d); checkTempoMission(); }\n\nfunction setKnobVisual(el,val){ const min=+el.dataset.min,max=+el.dataset.max; el.style.setProperty(\"--pdeg\",(-140+(val-min)/(max-min)*280)+\"deg\"); el.dataset.val=val; }\nfunction bindKnob(el,cb){ const min=+el.dataset.min,max=+el.dataset.max; let val=+el.dataset.val; setKnobVisual(el,val); cb&&cb(val);\n  let sy,sv,drag=false;\n  el.addEventListener(\"pointerdown\",e=>{drag=true;sy=e.clientY;sv=val;el.setPointerCapture(e.pointerId);e.preventDefault();});\n  el.addEventListener(\"pointermove\",e=>{if(!drag)return;val=clamp(sv+(sy-e.clientY)/140*(max-min),min,max);setKnobVisual(el,val);cb&&cb(val);});\n  el.addEventListener(\"pointerup\",()=>drag=false); el.addEventListener(\"pointercancel\",()=>drag=false);\n  el.addEventListener(\"dblclick\",()=>{val=(min<0&&max>0)?0:(min+max)/2;setKnobVisual(el,val);cb&&cb(val);}); }\nfunction bindVFader(el,cb,init){ const cap=el.querySelector(\".cap\"); let val=init; place();\n  function place(){ const h=el.clientHeight; cap.style.top=(6+(1-val)*(h-12))+\"px\"; } cb&&cb(val); let drag=false;\n  const mv=e=>{ if(!drag)return; const r=el.getBoundingClientRect(); val=1-clamp((e.clientY-r.top-6)/(r.height-12),0,1); place(); cb&&cb(val); };\n  el.addEventListener(\"pointerdown\",e=>{drag=true;el.setPointerCapture(e.pointerId);mv(e);}); el.addEventListener(\"pointermove\",mv);\n  el.addEventListener(\"pointerup\",()=>drag=false); el.addEventListener(\"pointercancel\",()=>drag=false); window.addEventListener(\"resize\",place); }\n\n/* hot cues em coluna com banco A-D / E-H (fiel ao 2000NXS2) */\nfunction buildPads(){ [\"A\",\"B\"].forEach(id=>{ const wrap=$(`[data-pads=\"${id}\"]`);\n  const letters=[\"A\",\"B\",\"C\",\"D\"];\n  letters.forEach((c,i)=>{ const el=document.createElement(\"div\"); el.className=\"pad \"+c; el.dataset.slot=i; el.textContent=c; wrap.appendChild(el);\n    el.addEventListener(\"pointerdown\",()=>hotcue(id,el)); });\n  const bk=document.createElement(\"div\"); bk.className=\"bank\"; bk.textContent=\"BANK A-D\"; wrap.appendChild(bk);\n  bk.addEventListener(\"pointerdown\",()=>{ const d=decks[id]; if(!d)return; d.bank=d.bank?0:1; bk.classList.toggle(\"on\",d.bank===1); bk.textContent=d.bank?\"BANK E-H\":\"BANK A-D\";\n    $$(`[data-pads=\"${id}\"] .pad`).forEach((p,i)=>{ const L=(d.bank? [\"E\",\"F\",\"G\",\"H\"]:[\"A\",\"B\",\"C\",\"D\"])[i]; p.className=\"pad \"+L+(d.hotcues[L]!==undefined?\" set\":\"\"); p.textContent=L; }); });\n}); }\nfunction hotcue(id,el){ const d=decks[id]; if(!started)startAudio(); if(!decks[id])return;\n  const L=el.textContent; if(d.hotcues[L]===undefined){ d.hotcues[L]=d.abs; el.classList.add(\"set\"); }\n  else { d.abs=d.hotcues[L]; d.next=AC.currentTime+0.02; el.classList.add(\"playing\"); setTimeout(()=>el.classList.remove(\"playing\"),220); } }\n\nfunction buildChannels(){ const grid=$(\"#chgrid\");\n  [{n:1,deck:null},{n:2,deck:\"A\"},{n:3,deck:\"B\"},{n:4,deck:null}].forEach(c=>{ // fiel: decks nos canais 2/3 no 900NXS2 (layout comum de cabine)\n    const ch=document.createElement(\"div\"); ch.className=\"ch\"+(c.deck?\" live\":\" dim\"); const dk=c.deck||\"\";\n    ch.innerHTML=`<div class=\"cnum\">${c.n}${c.deck?\" · \"+c.deck:\"\"}</div>\n      <div class=\"knob sm\" data-ck=\"trim\" data-deck=\"${dk}\" data-min=\"0\" data-max=\"1.6\" data-val=\"0.9\"></div><div class=\"klabel\">TRIM</div>\n      <div class=\"eqwrap\">\n        <div class=\"eqrow\"><div class=\"knob sm\" data-ck=\"hi\" data-deck=\"${dk}\" data-min=\"-26\" data-max=\"6\" data-val=\"0\"></div><div class=\"klabel\">HI</div></div>\n        <div class=\"eqrow\"><div class=\"knob sm\" data-ck=\"mid\" data-deck=\"${dk}\" data-min=\"-26\" data-max=\"6\" data-val=\"0\"></div><div class=\"klabel\">MID</div></div>\n        <div class=\"eqrow\"><div class=\"knob sm\" data-ck=\"low\" data-deck=\"${dk}\" data-min=\"-26\" data-max=\"6\" data-val=\"0\"></div><div class=\"klabel\">LOW</div></div>\n      </div>\n      <div class=\"knob sm\" data-ck=\"color\" data-deck=\"${dk}\" data-min=\"-1\" data-max=\"1\" data-val=\"0\"></div><div class=\"klabel\">COLOR</div>\n      <div class=\"cue-pfl\" data-ck=\"cue\" data-deck=\"${dk}\">CUE</div>\n      <div class=\"chbody\"><div class=\"meter\"><i data-meter=\"${dk||(''x''+c.n)}\"></i></div><div class=\"fadc\" data-ck=\"fader\" data-deck=\"${dk}\"><div class=\"cap\"></div></div></div>`;\n    grid.appendChild(ch); }); }\n\nfunction buildScfx(){ const row=$(\"#scfxrow\");\n  [\"SPACE\",\"DUB ECHO\",\"SWEEP\",\"NOISE\",\"CRUSH\",\"FILTER\"].forEach((f,i)=>{ const b=document.createElement(\"div\"); b.className=\"scb\"+(f===\"FILTER\"?\" on\":\"\"); b.textContent=f;\n    b.addEventListener(\"pointerdown\",()=>{ $$(\"#scfxrow .scb\").forEach(x=>x.classList.remove(\"on\")); b.classList.add(\"on\"); scfxMode=f; reapplyColors(); }); row.appendChild(b); }); }\nfunction reapplyColors(){ $$(''.knob[data-ck=\"color\"]'').forEach(el=>{ const dk=el.dataset.deck; if(dk)applyChannel(dk,\"color\",+el.dataset.val); }); }\n\nfunction buildFx(){ const sel=$(\"#fxsel\"); [\"ECHO\",\"DELAY\",\"PING PONG\",\"SPIRAL\",\"REVERB\",\"FLANGER\"].forEach((f,i)=>{ const b=document.createElement(\"div\"); b.className=\"fb\"+(i===0?\" on\":\"\"); b.textContent=f; b.addEventListener(\"pointerdown\",()=>{ $$(\"#fxsel .fb\").forEach(x=>x.classList.remove(\"on\")); b.classList.add(\"on\"); $(\"#fxName\").textContent=f; }); sel.appendChild(b); }); }\n\n/* SOUND COLOR FX: o modo define o que o knob COLOR faz (fiel ao conceito do 900NXS2) */\nfunction applyChannel(dk,ck,val){ if(!dk||!decks[dk])return; const d=decks[dk];\n  if(ck===\"trim\")d.trim.gain.value=val;\n  else if(ck===\"hi\")d.eqHi.gain.value=val;\n  else if(ck===\"mid\")d.eqMid.gain.value=val;\n  else if(ck===\"low\"){ d.eqLow.gain.value=val; }\n  else if(ck===\"color\"){ const a=Math.abs(val);\n    d.colorSend.gain.value=0;\n    if(a<0.03){ d.color.type=\"allpass\"; d.color.frequency.value=1000; d.color.Q.value=1; return; }\n    switch(scfxMode){\n      case \"FILTER\": if(val<0){ d.color.type=\"lowpass\"; d.color.frequency.value=200+(1-a)*18000; d.color.Q.value=1+a*6; } else { d.color.type=\"highpass\"; d.color.frequency.value=20+a*6000; d.color.Q.value=1+a*6; } break;\n      case \"SWEEP\": d.color.type=\"bandpass\"; d.color.frequency.value= val<0? 300+(1-a)*1200 : 800+a*6000; d.color.Q.value=2+a*10; break;\n      case \"CRUSH\": d.color.type=\"lowpass\"; d.color.frequency.value=6000-(a*5600); d.color.Q.value=4+a*14; break;\n      case \"NOISE\": d.color.type=\"highpass\"; d.color.frequency.value=200+a*7000; d.color.Q.value=3+a*8; break;\n      case \"SPACE\": d.color.type=\"allpass\"; d.colorSend.gain.value=a*0.7; if(fxNode.delay)fxNode.delay.delayTime.value=(60/(decks[window._masterDeck]||decks.A).bpm)*0.75; break;\n      case \"DUB ECHO\": d.color.type=\"allpass\"; d.colorSend.gain.value=a*0.9; if(fxNode.delay)fxNode.delay.delayTime.value=(60/(decks[window._masterDeck]||decks.A).bpm)/2; break;\n    }\n    if((scfxMode===\"SPACE\"||scfxMode===\"DUB ECHO\")&&a>0.05&&fxNode.wet&&fxNode.wet.gain.value<0.05){ fxNode.wet.gain.value=0.35; }\n  } }\nfunction applyMaster(k,val){ if(k===\"master\"&&masterGain)masterGain.gain.value=val; else if(k===\"phmix\"&&cueBus)cueBus.gain.value=(1-val)*1.1; }\n\nconst MISSIONS=[\n  {id:\"playA\",t:\"Dê play no Deck A\",h:\"Aperte PLAY no CDJ da esquerda e suba o fader do canal 2.\"},\n  {id:\"cueB\",t:\"Pré-escute o Deck B no fone\",h:\"Aperte o CUE laranja do canal 3.\"},\n  {id:\"playB\",t:\"Toque o Deck B (no fone)\",h:\"Play no CDJ da direita com o fader do canal 3 embaixo.\"},\n  {id:\"tempo\",t:\"Iguale o BPM do B ao A\",h:\"Puxe o TEMPO do Deck B até 124.0 BPM (Δ BPM = 0.0).\"},\n  {id:\"beatmatch\",t:\"Alinhe a batida (jogwheel)\",h:\"Empurre a jogwheel do B até a FASE centralizar (verde).\"},\n  {id:\"eq\",t:\"Troque graves na virada\",h:\"Corte o LOW do canal do A e abra o LOW do B, subindo o fader do B.\"},\n  {id:\"fxon\",t:\"Use um efeito\",h:\"Ligue o BEAT FX (ON/OFF) — ou escolha um SOUND COLOR FX e gire o COLOR.\"}\n];\nlet mi=0;\nfunction markMission(key){ const m=MISSIONS[mi]; if(m&&m.id===key)completeMission(); }\nfunction completeMission(){ mi++; renderMission(); }\nfunction missionState(id){ const a=decks.A,b=decks.B; if(!a||!b)return false;\n  switch(id){ case \"playA\":return a.playing&&a.fader.gain.value>0.3; case \"cueB\":return b.pfl.gain.value>0; case \"playB\":return b.playing;\n    case \"tempo\":return Math.abs(a.bpm-b.bpm)<0.2;\n    case \"beatmatch\":{ const pa=(a.abs%16)/16,pb=(b.abs%16)/16; let df=pb-pa; if(df>0.5)df-=1; if(df<-0.5)df+=1; return a.playing&&b.playing&&Math.abs(a.bpm-b.bpm)<0.4&&Math.abs(df)<0.05; }\n    case \"eq\":return a.eqLow.gain.value<-10&&b.eqLow.gain.value>-3&&b.fader.gain.value>0.4;\n    case \"fxon\":return (!!fxNode.wet&&fxNode.wet.gain.value>0.1)||a.colorSend.gain.value>0.1||b.colorSend.gain.value>0.1||a.color.type!==\"allpass\"||b.color.type!==\"allpass\"; } return false; }\nfunction autoCheckMissions(){ const m=MISSIONS[mi]; if(m&&missionState(m.id))completeMission(); }\nfunction renderMission(){ const m=MISSIONS[mi]; if(!m){ $(\"#mIdx\").textContent=\"✓ COMPLETO\"; $(\"#mTitle\").textContent=\"Você domina a cabine clássica!\"; $(\"#mHint\").textContent=\"Explore os SOUND COLOR FX e os bancos de hot cue.\"; $(\"#mOk\").style.display=\"inline\"; return; }\n  $(\"#mIdx\").textContent=\"MISSÃO \"+(mi+1)+\"/\"+MISSIONS.length; $(\"#mTitle\").textContent=m.t; $(\"#mHint\").textContent=m.h; }\nfunction checkTempoMission(){ const m=MISSIONS[mi]; if(m&&m.id===\"tempo\"&&decks.A&&decks.B&&Math.abs(decks.A.bpm-decks.B.bpm)<0.2)completeMission(); }\n\nfunction drawWaveforms(){ [\"A\",\"B\"].forEach(id=>{ const d=decks[id];\n  [[`[data-wf=\"${id}\"]`,0],[`[data-wfz=\"${id}\"]`,1]].forEach(([sel,zoom])=>{ const cv=$(sel); if(!cv)return;\n    const w=cv.width=cv.clientWidth||300,h=cv.height=cv.clientHeight||(zoom?34:64); const ctx=cv.getContext(\"2d\"); ctx.clearRect(0,0,w,h);\n    const bars=zoom?32:120,bw=w/bars;\n    for(let i=0;i<bars;i++){ let s=Math.sin(i*12.9+id.charCodeAt(0))*43758.5; s-=Math.floor(s); const beat=(i%(zoom?4:8))===0; const amp=(0.25+s*0.7)*h;\n      ctx.fillStyle=beat?(id===\"A\"?\"#5bd0ff\":\"#ffa24d\"):(id===\"A\"?\"#2b6fb0\":\"#a86a2a\"); ctx.fillRect(i*bw,(h-amp)/2,bw*0.7,amp); }\n    if(zoom){ ctx.fillStyle=\"#fff\"; ctx.fillRect(w/2,0,2,h); } else { const ph=(d.abs%120)/120; ctx.fillStyle=\"#fff\"; ctx.fillRect(ph*w,0,2,h); } }); }); }\nfunction updateMeters(){ [\"A\",\"B\"].forEach(id=>{ const d=decks[id]; if(!d.analyser)return; const buf=new Uint8Array(d.analyser.fftSize); d.analyser.getByteTimeDomainData(buf); let pk=0; for(const v of buf){ const x=Math.abs(v-128)/128; if(x>pk)pk=x; } const el=$(`[data-meter=\"${id}\"]`); if(el)el.style.height=Math.min(100,pk*140)+\"%\"; }); }\nfunction updatePhase(){ const a=decks.A,b=decks.B; if(!a||!b)return; $(\"#bpmDelta\").textContent=Math.abs(a.bpm-b.bpm).toFixed(1);\n  const pa=(a.abs%16)/16,pb=(b.abs%16)/16; let diff=pb-pa; if(diff>0.5)diff-=1; if(diff<-0.5)diff+=1; const ind=$(\"#phaseInd\"); if(ind)ind.style.left=(50+diff*100)+\"%\";\n  const matched=a.playing&&b.playing&&Math.abs(a.bpm-b.bpm)<0.4&&Math.abs(diff)<0.035; $(\"#phasebar\").classList.toggle(\"good\",matched);\n  const beat=a.abs%4,lamps=$(\"#beatLamps\"); if(lamps){ lamps.innerHTML=\"\"; for(let i=0;i<4;i++){ const s=document.createElement(\"span\"); s.className=\"beat-lamp\"+(i===beat&&a.playing?\" on\":\"\"); lamps.appendChild(s);} } if(matched)markMission(\"beatmatch\"); }\nfunction refreshDeckUI(d){ $(\"#bpm\"+d.id).textContent=d.bpm.toFixed(1); $(\"#pct\"+d.id).textContent=(d.pitch>=0?\"+\":\"\")+d.pitch.toFixed(1)+\"%\"; $(\"#mst\"+d.id).classList.toggle(\"on\",d.mt);\n  const md=decks[window._masterDeck]||decks.A; $(\"#fxBpm\").textContent=md.bpm.toFixed(1)+\" BPM\"; if(fxNode.delay&&scfxMode!==\"SPACE\")fxNode.delay.delayTime.value=(60/md.bpm)/2; }\nfunction drawArt(id){ const cv=$(`[data-art=\"${id}\"]`); if(!cv)return; const ctx=cv.getContext(\"2d\"); const c=id===\"A\"?[\"#3a86ff\",\"#0a1a33\"]:[\"#ff7a1a\",\"#331000\"]; const g=ctx.createRadialGradient(38,38,3,38,38,38); g.addColorStop(0,c[0]); g.addColorStop(1,c[1]); ctx.fillStyle=g; ctx.beginPath(); ctx.arc(38,38,38,0,7); ctx.fill(); ctx.fillStyle=\"#0009\"; ctx.beginPath(); ctx.arc(38,38,5,0,7); ctx.fill(); }\n\nfunction playDeck(d,on){ if(!started)startAudio(); d.playing=on!==undefined?on:!d.playing; const btn=$(`.cdj[data-deck=\"${d.id}\"] .rbtn.play`);\n  if(d.playing){ if(d.next<AC.currentTime)d.next=AC.currentTime+0.05; btn.classList.add(\"on\"); btn.querySelector(\".ico\").textContent=\"❚❚\"; if(!d.startTime)d.startTime=AC.currentTime; } else { btn.classList.remove(\"on\"); btn.querySelector(\".ico\").textContent=\"▶\"; }\n  if(d.playing)markMission(d.id===\"A\"?\"playA\":\"playB\"); }\nfunction cueDeck(d){ if(!started)startAudio(); d.abs=0; d.step=0; d.bar=0; d.next=AC.currentTime+0.02; if(!d.playing)playDeck(d,true); }\nfunction handleDeckAct(id,act,b){ const d=decks[id]; if(!started&&(act===\"play\"||act===\"cue\"))startAudio();\n  switch(act){ case \"play\":playDeck(d);break; case \"cue\":cueDeck(d);break; case \"sync\":syncDeck(id,b);break;\n    case \"mt\":d.mt=!d.mt;b.classList.toggle(\"on\",d.mt);refreshDeckUI(d);break;\n    case \"master\":window._masterDeck=id;$$(''.tled[data-act=\"master\"]'').forEach(x=>x.classList.remove(\"on\"));b.classList.add(\"on\");refreshDeckUI(d);break;\n    case \"beatloop\":d.loopOn=!d.loopOn;d.loopLen=+b.dataset.len;d.loopStartAbs=d.abs;b.classList.toggle(\"on\",d.loopOn);break;\n    case \"reloop\":d.loopOn=true;d.loopStartAbs=d.abs;$(`[data-loops=\"${id}\"] [data-act=\"beatloop\"]`).classList.add(\"on\");break;\n    case \"cuein\":b.classList.add(\"on\");setTimeout(()=>b.classList.remove(\"on\"),180);break;\n    case \"cueout\":d.loopOn=false;$(`[data-loops=\"${id}\"] [data-act=\"beatloop\"]`).classList.remove(\"on\");break; } }\nfunction syncDeck(id,b){ const md=decks[window._masterDeck]||decks.A; const d=decks[id]; d.pitch=(md.bpm/d.baseBpm-1)*100; applyTempo(d);\n  d.abs=md.abs; d.step=md.step; d.bar=md.bar; d.next=md.next; b.classList.add(\"on\"); refreshDeckUI(d); checkTempoMission(); markMission(\"beatmatch\"); }\n\nfunction startAudio(){ if(started)return; buildGraph(); started=true; $(\"#acDot\").classList.remove(\"off\"); $(\"#acState\").textContent=\"ligado\"; $(\"#btnStart\").textContent=\"● Áudio ligado\"; if(AC.resume)AC.resume(); refreshDeckUI(decks.A); refreshDeckUI(decks.B); setInterval(schedule,TICK); }\nfunction frame(){ if(started){ drawWaveforms(); updateMeters(); updatePhase(); autoCheckMissions(); [\"A\",\"B\"].forEach(id=>{ const d=decks[id]; const sec=d.playing?(AC.currentTime-d.startTime):0; const el=$(\"#time\"+id); if(el){ const m=Math.floor(sec/60),s=Math.floor(sec%60); el.textContent=String(m).padStart(2,\"0\")+\":\"+String(s).padStart(2,\"0\"); } $(\"#beat\"+id).textContent=(d.abs%4)+1; }); } requestAnimationFrame(frame); }\n\nfunction init(){\n  buildPads(); buildChannels(); buildScfx(); buildFx(); renderMission();\n  function fit(){ const s=Math.min(1,(window.innerWidth-8)/1664); $(\"#stage\").style.transform=\"scale(\"+s+\")\"; } window.addEventListener(\"resize\",fit); fit();\n  drawArt(\"A\"); drawArt(\"B\");\n  $$(\".cdj\").forEach(cdj=>{ const id=cdj.dataset.deck; $$(\"[data-act]\",cdj).forEach(b=>b.addEventListener(\"pointerdown\",e=>{ e.preventDefault(); handleDeckAct(id,b.dataset.act,b); })); });\n  [\"A\",\"B\"].forEach(id=>bindJogLazy(id));\n  $$(''.knob[data-ck]'').forEach(el=>bindKnob(el,val=>applyChannel(el.dataset.deck,el.dataset.ck,val)));\n  $$(''.knob[data-knob]'').forEach(el=>bindKnob(el,val=>applyMaster(el.dataset.knob,val)));\n  $$(''.fadc[data-ck=\"fader\"]'').forEach(el=>bindVFader(el,val=>{ const dk=el.dataset.deck; if(dk&&decks[dk])decks[dk].fader.gain.value=val; },0));\n  $$(''.cue-pfl[data-ck=\"cue\"]'').forEach(el=>el.addEventListener(\"pointerdown\",()=>{ const dk=el.dataset.deck; if(!dk)return; if(!started)startAudio(); el.classList.toggle(\"on\"); const on=el.classList.contains(\"on\"); decks[dk].pfl.gain.value=on?1:0; if(on&&dk===\"B\")markMission(\"cueB\"); }));\n  bindTempoFaderLazy(); bindXFaderLazy();\n  $(\"[data-act=''fxon'']\").addEventListener(\"pointerdown\",()=>{ if(!started)startAudio(); const el=$(\"[data-act=''fxon'']\"); el.classList.toggle(\"on\"); const on=el.classList.contains(\"on\"); if(fxNode.wet){ fxNode.wet.gain.setTargetAtTime(on?0.5:0,AC.currentTime,0.05); fxNode.dry.gain.setTargetAtTime(on?0.75:1,AC.currentTime,0.05);} if(on)markMission(\"fxon\"); });\n  $(\"#btnStart\").addEventListener(\"pointerdown\",()=>startAudio()); $(\"#btnReset\").addEventListener(\"pointerdown\",()=>location.reload());\n  frame();\n}\nfunction bindJogLazy(id){ const el=$(`[data-jog=\"${id}\"]`); let last=null,drag=false,rot=0;\n  const ang=e=>{ const r=el.getBoundingClientRect(); return Math.atan2(e.clientY-(r.top+r.height/2),e.clientX-(r.left+r.width/2)); };\n  el.addEventListener(\"pointerdown\",e=>{ if(!started)startAudio(); drag=true; last=ang(e); el.setPointerCapture(e.pointerId); e.preventDefault(); });\n  el.addEventListener(\"pointermove\",e=>{ if(!drag)return; let a=ang(e),da=a-last; if(da>Math.PI)da-=2*Math.PI; if(da<-Math.PI)da+=2*Math.PI; last=a; if(decks[id])decks[id].nudge-=da*0.05; rot+=da; const m=$(`[data-marker=\"${id}\"]`); if(m)m.style.transform=`translate(-50%,0) rotate(${rot}rad)`; });\n  el.addEventListener(\"pointerup\",()=>drag=false); el.addEventListener(\"pointercancel\",()=>drag=false); }\nfunction bindTempoFaderLazy(){ [\"A\",\"B\"].forEach(id=>{ const el=$(`[data-tempo=\"${id}\"]`); const cap=el.querySelector(\".cap\"); let pos=0.5; place();\n  function place(){ const h=el.clientHeight; cap.style.top=(6+pos*(h-12))+\"px\"; } function apply(){ if(!started)startAudio(); const d=decks[id]; if(d)setPitch(d,(pos-0.5)*2*d.range); }\n  let drag=false; const mv=e=>{ if(!drag)return; const r=el.getBoundingClientRect(); pos=clamp((e.clientY-r.top-6)/(r.height-12),0,1); place(); apply(); };\n  el.addEventListener(\"pointerdown\",e=>{drag=true;el.setPointerCapture(e.pointerId);mv(e);}); el.addEventListener(\"pointermove\",mv); el.addEventListener(\"pointerup\",()=>drag=false); el.addEventListener(\"pointercancel\",()=>drag=false); el.addEventListener(\"dblclick\",()=>{pos=0.5;place();apply();}); window.addEventListener(\"resize\",place); }); }\nfunction bindXFaderLazy(){ const el=$(\"[data-xfader]\"); const cap=el.querySelector(\".cap\"); let x=0.5; place();\n  function place(){ const w=el.clientWidth; cap.style.left=(10+x*(w-20))+\"px\"; apply(); } function apply(){ if(decks.A){ decks.A.xf.gain.value=Math.cos(x*Math.PI/2); decks.B.xf.gain.value=Math.cos((1-x)*Math.PI/2);} }\n  let drag=false; const mv=e=>{ if(!drag)return; const r=el.getBoundingClientRect(); x=clamp((e.clientX-r.left-10)/(r.width-20),0,1); place(); };\n  el.addEventListener(\"pointerdown\",e=>{drag=true;el.setPointerCapture(e.pointerId);mv(e);}); el.addEventListener(\"pointermove\",mv); el.addEventListener(\"pointerup\",()=>drag=false); el.addEventListener(\"pointercancel\",()=>drag=false); el.addEventListener(\"dblclick\",()=>{x=0.5;place();}); window.addEventListener(\"resize\",place); }\ndocument.addEventListener(\"DOMContentLoaded\",init);\n</script>\n</body>\n</html>\n"}]'::jsonb);

-- AULA 10 (mód 2): O mixer de 6 canais: DJM-V10 e o Master Isolator
insert into public.lessons (id,module_id,titulo,tipo,conteudo_rico,duracao_min,ordem,tem_quiz,preview_gratis) values
  ('d1000000-d100-4d00-9000-0000000b0010','d1000000-d100-4d00-9000-0000000a0002','O mixer de 6 canais: DJM-V10 e o Master Isolator','texto','<p><strong>O DJM-V10 é o mixer que os DJs de techno e house pediram durante anos.</strong> Seis canais, EQ de 4 bandas e uma seção master digna de estúdio. Está em clubes de referência no mundo todo (e na versão V10-LF, com faders longos, para quem mixa longo). Dominar o V10 é dominar a mixagem como escultura de som.</p>
<h3>O que muda em relação ao DJM padrão</h3>
<ul>
<li><strong>6 canais:</strong> espaço para 4 players + toca-discos + notebook, tudo ao mesmo tempo. Os decks principais costumam ficar nos <strong>canais 3 e 4</strong> (centro).</li>
<li><strong>EQ de 4 bandas:</strong> HI, <strong>HI MID</strong>, <strong>LOW MID</strong> e LOW. O médio dividido em dois permite tirar a "caixa" de uma música (LOW MID) sem perder o brilho do vocal (HI MID) — cirurgia que o EQ de 3 bandas não faz.</li>
<li><strong>FILTER por canal:</strong> knob dedicado de filtro (LPF/HPF) em cada canal, separado do EQ — no 900NXS2 isso dependia do SOUND COLOR FX.</li>
<li><strong>SEND por canal:</strong> cada canal tem um knob <strong>SEND</strong> com botão de <strong>assign</strong> (vermelho) que manda o sinal para o efeito — dose exata de echo/reverb por música, como numa mesa de estúdio.</li>
<li><strong>Compressor por canal</strong> (no aparelho real) e fone com <strong>duas saídas</strong> (HEADPHONES A/B) para back-to-back.</li>
</ul>
<h3>MASTER ISOLATOR: a assinatura do V10</h3>
<p>Três knobs grandes — <strong>LOW / MID / HI</strong> — que equalizam <strong>a saída master inteira</strong> (a casa, não um canal). É a ferramenta de "esculpir a pista":</p>
<ul>
<li><strong>Corte o LOW do isolator</strong> na quebra e <strong>devolva no drop</strong> — o clube inteiro sente o grave voltar.</li>
<li>Segure só o médio para criar tensão; abra tudo para explodir.</li>
<li>Diferente do EQ de canal: o isolator age depois da mistura, sobre as DUAS músicas ao mesmo tempo.</li>
</ul>
<h3>Quando você vai encontrar um V10</h3>
<p>Clubes de música eletrônica "de som" (techno, house, minimal), cabines de residência longa e riders de DJs que fazem sets de 3+ horas. Em show de baile/funk/comercial, o 900NXS2/A9 seguem mais comuns. O profissional conhece os dois mundos.</p>
<p><strong>No simulador desta aula:</strong> a rotina completa nos canais 3 e 4 — e a missão final é no <strong>MASTER ISOLATOR</strong>: corte o LOW da casa e devolva no tempo certo. Experimente também o EQ de 4 bandas (tire o LOW MID de uma música e ouça o espaço abrir) e o <strong>SEND</strong> com assign para dosar o efeito por canal.</p>',22,10,true,false);
insert into public.quizzes (id,lesson_id,titulo) values ('d1000000-d100-4d00-9000-0000000c0010','d1000000-d100-4d00-9000-0000000b0010','Quiz — DJM-V10 e Master Isolator');
insert into public.quiz_questions (id,quiz_id,texto,explicacao,ordem,pontos) values ('d1000000-d100-4d00-9000-000000000a01','d1000000-d100-4d00-9000-0000000c0010','O que é o MASTER ISOLATOR do DJM-V10?','Três knobs (LOW/MID/HI) que equalizam a saída master inteira — as duas músicas ao mesmo tempo, depois da mistura.',1,1);
insert into public.quiz_options (question_id,texto,correta,ordem) values ('d1000000-d100-4d00-9000-000000000a01','Um EQ que age num canal só',false,1);
insert into public.quiz_options (question_id,texto,correta,ordem) values ('d1000000-d100-4d00-9000-000000000a01','Três knobs que equalizam a saída master inteira (a casa)',true,2);
insert into public.quiz_options (question_id,texto,correta,ordem) values ('d1000000-d100-4d00-9000-000000000a01','Um tipo de crossfader',false,3);
insert into public.quiz_options (question_id,texto,correta,ordem) values ('d1000000-d100-4d00-9000-000000000a01','O volume do fone',false,4);
insert into public.quiz_questions (id,quiz_id,texto,explicacao,ordem,pontos) values ('d1000000-d100-4d00-9000-000000000a02','d1000000-d100-4d00-9000-0000000c0010','Qual a vantagem do EQ de 4 bandas sobre o de 3?','O médio dividido (HI MID e LOW MID) permite cortar a ''caixa'' de uma música sem perder o brilho do vocal — mais cirurgia.',2,1);
insert into public.quiz_options (question_id,texto,correta,ordem) values ('d1000000-d100-4d00-9000-000000000a02','É só mais bonito',false,1);
insert into public.quiz_options (question_id,texto,correta,ordem) values ('d1000000-d100-4d00-9000-000000000a02','O médio dividido permite cortes mais cirúrgicos (LOW MID sem mexer no HI MID)',true,2);
insert into public.quiz_options (question_id,texto,correta,ordem) values ('d1000000-d100-4d00-9000-000000000a02','Aumenta o BPM',false,3);
insert into public.quiz_options (question_id,texto,correta,ordem) values ('d1000000-d100-4d00-9000-000000000a02','Não há vantagem',false,4);
insert into public.quiz_questions (id,quiz_id,texto,explicacao,ordem,pontos) values ('d1000000-d100-4d00-9000-000000000a03','d1000000-d100-4d00-9000-0000000c0010','Para que serve o knob SEND com assign em cada canal do V10?','Manda uma dose exata do canal para o efeito (echo/reverb), como um send de mesa de estúdio.',3,1);
insert into public.quiz_options (question_id,texto,correta,ordem) values ('d1000000-d100-4d00-9000-000000000a03','Trocar de música',false,1);
insert into public.quiz_options (question_id,texto,correta,ordem) values ('d1000000-d100-4d00-9000-000000000a03','Dosar quanto do canal vai para o efeito (send de FX)',true,2);
insert into public.quiz_options (question_id,texto,correta,ordem) values ('d1000000-d100-4d00-9000-000000000a03','Ligar o fone',false,3);
insert into public.quiz_options (question_id,texto,correta,ordem) values ('d1000000-d100-4d00-9000-000000000a03','Controlar o crossfader',false,4);
insert into public.quiz_questions (id,quiz_id,texto,explicacao,ordem,pontos) values ('d1000000-d100-4d00-9000-000000000a04','d1000000-d100-4d00-9000-0000000c0010','Um uso clássico do isolator na pista é:','Cortar o LOW na quebra e devolver no drop — a casa inteira sente o grave voltar.',4,1);
insert into public.quiz_options (question_id,texto,correta,ordem) values ('d1000000-d100-4d00-9000-000000000a04','Deixar sempre tudo no máximo',false,1);
insert into public.quiz_options (question_id,texto,correta,ordem) values ('d1000000-d100-4d00-9000-000000000a04','Cortar o LOW na quebra e devolver no drop',true,2);
insert into public.quiz_options (question_id,texto,correta,ordem) values ('d1000000-d100-4d00-9000-000000000a04','Silenciar o master',false,3);
insert into public.quiz_options (question_id,texto,correta,ordem) values ('d1000000-d100-4d00-9000-000000000a04','Substituir o beatmatch',false,4);
insert into public.ai_animations (lesson_id,tipo,status,model,roteiro,urls) values ('d1000000-d100-4d00-9000-0000000b0010','interactive','ready','handcrafted-interactive','{"titulo":"Cabine 6 canais — 2× CDJ-3000 + DJM-V10","cenas":[{"numero":1,"titulo":"Mixe no V10 (áudio real)","modo":"widget","narracao":"O DJM-V10: 6 canais, EQ de 4 bandas, FILTER e SEND por canal e o MASTER ISOLATOR — três knobs que esculpem o grave/médio/agudo da casa inteira. Complete as 7 missões (a última é no isolator).","explicacao_texto":"Simulador fiel da cabine com DJM-V10 (6 canais). Isolator processa o áudio de verdade no bus master.","destaques":["6 canais: decks nos canais 3 e 4","EQ de 4 bandas (HI, HI MID, LOW MID, LOW)","FILTER + SEND com assign de FX por canal","MASTER ISOLATOR real (LOW/MID/HI da casa)"]}]}'::jsonb,'[{"html":"<!doctype html>\n<html lang=\"pt-BR\">\n<head>\n<meta charset=\"utf-8\">\n<meta name=\"viewport\" content=\"width=device-width, initial-scale=1, maximum-scale=1, user-scalable=no\">\n<link rel=\"icon\" href=\"data:,\">\n<title>Cabine 6 canais — 2× CDJ-3000 + DJM-V10 — Simulador fiel (SMU)</title>\n<style>\n  :root{ --ink:#e9eef7; --muted:#8b97a9; --amber:#f4a02a; --orange:#ff7a1a; --green:#37d07a; --red:#e0483f; --cyan:#39c0e6; }\n  *{box-sizing:border-box}\n  html,body{margin:0;height:100%}\n  body{ background:radial-gradient(1200px 700px at 50% -8%,#1b1e23,#0a0b0d 62%),#08090b; color:var(--ink);\n    font-family:\"Inter\",system-ui,-apple-system,\"Segoe UI\",Roboto,sans-serif; -webkit-font-smoothing:antialiased;\n    user-select:none;overflow:hidden; display:flex;align-items:flex-start;justify-content:center; }\n  #stage{transform-origin:top center;flex:0 0 auto}\n  .booth{position:relative;width:1680px;display:flex;flex-direction:column;gap:9px;padding:12px;\n    background:linear-gradient(180deg,#2b2f36,#1f2228 10%,#191b1f 60%,#141518);\n    border:1px solid #0b0c0e;border-radius:16px;box-shadow:0 30px 80px #000b, inset 0 1px 0 #ffffff10, inset 0 -2px 0 #0008;}\n\n  .util{display:flex;align-items:center;gap:8px;flex-wrap:wrap;background:linear-gradient(180deg,#202329,#15171b);border:1px solid #0c0d0f;border-radius:11px;padding:7px 11px}\n  .brand{display:flex;align-items:baseline;gap:9px}\n  .brand b{font-size:17px;letter-spacing:1px;color:#eef2f8}\n  .brand .m{font-size:9.5px;letter-spacing:2px;color:#8a94a4;text-transform:uppercase}\n  .pill{font-size:10.5px;color:var(--muted);background:#0c0e12;border:1px solid #2a2f37;border-radius:16px;padding:4px 9px;display:flex;align-items:center;gap:6px;white-space:nowrap}\n  .pill b{color:#fff}\n  .dot{width:8px;height:8px;border-radius:50%;background:var(--green);box-shadow:0 0 8px var(--green)}\n  .dot.off{background:#444;box-shadow:none}\n  .spacer{flex:1}\n  .btnp{font:inherit;font-size:11.5px;font-weight:700;border:0;border-radius:8px;padding:7px 12px;cursor:pointer;color:#07120b;background:linear-gradient(180deg,#5be59a,#27b566)}\n  .btnp.ghost{background:transparent;color:var(--muted);border:1px solid #2a2f37}\n  .mission{display:flex;align-items:center;gap:9px;background:#0c0e12;border:1px solid #2a2f37;border-radius:9px;padding:5px 10px;flex:1 1 380px;min-width:0}\n  .mission .idx{font-size:10px;color:var(--amber);font-weight:800;white-space:nowrap}\n  .mission .txt{font-size:11.5px;line-height:1.25;min-width:0}\n  .mission .txt b{color:#fff}.mission .txt small{color:var(--muted)}\n  .mission .ok{color:var(--green);font-weight:800;font-size:16px}\n\n  .row{display:grid;grid-template-columns:1fr 560px 1fr;gap:10px;align-items:start}\n\n  /* ===== CDJ-3000 (pele compacta) ===== */\n  .cdj{background:linear-gradient(180deg,#26292f,#1c1e23 40%,#161719);border:1px solid #0c0d0f;border-radius:13px;padding:10px;display:flex;flex-direction:column;gap:8px;box-shadow:inset 0 1px 0 #ffffff10, inset 0 -2px 6px #0007}\n  .cdj .hdr{display:flex;justify-content:space-between;align-items:center;font-size:9px;letter-spacing:1.5px;color:#7f8aa0}\n  .cdj .hdr .mdl{color:#cfd7e6;font-weight:800;letter-spacing:2px}\n  .cdj .hdr .rb{color:#39c0e6;font-weight:700}\n  .scr{background:linear-gradient(180deg,#0b1220,#070c15);border:1px solid #04070d;border-radius:8px;padding:7px 8px;box-shadow:inset 0 2px 8px #000a;overflow:hidden}\n  .scr .ttl{display:flex;justify-content:space-between;align-items:baseline;margin-bottom:4px}\n  .scr .ttl .name{font-size:12px;color:#eaf2ff;font-weight:700;white-space:nowrap;overflow:hidden;text-overflow:ellipsis}\n  .scr .ttl .key{font-size:10px;color:#7bd3ff}\n  .wf{width:100%;height:58px;display:block;background:#060a11;border-radius:4px}\n  .wfz{width:100%;height:30px;display:block;background:#060a11;border-radius:4px;margin-top:4px}\n  .info{display:flex;justify-content:space-between;align-items:center;margin-top:5px;gap:8px}\n  .info .big{font-variant-numeric:tabular-nums;font-size:19px;font-weight:800;color:#fff}\n  .info .bpm{font-variant-numeric:tabular-nums;font-size:19px;font-weight:800;color:var(--amber)}\n  .info .sub{font-size:8px;color:#8fa3c4;text-align:right}\n  .info .pct{font-variant-numeric:tabular-nums;font-size:11px;color:#bcd;font-weight:700}\n  .mstpill{font-size:8px;color:#0a140a;background:var(--amber);border-radius:3px;padding:1px 4px;font-weight:800;visibility:hidden}\n  .mstpill.on{visibility:visible}\n  .pads{display:grid;grid-template-columns:repeat(4,1fr);gap:4px}\n  .pad{height:26px;border-radius:5px;border:1px solid #0a0b0d;background:linear-gradient(180deg,#20242b,#15181d);color:#5a6478;font-size:8.5px;font-weight:800;cursor:pointer;display:flex;align-items:center;justify-content:center;position:relative}\n  .pad small{position:absolute;top:1px;left:3px;font-size:6px;color:#4a5364}\n  .pad.A{--c:#ff5c5c}.pad.B{--c:#ffb03a}.pad.C{--c:#ffe14d}.pad.D{--c:#7CFC5A}\n  .pad.E{--c:#4de1c3}.pad.F{--c:#4db6ff}.pad.G{--c:#7c8bff}.pad.H{--c:#e07cff}\n  .pad.set{background:var(--c);color:#0a0e14;box-shadow:0 0 8px var(--c)}\n  .pad.playing{outline:2px solid #fff;outline-offset:-2px}\n  .lp{display:grid;grid-template-columns:repeat(4,1fr);gap:4px}\n  .kb{height:24px;border-radius:5px;border:1px solid #0a0b0d;background:linear-gradient(180deg,#23272e,#171a1f);color:#aeb8c8;font-size:7.5px;font-weight:800;cursor:pointer;display:flex;align-items:center;justify-content:center;text-align:center;line-height:1.05}\n  .kb.amber{color:var(--amber)} .kb.on{background:var(--amber);color:#111;box-shadow:0 0 9px var(--amber)}\n  .deckmid{display:grid;grid-template-columns:54px 1fr 38px;gap:8px;align-items:center}\n  .transport{display:flex;flex-direction:column;gap:12px;align-items:center}\n  .rbtn{width:48px;height:48px;border-radius:50%;border:2px solid #0a0b0d;cursor:pointer;position:relative;background:radial-gradient(circle at 50% 35%,#3a3f47,#1a1c20);box-shadow:0 4px 8px #0008,inset 0 1px 0 #fff2}\n  .rbtn .lbl{position:absolute;bottom:-11px;left:50%;transform:translateX(-50%);font-size:6.5px;color:#8a94a4;white-space:nowrap}\n  .rbtn.cue{background:radial-gradient(circle at 50% 35%,#ffb25a,#c76a12)}\n  .rbtn.play{background:radial-gradient(circle at 50% 35%,#5be59a,#1f9e54)}\n  .rbtn.play.on{box-shadow:0 0 16px var(--green),inset 0 1px 0 #fff4}\n  .rbtn:active{transform:translateY(1px)}\n  .rbtn .ico{position:absolute;inset:0;display:flex;align-items:center;justify-content:center;color:#0a0e0a;font-size:13px;font-weight:900}\n  .jogwrap{display:flex;align-items:center;justify-content:center}\n  .jog{width:196px;height:196px;border-radius:50%;position:relative;cursor:grab;touch-action:none;\n    background:radial-gradient(circle at 50% 50%,#0e0f12 0 30%,#17191d 30% 33%,#0e0f12 33% 63%,#202329 63% 66%,#0c0d10 66% 100%);\n    border:3px solid #000;box-shadow:0 10px 24px #000b,inset 0 2px 10px #0009}\n  .jog:active{cursor:grabbing}\n  .jog .lit{position:absolute;inset:4px;border-radius:50%;pointer-events:none;box-shadow:inset 0 0 20px #1a5fb033;border:2px solid #1f6fd0aa;opacity:.5}\n  .jog .platter{position:absolute;inset:42px;border-radius:50%;background:repeating-conic-gradient(#111 0 6deg,#191c21 6deg 12deg);border:2px solid #000}\n  .jog .hub{position:absolute;inset:62px;border-radius:50%;background:#0a0d12;border:2px solid #223;overflow:hidden;display:flex;align-items:center;justify-content:center}\n  .jog .art{position:absolute;inset:0}\n  .jog .marker{position:absolute;top:50%;left:50%;width:4px;height:30px;background:linear-gradient(180deg,#fff,#fff0);transform-origin:top center;transform:translate(-50%,0);border-radius:2px}\n  .jog .cdinfo{position:absolute;bottom:9px;left:50%;transform:translateX(-50%);font-size:7px;color:#9fb0c8;letter-spacing:1px}\n  .tempo{display:flex;flex-direction:column;align-items:center;gap:5px;height:196px;justify-content:center}\n  .tempo .tt{font-size:7px;color:#8a94a4;letter-spacing:1px}\n  .fadv{position:relative;width:22px;height:136px;background:linear-gradient(90deg,#0a0b0d,#16181c,#0a0b0d);border:1px solid #000;border-radius:6px;touch-action:none;cursor:ns-resize;box-shadow:inset 0 2px 8px #000a}\n  .fadv .cap{position:absolute;left:50%;width:30px;height:14px;transform:translate(-50%,-50%);background:linear-gradient(180deg,#e9edf3,#aab2bf);border:1px solid #000;border-radius:3px}\n  .fadv .cap::after{content:\"\";position:absolute;left:4px;right:4px;top:50%;height:2px;background:#e2453f;transform:translateY(-50%)}\n  .tledrow{display:flex;gap:5px;justify-content:center}\n  .tled{width:44px;text-align:center;font-size:7px;color:#8a94a4;border:1px solid #2a2f37;border-radius:4px;padding:4px 2px;cursor:pointer;background:#12141a;line-height:1.1}\n  .tled.on{color:#111;background:var(--amber);border-color:var(--amber);font-weight:800}\n  .tled.sync.on{background:var(--cyan);border-color:var(--cyan)}\n\n  /* ===== DJM-V10 (6 canais) ===== */\n  .mixer{background:linear-gradient(180deg,#202329,#17191d 45%,#121317);border:1px solid #0c0d0f;border-radius:13px;padding:10px 8px;display:flex;flex-direction:column;gap:7px;box-shadow:inset 0 1px 0 #ffffff10, inset 0 -2px 6px #0007}\n  .mixer .mhdr{display:flex;justify-content:space-between;align-items:center;font-size:9px;letter-spacing:1.5px;color:#7f8aa0}\n  .mixer .mhdr b{color:#cfd7e6;letter-spacing:2px}\n  .chgrid{display:grid;grid-template-columns:repeat(6,1fr);gap:5px}\n  .ch{display:flex;flex-direction:column;align-items:center;gap:4px;background:linear-gradient(180deg,#1a1c21,#131519);border:1px solid #0a0b0d;border-radius:8px;padding:6px 3px}\n  .ch .cnum{font-size:9px;font-weight:800;color:#cdd6e4}\n  .ch.live .cnum{color:#fff}\n  .ch.dim{opacity:.38}\n  .knob{width:36px;height:36px;border-radius:50%;position:relative;cursor:ns-resize;touch-action:none;background:radial-gradient(circle at 50% 34%,#40454e,#181a1e 72%);border:1px solid #000;box-shadow:0 3px 6px #0008,inset 0 1px 0 #fff2}\n  .knob::after{content:\"\";position:absolute;left:50%;top:4px;width:3px;height:11px;background:#eef2f8;border-radius:2px;transform-origin:50% 14px;transform:translateX(-50%) rotate(var(--pdeg,0deg))}\n  .knob.xs{width:26px;height:26px}\n  .knob.xs::after{height:8px;top:3px;transform-origin:50% 10px;transform:translateX(-50%) rotate(var(--pdeg,0deg))}\n  .knob.iso{width:46px;height:46px;background:radial-gradient(circle at 50% 34%,#4a4f58,#1a1c20 72%)}\n  .knob.iso::after{height:15px;top:5px;transform-origin:50% 18px;transform:translateX(-50%) rotate(var(--pdeg,0deg));background:var(--amber)}\n  .klabel{font-size:6.5px;color:#8a94a4;text-align:center}\n  .eqwrap{display:flex;flex-direction:column;gap:3px;align-items:center}\n  .eqrow{display:flex;flex-direction:column;align-items:center;gap:0}\n  .sendrow{display:flex;gap:3px;align-items:center}\n  .fxassign{width:14px;height:14px;border-radius:50%;border:1px solid #0a0b0d;background:#3a1512;cursor:pointer}\n  .fxassign.on{background:var(--red);box-shadow:0 0 8px var(--red)}\n  .cue-pfl{width:100%;height:16px;border-radius:4px;border:1px solid #0a0b0d;background:#20242b;color:#8a94a4;font-size:7px;font-weight:800;cursor:pointer;display:flex;align-items:center;justify-content:center}\n  .cue-pfl.on{background:var(--amber);color:#160800;box-shadow:0 0 8px var(--amber)}\n  .meter{width:6px;height:88px;background:#07090c;border:1px solid #000;border-radius:3px;position:relative;overflow:hidden}\n  .meter i{position:absolute;left:0;right:0;bottom:0;background:linear-gradient(0deg,#37d07a 0 55%,#f4d03a 55% 82%,#e0483f 82% 100%);height:0%}\n  .chbody{display:flex;gap:3px;align-items:flex-end}\n  .fadc{position:relative;width:22px;height:100px;background:linear-gradient(90deg,#0a0b0d,#16181c,#0a0b0d);border:1px solid #000;border-radius:6px;touch-action:none;cursor:ns-resize;box-shadow:inset 0 2px 8px #000a}\n  .fadc .cap{position:absolute;left:50%;width:28px;height:13px;transform:translate(-50%,-50%);background:linear-gradient(180deg,#eef2f8,#aab2bf);border:1px solid #000;border-radius:3px}\n  .fadc .cap::after{content:\"\";position:absolute;left:3px;right:3px;top:50%;height:2px;background:#111;transform:translateY(-50%)}\n\n  .vrow{display:grid;grid-template-columns:1fr 1fr 1fr;gap:7px;align-items:start}\n  .mbox{background:linear-gradient(180deg,#1a1c21,#131519);border:1px solid #0a0b0d;border-radius:9px;padding:7px;display:flex;flex-direction:column;gap:5px;align-items:center}\n  .mbox .t{font-size:7.5px;letter-spacing:1px;color:#8a94a4}\n  .isorow{display:flex;gap:8px}\n  .isocell{text-align:center}\n  .fxscreen{background:#0b1220;border:1px solid #04070d;border-radius:6px;padding:5px 7px;width:100%;text-align:center}\n  .fxscreen .fxname{font-size:11px;font-weight:800;color:#fff;letter-spacing:1px}\n  .fxscreen .fxbpm{font-size:8.5px;color:var(--amber);font-variant-numeric:tabular-nums}\n  .fxsel{display:grid;grid-template-columns:repeat(3,1fr);gap:3px;width:100%}\n  .fxsel .fb{font-size:7px;font-weight:800;color:#9fb0c8;background:#161a20;border:1px solid #222a34;border-radius:4px;padding:4px 1px;cursor:pointer;text-align:center}\n  .fxsel .fb.on{background:var(--cyan);color:#04121a}\n  .fxon{width:46px;height:46px;border-radius:50%;border:2px solid #0a0b0d;cursor:pointer;background:radial-gradient(circle at 50% 35%,#e05545,#8a1f14);box-shadow:0 3px 8px #0008,inset 0 1px 0 #fff3;color:#ffeae6;font-size:7.5px;font-weight:800;display:flex;align-items:center;justify-content:center}\n  .fxon.on{background:radial-gradient(circle at 50% 35%,#ff7a66,#c23a2a);box-shadow:0 0 16px var(--red),inset 0 1px 0 #fff5}\n  .xf{background:linear-gradient(180deg,#1a1c21,#131519);border:1px solid #0a0b0d;border-radius:9px;padding:8px 12px;display:flex;flex-direction:column;gap:5px}\n  .xf .xlab{display:flex;justify-content:space-between;font-size:9px;font-weight:800;color:#aeb8c8;letter-spacing:1px}\n  .fadx{position:relative;width:100%;height:26px;background:linear-gradient(180deg,#0a0b0d,#16181c,#0a0b0d);border:1px solid #000;border-radius:6px;touch-action:none;cursor:ew-resize;box-shadow:inset 0 2px 8px #000a}\n  .fadx .cap{position:absolute;top:50%;width:18px;height:36px;transform:translate(-50%,-50%);background:linear-gradient(180deg,#eef2f8,#aab2bf);border:1px solid #000;border-radius:4px}\n  .fadx .cap::after{content:\"\";position:absolute;top:4px;bottom:4px;left:50%;width:2px;background:#111;transform:translateX(-50%)}\n\n  .coach{background:#0c0e12;border:1px solid #223;border-radius:10px;padding:9px 12px;font-size:11.5px;line-height:1.4;color:#c7d0de}\n  .coach b{color:#fff}.coach .k{color:var(--amber);font-weight:800}\n  .beat-lamp{display:inline-block;width:10px;height:10px;border-radius:50%;background:#333;margin:0 1px;vertical-align:middle}\n  .beat-lamp.on{background:var(--green);box-shadow:0 0 8px var(--green)}\n  .phasebar{position:relative;height:12px;background:#07090c;border:1px solid #000;border-radius:6px;overflow:hidden;flex:1}\n  .phasebar i{position:absolute;top:0;bottom:0;width:3px;background:var(--cyan);left:50%;box-shadow:0 0 6px var(--cyan);transition:left .05s linear}\n  .phasebar .mid{position:absolute;top:0;bottom:0;left:50%;width:1px;background:#3a4658}\n  .phasebar.good i{background:var(--green);box-shadow:0 0 8px var(--green)}\n</style>\n</head>\n<body>\n<div id=\"stage\">\n<div class=\"booth\">\n\n  <div class=\"util\">\n    <div class=\"brand\"><b>SMU</b><span class=\"m\">PRO • CABINE 6 CANAIS (V10)</span></div>\n    <span class=\"pill\"><span class=\"dot off\" id=\"acDot\"></span> Áudio <b id=\"acState\">clique em Ligar</b></span>\n    <div class=\"mission\">\n      <span class=\"idx\" id=\"mIdx\">MISSÃO 1/7</span>\n      <div class=\"txt\"><b id=\"mTitle\">Dê play no Deck A</b><br><small id=\"mHint\">Aperte PLAY no CDJ da esquerda.</small></div>\n      <span class=\"ok\" id=\"mOk\" style=\"display:none\">✓</span>\n    </div>\n    <span class=\"spacer\"></span>\n    <button class=\"btnp ghost\" id=\"btnReset\">Reiniciar</button>\n    <button class=\"btnp\" id=\"btnStart\">▶ Ligar áudio</button>\n  </div>\n\n  <div class=\"row\">\n\n    <!-- CDJ A -->\n    <div class=\"cdj\" data-deck=\"A\">\n      <div class=\"hdr\"><span class=\"rb\">rekordbox</span><span class=\"mdl\">CDJ-3000</span><span>PLAYER 1</span></div>\n      <div class=\"scr\">\n        <div class=\"ttl\"><span class=\"name\">SMU House Groove</span><span class=\"key\">7A · Am</span></div>\n        <canvas class=\"wf\" data-wf=\"A\"></canvas><canvas class=\"wfz\" data-wfz=\"A\"></canvas>\n        <div class=\"info\">\n          <div><div class=\"big\" id=\"timeA\">00:00</div><div class=\"sub\">TIME</div></div>\n          <div style=\"text-align:center\"><span class=\"pct\" id=\"pctA\">±0.0%</span> <span class=\"mstpill on\" id=\"mstA\">MT</span><div class=\"sub\">MASTER TEMPO</div></div>\n          <div style=\"text-align:right\"><div class=\"bpm\" id=\"bpmA\">124.0</div><div class=\"sub\">BPM · <span id=\"beatA\">1</span>/4</div></div>\n        </div>\n      </div>\n      <div class=\"pads\" data-pads=\"A\"></div>\n      <div class=\"lp\" data-loops=\"A\">\n        <div class=\"kb amber\" data-act=\"cuein\">IN/CUE</div><div class=\"kb amber\" data-act=\"cueout\">OUT</div>\n        <div class=\"kb\" data-act=\"reloop\">RELOOP</div><div class=\"kb\" data-act=\"beatloop\" data-len=\"4\">4 BEAT LOOP</div>\n      </div>\n      <div class=\"deckmid\">\n        <div class=\"transport\">\n          <div class=\"rbtn cue\" data-act=\"cue\"><span class=\"ico\">■</span><span class=\"lbl\">CUE</span></div>\n          <div class=\"rbtn play\" data-act=\"play\"><span class=\"ico\">▶</span><span class=\"lbl\">PLAY/PAUSE</span></div>\n        </div>\n        <div class=\"jogwrap\"><div class=\"jog\" data-jog=\"A\"><div class=\"lit\"></div><div class=\"platter\"></div>\n          <div class=\"marker\" data-marker=\"A\"></div><div class=\"hub\"><canvas class=\"art\" data-art=\"A\" width=\"70\" height=\"70\"></canvas></div>\n          <div class=\"cdinfo\">VINYL</div></div></div>\n        <div class=\"tempo\"><div class=\"tt\">TEMPO</div><div class=\"fadv\" data-tempo=\"A\"><div class=\"cap\"></div></div><div class=\"tt\" style=\"color:var(--amber)\">±8%</div></div>\n      </div>\n      <div class=\"tledrow\">\n        <div class=\"tled on\" data-act=\"mt\">MASTER TEMPO</div><div class=\"tled sync\" data-act=\"sync\">BEAT SYNC</div><div class=\"tled on\" data-act=\"master\">MASTER</div>\n      </div>\n    </div>\n\n    <!-- DJM-V10 -->\n    <div class=\"mixer\">\n      <div class=\"mhdr\"><span>Pioneer DJ</span><b>DJM-V10</b><span>6CH</span></div>\n      <div class=\"chgrid\" id=\"chgrid\"></div>\n      <div class=\"vrow\">\n        <div class=\"mbox\">\n          <div class=\"t\">MASTER ISOLATOR</div>\n          <div class=\"isorow\">\n            <div class=\"isocell\"><div class=\"knob iso\" data-knob=\"isoLow\" data-min=\"-26\" data-max=\"6\" data-val=\"0\"></div><div class=\"klabel\">LOW</div></div>\n            <div class=\"isocell\"><div class=\"knob iso\" data-knob=\"isoMid\" data-min=\"-26\" data-max=\"6\" data-val=\"0\"></div><div class=\"klabel\">MID</div></div>\n            <div class=\"isocell\"><div class=\"knob iso\" data-knob=\"isoHi\" data-min=\"-26\" data-max=\"6\" data-val=\"0\"></div><div class=\"klabel\">HI</div></div>\n          </div>\n        </div>\n        <div class=\"mbox\">\n          <div class=\"t\">BEAT FX</div>\n          <div class=\"fxscreen\"><div class=\"fxname\" id=\"fxName\">SHIMMER</div><div class=\"fxbpm\" id=\"fxBpm\">124.0 BPM</div></div>\n          <div class=\"fxsel\" id=\"fxsel\"></div>\n          <div class=\"fxon\" data-act=\"fxon\">ON/OFF</div>\n        </div>\n        <div class=\"mbox\">\n          <div class=\"t\">MASTER / PHONES</div>\n          <div style=\"display:flex;gap:8px\">\n            <div style=\"text-align:center\"><div class=\"knob\" data-knob=\"master\" data-min=\"0\" data-max=\"1.4\" data-val=\"1\"></div><div class=\"klabel\">MASTER</div></div>\n            <div style=\"text-align:center\"><div class=\"knob\" data-knob=\"booth\" data-min=\"0\" data-max=\"1.4\" data-val=\"1\"></div><div class=\"klabel\">BOOTH</div></div>\n          </div>\n          <div style=\"display:flex;gap:8px\">\n            <div style=\"text-align:center\"><div class=\"knob xs\" data-knob=\"phmix\" data-min=\"0\" data-max=\"1\" data-val=\"0.5\"></div><div class=\"klabel\">CUE↔MST</div></div>\n            <div style=\"text-align:center\"><div class=\"knob xs\" data-knob=\"phlvl\" data-min=\"0\" data-max=\"1.4\" data-val=\"0.9\"></div><div class=\"klabel\">PHONES A</div></div>\n          </div>\n          <div class=\"xf\" style=\"width:100%\">\n            <div class=\"xlab\"><span>A</span><span style=\"color:#6b7488;font-size:6.5px;letter-spacing:2px\">MAGVEL PRO</span><span>B</span></div>\n            <div class=\"fadx\" data-xfader><div class=\"cap\"></div></div>\n          </div>\n        </div>\n      </div>\n    </div>\n\n    <!-- CDJ B -->\n    <div class=\"cdj\" data-deck=\"B\">\n      <div class=\"hdr\"><span class=\"rb\">rekordbox</span><span class=\"mdl\">CDJ-3000</span><span>PLAYER 2</span></div>\n      <div class=\"scr\">\n        <div class=\"ttl\"><span class=\"name\">SMU Techno Drive</span><span class=\"key\">8A · Bm</span></div>\n        <canvas class=\"wf\" data-wf=\"B\"></canvas><canvas class=\"wfz\" data-wfz=\"B\"></canvas>\n        <div class=\"info\">\n          <div><div class=\"big\" id=\"timeB\">00:00</div><div class=\"sub\">TIME</div></div>\n          <div style=\"text-align:center\"><span class=\"pct\" id=\"pctB\">±0.0%</span> <span class=\"mstpill on\" id=\"mstB\">MT</span><div class=\"sub\">MASTER TEMPO</div></div>\n          <div style=\"text-align:right\"><div class=\"bpm\" id=\"bpmB\">128.0</div><div class=\"sub\">BPM · <span id=\"beatB\">1</span>/4</div></div>\n        </div>\n      </div>\n      <div class=\"pads\" data-pads=\"B\"></div>\n      <div class=\"lp\" data-loops=\"B\">\n        <div class=\"kb amber\" data-act=\"cuein\">IN/CUE</div><div class=\"kb amber\" data-act=\"cueout\">OUT</div>\n        <div class=\"kb\" data-act=\"reloop\">RELOOP</div><div class=\"kb\" data-act=\"beatloop\" data-len=\"4\">4 BEAT LOOP</div>\n      </div>\n      <div class=\"deckmid\">\n        <div class=\"transport\">\n          <div class=\"rbtn cue\" data-act=\"cue\"><span class=\"ico\">■</span><span class=\"lbl\">CUE</span></div>\n          <div class=\"rbtn play\" data-act=\"play\"><span class=\"ico\">▶</span><span class=\"lbl\">PLAY/PAUSE</span></div>\n        </div>\n        <div class=\"jogwrap\"><div class=\"jog\" data-jog=\"B\"><div class=\"lit\"></div><div class=\"platter\"></div>\n          <div class=\"marker\" data-marker=\"B\"></div><div class=\"hub\"><canvas class=\"art\" data-art=\"B\" width=\"70\" height=\"70\"></canvas></div>\n          <div class=\"cdinfo\">VINYL</div></div></div>\n        <div class=\"tempo\"><div class=\"tt\">TEMPO</div><div class=\"fadv\" data-tempo=\"B\"><div class=\"cap\"></div></div><div class=\"tt\" style=\"color:var(--amber)\">±8%</div></div>\n      </div>\n      <div class=\"tledrow\">\n        <div class=\"tled on\" data-act=\"mt\">MASTER TEMPO</div><div class=\"tled sync\" data-act=\"sync\">BEAT SYNC</div><div class=\"tled\" data-act=\"master\">MASTER</div>\n      </div>\n    </div>\n  </div>\n\n  <div class=\"coach\">\n    <b>DJM-V10: o mixer \"de estúdio\" da cabine.</b> 6 canais, EQ de <span class=\"k\">4 bandas</span> (HI, HI MID, LOW MID, LOW), <span class=\"k\">FILTER</span> por canal, knob <span class=\"k\">SEND</span> com assign de FX e o famoso <span class=\"k\">MASTER ISOLATOR</span> — três knobs grandes que esculpem o grave/médio/agudo da CASA inteira. Decks nos canais 3 e 4. Rotina: play, cue no fone, BPM, fase, virada — e na missão final, corte o grave da casa no ISOLATOR e devolva no drop.\n    <div style=\"display:flex;align-items:center;gap:10px;margin-top:7px\">\n      <span style=\"font-size:10px;color:#8a94a4;letter-spacing:1px\">FASE A↔B</span>\n      <div class=\"phasebar\" id=\"phasebar\"><div class=\"mid\"></div><i id=\"phaseInd\"></i></div>\n      <span id=\"beatLamps\"></span>\n      <span class=\"pill\" style=\"margin-left:auto\">Δ BPM <b id=\"bpmDelta\">4.0</b></span>\n    </div>\n  </div>\n</div>\n</div>\n\n<script>\n\"use strict\";\n/* Motor validado da cabine. Pele = DJM-V10: 6 canais, EQ 4 bandas, FILTER+SEND por canal, MASTER ISOLATOR real no bus. */\nconst $=(s,r=document)=>r.querySelector(s);\nconst $$=(s,r=document)=>[...r.querySelectorAll(s)];\nconst clamp=(v,a,b)=>Math.max(a,Math.min(b,v));\nlet AC=null, started=false;\nlet masterGain, isoLow, isoMid, isoHi, cueBus, comp, fxNode={};\nconst decks={};\nwindow._masterDeck=\"A\";\n\nconst GROOVES={\n  A:{ baseBpm:124, root:110,\n    k:[1,0,0,0,1,0,0,0,1,0,0,0,1,0,0,0], s:[0,0,0,0,1,0,0,0,0,0,0,0,1,0,0,0],\n    h:[0,0,1,0,0,0,1,0,0,0,1,0,0,0,1,0], o:[0,0,0,0,0,0,0,0,0,0,0,0,0,0,1,0],\n    b:[1,0,0,1,0,0,1,0,1,0,0,1,0,0,1,0], t:[0,0,0,0,0,0,0,0,1,0,0,0,0,0,0,0] },\n  B:{ baseBpm:128, root:98,\n    k:[1,0,0,0,1,0,0,0,1,0,0,0,1,0,0,0], s:[0,0,0,0,0,0,0,0,1,0,0,0,0,0,0,0],\n    h:[0,0,1,0,0,0,1,0,0,0,1,0,0,0,1,0], o:[0,1,0,0,0,1,0,0,0,1,0,0,0,1,0,1],\n    b:[1,0,1,0,1,0,1,0,1,0,1,0,1,0,1,0], t:[0,0,0,0,1,0,0,0,0,0,0,0,1,0,1,0] }\n};\n\nfunction buildGraph(){\n  AC=new (window.AudioContext||window.webkitAudioContext)();\n  masterGain=AC.createGain(); masterGain.gain.value=1;\n  // MASTER ISOLATOR (assinatura do V10): 3 bandas no bus master\n  isoLow=AC.createBiquadFilter(); isoLow.type=\"lowshelf\"; isoLow.frequency.value=120;\n  isoMid=AC.createBiquadFilter(); isoMid.type=\"peaking\"; isoMid.frequency.value=1000; isoMid.Q.value=0.7;\n  isoHi=AC.createBiquadFilter(); isoHi.type=\"highshelf\"; isoHi.frequency.value=6000;\n  comp=AC.createDynamicsCompressor(); comp.threshold.value=-8; comp.knee.value=24; comp.ratio.value=3; comp.attack.value=0.004; comp.release.value=0.18;\n  fxNode.in=AC.createGain(); fxNode.dry=AC.createGain(); fxNode.dry.gain.value=1;\n  fxNode.wet=AC.createGain(); fxNode.wet.gain.value=0; fxNode.delay=AC.createDelay(2.0); fxNode.delay.delayTime.value=(60/124)/2;\n  fxNode.fb=AC.createGain(); fxNode.fb.gain.value=0.38;\n  fxNode.in.connect(fxNode.dry); fxNode.dry.connect(masterGain);\n  fxNode.in.connect(fxNode.delay); fxNode.delay.connect(fxNode.fb); fxNode.fb.connect(fxNode.delay);\n  fxNode.delay.connect(fxNode.wet); fxNode.wet.connect(masterGain);\n  masterGain.connect(isoLow); isoLow.connect(isoMid); isoMid.connect(isoHi); isoHi.connect(comp); comp.connect(AC.destination);\n  cueBus=AC.createGain(); cueBus.gain.value=0.55; cueBus.connect(AC.destination);\n  [\"A\",\"B\"].forEach(buildDeck);\n}\nfunction buildDeck(id){ const g=GROOVES[id];\n  const d={ id, groove:g, baseBpm:g.baseBpm, bpm:g.baseBpm, pitch:0, range:8, playing:false, mt:true,\n    next:0, abs:0, step:0, bar:0, startTime:0, nudge:0, loopOn:false, loopLen:4, loopStartAbs:0, hotcues:{} };\n  d.sum=AC.createGain(); d.trim=AC.createGain(); d.trim.gain.value=0.9;\n  // EQ 4 bandas (V10): LOW shelf 100 / LOW-MID peak 600 / HI-MID peak 3k / HI shelf 8k\n  d.eqLow=AC.createBiquadFilter(); d.eqLow.type=\"lowshelf\"; d.eqLow.frequency.value=100;\n  d.eqLowMid=AC.createBiquadFilter(); d.eqLowMid.type=\"peaking\"; d.eqLowMid.frequency.value=600; d.eqLowMid.Q.value=0.9;\n  d.eqHiMid=AC.createBiquadFilter(); d.eqHiMid.type=\"peaking\"; d.eqHiMid.frequency.value=3000; d.eqHiMid.Q.value=0.9;\n  d.eqHi=AC.createBiquadFilter(); d.eqHi.type=\"highshelf\"; d.eqHi.frequency.value=8000;\n  d.color=AC.createBiquadFilter(); d.color.type=\"allpass\"; d.color.frequency.value=1000; // FILTER do canal\n  d.send=AC.createGain(); d.send.gain.value=0; d.fxAssign=false;\n  d.fader=AC.createGain(); d.fader.gain.value=0; d.xf=AC.createGain(); d.xf.gain.value=1; d.pfl=AC.createGain(); d.pfl.gain.value=0;\n  d.sum.connect(d.trim); d.trim.connect(d.eqLow); d.eqLow.connect(d.eqLowMid); d.eqLowMid.connect(d.eqHiMid); d.eqHiMid.connect(d.eqHi); d.eqHi.connect(d.color);\n  d.color.connect(d.fader); d.fader.connect(d.xf); d.xf.connect(fxNode.in);\n  d.color.connect(d.send); d.send.connect(fxNode.delay);\n  d.color.connect(d.pfl); d.pfl.connect(cueBus);\n  d.analyser=AC.createAnalyser(); d.analyser.fftSize=256; d.color.connect(d.analyser);\n  decks[id]=d;\n}\nlet _noise=null;\nfunction noiseBuf(){ if(_noise)return _noise; _noise=AC.createBuffer(1,AC.sampleRate*0.4,AC.sampleRate); const d=_noise.getChannelData(0); for(let i=0;i<d.length;i++)d[i]=Math.random()*2-1; return _noise; }\nfunction vKick(t,g,d){ const o=AC.createOscillator(),a=AC.createGain(); o.frequency.setValueAtTime(150,t); o.frequency.exponentialRampToValueAtTime(48,t+0.12); a.gain.setValueAtTime(g,t); a.gain.exponentialRampToValueAtTime(0.001,t+0.30); o.connect(a); a.connect(d.sum); o.start(t); o.stop(t+0.33); }\nfunction vClap(t,g,d){ const s=AC.createBufferSource(); s.buffer=noiseBuf(); const bp=AC.createBiquadFilter(); bp.type=\"bandpass\"; bp.frequency.value=1800; bp.Q.value=0.7; const a=AC.createGain(); a.gain.setValueAtTime(g,t); a.gain.exponentialRampToValueAtTime(0.001,t+0.16); s.connect(bp); bp.connect(a); a.connect(d.sum); s.start(t); s.stop(t+0.18); }\nfunction vHat(t,g,open,d){ const s=AC.createBufferSource(); s.buffer=noiseBuf(); const hp=AC.createBiquadFilter(); hp.type=\"highpass\"; hp.frequency.value=8000; const a=AC.createGain(); const dur=open?0.14:0.045; a.gain.setValueAtTime(g,t); a.gain.exponentialRampToValueAtTime(0.001,t+dur); s.connect(hp); hp.connect(a); a.connect(d.sum); s.start(t); s.stop(t+dur+0.05); }\nfunction vBass(t,g,freq,d){ const o=AC.createOscillator(); o.type=\"sawtooth\"; o.frequency.value=freq; const lp=AC.createBiquadFilter(); lp.type=\"lowpass\"; lp.frequency.setValueAtTime(600,t); lp.frequency.exponentialRampToValueAtTime(140,t+0.18); lp.Q.value=6; const a=AC.createGain(); a.gain.setValueAtTime(0.0001,t); a.gain.linearRampToValueAtTime(g,t+0.01); a.gain.exponentialRampToValueAtTime(0.001,t+0.20); o.connect(lp); lp.connect(a); a.connect(d.sum); o.start(t); o.stop(t+0.22); }\nfunction vStab(t,g,freq,d){ const out=AC.createGain(); out.gain.setValueAtTime(0.0001,t); out.gain.linearRampToValueAtTime(g,t+0.008); out.gain.exponentialRampToValueAtTime(0.001,t+0.34); out.connect(d.sum); [0,4,7].forEach(se=>{ const o=AC.createOscillator(); o.type=\"square\"; o.frequency.value=freq*Math.pow(2,se/12); const a=AC.createGain(); a.gain.value=0.33; o.connect(a); a.connect(out); o.start(t); o.stop(t+0.36); }); }\nconst LOOKAHEAD=0.12,TICK=25;\nfunction stepDur(d){ return (60.0/d.bpm)/4.0; }\nfunction schedule(){ if(!AC)return; const now=AC.currentTime;\n  [\"A\",\"B\"].forEach(id=>{ const d=decks[id]; if(!d.playing)return;\n    while(d.next<now+LOOKAHEAD){ const t=d.next+d.nudge; d.nudge=0; const st=d.abs%16,g=d.groove;\n      if(g.k[st])vKick(t,1.0,d); if(g.s[st])vClap(t,0.9,d); if(g.h[st])vHat(t,0.5,false,d); if(g.o[st])vHat(t,0.4,true,d); if(g.b[st])vBass(t,0.55,g.root,d); if(g.t[st])vStab(t,0.22,g.root*2,d);\n      d.abs++; if(d.loopOn&&(d.abs-d.loopStartAbs)>=d.loopLen*4)d.abs=d.loopStartAbs; d.step=d.abs%16; d.bar=Math.floor(d.abs/16); d.next+=stepDur(d);\n    } });\n  autoCheckMissions();\n}\nfunction applyTempo(d){ d.bpm=d.baseBpm*(1+d.pitch/100); }\nfunction setPitch(d,pct){ d.pitch=clamp(pct,-d.range,d.range); applyTempo(d); refreshDeckUI(d); checkTempoMission(); }\n\nfunction setKnobVisual(el,val){ const min=+el.dataset.min,max=+el.dataset.max; el.style.setProperty(\"--pdeg\",(-140+(val-min)/(max-min)*280)+\"deg\"); el.dataset.val=val; }\nfunction bindKnob(el,cb){ const min=+el.dataset.min,max=+el.dataset.max; let val=+el.dataset.val; setKnobVisual(el,val); cb&&cb(val);\n  let sy,sv,drag=false;\n  el.addEventListener(\"pointerdown\",e=>{drag=true;sy=e.clientY;sv=val;el.setPointerCapture(e.pointerId);e.preventDefault();});\n  el.addEventListener(\"pointermove\",e=>{if(!drag)return;val=clamp(sv+(sy-e.clientY)/140*(max-min),min,max);setKnobVisual(el,val);cb&&cb(val);});\n  el.addEventListener(\"pointerup\",()=>drag=false); el.addEventListener(\"pointercancel\",()=>drag=false);\n  el.addEventListener(\"dblclick\",()=>{val=(min<0&&max>0)?0:(min+max)/2;setKnobVisual(el,val);cb&&cb(val);}); }\nfunction bindVFader(el,cb,init){ const cap=el.querySelector(\".cap\"); let val=init; place();\n  function place(){ const h=el.clientHeight; cap.style.top=(6+(1-val)*(h-12))+\"px\"; } cb&&cb(val); let drag=false;\n  const mv=e=>{ if(!drag)return; const r=el.getBoundingClientRect(); val=1-clamp((e.clientY-r.top-6)/(r.height-12),0,1); place(); cb&&cb(val); };\n  el.addEventListener(\"pointerdown\",e=>{drag=true;el.setPointerCapture(e.pointerId);mv(e);}); el.addEventListener(\"pointermove\",mv);\n  el.addEventListener(\"pointerup\",()=>drag=false); el.addEventListener(\"pointercancel\",()=>drag=false); window.addEventListener(\"resize\",place); }\n\nfunction buildPads(){ [\"A\",\"B\"].forEach(id=>{ const wrap=$(`[data-pads=\"${id}\"]`);\n  [\"A\",\"B\",\"C\",\"D\",\"E\",\"F\",\"G\",\"H\"].forEach(c=>{ const el=document.createElement(\"div\"); el.className=\"pad \"+c; el.innerHTML=`<small>HOT</small>${c}`; wrap.appendChild(el); el.addEventListener(\"pointerdown\",()=>hotcue(id,c,el)); }); }); }\nfunction hotcue(id,c,el){ const d=decks[id]; if(!started)startAudio(); if(!decks[id])return; if(!d.hotcues[c]){ d.hotcues[c]=d.abs; el.classList.add(\"set\"); } else { d.abs=d.hotcues[c]; d.next=AC.currentTime+0.02; el.classList.add(\"playing\"); setTimeout(()=>el.classList.remove(\"playing\"),220); } }\n\nfunction buildChannels(){ const grid=$(\"#chgrid\");\n  [{n:1,deck:null},{n:2,deck:null},{n:3,deck:\"A\"},{n:4,deck:\"B\"},{n:5,deck:null},{n:6,deck:null}].forEach(c=>{\n    const ch=document.createElement(\"div\"); ch.className=\"ch\"+(c.deck?\" live\":\" dim\"); const dk=c.deck||\"\";\n    ch.innerHTML=`<div class=\"cnum\">${c.n}${c.deck?\" · \"+c.deck:\"\"}</div>\n      <div class=\"knob xs\" data-ck=\"trim\" data-deck=\"${dk}\" data-min=\"0\" data-max=\"1.6\" data-val=\"0.9\"></div><div class=\"klabel\">TRIM</div>\n      <div class=\"eqwrap\">\n        <div class=\"eqrow\"><div class=\"knob xs\" data-ck=\"hi\" data-deck=\"${dk}\" data-min=\"-26\" data-max=\"6\" data-val=\"0\"></div><div class=\"klabel\">HI</div></div>\n        <div class=\"eqrow\"><div class=\"knob xs\" data-ck=\"himid\" data-deck=\"${dk}\" data-min=\"-26\" data-max=\"6\" data-val=\"0\"></div><div class=\"klabel\">HI MID</div></div>\n        <div class=\"eqrow\"><div class=\"knob xs\" data-ck=\"lowmid\" data-deck=\"${dk}\" data-min=\"-26\" data-max=\"6\" data-val=\"0\"></div><div class=\"klabel\">LOW MID</div></div>\n        <div class=\"eqrow\"><div class=\"knob xs\" data-ck=\"low\" data-deck=\"${dk}\" data-min=\"-26\" data-max=\"6\" data-val=\"0\"></div><div class=\"klabel\">LOW</div></div>\n      </div>\n      <div class=\"knob xs\" data-ck=\"color\" data-deck=\"${dk}\" data-min=\"-1\" data-max=\"1\" data-val=\"0\"></div><div class=\"klabel\">FILTER</div>\n      <div class=\"sendrow\"><div class=\"fxassign\" data-ck=\"fxassign\" data-deck=\"${dk}\"></div><div class=\"knob xs\" data-ck=\"send\" data-deck=\"${dk}\" data-min=\"0\" data-max=\"1\" data-val=\"0\"></div></div><div class=\"klabel\">SEND</div>\n      <div class=\"cue-pfl\" data-ck=\"cue\" data-deck=\"${dk}\">CUE</div>\n      <div class=\"chbody\"><div class=\"meter\"><i data-meter=\"${dk||(''x''+c.n)}\"></i></div><div class=\"fadc\" data-ck=\"fader\" data-deck=\"${dk}\"><div class=\"cap\"></div></div></div>`;\n    grid.appendChild(ch); }); }\n\nfunction buildFx(){ const sel=$(\"#fxsel\"); [\"SHIMMER\",\"ECHO\",\"DELAY\",\"SPIRAL\",\"REVERB\",\"FLANGER\"].forEach((f,i)=>{ const b=document.createElement(\"div\"); b.className=\"fb\"+(i===0?\" on\":\"\"); b.textContent=f; b.addEventListener(\"pointerdown\",()=>{ $$(\"#fxsel .fb\").forEach(x=>x.classList.remove(\"on\")); b.classList.add(\"on\"); $(\"#fxName\").textContent=f; }); sel.appendChild(b); }); }\n\nfunction applyChannel(dk,ck,val){ if(!dk||!decks[dk])return; const d=decks[dk];\n  if(ck===\"trim\")d.trim.gain.value=val;\n  else if(ck===\"hi\")d.eqHi.gain.value=val;\n  else if(ck===\"himid\")d.eqHiMid.gain.value=val;\n  else if(ck===\"lowmid\")d.eqLowMid.gain.value=val;\n  else if(ck===\"low\"){ d.eqLow.gain.value=val; }\n  else if(ck===\"send\"){ d.send.gain.value=d.fxAssign?val:0; if(val>0.1&&d.fxAssign&&fxNode.wet&&fxNode.wet.gain.value<0.05)fxNode.wet.gain.value=0.35; }\n  else if(ck===\"color\"){ if(val<-0.03){ d.color.type=\"lowpass\"; d.color.frequency.value=200+(1+val)*18000; d.color.Q.value=1+(-val)*6; } else if(val>0.03){ d.color.type=\"highpass\"; d.color.frequency.value=20+val*6000; d.color.Q.value=1+val*6; } else { d.color.type=\"allpass\"; d.color.frequency.value=1000; } } }\nfunction applyMaster(k,val){ if(k===\"master\"&&masterGain)masterGain.gain.value=val;\n  else if(k===\"phmix\"&&cueBus)cueBus.gain.value=(1-val)*1.1;\n  else if(k===\"isoLow\"&&isoLow){ isoLow.gain.value=val; checkIsoMission(); }\n  else if(k===\"isoMid\"&&isoMid)isoMid.gain.value=val;\n  else if(k===\"isoHi\"&&isoHi)isoHi.gain.value=val; }\n\nconst MISSIONS=[\n  {id:\"playA\",t:\"Dê play no Deck A\",h:\"Aperte PLAY no CDJ da esquerda e suba o fader do canal 3.\"},\n  {id:\"cueB\",t:\"Pré-escute o Deck B no fone\",h:\"Aperte CUE do canal 4.\"},\n  {id:\"playB\",t:\"Toque o Deck B (no fone)\",h:\"Play no CDJ da direita com o fader do canal 4 embaixo.\"},\n  {id:\"tempo\",t:\"Iguale o BPM do B ao A\",h:\"Puxe o TEMPO do Deck B até 124.0 BPM (Δ BPM = 0.0).\"},\n  {id:\"beatmatch\",t:\"Alinhe a batida (jogwheel)\",h:\"Empurre a jogwheel do B até a FASE centralizar (verde).\"},\n  {id:\"eq\",t:\"Troque graves na virada\",h:\"Corte o LOW do canal 3 e abra o LOW do 4, subindo o fader do 4.\"},\n  {id:\"iso\",t:\"Esculpa a casa no MASTER ISOLATOR\",h:\"Corte o LOW do ISOLATOR (knob grande) e devolva no drop.\"}\n];\nlet mi=0;\nfunction markMission(key){ const m=MISSIONS[mi]; if(m&&m.id===key)completeMission(); }\nfunction completeMission(){ mi++; renderMission(); }\nfunction missionState(id){ const a=decks.A,b=decks.B; if(!a||!b)return false;\n  switch(id){ case \"playA\":return a.playing&&a.fader.gain.value>0.3; case \"cueB\":return b.pfl.gain.value>0; case \"playB\":return b.playing;\n    case \"tempo\":return Math.abs(a.bpm-b.bpm)<0.2;\n    case \"beatmatch\":{ const pa=(a.abs%16)/16,pb=(b.abs%16)/16; let df=pb-pa; if(df>0.5)df-=1; if(df<-0.5)df+=1; return a.playing&&b.playing&&Math.abs(a.bpm-b.bpm)<0.4&&Math.abs(df)<0.05; }\n    case \"eq\":return a.eqLow.gain.value<-10&&b.eqLow.gain.value>-3&&b.fader.gain.value>0.4;\n    case \"iso\":return !!isoLow&&isoLow.gain.value<-12; } return false; }\nfunction autoCheckMissions(){ const m=MISSIONS[mi]; if(m&&missionState(m.id))completeMission(); }\nfunction checkIsoMission(){ const m=MISSIONS[mi]; if(m&&m.id===\"iso\"&&isoLow.gain.value<-12)completeMission(); }\nfunction renderMission(){ const m=MISSIONS[mi]; if(!m){ $(\"#mIdx\").textContent=\"✓ COMPLETO\"; $(\"#mTitle\").textContent=\"Você domina o V10!\"; $(\"#mHint\").textContent=\"Explore o EQ de 4 bandas, o SEND de FX e o isolator.\"; $(\"#mOk\").style.display=\"inline\"; return; }\n  $(\"#mIdx\").textContent=\"MISSÃO \"+(mi+1)+\"/\"+MISSIONS.length; $(\"#mTitle\").textContent=m.t; $(\"#mHint\").textContent=m.h; }\nfunction checkTempoMission(){ const m=MISSIONS[mi]; if(m&&m.id===\"tempo\"&&decks.A&&decks.B&&Math.abs(decks.A.bpm-decks.B.bpm)<0.2)completeMission(); }\n\nfunction drawWaveforms(){ [\"A\",\"B\"].forEach(id=>{ const d=decks[id];\n  [[`[data-wf=\"${id}\"]`,0],[`[data-wfz=\"${id}\"]`,1]].forEach(([sel,zoom])=>{ const cv=$(sel); if(!cv)return;\n    const w=cv.width=cv.clientWidth||300,h=cv.height=cv.clientHeight||(zoom?30:58); const ctx=cv.getContext(\"2d\"); ctx.clearRect(0,0,w,h);\n    const bars=zoom?32:120,bw=w/bars;\n    for(let i=0;i<bars;i++){ let s=Math.sin(i*12.9+id.charCodeAt(0))*43758.5; s-=Math.floor(s); const beat=(i%(zoom?4:8))===0; const amp=(0.25+s*0.7)*h;\n      ctx.fillStyle=beat?(id===\"A\"?\"#5bd0ff\":\"#ffa24d\"):(id===\"A\"?\"#2b6fb0\":\"#a86a2a\"); ctx.fillRect(i*bw,(h-amp)/2,bw*0.7,amp); }\n    if(zoom){ ctx.fillStyle=\"#fff\"; ctx.fillRect(w/2,0,2,h); } else { const ph=(d.abs%120)/120; ctx.fillStyle=\"#fff\"; ctx.fillRect(ph*w,0,2,h); } }); }); }\nfunction updateMeters(){ [\"A\",\"B\"].forEach(id=>{ const d=decks[id]; if(!d.analyser)return; const buf=new Uint8Array(d.analyser.fftSize); d.analyser.getByteTimeDomainData(buf); let pk=0; for(const v of buf){ const x=Math.abs(v-128)/128; if(x>pk)pk=x; } const el=$(`[data-meter=\"${id}\"]`); if(el)el.style.height=Math.min(100,pk*140)+\"%\"; }); }\nfunction updatePhase(){ const a=decks.A,b=decks.B; if(!a||!b)return; $(\"#bpmDelta\").textContent=Math.abs(a.bpm-b.bpm).toFixed(1);\n  const pa=(a.abs%16)/16,pb=(b.abs%16)/16; let diff=pb-pa; if(diff>0.5)diff-=1; if(diff<-0.5)diff+=1; const ind=$(\"#phaseInd\"); if(ind)ind.style.left=(50+diff*100)+\"%\";\n  const matched=a.playing&&b.playing&&Math.abs(a.bpm-b.bpm)<0.4&&Math.abs(diff)<0.035; $(\"#phasebar\").classList.toggle(\"good\",matched);\n  const beat=a.abs%4,lamps=$(\"#beatLamps\"); if(lamps){ lamps.innerHTML=\"\"; for(let i=0;i<4;i++){ const s=document.createElement(\"span\"); s.className=\"beat-lamp\"+(i===beat&&a.playing?\" on\":\"\"); lamps.appendChild(s);} } if(matched)markMission(\"beatmatch\"); }\nfunction refreshDeckUI(d){ $(\"#bpm\"+d.id).textContent=d.bpm.toFixed(1); $(\"#pct\"+d.id).textContent=(d.pitch>=0?\"+\":\"\")+d.pitch.toFixed(1)+\"%\"; $(\"#mst\"+d.id).classList.toggle(\"on\",d.mt);\n  const md=decks[window._masterDeck]||decks.A; $(\"#fxBpm\").textContent=md.bpm.toFixed(1)+\" BPM\"; if(fxNode.delay)fxNode.delay.delayTime.value=(60/md.bpm)/2; }\nfunction drawArt(id){ const cv=$(`[data-art=\"${id}\"]`); if(!cv)return; const ctx=cv.getContext(\"2d\"); const c=id===\"A\"?[\"#3a86ff\",\"#0a1a33\"]:[\"#ff7a1a\",\"#331000\"]; const g=ctx.createRadialGradient(35,35,3,35,35,35); g.addColorStop(0,c[0]); g.addColorStop(1,c[1]); ctx.fillStyle=g; ctx.beginPath(); ctx.arc(35,35,35,0,7); ctx.fill(); ctx.fillStyle=\"#0009\"; ctx.beginPath(); ctx.arc(35,35,5,0,7); ctx.fill(); }\n\nfunction playDeck(d,on){ if(!started)startAudio(); d.playing=on!==undefined?on:!d.playing; const btn=$(`.cdj[data-deck=\"${d.id}\"] .rbtn.play`);\n  if(d.playing){ if(d.next<AC.currentTime)d.next=AC.currentTime+0.05; btn.classList.add(\"on\"); btn.querySelector(\".ico\").textContent=\"❚❚\"; if(!d.startTime)d.startTime=AC.currentTime; } else { btn.classList.remove(\"on\"); btn.querySelector(\".ico\").textContent=\"▶\"; }\n  if(d.playing)markMission(d.id===\"A\"?\"playA\":\"playB\"); }\nfunction cueDeck(d){ if(!started)startAudio(); d.abs=0; d.step=0; d.bar=0; d.next=AC.currentTime+0.02; if(!d.playing)playDeck(d,true); }\nfunction handleDeckAct(id,act,b){ const d=decks[id]; if(!started&&(act===\"play\"||act===\"cue\"))startAudio();\n  switch(act){ case \"play\":playDeck(d);break; case \"cue\":cueDeck(d);break; case \"sync\":syncDeck(id,b);break;\n    case \"mt\":d.mt=!d.mt;b.classList.toggle(\"on\",d.mt);refreshDeckUI(d);break;\n    case \"master\":window._masterDeck=id;$$(''.tled[data-act=\"master\"]'').forEach(x=>x.classList.remove(\"on\"));b.classList.add(\"on\");refreshDeckUI(d);break;\n    case \"beatloop\":d.loopOn=!d.loopOn;d.loopLen=+b.dataset.len;d.loopStartAbs=d.abs;b.classList.toggle(\"on\",d.loopOn);break;\n    case \"reloop\":d.loopOn=true;d.loopStartAbs=d.abs;$(`[data-loops=\"${id}\"] [data-act=\"beatloop\"]`).classList.add(\"on\");break;\n    case \"cuein\":b.classList.add(\"on\");setTimeout(()=>b.classList.remove(\"on\"),180);break;\n    case \"cueout\":d.loopOn=false;$(`[data-loops=\"${id}\"] [data-act=\"beatloop\"]`).classList.remove(\"on\");break; } }\nfunction syncDeck(id,b){ const md=decks[window._masterDeck]||decks.A; const d=decks[id]; d.pitch=(md.bpm/d.baseBpm-1)*100; applyTempo(d);\n  d.abs=md.abs; d.step=md.step; d.bar=md.bar; d.next=md.next; b.classList.add(\"on\"); refreshDeckUI(d); checkTempoMission(); markMission(\"beatmatch\"); }\n\nfunction startAudio(){ if(started)return; buildGraph(); started=true; $(\"#acDot\").classList.remove(\"off\"); $(\"#acState\").textContent=\"ligado\"; $(\"#btnStart\").textContent=\"● Áudio ligado\"; if(AC.resume)AC.resume(); refreshDeckUI(decks.A); refreshDeckUI(decks.B); setInterval(schedule,TICK); }\nfunction frame(){ if(started){ drawWaveforms(); updateMeters(); updatePhase(); autoCheckMissions(); [\"A\",\"B\"].forEach(id=>{ const d=decks[id]; const sec=d.playing?(AC.currentTime-d.startTime):0; const el=$(\"#time\"+id); if(el){ const m=Math.floor(sec/60),s=Math.floor(sec%60); el.textContent=String(m).padStart(2,\"0\")+\":\"+String(s).padStart(2,\"0\"); } $(\"#beat\"+id).textContent=(d.abs%4)+1; }); } requestAnimationFrame(frame); }\n\nfunction init(){\n  buildPads(); buildChannels(); buildFx(); renderMission();\n  function fit(){ const s=Math.min(1,(window.innerWidth-8)/1704); $(\"#stage\").style.transform=\"scale(\"+s+\")\"; } window.addEventListener(\"resize\",fit); fit();\n  drawArt(\"A\"); drawArt(\"B\");\n  $$(\".cdj\").forEach(cdj=>{ const id=cdj.dataset.deck; $$(\"[data-act]\",cdj).forEach(b=>b.addEventListener(\"pointerdown\",e=>{ e.preventDefault(); handleDeckAct(id,b.dataset.act,b); })); });\n  [\"A\",\"B\"].forEach(id=>bindJogLazy(id));\n  $$(''.knob[data-ck]'').forEach(el=>bindKnob(el,val=>applyChannel(el.dataset.deck,el.dataset.ck,val)));\n  $$(''.knob[data-knob]'').forEach(el=>bindKnob(el,val=>applyMaster(el.dataset.knob,val)));\n  $$(''.fxassign[data-ck=\"fxassign\"]'').forEach(el=>el.addEventListener(\"pointerdown\",()=>{ const dk=el.dataset.deck; if(!dk)return; if(!started)startAudio(); el.classList.toggle(\"on\"); const on=el.classList.contains(\"on\"); decks[dk].fxAssign=on; const sendKnob=$(`.knob[data-ck=\"send\"][data-deck=\"${dk}\"]`); if(sendKnob)applyChannel(dk,\"send\",+sendKnob.dataset.val); }));\n  $$(''.fadc[data-ck=\"fader\"]'').forEach(el=>bindVFader(el,val=>{ const dk=el.dataset.deck; if(dk&&decks[dk])decks[dk].fader.gain.value=val; },0));\n  $$(''.cue-pfl[data-ck=\"cue\"]'').forEach(el=>el.addEventListener(\"pointerdown\",()=>{ const dk=el.dataset.deck; if(!dk)return; if(!started)startAudio(); el.classList.toggle(\"on\"); const on=el.classList.contains(\"on\"); decks[dk].pfl.gain.value=on?1:0; if(on&&dk===\"B\")markMission(\"cueB\"); }));\n  bindTempoFaderLazy(); bindXFaderLazy();\n  $(\"[data-act=''fxon'']\").addEventListener(\"pointerdown\",()=>{ if(!started)startAudio(); const el=$(\"[data-act=''fxon'']\"); el.classList.toggle(\"on\"); const on=el.classList.contains(\"on\"); if(fxNode.wet){ fxNode.wet.gain.setTargetAtTime(on?0.5:0,AC.currentTime,0.05); fxNode.dry.gain.setTargetAtTime(on?0.75:1,AC.currentTime,0.05);} });\n  $(\"#btnStart\").addEventListener(\"pointerdown\",()=>startAudio()); $(\"#btnReset\").addEventListener(\"pointerdown\",()=>location.reload());\n  frame();\n}\nfunction bindJogLazy(id){ const el=$(`[data-jog=\"${id}\"]`); let last=null,drag=false,rot=0;\n  const ang=e=>{ const r=el.getBoundingClientRect(); return Math.atan2(e.clientY-(r.top+r.height/2),e.clientX-(r.left+r.width/2)); };\n  el.addEventListener(\"pointerdown\",e=>{ if(!started)startAudio(); drag=true; last=ang(e); el.setPointerCapture(e.pointerId); e.preventDefault(); });\n  el.addEventListener(\"pointermove\",e=>{ if(!drag)return; let a=ang(e),da=a-last; if(da>Math.PI)da-=2*Math.PI; if(da<-Math.PI)da+=2*Math.PI; last=a; if(decks[id])decks[id].nudge-=da*0.05; rot+=da; const m=$(`[data-marker=\"${id}\"]`); if(m)m.style.transform=`translate(-50%,0) rotate(${rot}rad)`; });\n  el.addEventListener(\"pointerup\",()=>drag=false); el.addEventListener(\"pointercancel\",()=>drag=false); }\nfunction bindTempoFaderLazy(){ [\"A\",\"B\"].forEach(id=>{ const el=$(`[data-tempo=\"${id}\"]`); const cap=el.querySelector(\".cap\"); let pos=0.5; place();\n  function place(){ const h=el.clientHeight; cap.style.top=(6+pos*(h-12))+\"px\"; } function apply(){ if(!started)startAudio(); const d=decks[id]; if(d)setPitch(d,(pos-0.5)*2*d.range); }\n  let drag=false; const mv=e=>{ if(!drag)return; const r=el.getBoundingClientRect(); pos=clamp((e.clientY-r.top-6)/(r.height-12),0,1); place(); apply(); };\n  el.addEventListener(\"pointerdown\",e=>{drag=true;el.setPointerCapture(e.pointerId);mv(e);}); el.addEventListener(\"pointermove\",mv); el.addEventListener(\"pointerup\",()=>drag=false); el.addEventListener(\"pointercancel\",()=>drag=false); el.addEventListener(\"dblclick\",()=>{pos=0.5;place();apply();}); window.addEventListener(\"resize\",place); }); }\nfunction bindXFaderLazy(){ const el=$(\"[data-xfader]\"); const cap=el.querySelector(\".cap\"); let x=0.5; place();\n  function place(){ const w=el.clientWidth; cap.style.left=(10+x*(w-20))+\"px\"; apply(); } function apply(){ if(decks.A){ decks.A.xf.gain.value=Math.cos(x*Math.PI/2); decks.B.xf.gain.value=Math.cos((1-x)*Math.PI/2);} }\n  let drag=false; const mv=e=>{ if(!drag)return; const r=el.getBoundingClientRect(); x=clamp((e.clientX-r.left-10)/(r.width-20),0,1); place(); };\n  el.addEventListener(\"pointerdown\",e=>{drag=true;el.setPointerCapture(e.pointerId);mv(e);}); el.addEventListener(\"pointermove\",mv); el.addEventListener(\"pointerup\",()=>drag=false); el.addEventListener(\"pointercancel\",()=>drag=false); el.addEventListener(\"dblclick\",()=>{x=0.5;place();}); window.addEventListener(\"resize\",place); }\ndocument.addEventListener(\"DOMContentLoaded\",init);\n</script>\n</body>\n</html>\n"}]'::jsonb);

update public.courses set total_aulas = 10 where id = 'd1000000-d100-4d00-9000-000000000001';
commit;
