-- ====================================================================
-- SMU PRO — Curso 'Som — Básico' (nível iniciante)
-- Aditivo e idempotente: cria curso NOVO com ativo=false. Revise e publique.
-- Aulas neste arquivo: 8. Aplicar: SQL Editor do Supabase ou supabase db push.
-- ====================================================================
begin;

-- limpeza p/ reaplicar
delete from public.ai_animations where lesson_id = '5b000000-b551-4c00-9000-0000000b0001';
delete from public.quizzes where id = '5b000000-b551-4c00-9000-0000000c0001';
delete from public.lessons where id = '5b000000-b551-4c00-9000-0000000b0001';
delete from public.ai_animations where lesson_id = '5b000000-b551-4c00-9000-0000000b0002';
delete from public.quizzes where id = '5b000000-b551-4c00-9000-0000000c0002';
delete from public.lessons where id = '5b000000-b551-4c00-9000-0000000b0002';
delete from public.ai_animations where lesson_id = '5b000000-b551-4c00-9000-0000000b0003';
delete from public.quizzes where id = '5b000000-b551-4c00-9000-0000000c0003';
delete from public.lessons where id = '5b000000-b551-4c00-9000-0000000b0003';
delete from public.ai_animations where lesson_id = '5b000000-b551-4c00-9000-0000000b0004';
delete from public.quizzes where id = '5b000000-b551-4c00-9000-0000000c0004';
delete from public.lessons where id = '5b000000-b551-4c00-9000-0000000b0004';
delete from public.ai_animations where lesson_id = '5b000000-b551-4c00-9000-0000000b0005';
delete from public.quizzes where id = '5b000000-b551-4c00-9000-0000000c0005';
delete from public.lessons where id = '5b000000-b551-4c00-9000-0000000b0005';
delete from public.ai_animations where lesson_id = '5b000000-b551-4c00-9000-0000000b0006';
delete from public.quizzes where id = '5b000000-b551-4c00-9000-0000000c0006';
delete from public.lessons where id = '5b000000-b551-4c00-9000-0000000b0006';
delete from public.ai_animations where lesson_id = '5b000000-b551-4c00-9000-0000000b0007';
delete from public.quizzes where id = '5b000000-b551-4c00-9000-0000000c0007';
delete from public.lessons where id = '5b000000-b551-4c00-9000-0000000b0007';
delete from public.ai_animations where lesson_id = '5b000000-b551-4c00-9000-0000000b0008';
delete from public.quizzes where id = '5b000000-b551-4c00-9000-0000000c0008';
delete from public.lessons where id = '5b000000-b551-4c00-9000-0000000b0008';
delete from public.modules where id = '5b000000-b551-4c00-9000-0000000000a1';
delete from public.courses where id = '5b000000-b551-4c00-9000-000000000001';

-- CURSO (ativo=false)
insert into public.courses (id,titulo,slug,descricao_curta,nivel,categoria,categorias,tipo,carga_horaria,total_aulas,ativo,destaque,ordem) values
  ('5b000000-b551-4c00-9000-000000000001','Som — Básico','som-basico-formacao','Fundamentos do som ao vivo para iniciantes: a cadeia do som, microfones, cabos, mesa, e como ligar tudo — com simuladores práticos.','trainee','som','{som}','free',0,8,false,false,10);

-- MÓDULO
insert into public.modules (id,course_id,titulo,ordem) values ('5b000000-b551-4c00-9000-0000000000a1','5b000000-b551-4c00-9000-000000000001','Fundamentos do Som ao Vivo',1);

-- AULA 1: A cadeia do som ao vivo: da voz até a caixa
insert into public.lessons (id,module_id,titulo,tipo,conteudo_rico,duracao_min,ordem,tem_quiz,preview_gratis) values
  ('5b000000-b551-4c00-9000-0000000b0001','5b000000-b551-4c00-9000-0000000000a1','A cadeia do som ao vivo: da voz até a caixa','texto','<p><strong>Antes de mexer em qualquer botão, entenda o caminho.</strong> Todo som que sai de uma caixa passou por uma sequência de etapas — a <strong>cadeia do som</strong>. Se você entende essa cadeia, você resolve 90% dos problemas de um show, porque quase todo "não sai som" é só uma etapa dessa corrente que travou. Esta é a primeira coisa que um técnico precisa saber.</p>

{{IMG:cadeia-sinal}}

<h3>A cadeia, do começo ao fim</h3>
<p><strong>O caminho do som ao vivo é sempre este:</strong></p>
<ul>
<li><strong>1. Fonte:</strong> de onde o som nasce — uma voz, um violão, um teclado, a batida.</li>
<li><strong>2. Captação (microfone ou DI):</strong> transforma o som (ou o sinal do instrumento) em <strong>sinal elétrico</strong>. Microfone para o que é acústico (voz, caixa da bateria); <strong>DI</strong> para instrumentos com saída elétrica (baixo, teclado, violão com captador).</li>
<li><strong>3. Cabo:</strong> transporta esse sinal fraco até a mesa. Em geral um cabo <strong>XLR</strong> (aquele de 3 pinos) para microfone.</li>
<li><strong>4. Mesa de som:</strong> o cérebro. Aqui o sinal é amplificado (ganho), tratado (EQ, volume) e enviado adiante.</li>
<li><strong>5. Amplificador (ou caixa ativa):</strong> pega o sinal já tratado e dá <strong>potência</strong> para mover os alto-falantes.</li>
<li><strong>6. Caixa acústica:</strong> transforma a potência elétrica de volta em som que a plateia ouve.</li>
</ul>
<p><strong>Regra de ouro:</strong> o som só chega no fim se <strong>todas</strong> as etapas estiverem funcionando. Uma etapa quebrada = silêncio. Por isso o técnico pensa "em cadeia": ele segue o caminho do sinal, do microfone até a caixa, procurando onde ele parou.</p>

<h3>Sinal fraco x sinal forte: por que a ordem importa</h3>
<p><strong>O sinal muda de "força" ao longo da cadeia.</strong> Ele sai do microfone <strong>muito fraco</strong> (nível de microfone). Na mesa, o <strong>ganho</strong> levanta esse sinal para um nível utilizável (nível de linha). Só no final, o <strong>amplificador</strong> o transforma em potência (nível de alto-falante), capaz de mover o cone da caixa. Ligar as coisas fora dessa lógica — por exemplo, jogar a saída da mesa direto no alto-falante sem amplificador — não funciona.</p>

<h3>Os três "níveis" que você vai ouvir falar</h3>
<ul>
<li><strong>Nível de microfone:</strong> o mais fraco. Precisa de ganho na mesa.</li>
<li><strong>Nível de linha:</strong> o sinal "de trabalho" dentro e entre equipamentos (mesa, processadores, teclado). É o nível de saída de um teclado, por exemplo — por isso ele entra pela DI ou por um canal em modo linha, não precisando de tanto ganho quanto um microfone.</li>
<li><strong>Nível de alto-falante:</strong> o sinal já com potência, saindo do amplificador para a caixa. <strong>Nunca</strong> ligue esse nível numa entrada de microfone — você queima a entrada.</li>
</ul>

<h3>Caixa ativa x caixa passiva (uma pegadinha comum)</h3>
<p><strong>Caixa ativa</strong> já tem amplificador embutido — você liga a saída da mesa direto nela (nível de linha) e ela mesma amplifica. <strong>Caixa passiva</strong> não tem amplificador — precisa de um amplificador externo entre a mesa e a caixa. Confundir os dois é motivo clássico de "liguei tudo e não sai som" (ou, pior, ligar saída de amplificador numa caixa ativa e danificar).</p>

<h3>Pensando como técnico: achar onde travou</h3>
<p><strong>Quando não sai som, siga a cadeia na ordem, do início ao fim:</strong></p>
<ul>
<li>O <strong>microfone</strong> está ligado/na posição certa? (condensador precisa de <strong>phantom power</strong> — veremos na próxima aula).</li>
<li>O <strong>cabo</strong> está bem conectado nas duas pontas? (a falha nº 1 do mundo real é cabo solto ou com mau contato).</li>
<li>Na <strong>mesa</strong>: o canal tem <strong>ganho</strong>? Está <strong>mutado</strong>? O <strong>fader</strong> está embaixo? O canal está roteado para a saída principal?</li>
<li>O <strong>amplificador</strong>/caixa ativa está ligado e com volume?</li>
</ul>
<p><strong>Faça isso sempre na mesma ordem</strong> e você acha o problema em segundos, sem pânico. É exatamente isso que você vai treinar no simulador.</p>

<h3>Pratique no simulador</h3>
<p><strong>No simulador abaixo você monta a cadeia inteira</strong> — liga o microfone, conecta o cabo, sobe o ganho e o fader, tira o mute e liga o amplificador — até o som chegar na caixa. Depois vêm os <strong>cenários de defeito</strong>: em cada um, algo está travando o sinal e você precisa descobrir o quê. Use o botão <strong>Testar sinal</strong>: ele mostra exatamente em que etapa o som parou. Complete as 4 missões.</p>',20,1,true,true);
insert into public.quizzes (id,lesson_id,titulo) values ('5b000000-b551-4c00-9000-0000000c0001','5b000000-b551-4c00-9000-0000000b0001','Quiz — A cadeia do som ao vivo');
insert into public.quiz_questions (id,quiz_id,texto,explicacao,ordem,pontos) values ('5b000000-b551-4c00-9000-000000000101','5b000000-b551-4c00-9000-0000000c0001','O que é a "cadeia do som"?','É a sequência de etapas por onde o sinal passa, da fonte (voz/instrumento) até a caixa acústica. Se uma etapa trava, o som não chega.',1,1);
insert into public.quiz_options (question_id,texto,correta,ordem) values ('5b000000-b551-4c00-9000-000000000101','Um tipo de cabo de microfone',false,1);
insert into public.quiz_options (question_id,texto,correta,ordem) values ('5b000000-b551-4c00-9000-000000000101','A sequência de etapas por onde o sinal passa, da fonte até a caixa',true,2);
insert into public.quiz_options (question_id,texto,correta,ordem) values ('5b000000-b551-4c00-9000-000000000101','Uma marca de mesa de som',false,3);
insert into public.quiz_options (question_id,texto,correta,ordem) values ('5b000000-b551-4c00-9000-000000000101','O nome do show de abertura',false,4);
insert into public.quiz_questions (id,quiz_id,texto,explicacao,ordem,pontos) values ('5b000000-b551-4c00-9000-000000000102','5b000000-b551-4c00-9000-0000000c0001','Qual etapa transforma o som acústico (uma voz) em sinal elétrico?','O microfone converte a energia acústica em sinal elétrico, que então segue pelo cabo até a mesa.',2,1);
insert into public.quiz_options (question_id,texto,correta,ordem) values ('5b000000-b551-4c00-9000-000000000102','O amplificador',false,1);
insert into public.quiz_options (question_id,texto,correta,ordem) values ('5b000000-b551-4c00-9000-000000000102','O microfone',true,2);
insert into public.quiz_options (question_id,texto,correta,ordem) values ('5b000000-b551-4c00-9000-000000000102','A caixa acústica',false,3);
insert into public.quiz_options (question_id,texto,correta,ordem) values ('5b000000-b551-4c00-9000-000000000102','O cabo',false,4);
insert into public.quiz_questions (id,quiz_id,texto,explicacao,ordem,pontos) values ('5b000000-b551-4c00-9000-000000000103','5b000000-b551-4c00-9000-0000000c0001','Um teclado, que tem saída elétrica, normalmente entra na mesa por:','Instrumentos com saída elétrica (teclado, baixo, violão com captador) entram por uma DI ou entrada de linha — não precisam de microfone.',3,1);
insert into public.quiz_options (question_id,texto,correta,ordem) values ('5b000000-b551-4c00-9000-000000000103','Um microfone apontado para ele',false,1);
insert into public.quiz_options (question_id,texto,correta,ordem) values ('5b000000-b551-4c00-9000-000000000103','Uma DI / entrada de linha',true,2);
insert into public.quiz_options (question_id,texto,correta,ordem) values ('5b000000-b551-4c00-9000-000000000103','Direto no alto-falante',false,3);
insert into public.quiz_options (question_id,texto,correta,ordem) values ('5b000000-b551-4c00-9000-000000000103','Não pode ser ligado na mesa',false,4);
insert into public.quiz_questions (id,quiz_id,texto,explicacao,ordem,pontos) values ('5b000000-b551-4c00-9000-000000000104','5b000000-b551-4c00-9000-0000000c0001','"Não sai som." Qual é a atitude correta do técnico?','Seguir a cadeia na ordem — microfone, cabo, mesa (ganho/mute/fader), amplificador — checando cada etapa até achar onde travou.',4,1);
insert into public.quiz_options (question_id,texto,correta,ordem) values ('5b000000-b551-4c00-9000-000000000104','Trocar a mesa de som inteira',false,1);
insert into public.quiz_options (question_id,texto,correta,ordem) values ('5b000000-b551-4c00-9000-000000000104','Aumentar tudo no máximo de uma vez',false,2);
insert into public.quiz_options (question_id,texto,correta,ordem) values ('5b000000-b551-4c00-9000-000000000104','Seguir a cadeia na ordem, checando cada etapa até achar onde travou',true,3);
insert into public.quiz_options (question_id,texto,correta,ordem) values ('5b000000-b551-4c00-9000-000000000104','Reiniciar o show',false,4);
insert into public.quiz_questions (id,quiz_id,texto,explicacao,ordem,pontos) values ('5b000000-b551-4c00-9000-000000000105','5b000000-b551-4c00-9000-0000000c0001','Uma caixa acústica PASSIVA precisa de:','A caixa passiva não tem amplificador embutido; precisa de um amplificador externo entre a mesa e a caixa. A caixa ativa já tem amplificador dentro.',5,1);
insert into public.quiz_options (question_id,texto,correta,ordem) values ('5b000000-b551-4c00-9000-000000000105','Nada, liga direto na tomada e funciona',false,1);
insert into public.quiz_options (question_id,texto,correta,ordem) values ('5b000000-b551-4c00-9000-000000000105','Um amplificador externo entre a mesa e a caixa',true,2);
insert into public.quiz_options (question_id,texto,correta,ordem) values ('5b000000-b551-4c00-9000-000000000105','Dois microfones',false,3);
insert into public.quiz_options (question_id,texto,correta,ordem) values ('5b000000-b551-4c00-9000-000000000105','Apenas um cabo de rede',false,4);
insert into public.quiz_questions (id,quiz_id,texto,explicacao,ordem,pontos) values ('5b000000-b551-4c00-9000-000000000106','5b000000-b551-4c00-9000-0000000c0001','Onde você NUNCA deve ligar o sinal de saída de um amplificador (nível de alto-falante)?','O nível de alto-falante é potente; ligá-lo numa entrada de microfone (que espera um sinal fraquíssimo) danifica a entrada.',6,1);
insert into public.quiz_options (question_id,texto,correta,ordem) values ('5b000000-b551-4c00-9000-000000000106','Numa caixa passiva',false,1);
insert into public.quiz_options (question_id,texto,correta,ordem) values ('5b000000-b551-4c00-9000-000000000106','Numa entrada de microfone da mesa',true,2);
insert into public.quiz_options (question_id,texto,correta,ordem) values ('5b000000-b551-4c00-9000-000000000106','Num alto-falante compatível',false,3);
insert into public.quiz_options (question_id,texto,correta,ordem) values ('5b000000-b551-4c00-9000-000000000106','Em lugar nenhum, amplificador não tem saída',false,4);
insert into public.ai_animations (lesson_id,tipo,status,model,custo_usd,roteiro,urls) values ('5b000000-b551-4c00-9000-0000000b0001','interactive','ready','handcrafted-interactive',0,'{"titulo":"Simulador — A Cadeia do Som","cenas":[{"numero":1,"titulo":"Simulador — A Cadeia do Som","modo":"widget","narracao":"Monte a cadeia do som e aprenda a achar onde o sinal trava. Complete as 4 missões.","explicacao_texto":"Monte a cadeia do som e aprenda a achar onde o sinal trava. Complete as 4 missões.","destaques":["Fonte → mic/DI → cabo → mesa → amp → caixa","Níveis de sinal","Troubleshooting: achar onde travou"]}]}'::jsonb,'[{"html":"<!doctype html>\n<html lang=\"pt-BR\">\n<head>\n<meta charset=\"utf-8\">\n<meta name=\"viewport\" content=\"width=device-width, initial-scale=1\">\n<title>Simulador — A Cadeia do Som ao Vivo (SMU)</title>\n<style>\n  :root{\n    --bg:#0b0f17; --panel:#131a29; --panel2:#0e1420; --line:#233149; --ink:#e7ecf5;\n    --muted:#8ea0bd; --amber:#F59E0B; --green:#22c55e; --red:#ef4444; --cyan:#22d3ee;\n  }\n  *{box-sizing:border-box}\n  html,body{margin:0}\n  body{background:var(--bg);color:var(--ink);\n    font-family:\"Space Grotesk\",system-ui,-apple-system,\"Segoe UI\",Roboto,sans-serif;\n    -webkit-font-smoothing:antialiased;padding:10px}\n  h1{font-size:15px;margin:0 0 2px}\n  .sub{font-size:11.5px;color:var(--muted);margin-bottom:10px}\n\n  .mission{display:flex;gap:10px;align-items:center;background:#0c1220;border:1px solid var(--line);\n    border-radius:10px;padding:9px 12px;margin-bottom:12px}\n  .mission .idx{font-size:10px;color:var(--amber);font-weight:800;letter-spacing:.8px;white-space:nowrap}\n  .mission .txt{font-size:12.5px;line-height:1.3;flex:1}\n  .mission .txt b{color:var(--amber)}\n  .mission button{font:inherit;font-size:11px;color:var(--muted);background:transparent;border:1px solid var(--line);\n    border-radius:7px;padding:6px 9px;cursor:pointer}\n\n  .chain{display:flex;flex-wrap:wrap;gap:8px;align-items:stretch;justify-content:center}\n  .stage{flex:1 1 140px;min-width:130px;max-width:200px;background:linear-gradient(180deg,var(--panel),var(--panel2));\n    border:1.5px solid var(--line);border-radius:12px;padding:11px 10px;display:flex;flex-direction:column;gap:8px;\n    position:relative;transition:border-color .2s,box-shadow .2s}\n  .stage.ok{border-color:var(--green);box-shadow:0 0 0 1px var(--green) inset}\n  .stage.bad{border-color:var(--red);box-shadow:0 0 14px #ef444455}\n  .stage .ic{font-size:26px;line-height:1;text-align:center}\n  .stage .nm{font-size:12.5px;font-weight:700;text-align:center}\n  .stage .st{font-size:10.5px;color:var(--muted);text-align:center;min-height:14px}\n  .stage.bad .st{color:var(--red)}\n  .arrow{align-self:center;color:#33456a;font-size:20px;flex:0 0 auto;transition:color .15s}\n  .arrow.live{color:var(--amber);text-shadow:0 0 10px var(--amber)}\n\n  .btn{font:inherit;border:0;border-radius:8px;padding:9px 8px;font-weight:700;cursor:pointer;font-size:11.5px;\n    background:#0c1220;border:1px solid var(--line);color:var(--ink);width:100%}\n  .btn.on{background:var(--green);border-color:var(--green);color:#08120a}\n  .btn.off{background:#1a1010;border-color:#5b2626;color:#ff9a9a}\n  label.sl{font-size:10px;color:var(--muted);display:flex;justify-content:space-between}\n  input[type=range]{width:100%;accent-color:var(--amber);height:22px}\n  .meterbox{height:12px;border-radius:6px;background:#05070d;border:1px solid #1a2540;overflow:hidden}\n  .meterbox i{display:block;height:100%;width:0%;background:linear-gradient(90deg,var(--green),var(--amber) 82%,var(--red));transition:width .08s}\n\n  .controls{display:flex;gap:8px;margin-top:14px;flex-wrap:wrap;align-items:center;justify-content:center}\n  .test{background:var(--amber);color:#0b0f17;font-weight:800;border:0;border-radius:9px;padding:11px 20px;cursor:pointer;font-size:13px}\n  .reset{background:transparent;color:var(--muted);border:1px solid var(--line);border-radius:9px;padding:11px 16px;cursor:pointer;font:inherit}\n  .verdict{font-size:12.5px;font-weight:700;padding:8px 12px;border-radius:8px;min-height:18px;text-align:center;flex-basis:100%}\n  .verdict.good{color:var(--green)} .verdict.bad{color:var(--red)}\n  .spk{display:flex;flex-direction:column;gap:6px;align-items:center;justify-content:center}\n  .wave{font-size:11px;color:var(--muted)}\n  @media(max-width:560px){\n    .stage{flex-basis:100%;max-width:none;flex-direction:row;align-items:center;text-align:left}\n    .stage .ic{font-size:22px} .stage>div:nth-child(2){flex:1}\n    .arrow{transform:rotate(90deg)}\n  }\n</style>\n</head>\n<body>\n  <h1>A Cadeia do Som ao Vivo</h1>\n  <div class=\"sub\">Monte o caminho do som — da voz até a caixa — e aprenda a achar onde o sinal \"trava\".</div>\n\n  <div class=\"mission\">\n    <span class=\"idx\" id=\"mIdx\">MISSÃO 1/4</span>\n    <span class=\"txt\" id=\"mTxt\">—</span>\n    <button id=\"mSkip\">Pular</button>\n  </div>\n\n  <div class=\"chain\" id=\"chain\"></div>\n\n  <div class=\"controls\">\n    <button class=\"test\" id=\"testBtn\">▶ Testar sinal</button>\n    <button class=\"reset\" id=\"resetBtn\">Ligar tudo</button>\n    <div class=\"verdict\" id=\"verdict\"></div>\n  </div>\n\n<script>\n\"use strict\";\n(function(){\n  const state={ micOn:true, cableOn:true, gain:60, chOn:true, fader:70, ampOn:true };\n  const chain=document.getElementById(\"chain\");\n  const V=document.getElementById(\"verdict\");\n\n  // define stages\n  const stages=[\n    {id:\"src\", ic:\"🎙️\", nm:\"Fonte (Voz)\", body:st=>`<div class=\"st\">Sinal acústico</div>`, ok:()=>true},\n    {id:\"mic\", ic:\"🎤\", nm:\"Microfone\", ok:()=>state.micOn,\n      body:st=>`<button class=\"btn ${state.micOn?''on'':''off''}\" data-t=\"micOn\">${state.micOn?''LIGADO'':''DESLIGADO''}</button>\n                <div class=\"st\">Transforma som em sinal elétrico</div>`},\n    {id:\"cab\", ic:\"🔌\", nm:\"Cabo XLR\", ok:()=>state.cableOn,\n      body:st=>`<button class=\"btn ${state.cableOn?''on'':''off''}\" data-t=\"cableOn\">${state.cableOn?''CONECTADO'':''SOLTO''}</button>\n                <div class=\"st\">Leva o sinal até a mesa</div>`},\n    {id:\"mix\", ic:\"🎚️\", nm:\"Mesa de Som\", ok:()=>state.gain>5&&state.chOn&&state.fader>5,\n      body:st=>`\n        <label class=\"sl\">Ganho <span>${state.gain}</span></label><input type=\"range\" min=\"0\" max=\"100\" value=\"${state.gain}\" data-r=\"gain\">\n        <button class=\"btn ${state.chOn?''on'':''off''}\" data-t=\"chOn\">${state.chOn?''CANAL ON'':''MUTE''}</button>\n        <label class=\"sl\">Fader <span>${state.fader}</span></label><input type=\"range\" min=\"0\" max=\"100\" value=\"${state.fader}\" data-r=\"fader\">`},\n    {id:\"amp\", ic:\"🧯\", nm:\"Amplificador\", ok:()=>state.ampOn,\n      body:st=>`<button class=\"btn ${state.ampOn?''on'':''off''}\" data-t=\"ampOn\">${state.ampOn?''LIGADO'':''DESLIGADO''}</button>\n                <div class=\"st\">Dá potência para a caixa</div>`},\n    {id:\"spk\", ic:\"🔊\", nm:\"Caixa\", ok:()=>true,\n      body:st=>`<div class=\"meterbox\"><i id=\"spkMeter\"></i></div><div class=\"wave\" id=\"spkTxt\">silêncio</div>`},\n  ];\n\n  function firstBreak(){ // retorna índice do primeiro estágio que trava, ou -1\n    for(let i=0;i<stages.length;i++){ if(!stages[i].ok()) return i; } return -1;\n  }\n  function reasons(i){ return {\n    mic:\"Microfone desligado\", cab:\"Cabo solto\",\n    mix: state.gain<=5?\"Ganho no zero\": (!state.chOn?\"Canal mutado\":\"Fader embaixo\"),\n    amp:\"Amplificador desligado\" }[stages[i].id] || \"—\"; }\n\n  function render(){\n    chain.innerHTML=\"\";\n    stages.forEach((s,i)=>{\n      if(i>0){ const a=document.createElement(\"div\"); a.className=\"arrow\"; a.dataset.gap=i; a.textContent=\"➜\"; chain.appendChild(a); }\n      const d=document.createElement(\"div\"); d.className=\"stage\"; d.dataset.id=s.id;\n      d.innerHTML=`<div class=\"ic\">${s.ic}</div><div><div class=\"nm\">${s.nm}</div>${s.body(s)}</div>`;\n      chain.appendChild(d);\n    });\n    wire();\n    liveMeter();\n  }\n  function wire(){\n    chain.querySelectorAll(\"[data-t]\").forEach(b=>b.onclick=()=>{ state[b.dataset.t]=!state[b.dataset.t]; render(); check(); });\n    chain.querySelectorAll(\"[data-r]\").forEach(r=>r.oninput=()=>{ state[r.dataset.r]=+r.value;\n      r.previousElementSibling.querySelector(\"span\").textContent=r.value; liveMeter(); check(); });\n  }\n\n  // medidor da caixa em tempo real (quando a cadeia funciona)\n  let raf;\n  function chainWorks(){ return firstBreak()===-1 && stages.every(s=>s.ok()); }\n  function liveMeter(){\n    const m=document.getElementById(\"spkMeter\"), t=document.getElementById(\"spkTxt\");\n    if(!m) return;\n    if(chainWorks()){ const lvl=Math.round(state.gain*0.4+state.fader*0.55); m.style.width=lvl+\"%\";\n      t.textContent=\"🔊 som na caixa (\"+lvl+\"%)\"; t.style.color=\"var(--green)\"; }\n    else { m.style.width=\"0%\"; t.textContent=\"silêncio\"; t.style.color=\"var(--muted)\"; }\n  }\n\n  // teste animado do sinal percorrendo a cadeia\n  document.getElementById(\"testBtn\").onclick=()=>{\n    chain.querySelectorAll(\".stage\").forEach(s=>s.classList.remove(\"ok\",\"bad\"));\n    chain.querySelectorAll(\".arrow\").forEach(a=>a.classList.remove(\"live\"));\n    const brk=firstBreak();\n    const stageEls=[...chain.querySelectorAll(\".stage\")];\n    const arrowEls=[...chain.querySelectorAll(\".arrow\")];\n    let i=0;\n    const step=()=>{\n      if(i>0) arrowEls[i-1] && arrowEls[i-1].classList.add(\"live\");\n      const stop = (brk!==-1 && i>=brk);\n      if(stop){ stageEls[brk].classList.add(\"bad\");\n        V.textContent=\"✖ O sinal travou em: \"+stages[brk].nm+\" — \"+reasons(brk); V.className=\"verdict bad\"; return; }\n      stageEls[i].classList.add(\"ok\"); i++;\n      if(i<stageEls.length){ setTimeout(step,230); }\n      else { V.textContent=\"✔ Sinal completo! O som chegou na caixa.\"; V.className=\"verdict good\"; liveMeter(); check(); }\n    };\n    step();\n  };\n  document.getElementById(\"resetBtn\").onclick=()=>{ Object.assign(state,{micOn:true,cableOn:true,gain:60,chOn:true,fader:70,ampOn:true}); render(); check(); V.textContent=\"\"; };\n\n  // missões\n  const missions=[\n    { t:''Tudo começa <b>desligado</b>. Monte a cadeia: ligue o mic, conecte o cabo, suba <b>ganho</b> e <b>fader</b>, deixe o canal <b>ON</b> e ligue o amplificador — até o som chegar na caixa.'',\n      setup:()=>Object.assign(state,{micOn:false,cableOn:false,gain:0,chOn:false,fader:0,ampOn:false}), ok:chainWorks },\n    { t:''CENÁRIO — não sai som. Descubra e resolva: o <b>amplificador</b> está desligado.'',\n      setup:()=>Object.assign(state,{micOn:true,cableOn:true,gain:60,chOn:true,fader:70,ampOn:false}), ok:chainWorks },\n    { t:''CENÁRIO — sinal mudo. O <b>cabo</b> do microfone está solto. Reconecte.'',\n      setup:()=>Object.assign(state,{micOn:true,cableOn:false,gain:60,chOn:true,fader:70,ampOn:true}), ok:chainWorks },\n    { t:''CENÁRIO — o canal está <b>mutado</b> e o <b>ganho no zero</b>. Reative o canal e suba o ganho.'',\n      setup:()=>Object.assign(state,{micOn:true,cableOn:true,gain:0,chOn:false,fader:70,ampOn:true}), ok:chainWorks },\n  ];\n  let mi=0;\n  function paintMission(){ const idx=document.getElementById(\"mIdx\"), txt=document.getElementById(\"mTxt\");\n    if(mi>=missions.length){ idx.textContent=\"CONCLUÍDO\"; txt.innerHTML=\"🎓 <b>Parabéns!</b> Você entendeu a cadeia do som e já sabe caçar onde o sinal trava — a base do trabalho.\";\n      document.getElementById(\"mSkip\").style.display=\"none\"; return; }\n    idx.textContent=\"MISSÃO \"+(mi+1)+\"/\"+missions.length; txt.innerHTML=missions[mi].t; }\n  function loadMission(){ if(mi<missions.length){ missions[mi].setup(); render(); V.textContent=\"\"; } paintMission(); }\n  function check(){ if(mi>=missions.length) return; try{ if(missions[mi].ok()){ mi++; paintMission();\n      if(mi<missions.length){ setTimeout(()=>{ missions[mi].setup(); render(); },600); } } }catch(e){} }\n  document.getElementById(\"mSkip\").onclick=()=>{ if(mi<missions.length){ mi++; loadMission(); } };\n\n  render(); loadMission();\n})();\n</script>\n</body>\n</html>\n"}]'::jsonb);

-- AULA 2: Microfones: tipos, phantom power e padrão polar
insert into public.lessons (id,module_id,titulo,tipo,conteudo_rico,duracao_min,ordem,tem_quiz,preview_gratis) values
  ('5b000000-b551-4c00-9000-0000000b0002','5b000000-b551-4c00-9000-0000000000a1','Microfones: tipos, phantom power e padrão polar','texto','<p><strong>O microfone é a porta de entrada do som.</strong> Escolher o microfone errado — ou usar do jeito errado — estraga tudo o que vem depois, por melhor que seja a mesa. Nesta aula você aprende os tipos, quando usar cada um, o que é phantom power e como o "padrão polar" ajuda a evitar aquele assobio horrível: a microfonia.</p>

{{IMG:mic-dinamico}}

<h3>Os tipos que você vai usar no dia a dia</h3>
<ul>
<li><strong>Dinâmico:</strong> resistente, aguenta som alto e é o padrão para <strong>voz ao vivo</strong> e para fontes fortes (caixa da bateria, amplificador de guitarra). Não precisa de alimentação. É o "cavalo de batalha" do palco e do corporativo.</li>
<li><strong>Condensador:</strong> capta mais detalhe e agudos, ótimo para <strong>estúdio</strong>, coral, instrumentos acústicos e ambientes controlados. É mais sensível e frágil — e <strong>precisa de phantom power</strong>.</li>
<li><strong>Lapela (de peito) e Headset (de cabeça):</strong> pequenos, discretos, deixam as <strong>mãos livres</strong>. Padrão para palestrante, teatro e apresentador que se move. Quase sempre usados <strong>sem fio</strong>.</li>
<li><strong>Sem fio de mão:</strong> um dinâmico (ou condensador) com transmissor embutido — liberdade de movimento para cantores e apresentadores. Muito usado em eventos corporativos e igrejas.</li>
</ul>

{{IMG:mic-kit}}

<h3>Phantom power (+48V): o que é e quando ligar</h3>
<p><strong>Phantom power é uma tensão de 48 volts</strong> que a mesa envia pelo próprio cabo XLR para alimentar microfones <strong>condensadores</strong> (e DIs ativas). Regra prática:</p>
<ul>
<li><strong>Condensador</strong> → phantom <strong>LIGADO</strong> (senão ele não funciona).</li>
<li><strong>Dinâmico</strong> → phantom <strong>não é necessário</strong> (e, com microfones dinâmicos comuns, não faz mal, mas evite ligar/desligar com o fader aberto para não dar "tump").</li>
<li><strong>Cuidado:</strong> nunca conecte/desconecte cabos com phantom ligado e volume aberto — pode estourar.</li>
</ul>

<h3>Padrão polar: por onde o microfone "escuta"</h3>
<p><strong>O padrão polar diz de quais direções o microfone capta som.</strong> É a chave para controlar microfonia (feedback):</p>
<ul>
<li><strong>Omnidirecional:</strong> capta igualmente de todos os lados. Natural, mas capta muito ambiente e realimenta fácil. Comum em lapelas.</li>
<li><strong>Cardioide:</strong> capta na <strong>frente</strong> e rejeita <strong>atrás</strong>. É o mais usado ao vivo, porque você aponta a "zona surda" (atrás) para as caixas.</li>
<li><strong>Supercardioide:</strong> ainda mais focado na frente, com pequenas rejeições nas laterais/atrás — ótimo em palcos com muita caixa de retorno.</li>
</ul>
<p><strong>A regra de ouro contra microfonia:</strong> o microfone nunca deve "olhar" para uma caixa (PA ou retorno). Aponte a zona de rejeição do padrão polar para a caixa. No simulador, você vê o desenho do padrão e gira o microfone até o risco de microfonia da PA ficar no verde.</p>

<h3>O que causa (e o que evita) a microfonia</h3>
<p><strong>Microfonia acontece quando o som da caixa volta para o microfone</strong> e entra num ciclo que "sobe sozinho" até o assobio. Para evitar:</p>
<ul>
<li>Use o padrão polar a seu favor (mic apontando para longe das caixas).</li>
<li>Não deixe o <strong>ganho</strong> mais alto que o necessário.</li>
<li>Mantenha o microfone <strong>perto da fonte</strong> (boca perto do mic = mais sinal com menos ganho).</li>
<li>Se necessário, corte com EQ a frequência exata que está apitando.</li>
</ul>

<h3>No corporativo: microfones sem fio</h3>
<p><strong>Em evento corporativo, o sem fio é rei.</strong> Alguns cuidados básicos que evitam vexame no meio da palestra: confira a <strong>pilha/bateria</strong> antes (e tenha reserva), garanta que cada microfone está num <strong>canal/frequência</strong> diferente (dois no mesmo canal = interferência e cortes), e mantenha o <strong>receptor</strong> com linha de visão para o transmissor. Veremos a configuração de sem fio em detalhe mais à frente.</p>

<h3>Pratique no simulador</h3>
<p><strong>No simulador você escolhe o microfone certo para cada situação</strong> (voz ao vivo, estúdio, palestrante) e liga a alimentação correta. Depois, no painel do <strong>padrão polar</strong>, gira a direção do microfone para colocar a caixa de PA na zona de rejeição e deixar o risco de microfonia baixo. Complete as 4 missões.</p>',22,2,true,false);
insert into public.quizzes (id,lesson_id,titulo) values ('5b000000-b551-4c00-9000-0000000c0002','5b000000-b551-4c00-9000-0000000b0002','Quiz — Microfones');
insert into public.quiz_questions (id,quiz_id,texto,explicacao,ordem,pontos) values ('5b000000-b551-4c00-9000-000000000201','5b000000-b551-4c00-9000-0000000c0002','Qual microfone é o padrão para voz ao vivo num ambiente barulhento?','O dinâmico cardioide é robusto, aguenta pressão sonora alta e rejeita o som de trás — ideal para voz ao vivo. Não precisa de phantom.',1,1);
insert into public.quiz_options (question_id,texto,correta,ordem) values ('5b000000-b551-4c00-9000-000000000201','Condensador de estúdio',false,1);
insert into public.quiz_options (question_id,texto,correta,ordem) values ('5b000000-b551-4c00-9000-000000000201','Dinâmico cardioide',true,2);
insert into public.quiz_options (question_id,texto,correta,ordem) values ('5b000000-b551-4c00-9000-000000000201','Lapela omnidirecional',false,3);
insert into public.quiz_options (question_id,texto,correta,ordem) values ('5b000000-b551-4c00-9000-000000000201','Qualquer um, tanto faz',false,4);
insert into public.quiz_questions (id,quiz_id,texto,explicacao,ordem,pontos) values ('5b000000-b551-4c00-9000-000000000202','5b000000-b551-4c00-9000-0000000c0002','Um microfone condensador precisa de:','O condensador precisa de phantom power (+48V), enviado pela mesa pelo cabo XLR. Sem isso, ele não funciona.',2,1);
insert into public.quiz_options (question_id,texto,correta,ordem) values ('5b000000-b551-4c00-9000-000000000202','Nada, funciona sozinho',false,1);
insert into public.quiz_options (question_id,texto,correta,ordem) values ('5b000000-b551-4c00-9000-000000000202','Phantom power (+48V)',true,2);
insert into public.quiz_options (question_id,texto,correta,ordem) values ('5b000000-b551-4c00-9000-000000000202','Um amplificador externo',false,3);
insert into public.quiz_options (question_id,texto,correta,ordem) values ('5b000000-b551-4c00-9000-000000000202','Duas pilhas AA sempre',false,4);
insert into public.quiz_questions (id,quiz_id,texto,explicacao,ordem,pontos) values ('5b000000-b551-4c00-9000-000000000203','5b000000-b551-4c00-9000-0000000c0002','O que faz um padrão polar cardioide?','O cardioide capta na frente e rejeita atrás. Por isso você aponta a parte de trás (zona surda) para as caixas, evitando microfonia.',3,1);
insert into public.quiz_options (question_id,texto,correta,ordem) values ('5b000000-b551-4c00-9000-000000000203','Capta igualmente de todos os lados',false,1);
insert into public.quiz_options (question_id,texto,correta,ordem) values ('5b000000-b551-4c00-9000-000000000203','Capta na frente e rejeita atrás',true,2);
insert into public.quiz_options (question_id,texto,correta,ordem) values ('5b000000-b551-4c00-9000-000000000203','Só capta sons agudos',false,3);
insert into public.quiz_options (question_id,texto,correta,ordem) values ('5b000000-b551-4c00-9000-000000000203','Desliga o microfone',false,4);
insert into public.quiz_questions (id,quiz_id,texto,explicacao,ordem,pontos) values ('5b000000-b551-4c00-9000-000000000204','5b000000-b551-4c00-9000-0000000c0002','Para evitar microfonia (feedback), o microfone deve:','O mic não deve ''olhar'' para as caixas. Aponte a zona de rejeição do padrão polar para a PA/retorno, e mantenha o ganho só o necessário.',4,1);
insert into public.quiz_options (question_id,texto,correta,ordem) values ('5b000000-b551-4c00-9000-000000000204','Apontar direto para a caixa de retorno',false,1);
insert into public.quiz_options (question_id,texto,correta,ordem) values ('5b000000-b551-4c00-9000-000000000204','Ter a zona de rejeição apontada para as caixas',true,2);
insert into public.quiz_options (question_id,texto,correta,ordem) values ('5b000000-b551-4c00-9000-000000000204','Ficar o mais longe possível da boca',false,3);
insert into public.quiz_options (question_id,texto,correta,ordem) values ('5b000000-b551-4c00-9000-000000000204','Estar sempre com o ganho no máximo',false,4);
insert into public.quiz_questions (id,quiz_id,texto,explicacao,ordem,pontos) values ('5b000000-b551-4c00-9000-000000000205','5b000000-b551-4c00-9000-0000000c0002','Um palestrante que anda pelo palco e precisa das mãos livres deve usar:','Lapela ou headset sem fio: mãos livres e distância constante da boca, ideal para quem se move.',5,1);
insert into public.quiz_options (question_id,texto,correta,ordem) values ('5b000000-b551-4c00-9000-000000000205','Microfone de mão com fio',false,1);
insert into public.quiz_options (question_id,texto,correta,ordem) values ('5b000000-b551-4c00-9000-000000000205','Lapela ou headset sem fio',true,2);
insert into public.quiz_options (question_id,texto,correta,ordem) values ('5b000000-b551-4c00-9000-000000000205','Condensador num pedestal fixo',false,3);
insert into public.quiz_options (question_id,texto,correta,ordem) values ('5b000000-b551-4c00-9000-000000000205','Nenhum, projetar a voz',false,4);
insert into public.quiz_questions (id,quiz_id,texto,explicacao,ordem,pontos) values ('5b000000-b551-4c00-9000-000000000206','5b000000-b551-4c00-9000-0000000c0002','Dois microfones sem fio ligados no mesmo canal/frequência causam:','Interferência e cortes. Cada sistema sem fio precisa de um canal/frequência diferente para funcionar sem conflito.',6,1);
insert into public.quiz_options (question_id,texto,correta,ordem) values ('5b000000-b551-4c00-9000-000000000206','Mais volume',false,1);
insert into public.quiz_options (question_id,texto,correta,ordem) values ('5b000000-b551-4c00-9000-000000000206','Interferência e cortes no áudio',true,2);
insert into public.quiz_options (question_id,texto,correta,ordem) values ('5b000000-b551-4c00-9000-000000000206','Melhor qualidade',false,3);
insert into public.quiz_options (question_id,texto,correta,ordem) values ('5b000000-b551-4c00-9000-000000000206','Economia de pilha',false,4);
insert into public.ai_animations (lesson_id,tipo,status,model,custo_usd,roteiro,urls) values ('5b000000-b551-4c00-9000-0000000b0002','interactive','ready','handcrafted-interactive',0,'{"titulo":"Simulador — Microfones e Padrão Polar","cenas":[{"numero":1,"titulo":"Simulador — Microfones e Padrão Polar","modo":"widget","narracao":"Escolha o microfone certo para cada situação e use o padrão polar contra microfonia. Complete as 4 missões.","explicacao_texto":"Escolha o microfone certo para cada situação e use o padrão polar contra microfonia. Complete as 4 missões.","destaques":["Dinâmico × condensador × lapela × sem fio","Phantom power +48V","Padrão polar e microfonia"]}]}'::jsonb,'[{"html":"<!doctype html>\n<html lang=\"pt-BR\">\n<head>\n<meta charset=\"utf-8\">\n<meta name=\"viewport\" content=\"width=device-width, initial-scale=1\">\n<title>Simulador — Microfones: escolha e padrão polar (SMU)</title>\n<style>\n  :root{--bg:#0b0f17;--panel:#131a29;--panel2:#0e1420;--line:#233149;--ink:#e7ecf5;\n    --muted:#8ea0bd;--amber:#F59E0B;--green:#22c55e;--red:#ef4444;--cyan:#22d3ee}\n  *{box-sizing:border-box}html,body{margin:0}\n  body{background:var(--bg);color:var(--ink);font-family:\"Space Grotesk\",system-ui,-apple-system,\"Segoe UI\",Roboto,sans-serif;\n    -webkit-font-smoothing:antialiased;padding:10px}\n  h1{font-size:15px;margin:0 0 2px}.sub{font-size:11.5px;color:var(--muted);margin-bottom:10px}\n  .mission{display:flex;gap:10px;align-items:center;background:#0c1220;border:1px solid var(--line);border-radius:10px;padding:9px 12px;margin-bottom:12px}\n  .mission .idx{font-size:10px;color:var(--amber);font-weight:800;letter-spacing:.8px;white-space:nowrap}\n  .mission .txt{font-size:12.5px;line-height:1.3;flex:1}.mission .txt b{color:var(--amber)}\n  .mission button{font:inherit;font-size:11px;color:var(--muted);background:transparent;border:1px solid var(--line);border-radius:7px;padding:6px 9px;cursor:pointer}\n  .grid{display:flex;flex-wrap:wrap;gap:12px}\n  .card{flex:1 1 320px;background:linear-gradient(180deg,var(--panel),var(--panel2));border:1px solid var(--line);border-radius:12px;padding:14px}\n  .card h3{margin:0 0 10px;font-size:11px;letter-spacing:1.2px;color:var(--muted);text-transform:uppercase}\n  .scene{font-size:13px;line-height:1.4;background:#0c1220;border:1px solid var(--line);border-radius:9px;padding:10px 12px;margin-bottom:12px}\n  .scene b{color:var(--amber)}\n  .opts{display:grid;grid-template-columns:1fr 1fr;gap:8px;margin-bottom:10px}\n  .opt{font:inherit;font-size:12px;text-align:left;padding:10px;border-radius:9px;border:1px solid var(--line);background:#0c1220;color:var(--ink);cursor:pointer;display:flex;gap:8px;align-items:center;transition:.15s}\n  .opt .em{font-size:18px}.opt.sel{border-color:var(--amber);background:#1a1608}\n  .opt.correct{border-color:var(--green);background:#0e1a10}.opt.wrong{border-color:var(--red);background:#1a1010}\n  .row{display:flex;gap:10px;align-items:center;margin:8px 0;flex-wrap:wrap}\n  .toggle{font:inherit;font-size:12px;font-weight:700;padding:9px 13px;border-radius:9px;border:1px solid var(--line);background:#0c1220;color:var(--muted);cursor:pointer}\n  .toggle.on{background:var(--green);border-color:var(--green);color:#08120a}\n  .verdict{font-size:12.5px;font-weight:700;min-height:18px;margin-top:6px}.verdict.good{color:var(--green)}.verdict.bad{color:var(--red)}\n  .btn{font:inherit;font-size:12.5px;font-weight:800;padding:10px 16px;border-radius:9px;border:0;background:var(--amber);color:#0b0f17;cursor:pointer}\n  canvas{width:100%;height:auto;display:block;background:#080d15;border:1px solid #1b2740;border-radius:10px}\n  select{font:inherit;background:#0c1220;color:var(--ink);border:1px solid var(--line);border-radius:8px;padding:8px}\n  label.sl{font-size:11px;color:var(--muted);display:block;margin-top:8px}\n  input[type=range]{width:100%;accent-color:var(--amber);height:24px}\n  .riskbar{height:12px;border-radius:6px;background:#05070d;border:1px solid #1a2540;overflow:hidden;margin-top:4px}\n  .riskbar i{display:block;height:100%;width:0%;background:linear-gradient(90deg,var(--green),var(--amber) 60%,var(--red));transition:width .1s}\n  @media(max-width:520px){.opts{grid-template-columns:1fr}}\n</style>\n</head>\n<body>\n  <h1>Microfones: escolha certa e padrão polar</h1>\n  <div class=\"sub\">Escolha o microfone para cada situação e entenda como o padrão polar evita microfonia.</div>\n  <div class=\"mission\">\n    <span class=\"idx\" id=\"mIdx\">MISSÃO 1/4</span>\n    <span class=\"txt\" id=\"mTxt\">—</span>\n    <button id=\"mSkip\">Pular</button>\n  </div>\n\n  <div class=\"grid\">\n    <!-- ESCOLHA -->\n    <div class=\"card\">\n      <h3>Situação & Escolha</h3>\n      <div class=\"scene\" id=\"scene\">—</div>\n      <div class=\"opts\" id=\"opts\"></div>\n      <div class=\"row\">\n        <button class=\"toggle\" id=\"phantom\">+48V Phantom</button>\n        <button class=\"btn\" id=\"confirm\">Confirmar</button>\n      </div>\n      <div class=\"verdict\" id=\"verdict\"></div>\n    </div>\n\n    <!-- PADRÃO POLAR -->\n    <div class=\"card\">\n      <h3>Padrão Polar & Microfonia</h3>\n      <div class=\"row\">\n        <span style=\"font-size:11px;color:var(--muted)\">Padrão:</span>\n        <select id=\"pattern\">\n          <option value=\"omni\">Omnidirecional</option>\n          <option value=\"cardioid\" selected>Cardioide</option>\n          <option value=\"super\">Supercardioide</option>\n        </select>\n      </div>\n      <canvas id=\"polar\" width=\"360\" height=\"300\"></canvas>\n      <label class=\"sl\">Direção para onde o microfone aponta: <b id=\"aimTxt\">0°</b></label>\n      <input type=\"range\" id=\"aim\" min=\"0\" max=\"359\" value=\"0\">\n      <label class=\"sl\">Risco de microfonia (feedback) da caixa de PA 🔊:</label>\n      <div class=\"riskbar\"><i id=\"risk\"></i></div>\n      <div class=\"verdict\" id=\"polarVerdict\"></div>\n    </div>\n  </div>\n\n<script>\n\"use strict\";\n(function(){\n  // ---------- ESCOLHA DE MIC ----------\n  const MICS = {\n    din:  {em:\"🎤\", nm:\"Dinâmico cardioide (de mão)\"},\n    cond: {em:\"🎙️\", nm:\"Condensador (estúdio)\"},\n    lap:  {em:\"📎\", nm:\"Lapela / Headset sem fio\"},\n    hand: {em:\"📡\", nm:\"Sem fio de mão (dinâmico)\"},\n  };\n  const scenarios=[\n    { txt:''<b>Voz principal</b> de um cantor no palco, show ao vivo e barulhento. Qual o microfone mais indicado?'',\n      opts:[\"din\",\"cond\",\"lap\",\"hand\"], correct:\"din\", phantom:false,\n      why:\"Dinâmico cardioide: robusto, aguenta pressão sonora alta e rejeita o que vem de trás — o padrão para voz ao vivo. Não precisa de phantom.\" },\n    { txt:''Gravação de um <b>vocal em estúdio</b> (ambiente silencioso, busca de detalhe e brilho). Escolha o mic e a alimentação.'',\n      opts:[\"din\",\"cond\",\"lap\",\"hand\"], correct:\"cond\", phantom:true,\n      why:\"Condensador capta mais detalhe e agudos — ideal em estúdio. Ele PRECISA de +48V (phantom power) para funcionar.\" },\n    { txt:''Um <b>palestrante que anda pelo palco</b> e precisa das mãos livres. Qual microfone?'',\n      opts:[\"din\",\"cond\",\"lap\",\"hand\"], correct:\"lap\", phantom:false,\n      why:\"Lapela ou headset sem fio deixa as mãos livres e mantém distância constante da boca — perfeito para palestra em movimento.\" },\n  ];\n  let sc=0, sel=null, phantom=false;\n  const $=id=>document.getElementById(id);\n  function renderScene(){\n    const s=scenarios[sc]; $(\"scene\").innerHTML=s.txt; sel=null; phantom=false;\n    $(\"phantom\").classList.remove(\"on\"); $(\"verdict\").textContent=\"\";\n    const o=$(\"opts\"); o.innerHTML=\"\";\n    s.opts.forEach(k=>{ const b=document.createElement(\"button\"); b.className=\"opt\"; b.dataset.k=k;\n      b.innerHTML=`<span class=\"em\">${MICS[k].em}</span> ${MICS[k].nm}`;\n      b.onclick=()=>{ sel=k; [...o.children].forEach(c=>c.classList.remove(\"sel\",\"correct\",\"wrong\")); b.classList.add(\"sel\"); };\n      o.appendChild(b); });\n  }\n  $(\"phantom\").onclick=()=>{ phantom=!phantom; $(\"phantom\").classList.toggle(\"on\",phantom); };\n  $(\"confirm\").onclick=()=>{\n    if(sel===null){ $(\"verdict\").textContent=\"Selecione um microfone primeiro.\"; $(\"verdict\").className=\"verdict bad\"; return; }\n    const s=scenarios[sc]; const okMic=sel===s.correct; const okPh=phantom===s.phantom;\n    [...$(\"opts\").children].forEach(c=>{ if(c.dataset.k===s.correct)c.classList.add(\"correct\"); else if(c.dataset.k===sel&&!okMic)c.classList.add(\"wrong\"); });\n    if(okMic&&okPh){ $(\"verdict\").innerHTML=\"✔ \"+s.why; $(\"verdict\").className=\"verdict good\"; checkMissions(true); }\n    else if(okMic&&!okPh){ $(\"verdict\").innerHTML= s.phantom? \"Quase! Este microfone precisa do <b>+48V</b> ligado.\" : \"Quase! Este microfone <b>não</b> usa phantom — desligue o +48V.\"; $(\"verdict\").className=\"verdict bad\"; }\n    else { $(\"verdict\").innerHTML=\"✖ Não é o ideal aqui. \"+s.why; $(\"verdict\").className=\"verdict bad\"; }\n  };\n\n  // ---------- POLAR ----------\n  const cv=$(\"polar\"), ctx=cv.getContext(\"2d\");\n  function gain(pattern,phi){ // phi em rad, 0 = frente\n    const c=Math.cos(phi);\n    if(pattern===\"omni\") return 1;\n    if(pattern===\"cardioid\") return 0.5+0.5*c;             // null atrás (180°)\n    return 0.375+0.625*c;                                   // supercardioide (null ~127°)\n  }\n  function drawPolar(){\n    const w=cv.width,h=cv.height,cx=w/2,cy=h/2,R=Math.min(w,h)/2-24;\n    ctx.clearRect(0,0,w,h);\n    // grid\n    ctx.strokeStyle=\"#182339\";ctx.fillStyle=\"#3a4a66\";ctx.font=\"9px system-ui\";ctx.textAlign=\"center\";\n    for(let r=0.25;r<=1;r+=0.25){ ctx.beginPath();ctx.arc(cx,cy,R*r,0,7);ctx.stroke(); }\n    ctx.beginPath();ctx.moveTo(cx-R,cy);ctx.lineTo(cx+R,cy);ctx.moveTo(cx,cy-R);ctx.lineTo(cx,cy+R);ctx.stroke();\n    const aim=(+$(\"aim\").value)*Math.PI/180;\n    const pat=$(\"pattern\").value;\n    // curva (aponta para ''aim''; 0° tela = topo)\n    ctx.beginPath();\n    for(let a=0;a<=360;a+=2){ const ang=a*Math.PI/180; const phi=ang-aim; const g=gain(pat,phi);\n      const sx=cx+Math.sin(ang)*R*g, sy=cy-Math.cos(ang)*R*g; if(a===0)ctx.moveTo(sx,sy);else ctx.lineTo(sx,sy); }\n    ctx.closePath(); ctx.fillStyle=\"rgba(245,158,11,.16)\"; ctx.fill(); ctx.strokeStyle=\"var(--amber)\"; ctx.strokeStyle=\"#F59E0B\"; ctx.lineWidth=2; ctx.stroke();\n    // seta de apontamento\n    ctx.strokeStyle=\"#22d3ee\";ctx.lineWidth=2;ctx.beginPath();ctx.moveTo(cx,cy);\n    ctx.lineTo(cx+Math.sin(aim)*R*0.5,cy-Math.cos(aim)*R*0.5);ctx.stroke();\n    ctx.fillStyle=\"#22d3ee\";ctx.font=\"700 10px system-ui\";ctx.fillText(\"frente\",cx+Math.sin(aim)*R*0.62,cy-Math.cos(aim)*R*0.62);\n    // mic no centro\n    ctx.fillStyle=\"#e7ecf5\";ctx.beginPath();ctx.arc(cx,cy,6,0,7);ctx.fill();\n    // PA fixa (fonte de microfonia) no topo-direita (45°)\n    const paAng=45*Math.PI/180; const px=cx+Math.sin(paAng)*R, py=cy-Math.cos(paAng)*R;\n    ctx.font=\"18px system-ui\";ctx.fillText(\"🔊\",px,py+6);\n    // risco = ganho do mic na direção da PA\n    const phiPA=paAng-aim; const g=gain(pat,phiPA); const risk=Math.round(g*100);\n    $(\"risk\").style.width=risk+\"%\";\n    const pv=$(\"polarVerdict\");\n    if(risk<25){ pv.textContent=\"✔ Baixo risco: a PA está na zona de rejeição do microfone.\"; pv.className=\"verdict good\"; }\n    else if(risk<60){ pv.textContent=\"Atenção: risco médio de microfonia.\"; pv.className=\"verdict bad\"; }\n    else { pv.textContent=\"✖ Alto risco de microfonia: o mic está \\\"olhando\\\" para a PA.\"; pv.className=\"verdict bad\"; }\n    return risk;\n  }\n  $(\"aim\").oninput=()=>{ $(\"aimTxt\").textContent=$(\"aim\").value+\"°\"; const r=drawPolar(); checkMissions(false,r); };\n  $(\"pattern\").onchange=()=>{ const r=drawPolar(); checkMissions(false,r); };\n\n  // ---------- MISSÕES ----------\n  const missions=[\n    { t:''Escolha o microfone para a <b>voz principal ao vivo</b> (painel da esquerda) e confirme.'', kind:\"scene\", scene:0 },\n    { t:''Agora um <b>vocal de estúdio</b>: escolha o mic certo e ligue a alimentação correta.'', kind:\"scene\", scene:1 },\n    { t:''E o <b>palestrante que anda no palco</b>? Escolha e confirme.'', kind:\"scene\", scene:2 },\n    { t:''No painel da direita: use padrão <b>cardioide</b> e gire a <b>direção do microfone</b> para deixar o risco de microfonia da PA 🔊 no verde (baixo).'', kind:\"polar\" },\n  ];\n  let mi=0;\n  function paintMission(){ const idx=$(\"mIdx\"),txt=$(\"mTxt\");\n    if(mi>=missions.length){ idx.textContent=\"CONCLUÍDO\"; txt.innerHTML=\"🎓 <b>Boa!</b> Você sabe escolher o microfone por situação e usar o padrão polar contra microfonia.\"; $(\"mSkip\").style.display=\"none\"; return; }\n    idx.textContent=\"MISSÃO \"+(mi+1)+\"/\"+missions.length; txt.innerHTML=missions[mi].t;\n    const m=missions[mi]; if(m.kind===\"scene\"){ sc=m.scene; renderScene(); } }\n  function checkMissions(sceneOk,risk){ if(mi>=missions.length)return; const m=missions[mi];\n    if(m.kind===\"scene\"&&sceneOk){ mi++; paintMission(); }\n    else if(m.kind===\"polar\"&&$(\"pattern\").value===\"cardioid\"&&(risk!==undefined?risk:drawPolar())<25){ mi++; paintMission(); } }\n  $(\"mSkip\").onclick=()=>{ if(mi<missions.length){ mi++; paintMission(); } };\n\n  // init\n  $(\"aimTxt\").textContent=\"0°\"; renderScene(); drawPolar(); paintMission();\n})();\n</script>\n</body>\n</html>\n"}]'::jsonb);

-- AULA 3: A mesa analógica: canais, ganho e EQ de 3 bandas (notebook via P2→P10)
insert into public.lessons (id,module_id,titulo,tipo,conteudo_rico,duracao_min,ordem,tem_quiz,preview_gratis) values
  ('5b000000-b551-4c00-9000-0000000b0003','5b000000-b551-4c00-9000-0000000000a1','A mesa analógica: canais, ganho e EQ de 3 bandas (notebook via P2→P10)','texto','<p><strong>Esta é a mesa que você mais vai usar no corporativo.</strong> Palestra, treinamento, casamento, culto, festa de menor porte — quase sempre tem uma mesa analógica pequena (4, 8, 12 canais) com <strong>EQ de 3 bandas</strong> por canal. Se você entende um canal dela, entende todos os outros, porque todos são iguais. Vamos destrinchar o canal de cima para baixo.</p>

{{IMG:mesa-analogica}}

<h3>O canal, de cima para baixo</h3>
<ul>
<li><strong>Entrada (XLR / P10):</strong> em cima fica a entrada. A <strong>XLR</strong> (3 pinos) é para microfone. A <strong>P10</strong> (plugue de 6,3 mm) é para linha/instrumento. Muitas mesas têm entrada "combo" que aceita as duas.</li>
<li><strong>Ganho / Trim:</strong> o primeiro knob. Ajusta <strong>quanto o sinal da entrada é amplificado</strong> antes de tudo. É a base: microfone (sinal fraco) precisa de mais ganho; linha (sinal forte, como um notebook) precisa de pouco.</li>
<li><strong>EQ de 3 bandas (HIGH, MID, LOW):</strong> os três knobs de equalização. <strong>LOW</strong> mexe nos graves, <strong>MID</strong> nos médios (onde vive a voz), <strong>HIGH</strong> nos agudos (brilho/clareza). Cada um <strong>realça</strong> (girando para a direita) ou <strong>corta</strong> (para a esquerda) sua faixa.</li>
<li><strong>AUX (envio auxiliar):</strong> manda uma cópia do canal para uma saída separada — normalmente o <strong>retorno</strong> (monitor) do palestrante/músico, ou um efeito. É independente do fader principal.</li>
<li><strong>PAN:</strong> posiciona o som entre esquerda e direita na saída estéreo.</li>
<li><strong>PEAK (LED):</strong> acende quando o sinal está <strong>forte demais</strong> e prestes a distorcer (clip). Se acender direto, abaixe o ganho.</li>
<li><strong>ON / MUTE:</strong> liga ou silencia o canal.</li>
<li><strong>Fader:</strong> o volume final do canal na mistura principal. A marca "U" (unity) é o ponto de referência.</li>
</ul>

<h3>Ligando um notebook: o famoso cabo P2 → P10 estéreo</h3>
<p><strong>É a conexão mais pedida no corporativo:</strong> tocar uma música, um vídeo ou a apresentação a partir de um notebook/celular. O aparelho tem uma <strong>saída de fone (P2)</strong> — aquele plugue fininho de 3,5 mm. A mesa tem uma <strong>entrada de linha estéreo (P10)</strong>. O cabo certo é o <strong>P2 → P10 estéreo</strong> (um plugue P2 numa ponta, dois P10 na outra — esquerdo e direito — ou um par de conectores no canal estéreo da mesa).</p>

{{IMG:cabo-p2-p10}}

<p><strong>Como configurar:</strong></p>
<ul>
<li>Conecte o P2 na saída de fone do notebook e os P10 na <strong>entrada de linha estéreo</strong> da mesa (nunca numa entrada de microfone com phantom ligado).</li>
<li>Coloque o <strong>volume do notebook</strong> em torno de 70–80% (não no talo, para não distorcer na origem).</li>
<li>Na mesa, como é <strong>linha</strong>, use <strong>pouco ganho</strong>. Suba o fader e ajuste pelo medidor.</li>
<li>Confirme os dois lados (L/R) — se só sai de um lado, geralmente é plugue mal encaixado ou cabo mono no lugar de estéreo.</li>
</ul>

<h3>Phantom power na mesa analógica</h3>
<p><strong>A chave +48V</strong> (às vezes geral, às vezes por canal) liga o phantom power para microfones condensadores e DIs ativas. Regra: ligue só se estiver usando condensador. Para microfones dinâmicos e sem fio (o mais comum no corporativo), deixe desligado. <strong>Nunca</strong> ligue/desligue o phantom com o fader aberto.</p>

<h3>A seção master e os retornos</h3>
<p><strong>O MASTER</strong> é o volume geral que vai para a PA (as caixas da plateia). O <strong>AUX/retorno</strong> é uma mistura separada que vai para a caixa de retorno (monitor) — é assim que o palestrante se ouve. Em eventos menores, muitas vezes você usa uma caixa de PA para a plateia e manda um AUX para um monitor do apresentador.</p>

<h3>Ordem de ajuste (sempre a mesma)</h3>
<p><strong>Para cada canal:</strong> 1) acerte o <strong>ganho</strong> (PEAK sem acender direto); 2) suba o <strong>fader</strong> para a mistura; 3) ajuste o <strong>EQ de 3 bandas</strong> (corte o que atrapalha, realce o que falta); 4) mande o <strong>AUX</strong> para o retorno se precisar. Ganho primeiro — sempre.</p>

<h3>O setup completo montado</h3>
<p><strong>Assim fica a montagem real do corporativo:</strong> o microfone com fio na entrada XLR, o receptor do microfone sem fio ligado noutro canal, tudo alimentado pela régua de energia, o notebook entrando pelo cabo P2→P10 estéreo, o ganho e o fader acionados e o EQ de 3 bandas do canal de voz ajustado. Estude a imagem e refaça no simulador.</p>

{{IMG:mesa-setup}}

<h3>Pratique no simulador</h3>
<p><strong>No simulador você opera uma mesa analógica de verdade:</strong> conecta o notebook pelo cabo P2→P10, ajusta o ganho sem estourar o PEAK, esculpe a voz com o EQ de 3 bandas e manda o AUX para o retorno do palestrante. Complete as 5 missões — é o setup real de um evento corporativo.</p>',24,3,true,false);
insert into public.quizzes (id,lesson_id,titulo) values ('5b000000-b551-4c00-9000-0000000c0003','5b000000-b551-4c00-9000-0000000b0003','Quiz — Mesa analógica e conexões');
insert into public.quiz_questions (id,quiz_id,texto,explicacao,ordem,pontos) values ('5b000000-b551-4c00-9000-000000000301','5b000000-b551-4c00-9000-0000000c0003','Para ligar a saída de som de um notebook na mesa, o cabo correto costuma ser:','A saída de fone do notebook é P2 (3,5 mm); a entrada de linha estéreo da mesa é P10. Logo, cabo P2 → P10 estéreo.',1,1);
insert into public.quiz_options (question_id,texto,correta,ordem) values ('5b000000-b551-4c00-9000-000000000301','XLR para XLR',false,1);
insert into public.quiz_options (question_id,texto,correta,ordem) values ('5b000000-b551-4c00-9000-000000000301','P2 (fone do notebook) → P10 estéreo (linha da mesa)',true,2);
insert into public.quiz_options (question_id,texto,correta,ordem) values ('5b000000-b551-4c00-9000-000000000301','Cabo de rede (Dante)',false,3);
insert into public.quiz_options (question_id,texto,correta,ordem) values ('5b000000-b551-4c00-9000-000000000301','Cabo de força',false,4);
insert into public.quiz_questions (id,quiz_id,texto,explicacao,ordem,pontos) values ('5b000000-b551-4c00-9000-000000000302','5b000000-b551-4c00-9000-0000000c0003','O EQ de 3 bandas de um canal controla:','As três bandas são LOW (graves), MID (médios) e HIGH (agudos). Cada uma realça ou corta sua faixa de frequência.',2,1);
insert into public.quiz_options (question_id,texto,correta,ordem) values ('5b000000-b551-4c00-9000-000000000302','Volume, ganho e pan',false,1);
insert into public.quiz_options (question_id,texto,correta,ordem) values ('5b000000-b551-4c00-9000-000000000302','Graves (LOW), médios (MID) e agudos (HIGH)',true,2);
insert into public.quiz_options (question_id,texto,correta,ordem) values ('5b000000-b551-4c00-9000-000000000302','Três canais diferentes',false,3);
insert into public.quiz_options (question_id,texto,correta,ordem) values ('5b000000-b551-4c00-9000-000000000302','Três saídas de retorno',false,4);
insert into public.quiz_questions (id,quiz_id,texto,explicacao,ordem,pontos) values ('5b000000-b551-4c00-9000-000000000303','5b000000-b551-4c00-9000-0000000c0003','O que o knob de GANHO (trim) ajusta?','O ganho define quanto o sinal da entrada é amplificado logo na entrada do canal. Microfone precisa de mais; linha (notebook) precisa de pouco.',3,1);
insert into public.quiz_options (question_id,texto,correta,ordem) values ('5b000000-b551-4c00-9000-000000000303','O volume final na PA',false,1);
insert into public.quiz_options (question_id,texto,correta,ordem) values ('5b000000-b551-4c00-9000-000000000303','Quanto o sinal da entrada é amplificado na entrada do canal',true,2);
insert into public.quiz_options (question_id,texto,correta,ordem) values ('5b000000-b551-4c00-9000-000000000303','A quantidade de grave',false,3);
insert into public.quiz_options (question_id,texto,correta,ordem) values ('5b000000-b551-4c00-9000-000000000303','O envio de retorno',false,4);
insert into public.quiz_questions (id,quiz_id,texto,explicacao,ordem,pontos) values ('5b000000-b551-4c00-9000-000000000304','5b000000-b551-4c00-9000-0000000c0003','O LED PEAK aceso o tempo todo significa:','Sinal forte demais, prestes a distorcer (clip). A solução é abaixar o ganho até o PEAK parar de acender constantemente.',4,1);
insert into public.quiz_options (question_id,texto,correta,ordem) values ('5b000000-b551-4c00-9000-000000000304','Que está tudo perfeito',false,1);
insert into public.quiz_options (question_id,texto,correta,ordem) values ('5b000000-b551-4c00-9000-000000000304','Sinal forte demais, risco de distorção — abaixe o ganho',true,2);
insert into public.quiz_options (question_id,texto,correta,ordem) values ('5b000000-b551-4c00-9000-000000000304','Que o canal está mutado',false,3);
insert into public.quiz_options (question_id,texto,correta,ordem) values ('5b000000-b551-4c00-9000-000000000304','Que falta phantom power',false,4);
insert into public.quiz_questions (id,quiz_id,texto,explicacao,ordem,pontos) values ('5b000000-b551-4c00-9000-000000000305','5b000000-b551-4c00-9000-0000000c0003','Para que serve o envio AUX de um canal?','O AUX cria uma mistura separada — tipicamente o retorno (monitor) do palestrante/músico, independente do fader principal.',5,1);
insert into public.quiz_options (question_id,texto,correta,ordem) values ('5b000000-b551-4c00-9000-000000000305','Aumentar o grave do canal',false,1);
insert into public.quiz_options (question_id,texto,correta,ordem) values ('5b000000-b551-4c00-9000-000000000305','Criar uma mistura separada, como o retorno do palestrante',true,2);
insert into public.quiz_options (question_id,texto,correta,ordem) values ('5b000000-b551-4c00-9000-000000000305','Ligar o phantom',false,3);
insert into public.quiz_options (question_id,texto,correta,ordem) values ('5b000000-b551-4c00-9000-000000000305','Silenciar o canal',false,4);
insert into public.quiz_questions (id,quiz_id,texto,explicacao,ordem,pontos) values ('5b000000-b551-4c00-9000-000000000306','5b000000-b551-4c00-9000-0000000c0003','Comparando entrada de linha (notebook) e entrada de microfone:','A linha traz um sinal mais forte e precisa de pouco ganho; o microfone traz um sinal fraco e precisa de bastante ganho.',6,1);
insert into public.quiz_options (question_id,texto,correta,ordem) values ('5b000000-b551-4c00-9000-000000000306','São iguais, tanto faz onde ligar',false,1);
insert into public.quiz_options (question_id,texto,correta,ordem) values ('5b000000-b551-4c00-9000-000000000306','Linha é sinal forte (pouco ganho); microfone é fraco (precisa de ganho)',true,2);
insert into public.quiz_options (question_id,texto,correta,ordem) values ('5b000000-b551-4c00-9000-000000000306','Microfone é mais forte que a linha',false,3);
insert into public.quiz_options (question_id,texto,correta,ordem) values ('5b000000-b551-4c00-9000-000000000306','A linha precisa de phantom power',false,4);
insert into public.ai_animations (lesson_id,tipo,status,model,custo_usd,roteiro,urls) values ('5b000000-b551-4c00-9000-0000000b0003','interactive','ready','handcrafted-interactive',0,'{"titulo":"Simulador — Mesa Analógica (EQ 3 bandas)","cenas":[{"numero":1,"titulo":"Simulador — Mesa Analógica (EQ 3 bandas)","modo":"widget","narracao":"Opere uma mesa analógica de corporativo: notebook via P2→P10, ganho sem clip, EQ de 3 bandas e retorno. Complete as 5 missões.","explicacao_texto":"Opere uma mesa analógica de corporativo: notebook via P2→P10, ganho sem clip, EQ de 3 bandas e retorno. Complete as 5 missões.","destaques":["Notebook via cabo P2→P10 estéreo","Ganho sem estourar (PEAK)","EQ de 3 bandas por canal","AUX/retorno do palestrante"]}]}'::jsonb,'[{"html":"<!doctype html>\n<html lang=\"pt-BR\">\n<head>\n<meta charset=\"utf-8\">\n<meta name=\"viewport\" content=\"width=device-width, initial-scale=1\">\n<title>Simulador — Mesa Analógica (EQ 3 bandas) — SMU</title>\n<style>\n  :root{--bg:#0b0f17;--panel:#151b28;--panel2:#0f1420;--line:#26344c;--ink:#e7ecf5;\n    --muted:#8ea0bd;--amber:#F59E0B;--green:#22c55e;--red:#ef4444;--cyan:#22d3ee;--strip:#121a29}\n  *{box-sizing:border-box}html,body{margin:0}\n  body{background:var(--bg);color:var(--ink);font-family:\"Space Grotesk\",system-ui,-apple-system,\"Segoe UI\",Roboto,sans-serif;\n    -webkit-font-smoothing:antialiased;padding:10px;user-select:none}\n  h1{font-size:15px;margin:0 0 2px}.sub{font-size:11.5px;color:var(--muted);margin-bottom:10px}\n  .mission{display:flex;gap:10px;align-items:center;background:#0c1220;border:1px solid var(--line);border-radius:10px;padding:9px 12px;margin-bottom:10px}\n  .mission .idx{font-size:10px;color:var(--amber);font-weight:800;letter-spacing:.8px;white-space:nowrap}\n  .mission .txt{font-size:12.5px;line-height:1.3;flex:1}.mission .txt b{color:var(--amber)}\n  .mission button{font:inherit;font-size:11px;color:var(--muted);background:transparent;border:1px solid var(--line);border-radius:7px;padding:6px 9px;cursor:pointer}\n\n  .src{display:flex;gap:8px;align-items:center;background:#0c1220;border:1px solid var(--line);border-radius:10px;padding:8px 10px;margin-bottom:10px;flex-wrap:wrap}\n  .src .item{display:flex;gap:6px;align-items:center;font-size:11.5px;color:var(--muted)}\n  .src .plug{font:inherit;font-size:11px;font-weight:700;padding:6px 10px;border-radius:7px;border:1px solid var(--line);background:#111a2b;color:var(--ink);cursor:pointer}\n  .src .plug.done{background:var(--green);border-color:var(--green);color:#08120a}\n\n  .board{display:flex;gap:8px;overflow-x:auto;padding:10px;background:linear-gradient(180deg,#0e1420,#0a0f18);border:1px solid var(--line);border-radius:12px}\n  .strip{flex:0 0 118px;background:linear-gradient(180deg,var(--strip),#0e1524);border:1px solid var(--line);border-radius:10px;padding:9px 7px;display:flex;flex-direction:column;align-items:center;gap:7px}\n  .strip.master{flex-basis:104px;background:linear-gradient(180deg,#1b2233,#0e1524);border-color:#3a4a66}\n  .lbl{font-size:11px;font-weight:700;text-align:center;line-height:1.1}\n  .sub2{font-size:9px;color:var(--muted);text-align:center;margin-top:-4px}\n  .jack{font-size:9px;padding:2px 6px;border-radius:20px;border:1px solid var(--line);color:var(--muted)}\n  .jack.on{color:var(--green);border-color:var(--green)}\n  .knob{display:flex;flex-direction:column;align-items:center;gap:2px}\n  .dial{width:40px;height:40px;border-radius:50%;position:relative;cursor:ns-resize;touch-action:none;\n    background:radial-gradient(circle at 50% 32%,#33415f,#151d2e 72%);border:1px solid #3a4d70;box-shadow:inset 0 2px 5px #0008}\n  .dial::after{content:\"\";position:absolute;left:50%;top:4px;width:2.5px;height:14px;border-radius:2px;background:var(--amber);\n    transform-origin:50% 16px;transform:translateX(-50%) rotate(var(--rot,0deg))}\n  .dial.eq::after{background:var(--cyan)}\n  .kl{font-size:8.5px;color:var(--muted);letter-spacing:.3px}.kv{font-size:9px;font-weight:700}\n  .eqrow{display:flex;gap:5px}\n  .peak{font-size:8px;font-weight:800;color:#3a4a66;letter-spacing:.5px}.peak.on{color:var(--red)}\n  .onbtn{font:inherit;font-size:9.5px;font-weight:800;padding:4px 0;width:100%;border-radius:6px;border:1px solid var(--line);background:#0c1220;color:var(--muted);cursor:pointer}\n  .onbtn.on{background:var(--green);border-color:var(--green);color:#08120a}\n  .faderwrap{display:flex;gap:5px;height:120px;align-items:stretch}\n  .meter{width:7px;border-radius:3px;background:#05070d;border:1px solid #1a2540;position:relative;overflow:hidden}\n  .meter i{position:absolute;left:0;right:0;bottom:0;height:0%;background:linear-gradient(0deg,var(--green),var(--green) 62%,var(--amber) 84%,var(--red))}\n  .fader{width:26px;position:relative;background:linear-gradient(90deg,#0a0e17,#0d1220,#0a0e17);border-radius:5px;border:1px solid #1a2540;cursor:ns-resize;touch-action:none}\n  .fader .unity{position:absolute;left:0;right:0;top:26%;height:1px;background:#3a4d70}\n  .cap{position:absolute;left:-4px;right:-4px;height:20px;border-radius:4px;background:linear-gradient(180deg,#e9edf5,#a7b3c9 46%,#59647e 54%,#8493ad);border:1px solid #0006;box-shadow:0 2px 4px #0009;cursor:grab}\n  .cap::after{content:\"\";position:absolute;left:3px;right:3px;top:50%;height:2px;transform:translateY(-50%);background:#0b0f17;border-radius:2px}\n  .fdb{font-size:9px;color:var(--muted);font-weight:700}\n  .phantom{font:inherit;font-size:9.5px;font-weight:800;padding:5px 6px;border-radius:6px;border:1px solid var(--line);background:#0c1220;color:var(--muted);cursor:pointer;width:100%}\n  .phantom.on{background:var(--red);border-color:var(--red);color:#fff}\n  .verdict{font-size:12px;font-weight:700;min-height:16px;margin-top:8px;text-align:center}.verdict.good{color:var(--green)}.verdict.bad{color:var(--red)}\n  .hint{font-size:10px;color:var(--muted);margin-top:6px;text-align:center}\n</style>\n</head>\n<body>\n  <h1>Mesa Analógica de Som — EQ de 3 bandas</h1>\n  <div class=\"sub\">A mesa do dia a dia do corporativo: microfones, notebook (P2→P10), EQ de 3 bandas, retorno e master.</div>\n\n  <div class=\"mission\">\n    <span class=\"idx\" id=\"mIdx\">MISSÃO 1/5</span>\n    <span class=\"txt\" id=\"mTxt\">—</span>\n    <button id=\"mSkip\">Pular</button>\n  </div>\n\n  <div class=\"src\">\n    <div class=\"item\">🎤 Microfone com fio</div>\n    <div class=\"item\">📡 Mic sem fio (receptor)</div>\n    <div class=\"item\">💻 Notebook (saída de fone P2)</div>\n    <button class=\"plug\" id=\"plugNb\">Conectar notebook — cabo P2 → P10 estéreo</button>\n    <span class=\"hint\" id=\"plugHint\" style=\"margin:0\">a saída de fone (P2) do notebook vai na entrada de linha estéreo (P10) da mesa</span>\n  </div>\n\n  <div class=\"board\" id=\"board\"></div>\n  <div class=\"verdict\" id=\"verdict\"></div>\n\n<script>\n\"use strict\";\n(function(){\n  const $=id=>document.getElementById(id);\n  const clamp=(v,a,b)=>Math.max(a,Math.min(b,v));\n  // canais\n  const CH=[\n    {id:\"c1\",nm:\"Mic 1\",sub:\"XLR • voz\",kind:\"mic\",jack:\"XLR\",conn:true,  gain:35,hi:0,mid:0,lo:0,aux:0,on:true,fader:0,peak:false},\n    {id:\"c2\",nm:\"Sem fio\",sub:\"XLR • mão\",kind:\"mic\",jack:\"XLR\",conn:true, gain:30,hi:0,mid:0,lo:0,aux:0,on:true,fader:0,peak:false},\n    {id:\"ln\",nm:\"Notebook\",sub:\"Linha estéreo P10\",kind:\"line\",jack:\"P10\", conn:false,gain:50,hi:0,mid:0,lo:0,aux:0,on:true,fader:0,peak:false},\n  ];\n  const master={fader:60,phantom:false};\n  const by=id=>CH.find(c=>c.id===id);\n\n  const KN={gain:{min:0,max:100},hi:{min:-15,max:15},mid:{min:-15,max:15},lo:{min:-15,max:15},aux:{min:0,max:100}};\n  function rotOf(k,v){const d=KN[k];return -140+(v-d.min)/(d.max-d.min)*280;}\n  function kv(k,v){ if(k===\"gain\"||k===\"aux\")return Math.round(v); return (v>0?\"+\":\"\")+Math.round(v); }\n\n  const board=$(\"board\");\n  function render(){\n    board.innerHTML=\"\";\n    CH.forEach(c=>board.appendChild(stripEl(c)));\n    board.appendChild(masterEl());\n    paintClipAndRot();\n  }\n  function knob(c,k,cls){ return `<div class=\"knob\"><div class=\"dial ${cls||''''}\" data-ch=\"${c.id}\" data-k=\"${k}\"></div>\n    <div class=\"kl\">${({gain:\"GANHO\",hi:\"HIGH\",mid:\"MID\",lo:\"LOW\",aux:\"AUX\"})[k]}</div><div class=\"kv\" id=\"v-${c.id}-${k}\">${kv(k,c[k])}</div></div>`; }\n  function stripEl(c){\n    const d=document.createElement(\"div\");d.className=\"strip\";d.dataset.ch=c.id;\n    d.innerHTML=`\n      <div class=\"lbl\">${c.nm}</div><div class=\"sub2\">${c.sub}</div>\n      <span class=\"jack ${c.conn?''on'':''''}\" id=\"jack-${c.id}\">${c.conn?''● ''+c.jack:''○ sem cabo''}</span>\n      ${knob(c,\"gain\")}\n      <div class=\"eqrow\">${knob(c,\"hi\",\"eq\")}${knob(c,\"lo\",\"eq\")}</div>\n      ${knob(c,\"mid\",\"eq\")}\n      ${knob(c,\"aux\")}\n      <div class=\"peak\" id=\"peak-${c.id}\">● PEAK</div>\n      <button class=\"onbtn ${c.on?''on'':''''}\" data-on=\"${c.id}\">${c.on?''ON'':''MUTE''}</button>\n      <div class=\"faderwrap\"><div class=\"meter\"><i id=\"m-${c.id}\"></i></div>\n        <div class=\"fader\" data-fch=\"${c.id}\"><div class=\"unity\"></div><div class=\"cap\" id=\"cap-${c.id}\"></div></div></div>\n      <div class=\"fdb\" id=\"fdb-${c.id}\">${c.fader}</div>`;\n    return d;\n  }\n  function masterEl(){\n    const d=document.createElement(\"div\");d.className=\"strip master\";\n    d.innerHTML=`<div class=\"lbl\">MASTER</div><div class=\"sub2\">saída principal</div>\n      <button class=\"phantom ${master.phantom?''on'':''''}\" id=\"phantom\">+48V ${master.phantom?''ON'':''OFF''}</button>\n      <div style=\"flex:1\"></div>\n      <div class=\"faderwrap\"><div class=\"meter\"><i id=\"m-main\"></i></div><div class=\"meter\"><i id=\"m-main2\"></i></div>\n        <div class=\"fader\" data-fch=\"main\"><div class=\"unity\"></div><div class=\"cap\" id=\"cap-main\"></div></div></div>\n      <div class=\"fdb\" id=\"fdb-main\">${master.fader}</div>`;\n    return d;\n  }\n\n  // Interação unificada (mouse + toque) via Pointer Events + delegação no board.\n  // Registrada UMA vez — não re-registra a cada render (sem vazamento de listeners).\n  let knobDrag=null,faderDrag=null,lastY=0;\n  function setFaderFromY(id,y){const f=board.querySelector(''.fader[data-fch=\"''+id+''\"]'');if(!f)return;\n    const r=f.getBoundingClientRect();let v=Math.round(clamp(1-(y-r.top)/r.height,0,1)*100);\n    if(id===\"main\"){master.fader=v;$(\"fdb-main\").textContent=v;} else {const c=by(id);c.fader=v;$(\"fdb-\"+id).textContent=v;}\n    placeCap(id);check();}\n  function setupInteraction(){\n    board.addEventListener(\"pointerdown\",e=>{\n      const dial=e.target.closest(\".dial\");\n      if(dial){knobDrag={el:dial,ch:dial.dataset.ch,k:dial.dataset.k};lastY=e.clientY;board.setPointerCapture(e.pointerId);e.preventDefault();return;}\n      const f=e.target.closest(\".fader\");\n      if(f){faderDrag=f.dataset.fch;board.setPointerCapture(e.pointerId);setFaderFromY(faderDrag,e.clientY);e.preventDefault();return;}\n    });\n    board.addEventListener(\"pointermove\",e=>{\n      if(knobDrag){const dy=lastY-e.clientY;lastY=e.clientY;const c=by(knobDrag.ch),d=KN[knobDrag.k];\n        c[knobDrag.k]=clamp(c[knobDrag.k]+dy*(d.max-d.min)/150,d.min,d.max);\n        const v=$(\"v-\"+knobDrag.ch+\"-\"+knobDrag.k);if(v)v.textContent=kv(knobDrag.k,c[knobDrag.k]);\n        knobDrag.el.style.setProperty(\"--rot\",rotOf(knobDrag.k,c[knobDrag.k])+\"deg\");checkClip(c);check();e.preventDefault();}\n      else if(faderDrag){setFaderFromY(faderDrag,e.clientY);e.preventDefault();}\n    });\n    const end=()=>{knobDrag=null;faderDrag=null;};\n    board.addEventListener(\"pointerup\",end);board.addEventListener(\"pointercancel\",end);\n    // botões (delegação) — funcionam mesmo após re-render\n    board.addEventListener(\"click\",e=>{\n      const on=e.target.closest(\"[data-on]\");if(on){const c=by(on.dataset.on);c.on=!c.on;render();check();return;}\n      const ph=e.target.closest(\"#phantom\");if(ph){master.phantom=!master.phantom;render();check();return;}\n    });\n  }\n  function placeCap(id){ const v=id===\"main\"?master.fader:by(id).fader; const cap=$(\"cap-\"+id); if(cap)cap.style.bottom=\"calc(\"+v+\"% - 10px)\"; }\n  function paintClipAndRot(){ CH.forEach(c=>{ [\"gain\",\"hi\",\"mid\",\"lo\",\"aux\"].forEach(k=>{const el=board.querySelector(''.dial[data-ch=\"''+c.id+''\"][data-k=\"''+k+''\"]'');if(el)el.style.setProperty(\"--rot\",rotOf(k,c[k])+\"deg\");}); placeCap(c.id); checkClip(c); }); placeCap(\"main\"); }\n  function checkClip(c){ c.peak = c.conn && c.on && c.kind===\"mic\" && c.gain>72; const el=$(\"peak-\"+c.id); if(el)el.classList.toggle(\"on\",c.peak); }\n\n  // notebook connect\n  $(\"plugNb\").onclick=()=>{ const ln=by(\"ln\"); ln.conn=!ln.conn; $(\"plugNb\").classList.toggle(\"done\",ln.conn);\n    $(\"plugNb\").textContent = ln.conn? \"✔ Notebook conectado (P2→P10)\" : \"Conectar notebook — cabo P2 → P10 estéreo\";\n    render(); check(); };\n\n  // meters loop\n  let t=0;\n  function loop(){ t+=0.05;\n    CH.forEach(c=>{ const el=$(\"m-\"+c.id); if(!el)return;\n      let lvl=0; if(c.conn&&c.on){ const base=c.kind===\"mic\"?(c.gain/100):(0.6); const env=0.55+0.45*Math.sin(t*(1.7)+c.id.length);\n        lvl=clamp(base*(c.fader/100)*env*1.5 + (c.peak?0.3:0),0,1); }\n      el.style.height=(lvl*100)+\"%\"; });\n    let sum=0;CH.forEach(c=>{if(c.conn&&c.on)sum+=(c.kind===\"mic\"?c.gain/100:0.6)*(c.fader/100);});\n    const main=clamp(sum*(master.fader/100)*1.1,0,1); const mm=$(\"m-main\"),mm2=$(\"m-main2\");\n    if(mm){mm.style.height=(main*100)+\"%\";} if(mm2){mm2.style.height=(clamp(main-0.03,0,1)*100)+\"%\";}\n    requestAnimationFrame(loop);\n  }\n\n  // missões\n  const M=[\n    { t:''Toque a música de fundo: clique <b>Conectar notebook (P2→P10)</b> e suba o <b>fader</b> do canal Notebook (linha estéreo) acima de 60.'',\n      ok:()=>{const l=by(\"ln\");return l.conn&&l.on&&l.fader>=60;} },\n    { t:''Ganho sem estourar: no <b>Mic 1</b>, suba o <b>GANHO</b> — mas se o <b>PEAK</b> vermelho acender, abaixe. Deixe o ganho forte, porém sem clip (entre 55 e 70).'',\n      ok:()=>{const c=by(\"c1\");return c.gain>=55&&c.gain<=70&&!c.peak;} },\n    { t:''Voz abafada: no <b>Mic 1</b>, use o EQ de 3 bandas — realce o <b>HIGH</b> (+4 ou mais) e reduza o <b>LOW</b> (−4 ou menos).'',\n      ok:()=>{const c=by(\"c1\");return c.hi>=4&&c.lo<=-4;} },\n    { t:''Abra o canal na mistura: suba o <b>fader</b> do <b>Mic 1</b> acima de 60 e garanta que ele está <b>ON</b>.'',\n      ok:()=>{const c=by(\"c1\");return c.on&&c.fader>=60;} },\n    { t:''Retorno do palestrante: mande o <b>Mic 1</b> para o <b>AUX</b> (monitor) — gire o AUX acima de 40.'',\n      ok:()=>{const c=by(\"c1\");return c.aux>=40;} },\n  ];\n  let mi=0;\n  function paintM(){const idx=$(\"mIdx\"),txt=$(\"mTxt\");\n    if(mi>=M.length){idx.textContent=\"CONCLUÍDO\";txt.innerHTML=\"🎓 <b>Mandou bem!</b> Você operou uma mesa analógica: notebook via P2→P10, ganho sem clip, EQ de 3 bandas e retorno.\";$(\"mSkip\").style.display=\"none\";return;}\n    idx.textContent=\"MISSÃO \"+(mi+1)+\"/\"+M.length;txt.innerHTML=M[mi].t;}\n  function check(){if(mi>=M.length)return;try{if(M[mi].ok()){mi++;$(\"verdict\").textContent=\"✔ Feito!\";$(\"verdict\").className=\"verdict good\";setTimeout(()=>{$(\"verdict\").textContent=\"\";},1200);paintM();}}catch(e){}}\n  $(\"mSkip\").onclick=()=>{if(mi<M.length){mi++;paintM();}};\n\n  setupInteraction();render();paintM();requestAnimationFrame(loop);\n})();\n</script>\n</body>\n</html>\n"}]'::jsonb);

-- AULA 4: Microfones sem fio: canal, frequência, sincronismo e bateria
insert into public.lessons (id,module_id,titulo,tipo,conteudo_rico,duracao_min,ordem,tem_quiz,preview_gratis) values
  ('5b000000-b551-4c00-9000-0000000b0004','5b000000-b551-4c00-9000-0000000000a1','Microfones sem fio: canal, frequência, sincronismo e bateria','texto','<p><strong>No corporativo, o microfone sem fio é quase obrigatório</strong> — palestrante que anda, mesa-redonda, entrevista, premiação. E é também onde mais acontece vexame: microfone que corta, chia ou emudece no meio da fala. A boa notícia: quase todos esses problemas se evitam com quatro cuidados simples. Vamos a eles.</p>

{{IMG:mic-sem-fio}}

<h3>As duas partes do sistema</h3>
<ul>
<li><strong>Transmissor (TX):</strong> é o microfone. Pode ser <strong>de mão</strong> (bastão) ou um <strong>bodypack</strong> (aquela caixinha de cinto) ligado a uma lapela ou headset. Funciona com <strong>pilha/bateria</strong> e transmite o áudio por rádio.</li>
<li><strong>Receptor (RX):</strong> fica perto da mesa, recebe o sinal de rádio e entrega o áudio para um canal da mesa (por XLR ou P10). É ele que mostra <strong>canal, RF e bateria</strong> no visor.</li>
</ul>

<h3>Canal e frequência: a regra de ouro</h3>
<p><strong>Cada sistema sem fio opera numa frequência (canal) de rádio.</strong> E aqui está a regra que evita 90% dos problemas: <strong>cada microfone precisa de um canal diferente</strong>. Dois transmissores na mesma frequência = interferência, chiado e cortes. Se você tem 3 microfones sem fio, são 3 canais distintos, todos livres de interferência.</p>
<p><strong>De onde vem a interferência?</strong> De TVs digitais, outros sistemas sem fio no local, wi-fi/intercom e equipamentos próximos. Por isso, ao chegar no evento, você faz um <strong>SCAN</strong>: o receptor varre as frequências e mostra quais canais estão limpos. Escolha um canal <strong>livre</strong> e fuja dos ocupados.</p>

<h3>Sincronizar (SYNC): transmissor e receptor na mesma página</h3>
<p><strong>Depois de escolher o canal no receptor, o transmissor precisa ir para o mesmo canal.</strong> A maioria dos sistemas faz isso com um <strong>SYNC</strong> por infravermelho: você aproxima o microfone do receptor e ele "passa" a frequência automaticamente. Se transmissor e receptor estiverem em canais diferentes, simplesmente <strong>não há áudio</strong> — mesmo com tudo ligado.</p>

<h3>RF e AF: lendo o visor do receptor</h3>
<ul>
<li><strong>RF (Rádio Frequência):</strong> a força do sinal de rádio entre transmissor e receptor. RF baixo = risco de <strong>dropout</strong> (cortes). Melhora com o receptor à vista do transmissor e antenas bem posicionadas.</li>
<li><strong>AF (Áudio Frequência):</strong> o nível do áudio que está chegando. É o que você manda para a mesa.</li>
</ul>

<h3>Bateria: o inimigo número um</h3>
<p><strong>Bateria fraca é a causa mais comum de falha no meio do evento.</strong> Cuidados:</p>
<ul>
<li>Comece o evento com <strong>bateria/pilha nova</strong> (ou carregada). Não confie em "ainda tem um pouco".</li>
<li>Tenha <strong>reserva</strong> à mão para troca rápida.</li>
<li>Fique de olho no indicador de bateria do receptor durante o evento.</li>
<li>Desligue os transmissores nos intervalos para poupar carga.</li>
</ul>

<h3>Dropout e como reduzir</h3>
<p><strong>Dropout</strong> é aquele corte rápido no áudio. Causas e soluções: <strong>distância/obstáculo</strong> (aproxime o receptor, deixe à vista), <strong>interferência</strong> (troque de canal com SCAN), <strong>bateria fraca</strong> (troque) e <strong>antenas</strong> mal posicionadas (afaste-as em "V" e longe de metal e de fontes de rádio).</p>

<h3>Pratique no simulador</h3>
<p><strong>No simulador você configura um sistema sem fio do zero:</strong> liga o transmissor, faz o <strong>SCAN</strong> para achar um canal livre de interferência, <strong>sincroniza</strong> o transmissor com o receptor e cuida da <strong>bateria</strong>. Complete as 4 missões — é exatamente a rotina de preparar um microfone sem fio antes da palestra.</p>',20,4,true,false);
insert into public.quizzes (id,lesson_id,titulo) values ('5b000000-b551-4c00-9000-0000000c0004','5b000000-b551-4c00-9000-0000000b0004','Quiz — Microfones sem fio');
insert into public.quiz_questions (id,quiz_id,texto,explicacao,ordem,pontos) values ('5b000000-b551-4c00-9000-000000000401','5b000000-b551-4c00-9000-0000000c0004','Se você usa três microfones sem fio ao mesmo tempo, eles devem estar em:','Cada sistema precisa de um canal/frequência diferente. Dois no mesmo canal geram interferência e cortes.',1,1);
insert into public.quiz_options (question_id,texto,correta,ordem) values ('5b000000-b551-4c00-9000-000000000401','Todos no mesmo canal',false,1);
insert into public.quiz_options (question_id,texto,correta,ordem) values ('5b000000-b551-4c00-9000-000000000401','Três canais/frequências diferentes, todos livres',true,2);
insert into public.quiz_options (question_id,texto,correta,ordem) values ('5b000000-b551-4c00-9000-000000000401','Qualquer canal, não importa',false,3);
insert into public.quiz_options (question_id,texto,correta,ordem) values ('5b000000-b551-4c00-9000-000000000401','Todos desligados menos um',false,4);
insert into public.quiz_questions (id,quiz_id,texto,explicacao,ordem,pontos) values ('5b000000-b551-4c00-9000-000000000402','5b000000-b551-4c00-9000-0000000c0004','O canal do receptor está com interferência. O que fazer?','Fazer um SCAN para o receptor achar um canal livre e mudar para ele. Depois, sincronizar o transmissor.',2,1);
insert into public.quiz_options (question_id,texto,correta,ordem) values ('5b000000-b551-4c00-9000-000000000402','Aumentar o volume da mesa',false,1);
insert into public.quiz_options (question_id,texto,correta,ordem) values ('5b000000-b551-4c00-9000-000000000402','Fazer SCAN e mudar para um canal livre',true,2);
insert into public.quiz_options (question_id,texto,correta,ordem) values ('5b000000-b551-4c00-9000-000000000402','Trocar o microfone por um com fio na hora',false,3);
insert into public.quiz_options (question_id,texto,correta,ordem) values ('5b000000-b551-4c00-9000-000000000402','Ignorar, vai melhorar sozinho',false,4);
insert into public.quiz_questions (id,quiz_id,texto,explicacao,ordem,pontos) values ('5b000000-b551-4c00-9000-000000000403','5b000000-b551-4c00-9000-0000000c0004','Para que serve o SYNC entre transmissor e receptor?','O SYNC coloca o transmissor no mesmo canal/frequência do receptor. Em canais diferentes, não há áudio.',3,1);
insert into public.quiz_options (question_id,texto,correta,ordem) values ('5b000000-b551-4c00-9000-000000000403','Carregar a bateria',false,1);
insert into public.quiz_options (question_id,texto,correta,ordem) values ('5b000000-b551-4c00-9000-000000000403','Colocar transmissor e receptor no mesmo canal',true,2);
insert into public.quiz_options (question_id,texto,correta,ordem) values ('5b000000-b551-4c00-9000-000000000403','Aumentar o grave',false,3);
insert into public.quiz_options (question_id,texto,correta,ordem) values ('5b000000-b551-4c00-9000-000000000403','Ligar o phantom',false,4);
insert into public.quiz_questions (id,quiz_id,texto,explicacao,ordem,pontos) values ('5b000000-b551-4c00-9000-000000000404','5b000000-b551-4c00-9000-0000000c0004','No visor do receptor, o indicador RF mostra:','RF é a força do sinal de rádio entre transmissor e receptor. RF baixo indica risco de dropout (cortes).',4,1);
insert into public.quiz_options (question_id,texto,correta,ordem) values ('5b000000-b551-4c00-9000-000000000404','O nível de bateria da mesa',false,1);
insert into public.quiz_options (question_id,texto,correta,ordem) values ('5b000000-b551-4c00-9000-000000000404','A força do sinal de rádio entre transmissor e receptor',true,2);
insert into public.quiz_options (question_id,texto,correta,ordem) values ('5b000000-b551-4c00-9000-000000000404','O volume dos graves',false,3);
insert into public.quiz_options (question_id,texto,correta,ordem) values ('5b000000-b551-4c00-9000-000000000404','A temperatura do equipamento',false,4);
insert into public.quiz_questions (id,quiz_id,texto,explicacao,ordem,pontos) values ('5b000000-b551-4c00-9000-000000000405','5b000000-b551-4c00-9000-0000000c0004','Qual é a causa mais comum de o microfone sem fio falhar no meio do evento?','Bateria fraca. Comece com bateria nova/carregada, tenha reserva e acompanhe o indicador durante o evento.',5,1);
insert into public.quiz_options (question_id,texto,correta,ordem) values ('5b000000-b551-4c00-9000-000000000405','Excesso de bateria',false,1);
insert into public.quiz_options (question_id,texto,correta,ordem) values ('5b000000-b551-4c00-9000-000000000405','Bateria fraca',true,2);
insert into public.quiz_options (question_id,texto,correta,ordem) values ('5b000000-b551-4c00-9000-000000000405','Phantom power ligado',false,3);
insert into public.quiz_options (question_id,texto,correta,ordem) values ('5b000000-b551-4c00-9000-000000000405','Cabo XLR muito curto',false,4);
insert into public.quiz_questions (id,quiz_id,texto,explicacao,ordem,pontos) values ('5b000000-b551-4c00-9000-000000000406','5b000000-b551-4c00-9000-0000000c0004','Um dropout (corte rápido do áudio) pode ser causado por:','Distância/obstrução, interferência de outro canal, bateria fraca ou antenas mal posicionadas — todos reduzem o sinal de rádio.',6,1);
insert into public.quiz_options (question_id,texto,correta,ordem) values ('5b000000-b551-4c00-9000-000000000406','Somente pela cor do microfone',false,1);
insert into public.quiz_options (question_id,texto,correta,ordem) values ('5b000000-b551-4c00-9000-000000000406','Distância/obstáculo, interferência, bateria fraca ou antenas mal posicionadas',true,2);
insert into public.quiz_options (question_id,texto,correta,ordem) values ('5b000000-b551-4c00-9000-000000000406','Ter escolhido um canal livre',false,3);
insert into public.quiz_options (question_id,texto,correta,ordem) values ('5b000000-b551-4c00-9000-000000000406','Usar bateria nova',false,4);
insert into public.ai_animations (lesson_id,tipo,status,model,custo_usd,roteiro,urls) values ('5b000000-b551-4c00-9000-0000000b0004','interactive','ready','handcrafted-interactive',0,'{"titulo":"Simulador — Microfone sem fio","cenas":[{"numero":1,"titulo":"Simulador — Microfone sem fio","modo":"widget","narracao":"Ligue o sistema, ache um canal livre com SCAN, sincronize e cuide da bateria. Complete as 4 missões.","explicacao_texto":"Ligue o sistema, ache um canal livre com SCAN, sincronize e cuide da bateria. Complete as 4 missões.","destaques":["Canal/frequência por microfone","SCAN contra interferência","SYNC transmissor↔receptor","Bateria e dropout"]}]}'::jsonb,'[{"html":"<!doctype html>\n<html lang=\"pt-BR\">\n<head>\n<meta charset=\"utf-8\">\n<meta name=\"viewport\" content=\"width=device-width, initial-scale=1\">\n<title>Simulador — Microfone sem fio (SMU)</title>\n<style>\n  :root{--bg:#0b0f17;--panel:#151b28;--panel2:#0f1420;--line:#26344c;--ink:#e7ecf5;\n    --muted:#8ea0bd;--amber:#F59E0B;--green:#22c55e;--red:#ef4444;--cyan:#22d3ee}\n  *{box-sizing:border-box}html,body{margin:0}\n  body{background:var(--bg);color:var(--ink);font-family:\"Space Grotesk\",system-ui,-apple-system,\"Segoe UI\",Roboto,sans-serif;\n    -webkit-font-smoothing:antialiased;padding:10px;user-select:none}\n  h1{font-size:15px;margin:0 0 2px}.sub{font-size:11.5px;color:var(--muted);margin-bottom:10px}\n  .mission{display:flex;gap:10px;align-items:center;background:#0c1220;border:1px solid var(--line);border-radius:10px;padding:9px 12px;margin-bottom:12px}\n  .mission .idx{font-size:10px;color:var(--amber);font-weight:800;letter-spacing:.8px;white-space:nowrap}\n  .mission .txt{font-size:12.5px;line-height:1.3;flex:1}.mission .txt b{color:var(--amber)}\n  .mission button{font:inherit;font-size:11px;color:var(--muted);background:transparent;border:1px solid var(--line);border-radius:7px;padding:6px 9px;cursor:pointer}\n  .grid{display:flex;flex-wrap:wrap;gap:12px}\n  .card{flex:1 1 300px;background:linear-gradient(180deg,var(--panel),var(--panel2));border:1px solid var(--line);border-radius:12px;padding:14px}\n  .card h3{margin:0 0 10px;font-size:11px;letter-spacing:1.2px;color:var(--muted);text-transform:uppercase}\n  .lcd{background:#08130d;border:1px solid #16351f;border-radius:8px;padding:10px 12px;font-family:\"Courier New\",monospace;margin-bottom:10px}\n  .lcd .big{font-size:22px;font-weight:700;color:#39ff9e;letter-spacing:1px}\n  .lcd .lbl{font-size:10px;color:#4a8f6a}\n  .bars{display:flex;gap:3px;align-items:flex-end;height:22px;margin-top:4px}\n  .bars i{width:6px;background:#16351f;border-radius:1px}.bars i.on{background:#39ff9e}\n  .bars.rf i.on{background:var(--cyan)}\n  .row{display:flex;gap:8px;flex-wrap:wrap;align-items:center;margin-top:6px}\n  .chgrid{display:grid;grid-template-columns:repeat(4,1fr);gap:6px;margin:8px 0}\n  .ch{font:inherit;font-size:11px;font-weight:700;padding:8px 4px;border-radius:7px;border:1px solid var(--line);background:#0c1220;color:var(--ink);cursor:pointer;text-align:center;position:relative}\n  .ch.busy{color:var(--red);border-color:#5b2626}\n  .ch.free{color:var(--green)}\n  .ch.sel{outline:2px solid var(--amber);outline-offset:1px}\n  .ch small{display:block;font-size:8px;color:var(--muted);font-weight:600}\n  .btn{font:inherit;font-size:12px;font-weight:800;padding:9px 14px;border-radius:9px;border:0;background:var(--amber);color:#0b0f17;cursor:pointer}\n  .btn.sec{background:#0c1220;border:1px solid var(--line);color:var(--ink)}\n  .batt{display:flex;align-items:center;gap:8px;margin-top:6px}\n  .battbar{flex:1;height:14px;border-radius:4px;background:#05070d;border:1px solid #1a2540;overflow:hidden}\n  .battbar i{display:block;height:100%;background:var(--green);transition:width .2s}\n  .txbody{display:flex;flex-direction:column;align-items:center;gap:8px}\n  .mic{font-size:44px}\n  .verdict{font-size:12px;font-weight:700;min-height:16px;margin-top:8px;text-align:center}.verdict.good{color:var(--green)}.verdict.bad{color:var(--red)}\n  .tag{font-size:10px;padding:3px 8px;border-radius:20px;border:1px solid var(--line);color:var(--muted)}\n  .tag.ok{color:var(--green);border-color:var(--green)}.tag.bad{color:var(--red);border-color:var(--red)}\n</style>\n</head>\n<body>\n  <h1>Microfone sem fio — configuração</h1>\n  <div class=\"sub\">Ligue o sistema, ache um canal livre de interferência, sincronize e cuide da bateria.</div>\n  <div class=\"mission\">\n    <span class=\"idx\" id=\"mIdx\">MISSÃO 1/4</span>\n    <span class=\"txt\" id=\"mTxt\">—</span>\n    <button id=\"mSkip\">Pular</button>\n  </div>\n\n  <div class=\"grid\">\n    <!-- RECEPTOR -->\n    <div class=\"card\">\n      <h3>Receptor (na mesa)</h3>\n      <div class=\"lcd\">\n        <div class=\"lbl\">CANAL / FREQUÊNCIA</div>\n        <div class=\"big\" id=\"rxDisp\">CH— · ---.--- MHz</div>\n        <div class=\"lbl\" style=\"margin-top:6px\">RF (sinal de rádio)</div>\n        <div class=\"bars rf\" id=\"rfBars\"></div>\n        <div class=\"lbl\" style=\"margin-top:6px\">AF (áudio)</div>\n        <div class=\"bars\" id=\"afBars\"></div>\n      </div>\n      <div class=\"lbl\" style=\"font-size:10px;color:var(--muted)\">Toque num canal (verde = livre, vermelho = interferência):</div>\n      <div class=\"chgrid\" id=\"chgrid\"></div>\n      <div class=\"row\">\n        <button class=\"btn sec\" id=\"scanBtn\">🔎 SCAN (achar canal livre)</button>\n        <button class=\"btn\" id=\"syncBtn\">⇄ SYNC transmissor</button>\n      </div>\n      <div class=\"row\"><span class=\"tag\" id=\"syncTag\">não sincronizado</span></div>\n    </div>\n\n    <!-- TRANSMISSOR -->\n    <div class=\"card\" style=\"flex:1 1 220px\">\n      <h3>Transmissor (o microfone)</h3>\n      <div class=\"txbody\">\n        <div class=\"mic\" id=\"micIco\">🎤</div>\n        <button class=\"btn\" id=\"txPower\">Ligar transmissor</button>\n        <div class=\"lcd\" style=\"width:100%;text-align:center\">\n          <div class=\"lbl\">CANAL DO TX</div><div class=\"big\" id=\"txDisp\" style=\"font-size:18px\">CH—</div>\n        </div>\n        <div style=\"width:100%\">\n          <div class=\"lbl\" style=\"font-size:10px;color:var(--muted)\">Bateria</div>\n          <div class=\"batt\"><div class=\"battbar\"><i id=\"battFill\"></i></div><span id=\"battTxt\" style=\"font-size:11px\">15%</span></div>\n          <button class=\"btn sec\" id=\"battBtn\" style=\"margin-top:6px;width:100%\">🔋 Trocar / recarregar bateria</button>\n        </div>\n      </div>\n    </div>\n  </div>\n  <div class=\"verdict\" id=\"verdict\"></div>\n\n<script>\n\"use strict\";\n(function(){\n  const $=id=>document.getElementById(id);\n  // canais: alguns com interferência\n  const CH=[\n    {n:1,f:\"512.100\",busy:true},{n:2,f:\"514.375\",busy:false},{n:3,f:\"518.900\",busy:true},{n:4,f:\"521.250\",busy:false},\n    {n:5,f:\"524.600\",busy:false},{n:6,f:\"527.125\",busy:true},{n:7,f:\"530.800\",busy:false},{n:8,f:\"533.400\",busy:true},\n  ];\n  const state={ rx:1, tx:3, txOn:false, batt:15 };\n  const rxCh=()=>CH.find(c=>c.n===state.rx);\n  const synced=()=>state.tx===state.rx;\n  const receiving=()=>state.txOn && synced() && !rxCh().busy && state.batt>5;\n\n  function renderChannels(){\n    const g=$(\"chgrid\");g.innerHTML=\"\";\n    CH.forEach(c=>{ const b=document.createElement(\"button\");\n      b.className=\"ch \"+(c.busy?\"busy\":\"free\")+(c.n===state.rx?\" sel\":\"\");\n      b.innerHTML=`CH${c.n}<small>${c.busy?\"interfer.\":\"livre\"}</small>`;\n      b.onclick=()=>{state.rx=c.n;update();check();};\n      g.appendChild(b); });\n  }\n  function bars(el,n,cls){ el.innerHTML=\"\"; for(let i=0;i<10;i++){ const b=document.createElement(\"i\");\n    b.style.height=(6+i*1.6)+\"px\"; if(i<n)b.className=\"on\"; el.appendChild(b); } }\n  function update(){\n    const c=rxCh();\n    $(\"rxDisp\").textContent=\"CH\"+c.n+\" · \"+c.f+\" MHz\";\n    $(\"txDisp\").textContent=\"CH\"+state.tx;\n    $(\"txPower\").textContent=state.txOn?\"Desligar transmissor\":\"Ligar transmissor\";\n    $(\"txPower\").classList.toggle(\"sec\",state.txOn);\n    $(\"micIco\").style.opacity=state.txOn?\"1\":\"0.4\";\n    $(\"syncTag\").textContent=synced()?\"sincronizado ✓\":\"não sincronizado\";\n    $(\"syncTag\").className=\"tag \"+(synced()?\"ok\":\"bad\");\n    $(\"battFill\").style.width=state.batt+\"%\";\n    $(\"battFill\").style.background=state.batt<20?\"var(--red)\":state.batt<50?\"var(--amber)\":\"var(--green)\";\n    $(\"battTxt\").textContent=state.batt+\"%\";\n    // RF\n    let rf=0; if(state.txOn && state.batt>5){ rf = synced()? (rxCh().busy?3:9) : 1; if(!synced())rf=Math.max(rf,2); }\n    bars($(\"rfBars\"),rf,\"rf\");\n    // AF\n    bars($(\"afBars\"), receiving()? 7:0);\n    renderChannels();\n  }\n  $(\"scanBtn\").onclick=()=>{ const free=CH.find(c=>!c.busy); if(free){state.rx=free.n; $(\"verdict\").textContent=\"SCAN: canal livre encontrado — CH\"+free.n; $(\"verdict\").className=\"verdict good\";} update();check(); };\n  $(\"syncBtn\").onclick=()=>{ state.tx=state.rx; $(\"verdict\").textContent=\"Transmissor sincronizado no CH\"+state.tx; $(\"verdict\").className=\"verdict good\"; update();check(); };\n  $(\"txPower\").onclick=()=>{ state.txOn=!state.txOn; update();check(); };\n  $(\"battBtn\").onclick=()=>{ state.batt=100; $(\"verdict\").textContent=\"Bateria nova instalada (100%).\"; $(\"verdict\").className=\"verdict good\"; update();check(); };\n\n  // bateria drenando devagar quando ligado\n  setInterval(()=>{ if(state.txOn&&state.batt>0){ state.batt=Math.max(0,state.batt-1); update(); } },5000);\n\n  const M=[\n    { t:''Ligue o <b>transmissor</b> (o microfone). Veja o RF aparecer no receptor.'', ok:()=>state.txOn },\n    { t:''O canal do receptor tem <b>interferência</b> (vermelho). Clique <b>SCAN</b> para achar um canal livre (verde).'', ok:()=>!rxCh().busy },\n    { t:''Agora <b>sincronize</b> o transmissor com o receptor (mesmo canal). Clique <b>SYNC</b>.'', ok:()=>synced()&&!rxCh().busy },\n    { t:''A <b>bateria</b> está fraca. Troque/recarregue para o microfone não falhar no meio do evento.'', ok:()=>state.batt>=80&&receiving() },\n  ];\n  let mi=0;\n  function paintM(){const idx=$(\"mIdx\"),txt=$(\"mTxt\");\n    if(mi>=M.length){idx.textContent=\"CONCLUÍDO\";txt.innerHTML=\"🎓 <b>Perfeito!</b> Sistema sem fio no ar: canal livre, sincronizado e bateria cheia — sem sustos no evento.\";$(\"mSkip\").style.display=\"none\";return;}\n    idx.textContent=\"MISSÃO \"+(mi+1)+\"/\"+M.length;txt.innerHTML=M[mi].t;}\n  function check(){if(mi>=M.length)return;try{if(M[mi].ok()){mi++;paintM();}}catch(e){}}\n  $(\"mSkip\").onclick=()=>{if(mi<M.length){mi++;paintM();}};\n\n  update();paintM();\n})();\n</script>\n</body>\n</html>\n"}]'::jsonb);

-- AULA 5: Analógico × Digital e gain staging: sinal forte e limpo
insert into public.lessons (id,module_id,titulo,tipo,conteudo_rico,duracao_min,ordem,tem_quiz,preview_gratis) values
  ('5b000000-b551-4c00-9000-0000000b0005','5b000000-b551-4c00-9000-0000000000a1','Analógico × Digital e gain staging: sinal forte e limpo','texto','<p><strong>"Gain staging" é o nome técnico de uma habilidade simples e decisiva:</strong> acertar o quão forte o sinal está em cada etapa. Se o sinal está fraco demais, você aumenta depois e vem junto o chiado (ruído). Se está forte demais, ele distorce. O ponto certo é <strong>forte e limpo, com folga</strong>. Esta aula te dá os conceitos por trás disso — e a diferença entre o mundo analógico e o digital.</p>

{{IMG:analog-digital-diagrama}}

<h3>dB, o "volume" do áudio</h3>
<p><strong>dB (decibel) é a unidade que medimos o nível do som e do sinal.</strong> Você não precisa da matemática — precisa da intuição: números maiores (menos negativos) = mais forte. No áudio digital usamos o <strong>dBFS</strong> ("dB Full Scale"), onde <strong>0 dBFS é o teto absoluto</strong>. Tudo fica abaixo de 0 (por isso os medidores mostram números negativos: −18, −12, −6…).</p>

<h3>Analógico × Digital: onde está o teto</h3>
<ul>
<li><strong>Digital:</strong> o teto é <strong>0 dBFS</strong> e ele é <strong>duro</strong>. Passou de 0, o som corta seco — aquela distorção feia e áspera (clipping). No digital, você <strong>sempre</strong> trabalha com folga abaixo de 0.</li>
<li><strong>Analógico:</strong> quando você força além do ponto ideal, o equipamento <strong>satura aos poucos</strong> — um "esquentar" mais suave do som, menos agressivo que o corte digital. Mesmo assim, exagerar degrada o áudio.</li>
</ul>
<p><strong>Na prática, quase toda mesa hoje é digital (ou tem etapa digital),</strong> então a regra vale sempre: não deixe o pico chegar em 0.</p>

<h3>Headroom: a folga que salva o show</h3>
<p><strong>Headroom é o espaço entre o seu nível de trabalho e o teto (0 dBFS).</strong> Por que deixar folga? Porque a música e a fala têm <strong>picos imprevisíveis</strong> — um grito, uma palma, uma batida mais forte. Se você trabalha "colado" no teto, o próximo pico distorce. Por isso o alvo profissional é o sinal <strong>picar em torno de −18 dBFS</strong>: forte o suficiente para ficar acima do ruído, com bastante headroom para os picos.</p>

<h3>O piso de ruído (noise floor)</h3>
<p><strong>Todo sistema tem um "chiado" de fundo — o ruído.</strong> Se o seu sinal está muito fraco, você precisa aumentar bastante o volume depois, e aí o ruído sobe junto. Manter o sinal <strong>forte na entrada</strong> (bom ganho) deixa o áudio bem acima do ruído — é o outro lado do gain staging.</p>

<h3>AD / DA: a ponte entre os dois mundos</h3>
<p><strong>AD (analógico → digital)</strong> converte o som do microfone em números para a mesa digital processar. <strong>DA (digital → analógico)</strong> faz o caminho de volta, para o amplificador e a caixa. Essa conversão acontece o tempo todo e, se o sinal entra distorcido na conversão AD, não tem conserto depois — mais um motivo para acertar o ganho na entrada.</p>

<h3>A regra que resume tudo</h3>
<p><strong>Sinal forte, com folga.</strong> Ajuste o ganho para o pico ficar na zona boa (perto de −18, sem passar de −6). Longe do ruído (fraco demais) e longe da distorção (alto demais). Faça isso na entrada, antes de EQ e volume — porque, se o ganho muda, todo o resto muda junto.</p>

<h3>Pratique no simulador</h3>
<p><strong>No simulador você toca um trecho e ajusta o ganho</strong> observando o medidor em dBFS, com as zonas de ruído, alvo e clip. Você vai colocar o pico na zona verde, depois vai forçar até <strong>clipar</strong> (para ver e ouvir o teto do digital) e, por fim, corrigir. Compare também o modo Analógico e o Digital. Complete as 3 missões.</p>',20,5,true,false);
insert into public.quizzes (id,lesson_id,titulo) values ('5b000000-b551-4c00-9000-0000000c0005','5b000000-b551-4c00-9000-0000000b0005','Quiz — Analógico, digital e gain staging');
insert into public.quiz_questions (id,quiz_id,texto,explicacao,ordem,pontos) values ('5b000000-b551-4c00-9000-000000000501','5b000000-b551-4c00-9000-0000000c0005','O que é gain staging?','É acertar o nível do sinal em cada etapa: forte o bastante para ficar acima do ruído, mas com folga para não distorcer.',1,1);
insert into public.quiz_options (question_id,texto,correta,ordem) values ('5b000000-b551-4c00-9000-000000000501','Um tipo de microfone',false,1);
insert into public.quiz_options (question_id,texto,correta,ordem) values ('5b000000-b551-4c00-9000-000000000501','Acertar o nível do sinal em cada etapa (nem fraco, nem alto demais)',true,2);
insert into public.quiz_options (question_id,texto,correta,ordem) values ('5b000000-b551-4c00-9000-000000000501','Um efeito de reverb',false,3);
insert into public.quiz_options (question_id,texto,correta,ordem) values ('5b000000-b551-4c00-9000-000000000501','A ordem de ligar a mesa',false,4);
insert into public.quiz_questions (id,quiz_id,texto,explicacao,ordem,pontos) values ('5b000000-b551-4c00-9000-000000000502','5b000000-b551-4c00-9000-0000000c0005','No áudio digital, o teto absoluto de nível é:','0 dBFS. Passar de 0 causa clipping (distorção dura). Por isso se trabalha com folga abaixo de 0.',2,1);
insert into public.quiz_options (question_id,texto,correta,ordem) values ('5b000000-b551-4c00-9000-000000000502','+12 dBFS',false,1);
insert into public.quiz_options (question_id,texto,correta,ordem) values ('5b000000-b551-4c00-9000-000000000502','0 dBFS',true,2);
insert into public.quiz_options (question_id,texto,correta,ordem) values ('5b000000-b551-4c00-9000-000000000502','-60 dBFS',false,3);
insert into public.quiz_options (question_id,texto,correta,ordem) values ('5b000000-b551-4c00-9000-000000000502','Não existe teto no digital',false,4);
insert into public.quiz_questions (id,quiz_id,texto,explicacao,ordem,pontos) values ('5b000000-b551-4c00-9000-000000000503','5b000000-b551-4c00-9000-0000000c0005','Um sinal fraco demais na entrada resulta em:','Como você precisa aumentar muito depois, o ruído/chiado de fundo sobe junto. Melhor manter bom nível já na entrada.',3,1);
insert into public.quiz_options (question_id,texto,correta,ordem) values ('5b000000-b551-4c00-9000-000000000503','Mais distorção',false,1);
insert into public.quiz_options (question_id,texto,correta,ordem) values ('5b000000-b551-4c00-9000-000000000503','Mais ruído/chiado ao aumentar depois',true,2);
insert into public.quiz_options (question_id,texto,correta,ordem) values ('5b000000-b551-4c00-9000-000000000503','Nada, é sempre melhor',false,3);
insert into public.quiz_options (question_id,texto,correta,ordem) values ('5b000000-b551-4c00-9000-000000000503','Mais grave',false,4);
insert into public.quiz_questions (id,quiz_id,texto,explicacao,ordem,pontos) values ('5b000000-b551-4c00-9000-000000000504','5b000000-b551-4c00-9000-0000000c0005','Headroom é:','A folga entre o nível de trabalho e o teto (0 dBFS), reservada para os picos imprevisíveis da música e da fala.',4,1);
insert into public.quiz_options (question_id,texto,correta,ordem) values ('5b000000-b551-4c00-9000-000000000504','A folga entre o nível de trabalho e o teto, para os picos',true,1);
insert into public.quiz_options (question_id,texto,correta,ordem) values ('5b000000-b551-4c00-9000-000000000504','O ruído de fundo do sistema',false,2);
insert into public.quiz_options (question_id,texto,correta,ordem) values ('5b000000-b551-4c00-9000-000000000504','O volume do retorno',false,3);
insert into public.quiz_options (question_id,texto,correta,ordem) values ('5b000000-b551-4c00-9000-000000000504','Um tipo de cabo',false,4);
insert into public.quiz_questions (id,quiz_id,texto,explicacao,ordem,pontos) values ('5b000000-b551-4c00-9000-000000000505','5b000000-b551-4c00-9000-0000000c0005','AD / DA se refere a:','Conversão Analógico→Digital (AD) e Digital→Analógico (DA), que acontece entre o microfone, a mesa digital e a saída.',5,1);
insert into public.quiz_options (question_id,texto,correta,ordem) values ('5b000000-b551-4c00-9000-000000000505','Dois modelos de microfone',false,1);
insert into public.quiz_options (question_id,texto,correta,ordem) values ('5b000000-b551-4c00-9000-000000000505','Conversão analógico↔digital',true,2);
insert into public.quiz_options (question_id,texto,correta,ordem) values ('5b000000-b551-4c00-9000-000000000505','Ajuste de agudos e graves',false,3);
insert into public.quiz_options (question_id,texto,correta,ordem) values ('5b000000-b551-4c00-9000-000000000505','Antenas de sistema sem fio',false,4);
insert into public.quiz_questions (id,quiz_id,texto,explicacao,ordem,pontos) values ('5b000000-b551-4c00-9000-000000000506','5b000000-b551-4c00-9000-0000000c0005','Qual o alvo prático de nível ao ajustar o ganho?','Picar em torno de −18 dBFS: forte, acima do ruído, e com bastante folga (headroom) até o teto de 0.',6,1);
insert into public.quiz_options (question_id,texto,correta,ordem) values ('5b000000-b551-4c00-9000-000000000506','Colar em 0 dBFS',false,1);
insert into public.quiz_options (question_id,texto,correta,ordem) values ('5b000000-b551-4c00-9000-000000000506','Picar em torno de −18 dBFS',true,2);
insert into public.quiz_options (question_id,texto,correta,ordem) values ('5b000000-b551-4c00-9000-000000000506','Ficar sempre abaixo de −50 dBFS',false,3);
insert into public.quiz_options (question_id,texto,correta,ordem) values ('5b000000-b551-4c00-9000-000000000506','Deixar no vermelho',false,4);
insert into public.ai_animations (lesson_id,tipo,status,model,custo_usd,roteiro,urls) values ('5b000000-b551-4c00-9000-0000000b0005','interactive','ready','handcrafted-interactive',0,'{"titulo":"Simulador — Gain Staging (dBFS)","cenas":[{"numero":1,"titulo":"Simulador — Gain Staging (dBFS)","modo":"widget","narracao":"Ajuste o ganho para o pico ficar forte e limpo — sem ruído nem distorção. Compare analógico e digital. Complete as 3 missões.","explicacao_texto":"Ajuste o ganho para o pico ficar forte e limpo — sem ruído nem distorção. Compare analógico e digital. Complete as 3 missões.","destaques":["dBFS e o teto de 0","Headroom (folga para picos)","Piso de ruído","Analógico satura × digital corta"]}]}'::jsonb,'[{"html":"<!doctype html>\n<html lang=\"pt-BR\">\n<head>\n<meta charset=\"utf-8\">\n<meta name=\"viewport\" content=\"width=device-width, initial-scale=1\">\n<title>Simulador — Analógico × Digital e Gain Staging (SMU)</title>\n<style>\n  :root{--bg:#0b0f17;--panel:#151b28;--panel2:#0f1420;--line:#26344c;--ink:#e7ecf5;\n    --muted:#8ea0bd;--amber:#F59E0B;--green:#22c55e;--red:#ef4444;--cyan:#22d3ee}\n  *{box-sizing:border-box}html,body{margin:0}\n  body{background:var(--bg);color:var(--ink);font-family:\"Space Grotesk\",system-ui,-apple-system,\"Segoe UI\",Roboto,sans-serif;\n    -webkit-font-smoothing:antialiased;padding:10px;user-select:none}\n  h1{font-size:15px;margin:0 0 2px}.sub{font-size:11.5px;color:var(--muted);margin-bottom:10px}\n  .mission{display:flex;gap:10px;align-items:center;background:#0c1220;border:1px solid var(--line);border-radius:10px;padding:9px 12px;margin-bottom:12px}\n  .mission .idx{font-size:10px;color:var(--amber);font-weight:800;letter-spacing:.8px;white-space:nowrap}\n  .mission .txt{font-size:12.5px;line-height:1.3;flex:1}.mission .txt b{color:var(--amber)}\n  .mission button{font:inherit;font-size:11px;color:var(--muted);background:transparent;border:1px solid var(--line);border-radius:7px;padding:6px 9px;cursor:pointer}\n  .grid{display:flex;gap:14px;flex-wrap:wrap}\n  .card{background:linear-gradient(180deg,var(--panel),var(--panel2));border:1px solid var(--line);border-radius:12px;padding:14px}\n  .ctrl{flex:1 1 220px;display:flex;flex-direction:column;gap:12px;align-items:center}\n  .knob{display:flex;flex-direction:column;align-items:center;gap:4px}\n  .dial{width:82px;height:82px;border-radius:50%;position:relative;cursor:ns-resize;touch-action:none;\n    background:radial-gradient(circle at 50% 32%,#33415f,#151d2e 72%);border:1px solid #3a4d70;box-shadow:inset 0 3px 8px #0009}\n  .dial::after{content:\"\";position:absolute;left:50%;top:8px;width:4px;height:26px;border-radius:2px;background:var(--amber);\n    transform-origin:50% 33px;transform:translateX(-50%) rotate(var(--rot,0deg))}\n  .kv{font-size:16px;font-weight:800}.kl{font-size:10px;color:var(--muted);letter-spacing:1px}\n  .seg{display:flex;background:#0c1220;border:1px solid var(--line);border-radius:8px;overflow:hidden}\n  .seg button{font:inherit;font-size:12px;font-weight:700;padding:8px 14px;border:0;background:transparent;color:var(--muted);cursor:pointer}\n  .seg button.on{background:var(--amber);color:#0b0f17}\n  .play{font:inherit;font-size:13px;font-weight:800;padding:11px 20px;border-radius:10px;border:0;background:var(--green);color:#08120a;cursor:pointer}\n  .meterwrap{flex:0 0 130px;display:flex;gap:10px;justify-content:center}\n  .scale{display:flex;flex-direction:column;justify-content:space-between;font-size:9px;color:var(--muted);padding:4px 0;text-align:right}\n  .meter{position:relative;width:52px;height:300px;border-radius:8px;overflow:hidden;border:1px solid #1a2540;background:\n    linear-gradient(0deg,\n      #0e1a12 0%, #0e1a12 33%,          /* ruído */\n      #10241a 33%, #10241a 78%,          /* bom (verde) */\n      #241f10 78%, #241f10 92%,          /* headroom (amber) */\n      #2a1010 92%, #2a1010 100%)}        /* clip (red) */\n  .fill{position:absolute;left:0;right:0;bottom:0;height:0%;background:linear-gradient(0deg,var(--green),var(--green) 78%,var(--amber) 92%,var(--red));transition:height .05s}\n  .peak{position:absolute;left:0;right:0;height:2px;background:#fff;box-shadow:0 0 6px #fff}\n  .zone{position:absolute;left:0;right:0;border-top:1px dashed #ffffff33;font-size:8px;color:#ffffff88;padding-left:3px}\n  .info{flex:1 1 220px}\n  .info h3{margin:0 0 8px;font-size:11px;letter-spacing:1px;color:var(--muted);text-transform:uppercase}\n  .big{font-size:26px;font-weight:800}\n  .verdict{font-size:13px;font-weight:700;margin-top:8px;min-height:20px}.verdict.good{color:var(--green)}.verdict.bad{color:var(--red)}.verdict.warn{color:var(--amber)}\n  .expl{font-size:11.5px;color:var(--muted);line-height:1.45;margin-top:10px}\n  @media(max-width:640px){.meter{height:230px}}\n</style>\n</head>\n<body>\n  <h1>Analógico × Digital e Gain Staging</h1>\n  <div class=\"sub\">Ajuste o ganho para o sinal ficar forte e limpo — sem ruído (baixo demais) nem distorção (alto demais).</div>\n  <div class=\"mission\">\n    <span class=\"idx\" id=\"mIdx\">MISSÃO 1/3</span>\n    <span class=\"txt\" id=\"mTxt\">—</span>\n    <button id=\"mSkip\">Pular</button>\n  </div>\n\n  <div class=\"grid\">\n    <div class=\"card ctrl\">\n      <div class=\"knob\"><div class=\"dial\" id=\"dial\"></div><div class=\"kv\" id=\"gv\">+0 dB</div><div class=\"kl\">GANHO</div></div>\n      <div class=\"seg\"><button data-m=\"digital\" class=\"on\">Digital</button><button data-m=\"analogico\">Analógico</button></div>\n      <button class=\"play\" id=\"play\">▶ Tocar trecho</button>\n      <div class=\"expl\" id=\"modeExpl\"></div>\n    </div>\n\n    <div class=\"card meterwrap\">\n      <div class=\"scale\"><span>+6</span><span>0</span><span>-12</span><span>-24</span><span>-40</span><span>-60</span></div>\n      <div class=\"meter\" id=\"meter\">\n        <div class=\"zone\" style=\"bottom:92%\">CLIP</div>\n        <div class=\"zone\" style=\"bottom:78%\">-6</div>\n        <div class=\"zone\" style=\"bottom:55%\">alvo -18</div>\n        <div class=\"zone\" style=\"bottom:33%\">ruído</div>\n        <div class=\"fill\" id=\"fill\"></div>\n        <div class=\"peak\" id=\"peakLine\" style=\"bottom:0%\"></div>\n      </div>\n    </div>\n\n    <div class=\"card info\">\n      <h3>Leitura</h3>\n      <div class=\"big\" id=\"peakDb\">—</div>\n      <div class=\"verdict\" id=\"verdict\"></div>\n      <div class=\"expl\" id=\"expl\">O medidor mostra o quão forte o sinal está chegando. A zona <b style=\"color:var(--green)\">verde</b> é o alvo; a <b style=\"color:var(--amber)\">âmbar</b> é a reserva (headroom); a <b style=\"color:var(--red)\">vermelha</b> é distorção.</div>\n    </div>\n  </div>\n\n<script>\n\"use strict\";\n(function(){\n  const $=id=>document.getElementById(id);\n  const clamp=(v,a,b)=>Math.max(a,Math.min(b,v));\n  const state={ gain:0, mode:\"digital\", playing:false, peak:-90 };\n  const GMIN=-20,GMAX=40;\n  const SRC=-38; // pico bruto do trecho em dBFS (antes do ganho)\n\n  function rot(){ return -140+(state.gain-GMIN)/(GMAX-GMIN)*280; }\n  function db2pct(db){ return clamp((db+60)/66*100,0,100); } // -60..+6 => 0..100\n  function setGain(v){ state.gain=clamp(v,GMIN,GMAX); $(\"dial\").style.setProperty(\"--rot\",rot()+\"deg\");\n    $(\"gv\").textContent=(state.gain>0?\"+\":\"\")+Math.round(state.gain)+\" dB\"; }\n\n  // knob drag — Pointer Events (mouse + toque unificados, com pointer capture)\n  (function(){ const el=$(\"dial\");let drag=false,last=0;\n    el.addEventListener(\"pointerdown\",e=>{drag=true;last=e.clientY;el.setPointerCapture(e.pointerId);e.preventDefault();});\n    el.addEventListener(\"pointermove\",e=>{if(!drag)return;const dy=last-e.clientY;last=e.clientY;\n      setGain(state.gain+dy*(GMAX-GMIN)/160); if(!state.playing)staticShow(); check();e.preventDefault();});\n    const up=()=>drag=false;\n    el.addEventListener(\"pointerup\",up);el.addEventListener(\"pointercancel\",up);\n  })();\n  document.querySelectorAll(\".seg button\").forEach(b=>b.onclick=()=>{\n    document.querySelectorAll(\".seg button\").forEach(x=>x.classList.remove(\"on\"));b.classList.add(\"on\");\n    state.mode=b.dataset.m; modeExpl(); if(!state.playing)staticShow(); check(); });\n  function modeExpl(){ $(\"modeExpl\").innerHTML = state.mode===\"digital\"\n    ? \"<b>Digital:</b> o teto é <b>0 dBFS</b>. Passou de 0, corta seco (distorção feia). Trabalhe com folga: pico na zona verde (~−18 a −6).\"\n    : \"<b>Analógico:</b> passando do 0 ele <b>satura aos poucos</b> (mais ''quente'', menos feio que o digital), mas ainda assim evite exagerar.\"; }\n\n  function levelAt(t){ // envelope do trecho (0..1), com um pico no meio\n    const e=0.45+0.4*Math.sin(t*3)+0.25*Math.max(0,Math.sin(t*1.3));\n    return clamp(e,0,1.2);\n  }\n  function computePeakDb(env){\n    let db=SRC+state.gain + (env-1)*10; // env~1 no pico\n    if(state.mode===\"digital\") db=Math.min(db,0.5);      // teto duro\n    else db=Math.min(db, 6 - Math.max(0,db-0)*0.5);       // satura suave\n    return db;\n  }\n  function paint(db){\n    $(\"fill\").style.height=db2pct(db)+\"%\";\n    $(\"peakLine\").style.bottom=db2pct(state.peak)+\"%\";\n    $(\"peakDb\").textContent=(db>0?\"+\":\"\")+db.toFixed(1)+\" dBFS\";\n    const v=$(\"verdict\");\n    const clip = (state.mode===\"digital\" && state.peak>=0) || (state.mode===\"analogico\" && state.peak>2);\n    if(clip){ v.textContent=\"✖ Distorção! Sinal alto demais — abaixe o ganho.\"; v.className=\"verdict bad\"; }\n    else if(state.peak> -6){ v.textContent=\"⚠ Quase no teto (headroom curto).\"; v.className=\"verdict warn\"; }\n    else if(state.peak>=-20 && state.peak<=-6){ v.textContent=\"✔ Ótimo nível! Forte e com folga.\"; v.className=\"verdict good\"; }\n    else if(state.peak<=-40){ v.textContent=\"⚠ Fraco demais — sobe o ruído/chiado.\"; v.className=\"verdict warn\"; }\n    else { v.textContent=\"Sinal ok, pode ganhar um pouco mais.\"; v.className=\"verdict\"; }\n  }\n  function staticShow(){ // mostra o pico estimado sem animar\n    const db=computePeakDb(1); state.peak=db; paint(db);\n  }\n\n  let t=0,anim=null;\n  $(\"play\").onclick=()=>{ if(state.playing){ return; } state.playing=true; state.peak=-90; t=0;\n    $(\"play\").textContent=\"♪ tocando...\"; $(\"play\").disabled=true;\n    const start=performance.now();\n    const loop=()=>{ const now=(performance.now()-start)/1000; t=now;\n      const db=computePeakDb(levelAt(now)); state.peak=Math.max(state.peak,db); paint(db);\n      if(now<3.2){ anim=requestAnimationFrame(loop); }\n      else { state.playing=false; $(\"play\").textContent=\"▶ Tocar trecho\"; $(\"play\").disabled=false; paint(state.peak); check(); }\n    };\n    anim=requestAnimationFrame(loop);\n  };\n\n  const M=[\n    { t:''Clique <b>Tocar trecho</b> e ajuste o <b>GANHO</b> para o <b>pico</b> ficar na zona verde (entre −18 e −6 dBFS), sem entrar no vermelho.'',\n      ok:()=>state.peak>=-20&&state.peak<=-6&&!((state.mode===\"digital\"&&state.peak>=0)) },\n    { t:''Entenda o teto: no modo <b>Digital</b>, suba o ganho e toque de novo até <b>clipar</b> (pico chegar a 0 dBFS). Veja a distorção.'',\n      ok:()=>state.mode===\"digital\"&&state.peak>=0 },\n    { t:''Agora conserte: abaixe o ganho e toque de novo para voltar o pico à zona <b>verde</b> (sinal forte e limpo).'',\n      ok:()=>state.peak>=-20&&state.peak<=-6&&!(state.mode===\"digital\"&&state.peak>=0) },\n  ];\n  let mi=0;\n  function paintM(){const idx=$(\"mIdx\"),txt=$(\"mTxt\");\n    if(mi>=M.length){idx.textContent=\"CONCLUÍDO\";txt.innerHTML=\"🎓 <b>Isso!</b> Gain staging é isso: sinal forte com folga, longe do ruído e da distorção. Vale para qualquer mesa, analógica ou digital.\";$(\"mSkip\").style.display=\"none\";return;}\n    idx.textContent=\"MISSÃO \"+(mi+1)+\"/\"+M.length;txt.innerHTML=M[mi].t;}\n  function check(){if(mi>=M.length)return;try{if(M[mi].ok()){mi++;paintM();}}catch(e){}}\n  $(\"mSkip\").onclick=()=>{if(mi<M.length){mi++;paintM();}};\n\n  setGain(0); modeExpl(); staticShow(); paintM();\n})();\n</script>\n</body>\n</html>\n"}]'::jsonb);

-- AULA 6: PA de menor porte: caixa ativa × passiva, amplificação e posicionamento
insert into public.lessons (id,module_id,titulo,tipo,conteudo_rico,duracao_min,ordem,tem_quiz,preview_gratis) values
  ('5b000000-b551-4c00-9000-0000000b0006','5b000000-b551-4c00-9000-0000000000a1','PA de menor porte: caixa ativa × passiva, amplificação e posicionamento','texto','<p><strong>PA (Public Address) é o sistema que leva o som para o público.</strong> Em eventos menores — palestras, cultos, festas — você geralmente monta um PA simples: uma ou duas caixas para a plateia e, às vezes, um retorno para quem fala. Saber montar isso certo (e por que) evita os dois maiores perrengues: <strong>não sair som</strong> e <strong>microfonia</strong>.</p>

{{IMG:pa-ativa}}

<h3>Caixa ativa × caixa passiva: a diferença que mais confunde</h3>
<ul>
<li><strong>Caixa ativa:</strong> tem <strong>amplificador embutido</strong>. Você liga a saída da mesa <strong>direto</strong> nela (sinal de linha) e ela mesma amplifica. Precisa de tomada (energia). É a mais comum em eventos corporativos por ser prática.</li>
<li><strong>Caixa passiva:</strong> <strong>não</strong> tem amplificador. Precisa de um <strong>amplificador externo</strong> entre a mesa e a caixa. O caminho é: <strong>Mesa → Amplificador → Caixa Passiva</strong>.</li>
</ul>
<p><strong>Erro clássico (e perigoso):</strong> ligar a saída de um amplificador de potência numa caixa ativa, ou esperar que uma caixa passiva toque ligada direto na mesa. No primeiro caso você pode <strong>danificar</strong> o equipamento; no segundo, simplesmente não sai som. Antes de ligar, identifique: a caixa é ativa (tem tomada e conector de linha) ou passiva (só tem os bornes de alto-falante)?</p>

<h3>Posicionamento: a arma contra a microfonia</h3>
<p><strong>A regra número um:</strong> as caixas de PA ficam <strong>à frente dos microfones</strong>, apontando para a plateia — nunca atrás nem apontando para os mics. Se a caixa "olha" para o microfone, o som volta para ele e vira aquele assobio (microfonia). Coloque a linha das caixas na frente da linha dos microfones.</p>
<p><strong>Outras dicas de posição:</strong> eleve as caixas (em tripé) para o som passar por cima das cabeças e chegar ao fundo; aponte-as para a área da plateia; e afaste os microfones das caixas.</p>

<h3>Subgrave (sub): quando e por quê</h3>
<p><strong>O sub reforça as frequências graves</strong> (o "peso" do som) — útil em música e festas. Para uma palestra só com fala, muitas vezes ele nem é necessário. Quando usar, o sub normalmente fica no chão (o grave é pouco direcional) e recebe só as frequências baixas.</p>

<h3>Um arranjo típico de evento pequeno</h3>
<p><strong>Palestra/treinamento:</strong> mesa → 1 ou 2 caixas ativas em tripé, à frente e apontando para a plateia + um <strong>AUX</strong> para um retorno do apresentador (se ele pedir para se ouvir). Notebook e microfones sem fio entram na mesa; a mesa manda para as caixas. Simples, confiável e rápido de montar.</p>

<h3>Potência e cobertura (noção)</h3>
<p><strong>Não precisa de conta complicada:</strong> a ideia é ter caixas com potência suficiente para cobrir a sala com folga, sem precisar "forçar" no volume (o que distorce). Sala maior/mais gente = mais potência e/ou mais caixas. Na dúvida, sobra de potência trabalhando folgada soa melhor do que pouca potência no talo.</p>

<h3>Pratique no simulador</h3>
<p><strong>No simulador você monta a cadeia de saída</strong> escolhendo entre caixa ativa (liga direto) e passiva (precisa de amplificador), posiciona as caixas à frente dos microfones para evitar microfonia e adiciona um subgrave. Complete as 4 missões.</p>',20,6,true,false);
insert into public.quizzes (id,lesson_id,titulo) values ('5b000000-b551-4c00-9000-0000000c0006','5b000000-b551-4c00-9000-0000000b0006','Quiz — PA e caixas');
insert into public.quiz_questions (id,quiz_id,texto,explicacao,ordem,pontos) values ('5b000000-b551-4c00-9000-000000000601','5b000000-b551-4c00-9000-0000000c0006','Uma caixa acústica ATIVA:','A caixa ativa tem amplificador embutido — liga direto na saída da mesa. Só precisa de energia (tomada).',1,1);
insert into public.quiz_options (question_id,texto,correta,ordem) values ('5b000000-b551-4c00-9000-000000000601','Precisa de amplificador externo',false,1);
insert into public.quiz_options (question_id,texto,correta,ordem) values ('5b000000-b551-4c00-9000-000000000601','Tem amplificador embutido e liga direto na mesa',true,2);
insert into public.quiz_options (question_id,texto,correta,ordem) values ('5b000000-b551-4c00-9000-000000000601','Não funciona em eventos',false,3);
insert into public.quiz_options (question_id,texto,correta,ordem) values ('5b000000-b551-4c00-9000-000000000601','Só toca graves',false,4);
insert into public.quiz_questions (id,quiz_id,texto,explicacao,ordem,pontos) values ('5b000000-b551-4c00-9000-000000000602','5b000000-b551-4c00-9000-0000000c0006','Para uma caixa PASSIVA funcionar, o caminho correto é:','A passiva não tem amplificador; precisa de um amplificador externo: Mesa → Amplificador → Caixa Passiva.',2,1);
insert into public.quiz_options (question_id,texto,correta,ordem) values ('5b000000-b551-4c00-9000-000000000602','Mesa → Caixa Passiva (direto)',false,1);
insert into public.quiz_options (question_id,texto,correta,ordem) values ('5b000000-b551-4c00-9000-000000000602','Mesa → Amplificador → Caixa Passiva',true,2);
insert into public.quiz_options (question_id,texto,correta,ordem) values ('5b000000-b551-4c00-9000-000000000602','Caixa Passiva → Mesa',false,3);
insert into public.quiz_options (question_id,texto,correta,ordem) values ('5b000000-b551-4c00-9000-000000000602','Não precisa de nada',false,4);
insert into public.quiz_questions (id,quiz_id,texto,explicacao,ordem,pontos) values ('5b000000-b551-4c00-9000-000000000603','5b000000-b551-4c00-9000-0000000c0006','Para evitar microfonia, as caixas de PA devem ficar:','À frente dos microfones, apontando para a plateia. Caixa atrás ou apontando para o mic realimenta e apita.',3,1);
insert into public.quiz_options (question_id,texto,correta,ordem) values ('5b000000-b551-4c00-9000-000000000603','Atrás dos microfones',false,1);
insert into public.quiz_options (question_id,texto,correta,ordem) values ('5b000000-b551-4c00-9000-000000000603','À frente dos microfones, apontando para a plateia',true,2);
insert into public.quiz_options (question_id,texto,correta,ordem) values ('5b000000-b551-4c00-9000-000000000603','Em cima dos microfones',false,3);
insert into public.quiz_options (question_id,texto,correta,ordem) values ('5b000000-b551-4c00-9000-000000000603','Não importa a posição',false,4);
insert into public.quiz_questions (id,quiz_id,texto,explicacao,ordem,pontos) values ('5b000000-b551-4c00-9000-000000000604','5b000000-b551-4c00-9000-0000000c0006','O subgrave (sub) serve para:','Reforçar as frequências graves (o ''peso'' do som). Útil em música/festa; numa palestra só de fala, muitas vezes nem é necessário.',4,1);
insert into public.quiz_options (question_id,texto,correta,ordem) values ('5b000000-b551-4c00-9000-000000000604','Deixar a voz mais aguda',false,1);
insert into public.quiz_options (question_id,texto,correta,ordem) values ('5b000000-b551-4c00-9000-000000000604','Reforçar as frequências graves',true,2);
insert into public.quiz_options (question_id,texto,correta,ordem) values ('5b000000-b551-4c00-9000-000000000604','Substituir o amplificador',false,3);
insert into public.quiz_options (question_id,texto,correta,ordem) values ('5b000000-b551-4c00-9000-000000000604','Evitar microfonia sozinho',false,4);
insert into public.quiz_questions (id,quiz_id,texto,explicacao,ordem,pontos) values ('5b000000-b551-4c00-9000-000000000605','5b000000-b551-4c00-9000-0000000c0006','Ligar a saída de um amplificador de potência numa caixa ATIVA é:','Errado e perigoso: a caixa ativa já tem amplificador interno. Enviar nível de alto-falante nela pode danificar o equipamento.',5,1);
insert into public.quiz_options (question_id,texto,correta,ordem) values ('5b000000-b551-4c00-9000-000000000605','Recomendado, dá mais volume',false,1);
insert into public.quiz_options (question_id,texto,correta,ordem) values ('5b000000-b551-4c00-9000-000000000605','Errado e pode danificar — a ativa já tem amplificador',true,2);
insert into public.quiz_options (question_id,texto,correta,ordem) values ('5b000000-b551-4c00-9000-000000000605','Necessário sempre',false,3);
insert into public.quiz_options (question_id,texto,correta,ordem) values ('5b000000-b551-4c00-9000-000000000605','Indiferente',false,4);
insert into public.quiz_questions (id,quiz_id,texto,explicacao,ordem,pontos) values ('5b000000-b551-4c00-9000-000000000606','5b000000-b551-4c00-9000-0000000c0006','Num evento pequeno (palestra), um arranjo típico de PA é:','Uma ou duas caixas de PA para a plateia (à frente, em tripé) e um AUX/retorno para o apresentador se ouvir, se necessário.',6,1);
insert into public.quiz_options (question_id,texto,correta,ordem) values ('5b000000-b551-4c00-9000-000000000606','Dez caixas ao redor da plateia',false,1);
insert into public.quiz_options (question_id,texto,correta,ordem) values ('5b000000-b551-4c00-9000-000000000606','Uma/duas caixas para a plateia + um retorno (AUX) para o apresentador',true,2);
insert into public.quiz_options (question_id,texto,correta,ordem) values ('5b000000-b551-4c00-9000-000000000606','Só o notebook, sem caixas',false,3);
insert into public.quiz_options (question_id,texto,correta,ordem) values ('5b000000-b551-4c00-9000-000000000606','Caixas apontando para o microfone',false,4);
insert into public.ai_animations (lesson_id,tipo,status,model,custo_usd,roteiro,urls) values ('5b000000-b551-4c00-9000-0000000b0006','interactive','ready','handcrafted-interactive',0,'{"titulo":"Simulador — Montando o PA","cenas":[{"numero":1,"titulo":"Simulador — Montando o PA","modo":"widget","narracao":"Monte a cadeia de saída (ativa × passiva), posicione contra microfonia e adicione o sub. Complete as 4 missões.","explicacao_texto":"Monte a cadeia de saída (ativa × passiva), posicione contra microfonia e adicione o sub. Complete as 4 missões.","destaques":["Caixa ativa liga direto","Passiva precisa de amplificador","Caixas à frente dos mics","Subgrave para os graves"]}]}'::jsonb,'[{"html":"<!doctype html>\n<html lang=\"pt-BR\">\n<head>\n<meta charset=\"utf-8\">\n<meta name=\"viewport\" content=\"width=device-width, initial-scale=1\">\n<title>Simulador — Montando o PA (SMU)</title>\n<style>\n  :root{--bg:#0b0f17;--panel:#151b28;--panel2:#0f1420;--line:#26344c;--ink:#e7ecf5;\n    --muted:#8ea0bd;--amber:#F59E0B;--green:#22c55e;--red:#ef4444;--cyan:#22d3ee}\n  *{box-sizing:border-box}html,body{margin:0}\n  body{background:var(--bg);color:var(--ink);font-family:\"Space Grotesk\",system-ui,-apple-system,\"Segoe UI\",Roboto,sans-serif;\n    -webkit-font-smoothing:antialiased;padding:10px;user-select:none}\n  h1{font-size:15px;margin:0 0 2px}.sub{font-size:11.5px;color:var(--muted);margin-bottom:10px}\n  .mission{display:flex;gap:10px;align-items:center;background:#0c1220;border:1px solid var(--line);border-radius:10px;padding:9px 12px;margin-bottom:12px}\n  .mission .idx{font-size:10px;color:var(--amber);font-weight:800;letter-spacing:.8px;white-space:nowrap}\n  .mission .txt{font-size:12.5px;line-height:1.3;flex:1}.mission .txt b{color:var(--amber)}\n  .mission button{font:inherit;font-size:11px;color:var(--muted);background:transparent;border:1px solid var(--line);border-radius:7px;padding:6px 9px;cursor:pointer}\n  .grid{display:flex;gap:14px;flex-wrap:wrap}\n  .card{background:linear-gradient(180deg,var(--panel),var(--panel2));border:1px solid var(--line);border-radius:12px;padding:14px;flex:1 1 320px}\n  .card h3{margin:0 0 10px;font-size:11px;letter-spacing:1px;color:var(--muted);text-transform:uppercase}\n  .chain{display:flex;align-items:center;gap:8px;flex-wrap:wrap;min-height:64px;background:#0c1220;border:1px dashed var(--line);border-radius:10px;padding:12px}\n  .node{background:#111a2b;border:1px solid var(--line);border-radius:9px;padding:8px 12px;font-size:12px;font-weight:700;text-align:center;position:relative}\n  .node .em{font-size:20px;display:block}\n  .node.mesa{border-color:var(--amber)}\n  .node.rm{cursor:pointer}\n  .node .x{position:absolute;top:-7px;right:-7px;width:18px;height:18px;border-radius:50%;background:var(--red);color:#fff;font-size:11px;line-height:18px;text-align:center}\n  .arrow{color:#33456a;font-size:18px}\n  .palette{display:flex;gap:8px;flex-wrap:wrap;margin-top:10px}\n  .pbtn{font:inherit;font-size:12px;font-weight:700;padding:9px 12px;border-radius:9px;border:1px solid var(--line);background:#0c1220;color:var(--ink);cursor:pointer}\n  .pbtn .em{margin-right:5px}\n  .row{display:flex;gap:8px;flex-wrap:wrap;margin-top:8px}\n  .opt{font:inherit;font-size:12px;font-weight:700;padding:9px 12px;border-radius:9px;border:1px solid var(--line);background:#0c1220;color:var(--ink);cursor:pointer}\n  .opt.sel{border-color:var(--amber);background:#1a1608}.opt.sub.on{border-color:var(--green);background:#0e1a10;color:var(--green)}\n  .stage{position:relative;height:150px;background:#0c1220;border:1px solid var(--line);border-radius:10px;margin-top:8px;overflow:hidden}\n  .stage .aud{position:absolute;left:0;right:0;bottom:0;height:34px;background:#0e1524;border-top:1px solid var(--line);font-size:10px;color:var(--muted);display:flex;align-items:center;justify-content:center}\n  .stage .mic{position:absolute;left:50%;top:64px;transform:translateX(-50%);font-size:22px}\n  .stage .spk{position:absolute;font-size:22px;transition:.25s}\n  .verdict{font-size:12.5px;font-weight:700;min-height:18px;margin-top:8px}.verdict.good{color:var(--green)}.verdict.bad{color:var(--red)}\n</style>\n</head>\n<body>\n  <h1>Montando o PA do evento</h1>\n  <div class=\"sub\">Ligue as caixas do jeito certo (ativa × passiva), posicione contra microfonia e reforce os graves.</div>\n  <div class=\"mission\">\n    <span class=\"idx\" id=\"mIdx\">MISSÃO 1/4</span>\n    <span class=\"txt\" id=\"mTxt\">—</span>\n    <button id=\"mSkip\">Pular</button>\n  </div>\n\n  <div class=\"grid\">\n    <div class=\"card\">\n      <h3>Cadeia de saída (da mesa até a caixa)</h3>\n      <div class=\"chain\" id=\"chain\"></div>\n      <div class=\"palette\" id=\"palette\">\n        <button class=\"pbtn\" data-add=\"ativa\"><span class=\"em\">🔊</span>Caixa Ativa</button>\n        <button class=\"pbtn\" data-add=\"amp\"><span class=\"em\">🧯</span>Amplificador</button>\n        <button class=\"pbtn\" data-add=\"passiva\"><span class=\"em\">📦</span>Caixa Passiva</button>\n        <button class=\"pbtn\" data-add=\"sub\"><span class=\"em\">🔈</span>Subgrave</button>\n      </div>\n      <div class=\"row\"><button class=\"pbtn\" id=\"clear\">↺ Limpar cadeia</button></div>\n      <div class=\"verdict\" id=\"v1\"></div>\n    </div>\n\n    <div class=\"card\" style=\"flex:1 1 260px\">\n      <h3>Posicionamento (contra microfonia)</h3>\n      <div class=\"row\">\n        <button class=\"opt\" data-pos=\"frente\">Caixas à FRENTE dos mics</button>\n        <button class=\"opt\" data-pos=\"atras\">Caixas ATRÁS dos mics</button>\n      </div>\n      <div class=\"stage\" id=\"stage\">\n        <div class=\"spk\" id=\"spk1\">🔊</div><div class=\"spk\" id=\"spk2\">🔊</div>\n        <div class=\"mic\">🎤</div>\n        <div class=\"aud\">👥 plateia</div>\n      </div>\n      <div class=\"verdict\" id=\"v2\"></div>\n    </div>\n  </div>\n\n<script>\n\"use strict\";\n(function(){\n  const $=id=>document.getElementById(id);\n  const NODE={ativa:{em:\"🔊\",nm:\"Caixa Ativa\"},amp:{em:\"🧯\",nm:\"Amplificador\"},passiva:{em:\"📦\",nm:\"Caixa Passiva\"},sub:{em:\"🔈\",nm:\"Subgrave\"}};\n  const state={chain:[],pos:null};\n\n  function renderChain(){\n    const c=$(\"chain\");c.innerHTML=\"\";\n    const mesa=document.createElement(\"div\");mesa.className=\"node mesa\";mesa.innerHTML=''<span class=\"em\">🎛️</span>Mesa'';c.appendChild(mesa);\n    state.chain.forEach((k,i)=>{ const a=document.createElement(\"span\");a.className=\"arrow\";a.textContent=\"➜\";c.appendChild(a);\n      const n=document.createElement(\"div\");n.className=\"node rm\";n.innerHTML=`<span class=\"em\">${NODE[k].em}</span>${NODE[k].nm}<span class=\"x\">×</span>`;\n      n.onclick=()=>{state.chain.splice(i,1);renderChain();check();};c.appendChild(n); });\n    validateChain();\n  }\n  function validateChain(){\n    const v=$(\"v1\"); const ch=state.chain.filter(x=>x!==\"sub\");\n    const hasSub=state.chain.includes(\"sub\");\n    // regras\n    let msg=\"\",cls=\"\";\n    if(ch.length===0){ msg=\"Adicione as caixas para completar o caminho do som.\"; cls=\"\"; }\n    else if(ch.join()===\"ativa\"){ msg=\"✔ Correto! Mesa → Caixa Ativa (a caixa ativa já tem amplificador dentro).\"; cls=\"good\"; }\n    else if(ch.join()===\"amp,passiva\"){ msg=\"✔ Correto! Mesa → Amplificador → Caixa Passiva (a passiva precisa do amp).\"; cls=\"good\"; }\n    else if(ch.join()===\"passiva\"){ msg=\"✖ A caixa passiva não tem amplificador — sem som. Coloque um Amplificador antes dela.\"; cls=\"bad\"; }\n    else if(ch.join()===\"amp,ativa\"||ch.join()===\"ativa,amp\"){ msg=\"✖ Caixa ativa já tem amp interno — não precisa (e não deve) de amplificador antes.\"; cls=\"bad\"; }\n    else if(ch.join()===\"amp\"){ msg=\"Falta a caixa. Amplificador sozinho não toca — ligue uma Caixa Passiva depois.\"; cls=\"\"; }\n    else { msg=\"Cadeia incomum. O certo é: Mesa → Caixa Ativa, OU Mesa → Amplificador → Caixa Passiva.\"; cls=\"bad\"; }\n    if(hasSub&&cls===\"good\") msg+=\" Subgrave adicionado 🔈 — reforço de graves ok.\";\n    v.textContent=msg;v.className=\"verdict \"+cls;\n  }\n  $(\"palette\").querySelectorAll(\"[data-add]\").forEach(b=>b.onclick=()=>{ state.chain.push(b.dataset.add);renderChain();check(); });\n  $(\"clear\").onclick=()=>{state.chain=[];renderChain();check();};\n\n  // posicionamento\n  function renderPos(){\n    const s1=$(\"spk1\"),s2=$(\"spk2\");\n    document.querySelectorAll(\"[data-pos]\").forEach(o=>o.classList.toggle(\"sel\",o.dataset.pos===state.pos));\n    if(state.pos===\"frente\"){ s1.style.left=\"12%\";s1.style.top=\"96px\";s2.style.left=\"80%\";s2.style.top=\"96px\"; }\n    else if(state.pos===\"atras\"){ s1.style.left=\"18%\";s1.style.top=\"24px\";s2.style.left=\"74%\";s2.style.top=\"24px\"; }\n    else { s1.style.left=\"12%\";s1.style.top=\"24px\";s2.style.left=\"80%\";s2.style.top=\"24px\";s2.style.opacity=\"0.3\";s1.style.opacity=\"0.3\"; }\n    if(state.pos){ s1.style.opacity=\"1\";s2.style.opacity=\"1\"; }\n    const v=$(\"v2\");\n    if(state.pos===\"frente\"){ v.textContent=\"✔ Certo! As caixas à frente dos microfones (apontando para a plateia) reduzem a microfonia.\"; v.className=\"verdict good\"; }\n    else if(state.pos===\"atras\"){ v.textContent=\"✖ Perigo de microfonia! Caixas atrás/apontando para os microfones realimentam e apitam.\"; v.className=\"verdict bad\"; }\n    else v.textContent=\"\";\n  }\n  document.querySelectorAll(\"[data-pos]\").forEach(o=>o.onclick=()=>{state.pos=o.dataset.pos;renderPos();check();});\n\n  // missões\n  const okActive=()=>state.chain.filter(x=>x!==\"sub\").join()===\"ativa\";\n  const okPassive=()=>state.chain.filter(x=>x!==\"sub\").join()===\"amp,passiva\";\n  const M=[\n    { t:''Monte o PA com uma <b>caixa ATIVA</b>: a cadeia deve ser <b>Mesa → Caixa Ativa</b> (a ativa já tem amplificador).'', ok:okActive },\n    { t:''Agora com <b>caixa PASSIVA</b>: ela precisa de <b>Amplificador</b> antes. Monte <b>Mesa → Amplificador → Caixa Passiva</b>. (limpe a cadeia primeiro)'', ok:okPassive },\n    { t:''Posicionamento: coloque as caixas <b>à FRENTE</b> dos microfones (painel da direita) para evitar microfonia.'', ok:()=>state.pos===\"frente\" },\n    { t:''Reforce os graves: adicione um <b>Subgrave</b> à cadeia (mantendo a ligação correta).'', ok:()=>state.chain.includes(\"sub\")&&(okActive()||okPassive()) },\n  ];\n  let mi=0;\n  function paintM(){const idx=$(\"mIdx\"),txt=$(\"mTxt\");\n    if(mi>=M.length){idx.textContent=\"CONCLUÍDO\";txt.innerHTML=\"🎓 <b>Boa!</b> Você sabe montar um PA pequeno: ativa liga direto, passiva precisa de amplificador, caixas à frente dos mics e sub para os graves.\";$(\"mSkip\").style.display=\"none\";return;}\n    idx.textContent=\"MISSÃO \"+(mi+1)+\"/\"+M.length;txt.innerHTML=M[mi].t;}\n  function check(){if(mi>=M.length)return;try{if(M[mi].ok()){mi++;paintM();}}catch(e){}}\n  $(\"mSkip\").onclick=()=>{if(mi<M.length){mi++;paintM();}};\n\n  renderChain();renderPos();paintM();\n})();\n</script>\n</body>\n</html>\n"}]'::jsonb);

-- AULA 7: Ordem de ligar e desligar o sistema (proteja as caixas)
insert into public.lessons (id,module_id,titulo,tipo,conteudo_rico,duracao_min,ordem,tem_quiz,preview_gratis) values
  ('5b000000-b551-4c00-9000-0000000b0007','5b000000-b551-4c00-9000-0000000000a1','Ordem de ligar e desligar o sistema (proteja as caixas)','texto','<p><strong>Existe uma ordem certa para ligar e desligar um sistema de som</strong> — e ignorá-la é uma das formas mais comuns (e caras) de <strong>danificar caixas</strong>. É uma regra simples de decorar e que separa o amador do profissional. Vamos entender o porquê e a sequência.</p>

<h3>O problema: o "tump" (transiente de energia)</h3>
<p><strong>Quando você liga ou desliga um equipamento, ele solta um pequeno estouro elétrico</strong> — um "tump" ou "pop". Se a <strong>amplificação estiver ligada</strong> nesse momento, esse estouro é amplificado e vai direto para os alto-falantes com força total. Isso incomoda o público e, com o tempo (ou de uma vez só), <strong>danifica as caixas</strong>.</p>
<p><strong>A solução é lógica:</strong> garanta que a amplificação (amplificador ou caixas ativas) só esteja ligada quando todo o resto já estiver estável — e que ela seja desligada antes de qualquer coisa.</p>

<h3>A regra de ouro</h3>
<p><strong>A amplificação liga por ÚLTIMO e desliga PRIMEIRO.</strong> Guarde essa frase. Todo o resto decorre dela.</p>

<h3>Sequência para LIGAR</h3>
<ul>
<li><strong>1º — Fontes:</strong> notebook, players, instrumentos.</li>
<li><strong>2º — Mesa e processadores:</strong> o mixer e qualquer processador de sinal.</li>
<li><strong>3º — Amplificação (por último):</strong> amplificadores e caixas ativas. Só agora, com tudo estável, você "abre" o som para as caixas.</li>
</ul>

<h3>Sequência para DESLIGAR (o inverso)</h3>
<ul>
<li><strong>1º — Amplificação (primeiro):</strong> desligue amplificadores e caixas ativas.</li>
<li><strong>2º — Mesa e processadores.</strong></li>
<li><strong>3º — Fontes.</strong></li>
</ul>
<p><strong>Dica extra:</strong> antes de desligar a amplificação, é bom já ter baixado o volume master. E nunca conecte/desconecte cabos de sinal com a amplificação ligada e volume aberto — é a mesma lógica do tump.</p>

<h3>Por que isso importa no corporativo</h3>
<p><strong>No calor da correria de um evento</strong> — trocar o notebook, plugar um cabo, reiniciar a mesa — é fácil esquecer que as caixas estão ligadas. Se você pegou o hábito de "amplificação por último ao ligar, primeiro ao desligar", você mexe em fontes e mesa com segurança, porque a amplificação já está desligada quando precisa. Vira automático e te protege de um prejuízo que dói no bolso.</p>

<h3>Pratique no simulador</h3>
<p><strong>No simulador você liga o sistema na ordem certa</strong> (fontes → mesa → amplificação) e depois desliga na ordem inversa (amplificação → mesa → fontes). Se você mexer nas fontes ou na mesa com a amplificação ligada, verá o <strong>POP</strong> acontecer nas caixas — o erro que estamos treinando para nunca cometer. Complete as 2 missões.</p>',14,7,true,false);
insert into public.quizzes (id,lesson_id,titulo) values ('5b000000-b551-4c00-9000-0000000c0007','5b000000-b551-4c00-9000-0000000b0007','Quiz — Ordem de ligar o sistema');
insert into public.quiz_questions (id,quiz_id,texto,explicacao,ordem,pontos) values ('5b000000-b551-4c00-9000-000000000701','5b000000-b551-4c00-9000-0000000c0007','Ao LIGAR o sistema, a amplificação (amplificador/caixas ativas) deve ser:','A amplificação liga por ÚLTIMO — só quando fontes e mesa já estão ligadas e estáveis, para o transiente não ir às caixas.',1,1);
insert into public.quiz_options (question_id,texto,correta,ordem) values ('5b000000-b551-4c00-9000-000000000701','A primeira a ligar',false,1);
insert into public.quiz_options (question_id,texto,correta,ordem) values ('5b000000-b551-4c00-9000-000000000701','A última a ligar',true,2);
insert into public.quiz_options (question_id,texto,correta,ordem) values ('5b000000-b551-4c00-9000-000000000701','Ligada junto com as fontes',false,3);
insert into public.quiz_options (question_id,texto,correta,ordem) values ('5b000000-b551-4c00-9000-000000000701','Não precisa ligar',false,4);
insert into public.quiz_questions (id,quiz_id,texto,explicacao,ordem,pontos) values ('5b000000-b551-4c00-9000-000000000702','5b000000-b551-4c00-9000-0000000c0007','Ao DESLIGAR o sistema, a amplificação deve ser:','A amplificação desliga PRIMEIRO. Assim, o tump de desligar mesa/fontes não é amplificado para as caixas.',2,1);
insert into public.quiz_options (question_id,texto,correta,ordem) values ('5b000000-b551-4c00-9000-000000000702','A última a desligar',false,1);
insert into public.quiz_options (question_id,texto,correta,ordem) values ('5b000000-b551-4c00-9000-000000000702','A primeira a desligar',true,2);
insert into public.quiz_options (question_id,texto,correta,ordem) values ('5b000000-b551-4c00-9000-000000000702','Deixada sempre ligada',false,3);
insert into public.quiz_options (question_id,texto,correta,ordem) values ('5b000000-b551-4c00-9000-000000000702','Desligada no meio',false,4);
insert into public.quiz_questions (id,quiz_id,texto,explicacao,ordem,pontos) values ('5b000000-b551-4c00-9000-000000000703','5b000000-b551-4c00-9000-0000000c0007','Por que existe essa ordem de ligar/desligar?','Para que o estouro (tump/pop) de ligar e desligar equipamentos não seja amplificado e enviado às caixas, o que as danifica.',3,1);
insert into public.quiz_options (question_id,texto,correta,ordem) values ('5b000000-b551-4c00-9000-000000000703','Para economizar energia',false,1);
insert into public.quiz_options (question_id,texto,correta,ordem) values ('5b000000-b551-4c00-9000-000000000703','Para o estouro (tump) não ir às caixas e danificá-las',true,2);
insert into public.quiz_options (question_id,texto,correta,ordem) values ('5b000000-b551-4c00-9000-000000000703','Para o som ficar mais grave',false,3);
insert into public.quiz_options (question_id,texto,correta,ordem) values ('5b000000-b551-4c00-9000-000000000703','Não faz diferença',false,4);
insert into public.quiz_questions (id,quiz_id,texto,explicacao,ordem,pontos) values ('5b000000-b551-4c00-9000-000000000704','5b000000-b551-4c00-9000-0000000c0007','Ligar as caixas ativas ANTES da mesa pode causar:','O transiente/pop dos equipamentos ligando depois vai amplificado para os alto-falantes.',4,1);
insert into public.quiz_options (question_id,texto,correta,ordem) values ('5b000000-b551-4c00-9000-000000000704','Melhor qualidade de som',false,1);
insert into public.quiz_options (question_id,texto,correta,ordem) values ('5b000000-b551-4c00-9000-000000000704','Um pop/estouro indo para os alto-falantes',true,2);
insert into public.quiz_options (question_id,texto,correta,ordem) values ('5b000000-b551-4c00-9000-000000000704','Economia de bateria',false,3);
insert into public.quiz_options (question_id,texto,correta,ordem) values ('5b000000-b551-4c00-9000-000000000704','Nada de errado',false,4);
insert into public.quiz_questions (id,quiz_id,texto,explicacao,ordem,pontos) values ('5b000000-b551-4c00-9000-000000000705','5b000000-b551-4c00-9000-0000000c0007','Qual a sequência correta para LIGAR?','Fontes → Mesa → Amplificação (a amplificação sempre por último).',5,1);
insert into public.quiz_options (question_id,texto,correta,ordem) values ('5b000000-b551-4c00-9000-000000000705','Amplificação → Mesa → Fontes',false,1);
insert into public.quiz_options (question_id,texto,correta,ordem) values ('5b000000-b551-4c00-9000-000000000705','Fontes → Mesa → Amplificação',true,2);
insert into public.quiz_options (question_id,texto,correta,ordem) values ('5b000000-b551-4c00-9000-000000000705','Mesa → Amplificação → Fontes',false,3);
insert into public.quiz_options (question_id,texto,correta,ordem) values ('5b000000-b551-4c00-9000-000000000705','Tudo ao mesmo tempo',false,4);
insert into public.quiz_questions (id,quiz_id,texto,explicacao,ordem,pontos) values ('5b000000-b551-4c00-9000-000000000706','5b000000-b551-4c00-9000-0000000c0007','Qual a sequência correta para DESLIGAR?','Amplificação → Mesa → Fontes (a amplificação sempre primeiro).',6,1);
insert into public.quiz_options (question_id,texto,correta,ordem) values ('5b000000-b551-4c00-9000-000000000706','Amplificação → Mesa → Fontes',true,1);
insert into public.quiz_options (question_id,texto,correta,ordem) values ('5b000000-b551-4c00-9000-000000000706','Fontes → Mesa → Amplificação',false,2);
insert into public.quiz_options (question_id,texto,correta,ordem) values ('5b000000-b551-4c00-9000-000000000706','Mesa → Fontes → Amplificação',false,3);
insert into public.quiz_options (question_id,texto,correta,ordem) values ('5b000000-b551-4c00-9000-000000000706','Tudo ao mesmo tempo',false,4);
insert into public.ai_animations (lesson_id,tipo,status,model,custo_usd,roteiro,urls) values ('5b000000-b551-4c00-9000-0000000b0007','interactive','ready','handcrafted-interactive',0,'{"titulo":"Simulador — Ordem de ligar o sistema","cenas":[{"numero":1,"titulo":"Simulador — Ordem de ligar o sistema","modo":"widget","narracao":"Ligue na ordem certa (fontes→mesa→amplificação) e desligue no inverso, sem estouro. Complete as 2 missões.","explicacao_texto":"Ligue na ordem certa (fontes→mesa→amplificação) e desligue no inverso, sem estouro. Complete as 2 missões.","destaques":["Amplificação liga por último","Amplificação desliga primeiro","O ''tump'' que danifica caixas"]}]}'::jsonb,'[{"html":"<!doctype html>\n<html lang=\"pt-BR\">\n<head>\n<meta charset=\"utf-8\">\n<meta name=\"viewport\" content=\"width=device-width, initial-scale=1\">\n<title>Simulador — Ordem de ligar o sistema (SMU)</title>\n<style>\n  :root{--bg:#0b0f17;--panel:#151b28;--panel2:#0f1420;--line:#26344c;--ink:#e7ecf5;\n    --muted:#8ea0bd;--amber:#F59E0B;--green:#22c55e;--red:#ef4444;--cyan:#22d3ee}\n  *{box-sizing:border-box}html,body{margin:0}\n  body{background:var(--bg);color:var(--ink);font-family:\"Space Grotesk\",system-ui,-apple-system,\"Segoe UI\",Roboto,sans-serif;\n    -webkit-font-smoothing:antialiased;padding:10px;user-select:none}\n  h1{font-size:15px;margin:0 0 2px}.sub{font-size:11.5px;color:var(--muted);margin-bottom:10px}\n  .mission{display:flex;gap:10px;align-items:center;background:#0c1220;border:1px solid var(--line);border-radius:10px;padding:9px 12px;margin-bottom:12px}\n  .mission .idx{font-size:10px;color:var(--amber);font-weight:800;letter-spacing:.8px;white-space:nowrap}\n  .mission .txt{font-size:12.5px;line-height:1.3;flex:1}.mission .txt b{color:var(--amber)}\n  .mission button{font:inherit;font-size:11px;color:var(--muted);background:transparent;border:1px solid var(--line);border-radius:7px;padding:6px 9px;cursor:pointer}\n  .devs{display:flex;gap:12px;justify-content:center;flex-wrap:wrap;margin:14px 0}\n  .dev{flex:1 1 150px;max-width:210px;background:linear-gradient(180deg,var(--panel),var(--panel2));border:1px solid var(--line);border-radius:14px;padding:16px;text-align:center;position:relative}\n  .dev .em{font-size:40px}.dev .nm{font-size:13px;font-weight:700;margin-top:4px}.dev .role{font-size:10px;color:var(--muted)}\n  .dev .order{position:absolute;top:8px;left:10px;font-size:10px;color:var(--muted);border:1px solid var(--line);border-radius:20px;padding:2px 7px}\n  .led{width:12px;height:12px;border-radius:50%;background:#3a2020;margin:8px auto 0;box-shadow:inset 0 0 3px #000}\n  .led.on{background:var(--green);box-shadow:0 0 10px var(--green)}\n  .pw{font:inherit;font-size:12px;font-weight:800;padding:9px 0;width:100%;margin-top:10px;border-radius:9px;border:1px solid var(--line);background:#0c1220;color:var(--muted);cursor:pointer}\n  .pw.on{background:var(--green);border-color:var(--green);color:#08120a}\n  .spkbox{text-align:center;margin:6px 0 4px}\n  .spk{font-size:34px;display:inline-block;transition:transform .08s}\n  .spk.pop{animation:shake .4s}\n  @keyframes shake{0%,100%{transform:translateX(0)}20%{transform:translateX(-6px) scale(1.1)}40%{transform:translateX(6px) scale(1.15)}60%{transform:translateX(-4px)}80%{transform:translateX(4px)}}\n  .status{text-align:center;font-size:13px;font-weight:700;min-height:22px}\n  .status.good{color:var(--green)}.status.bad{color:var(--red)}\n  .pop-flash{position:fixed;inset:0;background:radial-gradient(circle,rgba(239,68,68,.35),transparent 60%);opacity:0;pointer-events:none;transition:opacity .1s;z-index:5}\n  .pop-flash.show{opacity:1}\n  .phasetag{text-align:center;font-size:11px;color:var(--muted);margin-bottom:6px}\n</style>\n</head>\n<body>\n  <h1>Ordem de ligar (e desligar) o sistema</h1>\n  <div class=\"sub\">A amplificação liga por ÚLTIMO e desliga PRIMEIRO. Assim você evita o estouro que danifica as caixas.</div>\n  <div class=\"mission\">\n    <span class=\"idx\" id=\"mIdx\">MISSÃO 1/2</span>\n    <span class=\"txt\" id=\"mTxt\">—</span>\n    <button id=\"mSkip\">Pular</button>\n  </div>\n\n  <div class=\"phasetag\" id=\"phase\">Fase: LIGAR</div>\n  <div class=\"spkbox\"><span class=\"spk\" id=\"spk\">🔊</span></div>\n  <div class=\"devs\" id=\"devs\"></div>\n  <div class=\"status\" id=\"status\"></div>\n  <div class=\"pop-flash\" id=\"flash\"></div>\n\n<script>\n\"use strict\";\n(function(){\n  const $=id=>document.getElementById(id);\n  const DEV=[\n    {id:0,em:\"💻\",nm:\"Fontes\",role:\"notebook, players\"},\n    {id:1,em:\"🎛️\",nm:\"Mesa de som\",role:\"mixer + processadores\"},\n    {id:2,em:\"🔊\",nm:\"Amplificação\",role:\"amplificador / caixas ativas\"},\n  ];\n  const on=[false,false,false];\n  let clean=true; // sem estouro na fase atual\n\n  function render(){\n    const d=$(\"devs\");d.innerHTML=\"\";\n    DEV.forEach(v=>{ const el=document.createElement(\"div\");el.className=\"dev\";\n      el.innerHTML=`<div class=\"order\">ligar ${v.id+1}º</div><div class=\"em\">${v.em}</div>\n        <div class=\"nm\">${v.nm}</div><div class=\"role\">${v.role}</div>\n        <div class=\"led ${on[v.id]?''on'':''''}\"></div>\n        <button class=\"pw ${on[v.id]?''on'':''''}\" data-i=\"${v.id}\">${on[v.id]?''LIGADO'':''desligado''}</button>`;\n      d.appendChild(el); });\n    d.querySelectorAll(\"[data-i]\").forEach(b=>b.onclick=()=>toggle(+b.dataset.i));\n  }\n  function pop(msg){ clean=false; const f=$(\"flash\");f.classList.add(\"show\");setTimeout(()=>f.classList.remove(\"show\"),150);\n    const s=$(\"spk\");s.textContent=\"🔊💥\";s.classList.add(\"pop\");setTimeout(()=>{s.classList.remove(\"pop\");s.textContent=\"🔊\";},500);\n    $(\"status\").textContent=\"⚡ POP! \"+msg; $(\"status\").className=\"status bad\"; }\n  function toggle(i){\n    const turningOn=!on[i];\n    if(turningOn){\n      // ligar amplificação com fontes/mesa desligadas: sem perigo, mas fora de ordem\n      if(i<2 && on[2]){ pop(\"você mexeu na \"+DEV[i].nm+\" com a amplificação já ligada — o estouro vai para as caixas.\"); return; }\n      on[i]=true;\n      if(i===2 && !(on[0]&&on[1])){ $(\"status\").textContent=\"Dica: a amplificação deve ser o ÚLTIMO a ligar (ligue fontes e mesa antes).\"; $(\"status\").className=\"status bad\"; }\n      else { $(\"status\").textContent=DEV[i].nm+\" ligado.\"; $(\"status\").className=\"status good\"; }\n    } else {\n      if(i<2 && on[2]){ pop(\"desligou a \"+DEV[i].nm+\" com a amplificação ligada — estouro nas caixas. Desligue a amplificação PRIMEIRO.\"); return; }\n      on[i]=false; $(\"status\").textContent=DEV[i].nm+\" desligado.\"; $(\"status\").className=\"status good\";\n    }\n    render(); check();\n  }\n\n  const M=[\n    { phase:\"LIGAR\", t:''Ligue o sistema na <b>ordem certa</b>: 1º Fontes, 2º Mesa e por <b>último</b> a Amplificação. Sem estouro!'',\n      setup:()=>{on[0]=on[1]=on[2]=false;clean=true;$(\"phase\").textContent=\"Fase: LIGAR\";},\n      ok:()=>on[0]&&on[1]&&on[2]&&clean },\n    { phase:\"DESLIGAR\", t:''Agora <b>desligue</b> na ordem inversa: 1º a <b>Amplificação</b>, depois a Mesa e as Fontes. Sem estouro!'',\n      setup:()=>{on[0]=on[1]=on[2]=true;clean=true;$(\"phase\").textContent=\"Fase: DESLIGAR\";},\n      ok:()=>!on[0]&&!on[1]&&!on[2]&&clean },\n  ];\n  let mi=0;\n  function paintM(){const idx=$(\"mIdx\"),txt=$(\"mTxt\");\n    if(mi>=M.length){idx.textContent=\"CONCLUÍDO\";txt.innerHTML=\"🎓 <b>Perfeito!</b> Amplificação por último ao ligar, primeiro ao desligar. Esse hábito protege as caixas e evita o ''tump'' no PA.\";$(\"mSkip\").style.display=\"none\";$(\"phase\").textContent=\"\";return;}\n    idx.textContent=\"MISSÃO \"+(mi+1)+\"/\"+M.length;txt.innerHTML=M[mi].t; M[mi].setup(); render(); }\n  function check(){if(mi>=M.length)return;try{if(M[mi].ok()){mi++;$(\"status\").textContent=\"✔ Sequência correta!\";$(\"status\").className=\"status good\";setTimeout(paintM,700);}}catch(e){}}\n  $(\"mSkip\").onclick=()=>{if(mi<M.length){mi++;paintM();}};\n\n  paintM();render();\n})();\n</script>\n</body>\n</html>\n"}]'::jsonb);

-- AULA 8: Passagem de som: o checklist do técnico (capstone)
insert into public.lessons (id,module_id,titulo,tipo,conteudo_rico,duracao_min,ordem,tem_quiz,preview_gratis) values
  ('5b000000-b551-4c00-9000-0000000b0008','5b000000-b551-4c00-9000-0000000000a1','Passagem de som: o checklist do técnico (capstone)','texto','<p><strong>Passagem de som é o ensaio do técnico.</strong> É o momento, antes do evento começar, em que você monta, liga, ajusta e testa tudo — para que na hora "H" nada dê errado. Um bom técnico não improvisa no ar: ele chega cedo, segue um roteiro e resolve os problemas quando ainda dá tempo. Esta aula junta tudo o que você aprendeu num único fluxo prático.</p>

{{IMG:palco-corporativo}}

<h3>Chegue cedo e tenha reserva</h3>
<p><strong>A regra profissional número um:</strong> chegue com <strong>antecedência</strong> para montar e testar sem pressa. E leve <strong>reserva</strong> — pilhas/baterias, um cabo extra, um microfone extra. O evento vai começar na hora marcada com ou sem você pronto; a antecedência é o que separa o profissional tranquilo do amador em pânico.</p>

<h3>O roteiro da passagem de som</h3>
<p><strong>Siga sempre esta sequência num evento corporativo:</strong></p>
<ul>
<li><strong>1. Ligue na ordem certa:</strong> fontes → mesa → amplificação (por último). Protege as caixas.</li>
<li><strong>2. Conecte as fontes:</strong> notebook pelo cabo <strong>P2→P10</strong> (volume do notebook ~70–80%), players, etc.</li>
<li><strong>3. Prepare os microfones sem fio:</strong> canais livres (SCAN), baterias novas, sincronizados.</li>
<li><strong>4. Ajuste o ganho</strong> de cada canal (nível forte e limpo, sem clip).</li>
<li><strong>5. EQ básico:</strong> HPF na voz, corte o que embola, realce o que falta.</li>
<li><strong>6. Monte os retornos (AUX)</strong> para quem precisa se ouvir.</li>
<li><strong>7. Teste tudo:</strong> fale em cada microfone, toque um trecho do notebook, ouça na caixa, confira que não há microfonia.</li>
</ul>

<h3>Testar de verdade (não só "1, 2, 3")</h3>
<p><strong>Teste em condições reais.</strong> Fale no microfone no volume que a pessoa vai usar, ande com o sem fio pelo espaço (para achar pontos de queda de sinal), toque a apresentação/vídeo que será usado (para conferir o áudio do arquivo). Se aparecer microfonia, resolva agora: reduza o ganho, reposicione a caixa/microfone ou corte a frequência que apita.</p>

<h3>Durante o evento: fique atento</h3>
<p><strong>Passou na passagem não quer dizer que acabou.</strong> Fique de olho nos <strong>medidores</strong>, no <strong>indicador de bateria</strong> dos sem fio e no som da sala. Tenha a mão na mesa para ajustar volumes conforme o evento acontece (fala baixa, aplauso, música). O técnico bom é invisível: ninguém percebe o som porque está tudo certo.</p>

<h3>Checklist rápido (decore)</h3>
<p><strong>Ligou na ordem? Fontes conectadas e testadas? Sem fio em canal livre e bateria cheia? Ganho bom? EQ ok? Retorno montado? Testei tudo?</strong> Se todos são "sim", você está pronto para o evento.</p>

<h3>Pratique no simulador</h3>
<p><strong>No simulador você faz uma passagem de som completa</strong>, passo a passo: liga na ordem certa, conecta o notebook, configura o microfone sem fio, ajusta o ganho, liga o HPF, monta o retorno e faz o teste final. Complete os 7 itens para deixar o PA <strong>pronto para o evento</strong>. É o resumo prático de todo o curso básico.</p>',18,8,true,false);
insert into public.quizzes (id,lesson_id,titulo) values ('5b000000-b551-4c00-9000-0000000c0008','5b000000-b551-4c00-9000-0000000b0008','Quiz — Passagem de som');
insert into public.quiz_questions (id,quiz_id,texto,explicacao,ordem,pontos) values ('5b000000-b551-4c00-9000-000000000801','5b000000-b551-4c00-9000-0000000c0008','Para que serve a passagem de som?','Para montar, ajustar e testar tudo ANTES do evento começar, resolvendo problemas enquanto ainda há tempo.',1,1);
insert into public.quiz_options (question_id,texto,correta,ordem) values ('5b000000-b551-4c00-9000-000000000801','Para o público entrar mais cedo',false,1);
insert into public.quiz_options (question_id,texto,correta,ordem) values ('5b000000-b551-4c00-9000-000000000801','Para montar, ajustar e testar tudo antes do evento',true,2);
insert into public.quiz_options (question_id,texto,correta,ordem) values ('5b000000-b551-4c00-9000-000000000801','Para desligar o sistema',false,3);
insert into public.quiz_options (question_id,texto,correta,ordem) values ('5b000000-b551-4c00-9000-000000000801','Só para tocar música',false,4);
insert into public.quiz_questions (id,quiz_id,texto,explicacao,ordem,pontos) values ('5b000000-b551-4c00-9000-000000000802','5b000000-b551-4c00-9000-0000000c0008','Qual a ordem geral correta numa passagem de som?','Ligar na ordem (fontes→mesa→amp) → conectar fontes → configurar microfones → ganho → EQ → retorno → teste final.',2,1);
insert into public.quiz_options (question_id,texto,correta,ordem) values ('5b000000-b551-4c00-9000-000000000802','Testar primeiro, ligar depois',false,1);
insert into public.quiz_options (question_id,texto,correta,ordem) values ('5b000000-b551-4c00-9000-000000000802','Ligar na ordem → conectar fontes → mics → ganho → EQ → retorno → testar',true,2);
insert into public.quiz_options (question_id,texto,correta,ordem) values ('5b000000-b551-4c00-9000-000000000802','EQ → retorno → ligar → ganho',false,3);
insert into public.quiz_options (question_id,texto,correta,ordem) values ('5b000000-b551-4c00-9000-000000000802','Não há ordem, é tudo junto',false,4);
insert into public.quiz_questions (id,quiz_id,texto,explicacao,ordem,pontos) values ('5b000000-b551-4c00-9000-000000000803','5b000000-b551-4c00-9000-0000000c0008','Um bom técnico, antes do evento, sempre:','Chega com antecedência para montar e testar sem pressa, e leva reserva (pilhas, cabos, mic extra).',3,1);
insert into public.quiz_options (question_id,texto,correta,ordem) values ('5b000000-b551-4c00-9000-000000000803','Chega na hora exata do início',false,1);
insert into public.quiz_options (question_id,texto,correta,ordem) values ('5b000000-b551-4c00-9000-000000000803','Chega cedo, testa tudo e leva reserva',true,2);
insert into public.quiz_options (question_id,texto,correta,ordem) values ('5b000000-b551-4c00-9000-000000000803','Confia que vai dar certo',false,3);
insert into public.quiz_options (question_id,texto,correta,ordem) values ('5b000000-b551-4c00-9000-000000000803','Deixa para configurar durante o evento',false,4);
insert into public.quiz_questions (id,quiz_id,texto,explicacao,ordem,pontos) values ('5b000000-b551-4c00-9000-000000000804','5b000000-b551-4c00-9000-0000000c0008','Se, ao testar o microfone, aparecer microfonia, você deve:','Reduzir o ganho, reposicionar a caixa/microfone ou cortar com EQ a frequência que está apitando.',4,1);
insert into public.quiz_options (question_id,texto,correta,ordem) values ('5b000000-b551-4c00-9000-000000000804','Aumentar o ganho do microfone',false,1);
insert into public.quiz_options (question_id,texto,correta,ordem) values ('5b000000-b551-4c00-9000-000000000804','Reduzir o ganho, reposicionar a caixa/mic ou cortar a frequência',true,2);
insert into public.quiz_options (question_id,texto,correta,ordem) values ('5b000000-b551-4c00-9000-000000000804','Ignorar, some sozinho',false,3);
insert into public.quiz_options (question_id,texto,correta,ordem) values ('5b000000-b551-4c00-9000-000000000804','Desligar tudo e recomeçar o evento',false,4);
insert into public.quiz_questions (id,quiz_id,texto,explicacao,ordem,pontos) values ('5b000000-b551-4c00-9000-000000000805','5b000000-b551-4c00-9000-0000000c0008','Ao conectar o notebook para a passagem, um bom ajuste inicial é:','Cabo P2→P10 e volume do notebook em torno de 70–80% (não no talo), ajustando o resto na mesa.',5,1);
insert into public.quiz_options (question_id,texto,correta,ordem) values ('5b000000-b551-4c00-9000-000000000805','Volume do notebook em 100%',false,1);
insert into public.quiz_options (question_id,texto,correta,ordem) values ('5b000000-b551-4c00-9000-000000000805','Cabo P2→P10 e volume do notebook ~70–80%',true,2);
insert into public.quiz_options (question_id,texto,correta,ordem) values ('5b000000-b551-4c00-9000-000000000805','Notebook mudo e só mesa',false,3);
insert into public.quiz_options (question_id,texto,correta,ordem) values ('5b000000-b551-4c00-9000-000000000805','Ligar na entrada de microfone com phantom',false,4);
insert into public.quiz_questions (id,quiz_id,texto,explicacao,ordem,pontos) values ('5b000000-b551-4c00-9000-000000000806','5b000000-b551-4c00-9000-0000000c0008','Durante o evento (depois da passagem), o técnico deve:','Ficar atento: medidores, bateria dos sem fio e som da sala, ajustando volumes conforme o evento.',6,1);
insert into public.quiz_options (question_id,texto,correta,ordem) values ('5b000000-b551-4c00-9000-000000000806','Sair, já que passou o teste',false,1);
insert into public.quiz_options (question_id,texto,correta,ordem) values ('5b000000-b551-4c00-9000-000000000806','Ficar atento aos medidores, bateria e som, ajustando conforme necessário',true,2);
insert into public.quiz_options (question_id,texto,correta,ordem) values ('5b000000-b551-4c00-9000-000000000806','Desligar a amplificação',false,3);
insert into public.quiz_options (question_id,texto,correta,ordem) values ('5b000000-b551-4c00-9000-000000000806','Aumentar tudo no máximo',false,4);
insert into public.ai_animations (lesson_id,tipo,status,model,custo_usd,roteiro,urls) values ('5b000000-b551-4c00-9000-0000000b0008','interactive','ready','handcrafted-interactive',0,'{"titulo":"Simulador — Passagem de som","cenas":[{"numero":1,"titulo":"Simulador — Passagem de som","modo":"widget","narracao":"Faça uma passagem de som completa: ligar na ordem, notebook, sem fio, ganho, EQ, retorno e teste. Complete os 7 itens.","explicacao_texto":"Faça uma passagem de som completa: ligar na ordem, notebook, sem fio, ganho, EQ, retorno e teste. Complete os 7 itens.","destaques":["Roteiro completo da passagem","Junta todas as habilidades","Teste final sem microfonia"]}]}'::jsonb,'[{"html":"<!doctype html>\n<html lang=\"pt-BR\">\n<head>\n<meta charset=\"utf-8\">\n<meta name=\"viewport\" content=\"width=device-width, initial-scale=1\">\n<title>Simulador — Passagem de som (SMU)</title>\n<style>\n  :root{--bg:#0b0f17;--panel:#151b28;--panel2:#0f1420;--line:#26344c;--ink:#e7ecf5;\n    --muted:#8ea0bd;--amber:#F59E0B;--green:#22c55e;--red:#ef4444;--cyan:#22d3ee}\n  *{box-sizing:border-box}html,body{margin:0}\n  body{background:var(--bg);color:var(--ink);font-family:\"Space Grotesk\",system-ui,-apple-system,\"Segoe UI\",Roboto,sans-serif;\n    -webkit-font-smoothing:antialiased;padding:10px;user-select:none}\n  h1{font-size:15px;margin:0 0 2px}.sub{font-size:11.5px;color:var(--muted);margin-bottom:10px}\n  .prog{display:flex;align-items:center;gap:10px;margin-bottom:12px}\n  .progbar{flex:1;height:12px;border-radius:6px;background:#0c1220;border:1px solid var(--line);overflow:hidden}\n  .progbar i{display:block;height:100%;width:0%;background:linear-gradient(90deg,var(--amber),var(--green));transition:width .3s}\n  .progtxt{font-size:12px;font-weight:800;color:var(--amber)}\n  .step{display:flex;gap:12px;align-items:center;background:linear-gradient(180deg,var(--panel),var(--panel2));border:1px solid var(--line);border-radius:11px;padding:11px 13px;margin-bottom:8px}\n  .step.done{border-color:var(--green)}\n  .dot{width:26px;height:26px;border-radius:50%;border:2px solid var(--line);display:flex;align-items:center;justify-content:center;font-size:13px;font-weight:800;color:var(--muted);flex:0 0 auto}\n  .step.done .dot{background:var(--green);border-color:var(--green);color:#08120a}\n  .body{flex:1;min-width:0}\n  .t{font-size:12.5px;font-weight:700}.d{font-size:10.5px;color:var(--muted)}\n  .ctrl{display:flex;gap:8px;align-items:center;margin-top:6px;flex-wrap:wrap}\n  .b{font:inherit;font-size:11px;font-weight:700;padding:7px 11px;border-radius:8px;border:1px solid var(--line);background:#0c1220;color:var(--ink);cursor:pointer}\n  .b.on{background:var(--green);border-color:var(--green);color:#08120a}\n  .b.amber{background:var(--amber);border-color:var(--amber);color:#0b0f17}\n  .b:disabled{opacity:.4;cursor:not-allowed}\n  input[type=range]{width:130px;accent-color:var(--amber);height:22px;vertical-align:middle}\n  .val{font-size:11px;font-weight:700;min-width:60px}\n  .miniled{display:inline-flex;gap:3px}.miniled i{width:12px;height:10px;border-radius:2px;background:#1a2540}.miniled i.g{background:var(--green)}.miniled i.a{background:var(--amber)}.miniled i.r{background:var(--red)}\n  .final{display:none;text-align:center;padding:16px;border-radius:12px;border:1px solid var(--green);background:#0e1a10;margin-top:8px}\n  .final.show{display:block}.final .big{font-size:18px;font-weight:800;color:var(--green)}\n</style>\n</head>\n<body>\n  <h1>Passagem de som — palestra corporativa</h1>\n  <div class=\"sub\">Junte tudo: ligar na ordem, notebook, microfones sem fio, ganho, EQ, retorno e teste final.</div>\n  <div class=\"prog\"><div class=\"progbar\"><i id=\"pfill\"></i></div><span class=\"progtxt\" id=\"ptxt\">0/7</span></div>\n  <div id=\"steps\"></div>\n  <div class=\"final\" id=\"final\"><div class=\"big\">✅ PA pronto para o evento!</div>\n    <div style=\"font-size:12px;color:var(--muted);margin-top:6px\">Você fez uma passagem de som completa: sistema ligado com segurança, fontes e microfones no nível certo, EQ e retorno ajustados e teste sem microfonia. É exatamente o que o cliente espera do técnico.</div></div>\n\n<script>\n\"use strict\";\n(function(){\n  const $=id=>document.getElementById(id);\n  const st={ powerSeq:[], nbConn:false, nbVol:0, micScan:false, gain:20, hpf:false, aux:0, tested:false };\n  const done={};\n\n  const steps=[\n    { id:\"power\", t:\"1. Ligar na ordem certa\", d:\"Clique Fontes, Mesa e Amplificação — nessa ordem (amplificação por último).\",\n      render:()=>`<button class=\"b\" data-p=\"0\">💻 Fontes</button><button class=\"b\" data-p=\"1\">🎛️ Mesa</button><button class=\"b\" data-p=\"2\">🔊 Amplificação</button><span class=\"val\" id=\"pseq\"></span>`,\n      ok:()=>st.powerSeq.join()===\"0,1,2\" },\n    { id:\"nb\", t:\"2. Notebook (P2 → P10)\", d:\"Conecte o notebook e deixe o volume dele entre 60 e 85%.\",\n      render:()=>`<button class=\"b ${st.nbConn?''on'':''''}\" id=\"nbBtn\">${st.nbConn?''✔ Conectado'':''Conectar P2→P10''}</button>\n        <input type=\"range\" id=\"nbVol\" min=\"0\" max=\"100\" value=\"${st.nbVol}\"><span class=\"val\" id=\"nbVolV\">${st.nbVol}%</span>`,\n      ok:()=>st.nbConn&&st.nbVol>=60&&st.nbVol<=85 },\n    { id:\"mic\", t:\"3. Microfone sem fio\", d:\"Ache um canal livre (SCAN) — bateria já está cheia.\",\n      render:()=>`<button class=\"b ${st.micScan?''on'':''''}\" id=\"scanBtn\">${st.micScan?''✔ Canal livre CH4'':''🔎 SCAN canal''}</button>`,\n      ok:()=>st.micScan },\n    { id:\"gain\", t:\"4. Gain staging do microfone\", d:\"Ajuste o ganho até o nível ficar no verde (nem fraco, nem estourando).\",\n      render:()=>`<input type=\"range\" id=\"gv\" min=\"0\" max=\"100\" value=\"${st.gain}\"><span class=\"miniled\" id=\"gled\"></span><span class=\"val\" id=\"gvV\"></span>`,\n      ok:()=>st.gain>=55&&st.gain<=75 },\n    { id:\"hpf\", t:\"5. EQ da voz (HPF)\", d:\"Ligue o HPF para tirar o grave desnecessário da voz.\",\n      render:()=>`<button class=\"b ${st.hpf?''on'':''''}\" id=\"hpfBtn\">${st.hpf?''✔ HPF ligado (100 Hz)'':''Ligar HPF''}</button>`,\n      ok:()=>st.hpf },\n    { id:\"aux\", t:\"6. Retorno do apresentador (AUX)\", d:\"Mande um pouco do microfone para o monitor do apresentador.\",\n      render:()=>`<input type=\"range\" id=\"av\" min=\"0\" max=\"100\" value=\"${st.aux}\"><span class=\"val\" id=\"avV\">${st.aux}</span>`,\n      ok:()=>st.aux>=40 },\n    { id:\"test\", t:\"7. Teste final\", d:\"Fale no microfone e confira: som na caixa, sem microfonia.\",\n      render:()=>`<button class=\"b amber\" id=\"testBtn\" ${allButTest()?'''':''disabled''}>🎤 Testar \\\"1, 2, 3...\\\"</button><span class=\"val\" id=\"testV\"></span>`,\n      ok:()=>st.tested },\n  ];\n  function allButTest(){ return steps.slice(0,6).every(s=>s.ok()); }\n\n  function render(){\n    const c=$(\"steps\");c.innerHTML=\"\";\n    steps.forEach((s,i)=>{ const el=document.createElement(\"div\");el.className=\"step\"+(s.ok()?\" done\":\"\");\n      el.innerHTML=`<div class=\"dot\">${s.ok()?\"✓\":(i+1)}</div><div class=\"body\"><div class=\"t\">${s.t}</div><div class=\"d\">${s.d}</div><div class=\"ctrl\">${s.render()}</div></div>`;\n      c.appendChild(el); });\n    wire(); updateProg();\n  }\n  function gledPaint(){ const el=$(\"gled\"); if(!el)return; const n= st.gain<30?1: st.gain<55?2: st.gain<=75?4: 5;\n    const cls= st.gain<55?\"a\": st.gain<=75?\"g\":\"r\"; el.innerHTML=\"\";\n    for(let i=0;i<5;i++){const b=document.createElement(\"i\"); if(i<n)b.className=cls; el.appendChild(b);}\n    const v=$(\"gvV\"); if(v)v.textContent= st.gain<55?\"fraco\": st.gain<=75?\"bom ✓\":\"estourando\";\n  }\n  function wire(){\n    document.querySelectorAll(\"[data-p]\").forEach(b=>b.onclick=()=>{ const i=+b.dataset.p;\n      if(!st.powerSeq.includes(i))st.powerSeq.push(i); $(\"pseq\")&&($(\"pseq\").textContent=st.powerSeq.map(x=>[\"Fontes\",\"Mesa\",\"Amp\"][x]).join(\" → \"));\n      if(st.powerSeq.length===3&&st.powerSeq.join()!==\"0,1,2\"){ st.powerSeq=[]; $(\"pseq\").textContent=\"ordem errada — recomece (amplificação por último)\"; }\n      render(); });\n    const nb=$(\"nbBtn\"); if(nb)nb.onclick=()=>{st.nbConn=!st.nbConn;render();};\n    const nbv=$(\"nbVol\"); if(nbv)nbv.oninput=()=>{st.nbVol=+nbv.value;$(\"nbVolV\").textContent=st.nbVol+\"%\";checkOnly();};\n    const sc=$(\"scanBtn\"); if(sc)sc.onclick=()=>{st.micScan=true;render();};\n    const gv=$(\"gv\"); if(gv)gv.oninput=()=>{st.gain=+gv.value;gledPaint();checkOnly();};\n    const hb=$(\"hpfBtn\"); if(hb)hb.onclick=()=>{st.hpf=!st.hpf;render();};\n    const av=$(\"av\"); if(av)av.oninput=()=>{st.aux=+av.value;$(\"avV\").textContent=st.aux;checkOnly();};\n    const tb=$(\"testBtn\"); if(tb)tb.onclick=()=>{ if(allButTest()){st.tested=true;$(\"testV\").textContent=\"✔ som limpo, sem microfonia!\";render();} };\n    gledPaint();\n  }\n  function checkOnly(){ // atualiza dots/prog sem re-render (evita perder foco do slider)\n    steps.forEach((s,i)=>{ const el=$(\"steps\").children[i]; if(!el)return; el.classList.toggle(\"done\",s.ok());\n      el.querySelector(\".dot\").textContent=s.ok()?\"✓\":(i+1); });\n    const tb=$(\"testBtn\"); if(tb)tb.disabled=!allButTest();\n    updateProg();\n  }\n  function updateProg(){ const n=steps.filter(s=>s.ok()).length; $(\"pfill\").style.width=(n/steps.length*100)+\"%\"; $(\"ptxt\").textContent=n+\"/\"+steps.length;\n    $(\"final\").classList.toggle(\"show\",n===steps.length); }\n\n  render();\n})();\n</script>\n</body>\n</html>\n"}]'::jsonb);

commit;
